{"timestamp":"2026-07-06T19:25:06.584506Z","level":"info","event":"DAG bundles loaded: dags-folder","logger":"airflow.dag_processing.bundles.manager.DagBundlesManager","filename":"manager.py","lineno":209}
{"timestamp":"2026-07-06T19:25:06.587450Z","level":"info","event":"Filling up the DagBag from /opt/airflow/dags/oracle_dlt_dbt_dag.py","logger":"airflow.dag_processing.dagbag.BundleDagBag","filename":"dagbag.py","lineno":469}
{"timestamp":"2026-07-06T19:25:06.660588Z","level":"error","event":"Failed to import: /opt/airflow/dags/oracle_dlt_dbt_dag.py","logger":"airflow.dag_processing.importers.python_importer","filename":"python_importer.py","lineno":244,"error_detail":[{"exc_type":"ModuleNotFoundError","exc_value":"No module named 'dlt'","exc_notes":[],"syntax_error":null,"is_cause":false,"frames":[{"filename":"/home/airflow/.local/lib/python3.13/site-packages/airflow/dag_processing/importers/python_importer.py","lineno":238,"name":"parse"},{"filename":"<frozen importlib._bootstrap_external>","lineno":1023,"name":"exec_module"},{"filename":"<frozen importlib._bootstrap>","lineno":488,"name":"_call_with_frames_removed"},{"filename":"/opt/airflow/dags/oracle_dlt_dbt_dag.py","lineno":33,"name":"<module>"},{"filename":"/opt/airflow/dlt_pipelines/oracle_to_staging.py","lineno":6,"name":"<module>"}],"is_group":false,"exceptions":[]}]}
{"timestamp":"2026-07-06T19:25:06.671491Z","level":"error","event":"Error loading DAG from oracle_dlt_dbt_dag.py: No module named 'dlt'","logger":"airflow.dag_processing.dagbag.BundleDagBag","filename":"dagbag.py","lineno":327}
{"timestamp":"2026-07-06T19:25:06.671934Z","level":"error","event":"Dag not found during start up","dag_id":"oracle_dlt_dbt_warehouse","bundle":"BundleInfo(name='dags-folder', version=None)","path":"oracle_dlt_dbt_dag.py","logger":"task","filename":"task_runner.py","lineno":788}
{"timestamp":"2026-07-06T19:25:06.672737Z","level":"warning","event":"Rescheduling task during startup, marking task as UP_FOR_RESCHEDULE","logger":"task","filename":"task_runner.py","lineno":1862}
{"timestamp":"2026-07-07T09:37:22.399604Z","level":"info","event":"DAG bundles loaded: dags-folder","logger":"airflow.dag_processing.bundles.manager.DagBundlesManager","filename":"manager.py","lineno":209}
{"timestamp":"2026-07-07T09:37:22.407586Z","level":"info","event":"Filling up the DagBag from /opt/airflow/dags/oracle_dlt_dbt_dag.py","logger":"airflow.dag_processing.dagbag.BundleDagBag","filename":"dagbag.py","lineno":469}
{"timestamp":"2026-07-07T09:37:23.809200Z","level":"info","event":"Poking for file /mnt/snapshots/READY_FLAG_20260617","logger":"airflow.task.operators.airflow.providers.standard.sensors.filesystem.FileSensor","filename":"filesystem.py","lineno":108}
{"timestamp":"2026-07-07T09:37:33.811867Z","level":"info","event":"Poking for file /mnt/snapshots/READY_FLAG_20260617","logger":"airflow.task.operators.airflow.providers.standard.sensors.filesystem.FileSensor","filename":"filesystem.py","lineno":108}
{"timestamp":"2026-07-07T09:37:43.811188Z","level":"info","event":"Poking for file /mnt/snapshots/READY_FLAG_20260617","logger":"airflow.task.operators.airflow.providers.standard.sensors.filesystem.FileSensor","filename":"filesystem.py","lineno":108}
{"timestamp":"2026-07-07T09:37:53.814812Z","level":"info","event":"Poking for file /mnt/snapshots/READY_FLAG_20260617","logger":"airflow.task.operators.airflow.providers.standard.sensors.filesystem.FileSensor","filename":"filesystem.py","lineno":108}
{"timestamp":"2026-07-07T09:38:03.816006Z","level":"info","event":"Poking for file /mnt/snapshots/READY_FLAG_20260617","logger":"airflow.task.operators.airflow.providers.standard.sensors.filesystem.FileSensor","filename":"filesystem.py","lineno":108}
{"timestamp":"2026-07-07T09:38:13.815606Z","level":"info","event":"Poking for file /mnt/snapshots/READY_FLAG_20260617","logger":"airflow.task.operators.airflow.providers.standard.sensors.filesystem.FileSensor","filename":"filesystem.py","lineno":108}
{"timestamp":"2026-07-07T09:38:23.818421Z","level":"info","event":"Poking for file /mnt/snapshots/READY_FLAG_20260617","logger":"airflow.task.operators.airflow.providers.standard.sensors.filesystem.FileSensor","filename":"filesystem.py","lineno":108}
{"timestamp":"2026-07-07T09:38:33.822839Z","level":"info","event":"Poking for file /mnt/snapshots/READY_FLAG_20260617","logger":"airflow.task.operators.airflow.providers.standard.sensors.filesystem.FileSensor","filename":"filesystem.py","lineno":108}
{"timestamp":"2026-07-07T09:38:43.822041Z","level":"info","event":"Poking for file /mnt/snapshots/READY_FLAG_20260617","logger":"airflow.task.operators.airflow.providers.standard.sensors.filesystem.FileSensor","filename":"filesystem.py","lineno":108}
{"timestamp":"2026-07-07T09:38:53.823131Z","level":"info","event":"Poking for file /mnt/snapshots/READY_FLAG_20260617","logger":"airflow.task.operators.airflow.providers.standard.sensors.filesystem.FileSensor","filename":"filesystem.py","lineno":108}
{"timestamp":"2026-07-07T09:39:03.825160Z","level":"info","event":"Poking for file /mnt/snapshots/READY_FLAG_20260617","logger":"airflow.task.operators.airflow.providers.standard.sensors.filesystem.FileSensor","filename":"filesystem.py","lineno":108}
{"timestamp":"2026-07-07T09:39:13.823989Z","level":"info","event":"Poking for file /mnt/snapshots/READY_FLAG_20260617","logger":"airflow.task.operators.airflow.providers.standard.sensors.filesystem.FileSensor","filename":"filesystem.py","lineno":108}
{"timestamp":"2026-07-07T09:39:23.825517Z","level":"info","event":"Poking for file /mnt/snapshots/READY_FLAG_20260617","logger":"airflow.task.operators.airflow.providers.standard.sensors.filesystem.FileSensor","filename":"filesystem.py","lineno":108}
{"timestamp":"2026-07-07T09:39:33.827432Z","level":"info","event":"Poking for file /mnt/snapshots/READY_FLAG_20260617","logger":"airflow.task.operators.airflow.providers.standard.sensors.filesystem.FileSensor","filename":"filesystem.py","lineno":108}
{"timestamp":"2026-07-07T09:39:43.826109Z","level":"info","event":"Poking for file /mnt/snapshots/READY_FLAG_20260617","logger":"airflow.task.operators.airflow.providers.standard.sensors.filesystem.FileSensor","filename":"filesystem.py","lineno":108}
{"timestamp":"2026-07-07T09:39:53.828078Z","level":"info","event":"Poking for file /mnt/snapshots/READY_FLAG_20260617","logger":"airflow.task.operators.airflow.providers.standard.sensors.filesystem.FileSensor","filename":"filesystem.py","lineno":108}
{"timestamp":"2026-07-07T09:40:03.829511Z","level":"info","event":"Poking for file /mnt/snapshots/READY_FLAG_20260617","logger":"airflow.task.operators.airflow.providers.standard.sensors.filesystem.FileSensor","filename":"filesystem.py","lineno":108}
{"timestamp":"2026-07-07T09:40:13.828131Z","level":"info","event":"Poking for file /mnt/snapshots/READY_FLAG_20260617","logger":"airflow.task.operators.airflow.providers.standard.sensors.filesystem.FileSensor","filename":"filesystem.py","lineno":108}
{"timestamp":"2026-07-07T09:40:23.829721Z","level":"info","event":"Poking for file /mnt/snapshots/READY_FLAG_20260617","logger":"airflow.task.operators.airflow.providers.standard.sensors.filesystem.FileSensor","filename":"filesystem.py","lineno":108}
{"timestamp":"2026-07-07T09:40:33.831061Z","level":"info","event":"Poking for file /mnt/snapshots/READY_FLAG_20260617","logger":"airflow.task.operators.airflow.providers.standard.sensors.filesystem.FileSensor","filename":"filesystem.py","lineno":108}
{"timestamp":"2026-07-07T09:40:43.830501Z","level":"info","event":"Poking for file /mnt/snapshots/READY_FLAG_20260617","logger":"airflow.task.operators.airflow.providers.standard.sensors.filesystem.FileSensor","filename":"filesystem.py","lineno":108}
{"timestamp":"2026-07-07T09:40:53.833516Z","level":"info","event":"Poking for file /mnt/snapshots/READY_FLAG_20260617","logger":"airflow.task.operators.airflow.providers.standard.sensors.filesystem.FileSensor","filename":"filesystem.py","lineno":108}
{"timestamp":"2026-07-07T09:41:03.835129Z","level":"info","event":"Poking for file /mnt/snapshots/READY_FLAG_20260617","logger":"airflow.task.operators.airflow.providers.standard.sensors.filesystem.FileSensor","filename":"filesystem.py","lineno":108}
{"timestamp":"2026-07-07T09:41:13.842023Z","level":"info","event":"Poking for file /mnt/snapshots/READY_FLAG_20260617","logger":"airflow.task.operators.airflow.providers.standard.sensors.filesystem.FileSensor","filename":"filesystem.py","lineno":108}
{"timestamp":"2026-07-07T09:41:23.843289Z","level":"info","event":"Poking for file /mnt/snapshots/READY_FLAG_20260617","logger":"airflow.task.operators.airflow.providers.standard.sensors.filesystem.FileSensor","filename":"filesystem.py","lineno":108}
{"timestamp":"2026-07-07T09:41:33.844731Z","level":"info","event":"Poking for file /mnt/snapshots/READY_FLAG_20260617","logger":"airflow.task.operators.airflow.providers.standard.sensors.filesystem.FileSensor","filename":"filesystem.py","lineno":108}
{"timestamp":"2026-07-07T09:41:43.843035Z","level":"info","event":"Poking for file /mnt/snapshots/READY_FLAG_20260617","logger":"airflow.task.operators.airflow.providers.standard.sensors.filesystem.FileSensor","filename":"filesystem.py","lineno":108}
{"timestamp":"2026-07-07T09:41:53.844851Z","level":"info","event":"Poking for file /mnt/snapshots/READY_FLAG_20260617","logger":"airflow.task.operators.airflow.providers.standard.sensors.filesystem.FileSensor","filename":"filesystem.py","lineno":108}
{"timestamp":"2026-07-07T09:42:03.847689Z","level":"info","event":"Poking for file /mnt/snapshots/READY_FLAG_20260617","logger":"airflow.task.operators.airflow.providers.standard.sensors.filesystem.FileSensor","filename":"filesystem.py","lineno":108}
{"timestamp":"2026-07-07T09:42:13.848129Z","level":"info","event":"Poking for file /mnt/snapshots/READY_FLAG_20260617","logger":"airflow.task.operators.airflow.providers.standard.sensors.filesystem.FileSensor","filename":"filesystem.py","lineno":108}
{"timestamp":"2026-07-07T09:42:23.849620Z","level":"info","event":"Poking for file /mnt/snapshots/READY_FLAG_20260617","logger":"airflow.task.operators.airflow.providers.standard.sensors.filesystem.FileSensor","filename":"filesystem.py","lineno":108}
{"timestamp":"2026-07-07T09:42:33.851225Z","level":"info","event":"Poking for file /mnt/snapshots/READY_FLAG_20260617","logger":"airflow.task.operators.airflow.providers.standard.sensors.filesystem.FileSensor","filename":"filesystem.py","lineno":108}
{"timestamp":"2026-07-07T09:42:43.850015Z","level":"info","event":"Poking for file /mnt/snapshots/READY_FLAG_20260617","logger":"airflow.task.operators.airflow.providers.standard.sensors.filesystem.FileSensor","filename":"filesystem.py","lineno":108}
{"timestamp":"2026-07-07T09:42:53.852235Z","level":"info","event":"Poking for file /mnt/snapshots/READY_FLAG_20260617","logger":"airflow.task.operators.airflow.providers.standard.sensors.filesystem.FileSensor","filename":"filesystem.py","lineno":108}
{"timestamp":"2026-07-07T09:43:03.857037Z","level":"info","event":"Poking for file /mnt/snapshots/READY_FLAG_20260617","logger":"airflow.task.operators.airflow.providers.standard.sensors.filesystem.FileSensor","filename":"filesystem.py","lineno":108}
{"timestamp":"2026-07-07T09:43:13.856650Z","level":"info","event":"Poking for file /mnt/snapshots/READY_FLAG_20260617","logger":"airflow.task.operators.airflow.providers.standard.sensors.filesystem.FileSensor","filename":"filesystem.py","lineno":108}
{"timestamp":"2026-07-07T09:43:23.859125Z","level":"info","event":"Poking for file /mnt/snapshots/READY_FLAG_20260617","logger":"airflow.task.operators.airflow.providers.standard.sensors.filesystem.FileSensor","filename":"filesystem.py","lineno":108}
{"timestamp":"2026-07-07T09:43:33.862958Z","level":"info","event":"Poking for file /mnt/snapshots/READY_FLAG_20260617","logger":"airflow.task.operators.airflow.providers.standard.sensors.filesystem.FileSensor","filename":"filesystem.py","lineno":108}
{"timestamp":"2026-07-07T09:43:43.862354Z","level":"info","event":"Poking for file /mnt/snapshots/READY_FLAG_20260617","logger":"airflow.task.operators.airflow.providers.standard.sensors.filesystem.FileSensor","filename":"filesystem.py","lineno":108}
{"timestamp":"2026-07-07T09:43:53.864227Z","level":"info","event":"Poking for file /mnt/snapshots/READY_FLAG_20260617","logger":"airflow.task.operators.airflow.providers.standard.sensors.filesystem.FileSensor","filename":"filesystem.py","lineno":108}
{"timestamp":"2026-07-07T09:44:03.866694Z","level":"info","event":"Poking for file /mnt/snapshots/READY_FLAG_20260617","logger":"airflow.task.operators.airflow.providers.standard.sensors.filesystem.FileSensor","filename":"filesystem.py","lineno":108}
{"timestamp":"2026-07-07T09:44:13.864681Z","level":"info","event":"Poking for file /mnt/snapshots/READY_FLAG_20260617","logger":"airflow.task.operators.airflow.providers.standard.sensors.filesystem.FileSensor","filename":"filesystem.py","lineno":108}
{"timestamp":"2026-07-07T09:44:23.866696Z","level":"info","event":"Poking for file /mnt/snapshots/READY_FLAG_20260617","logger":"airflow.task.operators.airflow.providers.standard.sensors.filesystem.FileSensor","filename":"filesystem.py","lineno":108}
{"timestamp":"2026-07-07T09:44:33.868062Z","level":"info","event":"Poking for file /mnt/snapshots/READY_FLAG_20260617","logger":"airflow.task.operators.airflow.providers.standard.sensors.filesystem.FileSensor","filename":"filesystem.py","lineno":108}
{"timestamp":"2026-07-07T09:44:43.867889Z","level":"info","event":"Poking for file /mnt/snapshots/READY_FLAG_20260617","logger":"airflow.task.operators.airflow.providers.standard.sensors.filesystem.FileSensor","filename":"filesystem.py","lineno":108}
{"timestamp":"2026-07-07T09:44:53.869441Z","level":"info","event":"Poking for file /mnt/snapshots/READY_FLAG_20260617","logger":"airflow.task.operators.airflow.providers.standard.sensors.filesystem.FileSensor","filename":"filesystem.py","lineno":108}
{"timestamp":"2026-07-07T09:45:03.870931Z","level":"info","event":"Poking for file /mnt/snapshots/READY_FLAG_20260617","logger":"airflow.task.operators.airflow.providers.standard.sensors.filesystem.FileSensor","filename":"filesystem.py","lineno":108}
{"timestamp":"2026-07-07T09:45:13.870171Z","level":"info","event":"Poking for file /mnt/snapshots/READY_FLAG_20260617","logger":"airflow.task.operators.airflow.providers.standard.sensors.filesystem.FileSensor","filename":"filesystem.py","lineno":108}
{"timestamp":"2026-07-07T09:45:23.871392Z","level":"info","event":"Poking for file /mnt/snapshots/READY_FLAG_20260617","logger":"airflow.task.operators.airflow.providers.standard.sensors.filesystem.FileSensor","filename":"filesystem.py","lineno":108}
{"timestamp":"2026-07-07T09:45:33.872748Z","level":"info","event":"Poking for file /mnt/snapshots/READY_FLAG_20260617","logger":"airflow.task.operators.airflow.providers.standard.sensors.filesystem.FileSensor","filename":"filesystem.py","lineno":108}
{"timestamp":"2026-07-07T09:45:43.871102Z","level":"info","event":"Poking for file /mnt/snapshots/READY_FLAG_20260617","logger":"airflow.task.operators.airflow.providers.standard.sensors.filesystem.FileSensor","filename":"filesystem.py","lineno":108}
{"timestamp":"2026-07-07T09:45:53.872964Z","level":"info","event":"Poking for file /mnt/snapshots/READY_FLAG_20260617","logger":"airflow.task.operators.airflow.providers.standard.sensors.filesystem.FileSensor","filename":"filesystem.py","lineno":108}
{"timestamp":"2026-07-07T09:46:03.874620Z","level":"info","event":"Poking for file /mnt/snapshots/READY_FLAG_20260617","logger":"airflow.task.operators.airflow.providers.standard.sensors.filesystem.FileSensor","filename":"filesystem.py","lineno":108}
{"timestamp":"2026-07-07T09:46:13.873312Z","level":"info","event":"Poking for file /mnt/snapshots/READY_FLAG_20260617","logger":"airflow.task.operators.airflow.providers.standard.sensors.filesystem.FileSensor","filename":"filesystem.py","lineno":108}
{"timestamp":"2026-07-07T09:46:23.875739Z","level":"info","event":"Poking for file /mnt/snapshots/READY_FLAG_20260617","logger":"airflow.task.operators.airflow.providers.standard.sensors.filesystem.FileSensor","filename":"filesystem.py","lineno":108}
{"timestamp":"2026-07-07T09:46:33.878859Z","level":"info","event":"Poking for file /mnt/snapshots/READY_FLAG_20260617","logger":"airflow.task.operators.airflow.providers.standard.sensors.filesystem.FileSensor","filename":"filesystem.py","lineno":108}
{"timestamp":"2026-07-07T09:46:43.877778Z","level":"info","event":"Poking for file /mnt/snapshots/READY_FLAG_20260617","logger":"airflow.task.operators.airflow.providers.standard.sensors.filesystem.FileSensor","filename":"filesystem.py","lineno":108}
{"timestamp":"2026-07-07T09:46:53.879218Z","level":"info","event":"Poking for file /mnt/snapshots/READY_FLAG_20260617","logger":"airflow.task.operators.airflow.providers.standard.sensors.filesystem.FileSensor","filename":"filesystem.py","lineno":108}
{"timestamp":"2026-07-07T09:47:03.880470Z","level":"info","event":"Poking for file /mnt/snapshots/READY_FLAG_20260617","logger":"airflow.task.operators.airflow.providers.standard.sensors.filesystem.FileSensor","filename":"filesystem.py","lineno":108}
{"timestamp":"2026-07-07T09:47:13.879544Z","level":"info","event":"Poking for file /mnt/snapshots/READY_FLAG_20260617","logger":"airflow.task.operators.airflow.providers.standard.sensors.filesystem.FileSensor","filename":"filesystem.py","lineno":108}
{"timestamp":"2026-07-07T09:47:23.881339Z","level":"info","event":"Poking for file /mnt/snapshots/READY_FLAG_20260617","logger":"airflow.task.operators.airflow.providers.standard.sensors.filesystem.FileSensor","filename":"filesystem.py","lineno":108}
{"timestamp":"2026-07-07T09:47:33.883309Z","level":"info","event":"Poking for file /mnt/snapshots/READY_FLAG_20260617","logger":"airflow.task.operators.airflow.providers.standard.sensors.filesystem.FileSensor","filename":"filesystem.py","lineno":108}
{"timestamp":"2026-07-07T09:47:43.882162Z","level":"info","event":"Poking for file /mnt/snapshots/READY_FLAG_20260617","logger":"airflow.task.operators.airflow.providers.standard.sensors.filesystem.FileSensor","filename":"filesystem.py","lineno":108}
{"timestamp":"2026-07-07T09:47:53.884529Z","level":"info","event":"Poking for file /mnt/snapshots/READY_FLAG_20260617","logger":"airflow.task.operators.airflow.providers.standard.sensors.filesystem.FileSensor","filename":"filesystem.py","lineno":108}
{"timestamp":"2026-07-07T09:48:03.886447Z","level":"info","event":"Poking for file /mnt/snapshots/READY_FLAG_20260617","logger":"airflow.task.operators.airflow.providers.standard.sensors.filesystem.FileSensor","filename":"filesystem.py","lineno":108}
{"timestamp":"2026-07-07T09:48:13.884042Z","level":"info","event":"Poking for file /mnt/snapshots/READY_FLAG_20260617","logger":"airflow.task.operators.airflow.providers.standard.sensors.filesystem.FileSensor","filename":"filesystem.py","lineno":108}
{"timestamp":"2026-07-07T09:48:23.887644Z","level":"info","event":"Poking for file /mnt/snapshots/READY_FLAG_20260617","logger":"airflow.task.operators.airflow.providers.standard.sensors.filesystem.FileSensor","filename":"filesystem.py","lineno":108}
{"timestamp":"2026-07-07T09:48:33.888894Z","level":"info","event":"Poking for file /mnt/snapshots/READY_FLAG_20260617","logger":"airflow.task.operators.airflow.providers.standard.sensors.filesystem.FileSensor","filename":"filesystem.py","lineno":108}
{"timestamp":"2026-07-07T09:48:43.888310Z","level":"info","event":"Poking for file /mnt/snapshots/READY_FLAG_20260617","logger":"airflow.task.operators.airflow.providers.standard.sensors.filesystem.FileSensor","filename":"filesystem.py","lineno":108}
{"timestamp":"2026-07-07T09:48:53.890562Z","level":"info","event":"Poking for file /mnt/snapshots/READY_FLAG_20260617","logger":"airflow.task.operators.airflow.providers.standard.sensors.filesystem.FileSensor","filename":"filesystem.py","lineno":108}
{"timestamp":"2026-07-07T09:49:03.892182Z","level":"info","event":"Poking for file /mnt/snapshots/READY_FLAG_20260617","logger":"airflow.task.operators.airflow.providers.standard.sensors.filesystem.FileSensor","filename":"filesystem.py","lineno":108}
{"timestamp":"2026-07-07T09:49:13.891559Z","level":"info","event":"Poking for file /mnt/snapshots/READY_FLAG_20260617","logger":"airflow.task.operators.airflow.providers.standard.sensors.filesystem.FileSensor","filename":"filesystem.py","lineno":108}
{"timestamp":"2026-07-07T09:49:23.893145Z","level":"info","event":"Poking for file /mnt/snapshots/READY_FLAG_20260617","logger":"airflow.task.operators.airflow.providers.standard.sensors.filesystem.FileSensor","filename":"filesystem.py","lineno":108}
{"timestamp":"2026-07-07T09:49:33.894201Z","level":"info","event":"Poking for file /mnt/snapshots/READY_FLAG_20260617","logger":"airflow.task.operators.airflow.providers.standard.sensors.filesystem.FileSensor","filename":"filesystem.py","lineno":108}
{"timestamp":"2026-07-07T09:49:43.893209Z","level":"info","event":"Poking for file /mnt/snapshots/READY_FLAG_20260617","logger":"airflow.task.operators.airflow.providers.standard.sensors.filesystem.FileSensor","filename":"filesystem.py","lineno":108}
{"timestamp":"2026-07-07T09:49:53.899950Z","level":"info","event":"Poking for file /mnt/snapshots/READY_FLAG_20260617","logger":"airflow.task.operators.airflow.providers.standard.sensors.filesystem.FileSensor","filename":"filesystem.py","lineno":108}
{"timestamp":"2026-07-07T09:50:03.901923Z","level":"info","event":"Poking for file /mnt/snapshots/READY_FLAG_20260617","logger":"airflow.task.operators.airflow.providers.standard.sensors.filesystem.FileSensor","filename":"filesystem.py","lineno":108}
{"timestamp":"2026-07-07T09:50:13.900772Z","level":"info","event":"Poking for file /mnt/snapshots/READY_FLAG_20260617","logger":"airflow.task.operators.airflow.providers.standard.sensors.filesystem.FileSensor","filename":"filesystem.py","lineno":108}
{"timestamp":"2026-07-07T09:50:23.902401Z","level":"info","event":"Poking for file /mnt/snapshots/READY_FLAG_20260617","logger":"airflow.task.operators.airflow.providers.standard.sensors.filesystem.FileSensor","filename":"filesystem.py","lineno":108}
{"timestamp":"2026-07-07T09:50:33.904007Z","level":"info","event":"Poking for file /mnt/snapshots/READY_FLAG_20260617","logger":"airflow.task.operators.airflow.providers.standard.sensors.filesystem.FileSensor","filename":"filesystem.py","lineno":108}
{"timestamp":"2026-07-07T09:50:43.902684Z","level":"info","event":"Poking for file /mnt/snapshots/READY_FLAG_20260617","logger":"airflow.task.operators.airflow.providers.standard.sensors.filesystem.FileSensor","filename":"filesystem.py","lineno":108}
{"timestamp":"2026-07-07T09:50:53.903881Z","level":"info","event":"Poking for file /mnt/snapshots/READY_FLAG_20260617","logger":"airflow.task.operators.airflow.providers.standard.sensors.filesystem.FileSensor","filename":"filesystem.py","lineno":108}
{"timestamp":"2026-07-07T09:51:03.905667Z","level":"info","event":"Poking for file /mnt/snapshots/READY_FLAG_20260617","logger":"airflow.task.operators.airflow.providers.standard.sensors.filesystem.FileSensor","filename":"filesystem.py","lineno":108}
{"timestamp":"2026-07-07T09:51:13.905016Z","level":"info","event":"Poking for file /mnt/snapshots/READY_FLAG_20260617","logger":"airflow.task.operators.airflow.providers.standard.sensors.filesystem.FileSensor","filename":"filesystem.py","lineno":108}
{"timestamp":"2026-07-07T09:51:23.907433Z","level":"info","event":"Poking for file /mnt/snapshots/READY_FLAG_20260617","logger":"airflow.task.operators.airflow.providers.standard.sensors.filesystem.FileSensor","filename":"filesystem.py","lineno":108}
{"timestamp":"2026-07-07T09:51:33.909193Z","level":"info","event":"Poking for file /mnt/snapshots/READY_FLAG_20260617","logger":"airflow.task.operators.airflow.providers.standard.sensors.filesystem.FileSensor","filename":"filesystem.py","lineno":108}
{"timestamp":"2026-07-07T09:51:43.909223Z","level":"info","event":"Poking for file /mnt/snapshots/READY_FLAG_20260617","logger":"airflow.task.operators.airflow.providers.standard.sensors.filesystem.FileSensor","filename":"filesystem.py","lineno":108}
{"timestamp":"2026-07-07T09:51:53.912498Z","level":"info","event":"Poking for file /mnt/snapshots/READY_FLAG_20260617","logger":"airflow.task.operators.airflow.providers.standard.sensors.filesystem.FileSensor","filename":"filesystem.py","lineno":108}
{"timestamp":"2026-07-07T09:52:03.914573Z","level":"info","event":"Poking for file /mnt/snapshots/READY_FLAG_20260617","logger":"airflow.task.operators.airflow.providers.standard.sensors.filesystem.FileSensor","filename":"filesystem.py","lineno":108}
{"timestamp":"2026-07-07T09:52:13.913337Z","level":"info","event":"Poking for file /mnt/snapshots/READY_FLAG_20260617","logger":"airflow.task.operators.airflow.providers.standard.sensors.filesystem.FileSensor","filename":"filesystem.py","lineno":108}
{"timestamp":"2026-07-07T09:52:23.915824Z","level":"info","event":"Poking for file /mnt/snapshots/READY_FLAG_20260617","logger":"airflow.task.operators.airflow.providers.standard.sensors.filesystem.FileSensor","filename":"filesystem.py","lineno":108}
{"timestamp":"2026-07-07T09:52:33.917231Z","level":"info","event":"Poking for file /mnt/snapshots/READY_FLAG_20260617","logger":"airflow.task.operators.airflow.providers.standard.sensors.filesystem.FileSensor","filename":"filesystem.py","lineno":108}
{"timestamp":"2026-07-07T09:52:43.915766Z","level":"info","event":"Poking for file /mnt/snapshots/READY_FLAG_20260617","logger":"airflow.task.operators.airflow.providers.standard.sensors.filesystem.FileSensor","filename":"filesystem.py","lineno":108}
{"timestamp":"2026-07-07T09:52:53.917508Z","level":"info","event":"Poking for file /mnt/snapshots/READY_FLAG_20260617","logger":"airflow.task.operators.airflow.providers.standard.sensors.filesystem.FileSensor","filename":"filesystem.py","lineno":108}
{"timestamp":"2026-07-07T09:53:03.919116Z","level":"info","event":"Poking for file /mnt/snapshots/READY_FLAG_20260617","logger":"airflow.task.operators.airflow.providers.standard.sensors.filesystem.FileSensor","filename":"filesystem.py","lineno":108}
{"timestamp":"2026-07-07T09:53:13.918695Z","level":"info","event":"Poking for file /mnt/snapshots/READY_FLAG_20260617","logger":"airflow.task.operators.airflow.providers.standard.sensors.filesystem.FileSensor","filename":"filesystem.py","lineno":108}
{"timestamp":"2026-07-07T09:53:23.920570Z","level":"info","event":"Poking for file /mnt/snapshots/READY_FLAG_20260617","logger":"airflow.task.operators.airflow.providers.standard.sensors.filesystem.FileSensor","filename":"filesystem.py","lineno":108}
{"timestamp":"2026-07-07T09:53:33.931452Z","level":"info","event":"Poking for file /mnt/snapshots/READY_FLAG_20260617","logger":"airflow.task.operators.airflow.providers.standard.sensors.filesystem.FileSensor","filename":"filesystem.py","lineno":108}
{"timestamp":"2026-07-07T09:53:43.931526Z","level":"info","event":"Poking for file /mnt/snapshots/READY_FLAG_20260617","logger":"airflow.task.operators.airflow.providers.standard.sensors.filesystem.FileSensor","filename":"filesystem.py","lineno":108}
{"timestamp":"2026-07-07T09:53:53.932812Z","level":"info","event":"Poking for file /mnt/snapshots/READY_FLAG_20260617","logger":"airflow.task.operators.airflow.providers.standard.sensors.filesystem.FileSensor","filename":"filesystem.py","lineno":108}
{"timestamp":"2026-07-07T09:54:03.935281Z","level":"info","event":"Poking for file /mnt/snapshots/READY_FLAG_20260617","logger":"airflow.task.operators.airflow.providers.standard.sensors.filesystem.FileSensor","filename":"filesystem.py","lineno":108}
{"timestamp":"2026-07-07T09:54:13.938130Z","level":"info","event":"Poking for file /mnt/snapshots/READY_FLAG_20260617","logger":"airflow.task.operators.airflow.providers.standard.sensors.filesystem.FileSensor","filename":"filesystem.py","lineno":108}
{"timestamp":"2026-07-07T09:54:23.940962Z","level":"info","event":"Poking for file /mnt/snapshots/READY_FLAG_20260617","logger":"airflow.task.operators.airflow.providers.standard.sensors.filesystem.FileSensor","filename":"filesystem.py","lineno":108}
{"timestamp":"2026-07-07T09:54:33.942710Z","level":"info","event":"Poking for file /mnt/snapshots/READY_FLAG_20260617","logger":"airflow.task.operators.airflow.providers.standard.sensors.filesystem.FileSensor","filename":"filesystem.py","lineno":108}
{"timestamp":"2026-07-07T09:54:43.940062Z","level":"info","event":"Poking for file /mnt/snapshots/READY_FLAG_20260617","logger":"airflow.task.operators.airflow.providers.standard.sensors.filesystem.FileSensor","filename":"filesystem.py","lineno":108}
{"timestamp":"2026-07-07T09:54:53.942126Z","level":"info","event":"Poking for file /mnt/snapshots/READY_FLAG_20260617","logger":"airflow.task.operators.airflow.providers.standard.sensors.filesystem.FileSensor","filename":"filesystem.py","lineno":108}
{"timestamp":"2026-07-07T09:55:03.946285Z","level":"info","event":"Poking for file /mnt/snapshots/READY_FLAG_20260617","logger":"airflow.task.operators.airflow.providers.standard.sensors.filesystem.FileSensor","filename":"filesystem.py","lineno":108}
{"timestamp":"2026-07-07T09:55:13.946069Z","level":"info","event":"Poking for file /mnt/snapshots/READY_FLAG_20260617","logger":"airflow.task.operators.airflow.providers.standard.sensors.filesystem.FileSensor","filename":"filesystem.py","lineno":108}
{"timestamp":"2026-07-07T09:55:23.948694Z","level":"info","event":"Poking for file /mnt/snapshots/READY_FLAG_20260617","logger":"airflow.task.operators.airflow.providers.standard.sensors.filesystem.FileSensor","filename":"filesystem.py","lineno":108}
{"timestamp":"2026-07-07T09:55:33.950707Z","level":"info","event":"Poking for file /mnt/snapshots/READY_FLAG_20260617","logger":"airflow.task.operators.airflow.providers.standard.sensors.filesystem.FileSensor","filename":"filesystem.py","lineno":108}
{"timestamp":"2026-07-07T09:55:43.949912Z","level":"info","event":"Poking for file /mnt/snapshots/READY_FLAG_20260617","logger":"airflow.task.operators.airflow.providers.standard.sensors.filesystem.FileSensor","filename":"filesystem.py","lineno":108}
{"timestamp":"2026-07-07T09:55:53.951316Z","level":"info","event":"Poking for file /mnt/snapshots/READY_FLAG_20260617","logger":"airflow.task.operators.airflow.providers.standard.sensors.filesystem.FileSensor","filename":"filesystem.py","lineno":108}
{"timestamp":"2026-07-07T09:56:03.953413Z","level":"info","event":"Poking for file /mnt/snapshots/READY_FLAG_20260617","logger":"airflow.task.operators.airflow.providers.standard.sensors.filesystem.FileSensor","filename":"filesystem.py","lineno":108}
{"timestamp":"2026-07-07T09:56:13.953186Z","level":"info","event":"Poking for file /mnt/snapshots/READY_FLAG_20260617","logger":"airflow.task.operators.airflow.providers.standard.sensors.filesystem.FileSensor","filename":"filesystem.py","lineno":108}
{"timestamp":"2026-07-07T09:56:23.955545Z","level":"info","event":"Poking for file /mnt/snapshots/READY_FLAG_20260617","logger":"airflow.task.operators.airflow.providers.standard.sensors.filesystem.FileSensor","filename":"filesystem.py","lineno":108}
{"timestamp":"2026-07-07T09:56:33.957239Z","level":"info","event":"Poking for file /mnt/snapshots/READY_FLAG_20260617","logger":"airflow.task.operators.airflow.providers.standard.sensors.filesystem.FileSensor","filename":"filesystem.py","lineno":108}
{"timestamp":"2026-07-07T09:56:43.955833Z","level":"info","event":"Poking for file /mnt/snapshots/READY_FLAG_20260617","logger":"airflow.task.operators.airflow.providers.standard.sensors.filesystem.FileSensor","filename":"filesystem.py","lineno":108}
{"timestamp":"2026-07-07T09:56:53.958313Z","level":"info","event":"Poking for file /mnt/snapshots/READY_FLAG_20260617","logger":"airflow.task.operators.airflow.providers.standard.sensors.filesystem.FileSensor","filename":"filesystem.py","lineno":108}
{"timestamp":"2026-07-07T09:57:03.961124Z","level":"info","event":"Poking for file /mnt/snapshots/READY_FLAG_20260617","logger":"airflow.task.operators.airflow.providers.standard.sensors.filesystem.FileSensor","filename":"filesystem.py","lineno":108}
{"timestamp":"2026-07-07T09:57:13.959329Z","level":"info","event":"Poking for file /mnt/snapshots/READY_FLAG_20260617","logger":"airflow.task.operators.airflow.providers.standard.sensors.filesystem.FileSensor","filename":"filesystem.py","lineno":108}
{"timestamp":"2026-07-07T09:57:23.961627Z","level":"info","event":"Poking for file /mnt/snapshots/READY_FLAG_20260617","logger":"airflow.task.operators.airflow.providers.standard.sensors.filesystem.FileSensor","filename":"filesystem.py","lineno":108}
{"timestamp":"2026-07-07T09:57:33.963327Z","level":"info","event":"Poking for file /mnt/snapshots/READY_FLAG_20260617","logger":"airflow.task.operators.airflow.providers.standard.sensors.filesystem.FileSensor","filename":"filesystem.py","lineno":108}
{"timestamp":"2026-07-07T09:57:43.961006Z","level":"info","event":"Poking for file /mnt/snapshots/READY_FLAG_20260617","logger":"airflow.task.operators.airflow.providers.standard.sensors.filesystem.FileSensor","filename":"filesystem.py","lineno":108}
{"timestamp":"2026-07-07T09:57:53.963280Z","level":"info","event":"Poking for file /mnt/snapshots/READY_FLAG_20260617","logger":"airflow.task.operators.airflow.providers.standard.sensors.filesystem.FileSensor","filename":"filesystem.py","lineno":108}
{"timestamp":"2026-07-07T09:58:03.965426Z","level":"info","event":"Poking for file /mnt/snapshots/READY_FLAG_20260617","logger":"airflow.task.operators.airflow.providers.standard.sensors.filesystem.FileSensor","filename":"filesystem.py","lineno":108}
{"timestamp":"2026-07-07T09:58:13.964880Z","level":"info","event":"Poking for file /mnt/snapshots/READY_FLAG_20260617","logger":"airflow.task.operators.airflow.providers.standard.sensors.filesystem.FileSensor","filename":"filesystem.py","lineno":108}
{"timestamp":"2026-07-07T09:58:23.966023Z","level":"info","event":"Poking for file /mnt/snapshots/READY_FLAG_20260617","logger":"airflow.task.operators.airflow.providers.standard.sensors.filesystem.FileSensor","filename":"filesystem.py","lineno":108}
{"timestamp":"2026-07-07T09:58:33.967304Z","level":"info","event":"Poking for file /mnt/snapshots/READY_FLAG_20260617","logger":"airflow.task.operators.airflow.providers.standard.sensors.filesystem.FileSensor","filename":"filesystem.py","lineno":108}
{"timestamp":"2026-07-07T09:58:43.965121Z","level":"info","event":"Poking for file /mnt/snapshots/READY_FLAG_20260617","logger":"airflow.task.operators.airflow.providers.standard.sensors.filesystem.FileSensor","filename":"filesystem.py","lineno":108}
{"timestamp":"2026-07-07T09:58:53.966461Z","level":"info","event":"Poking for file /mnt/snapshots/READY_FLAG_20260617","logger":"airflow.task.operators.airflow.providers.standard.sensors.filesystem.FileSensor","filename":"filesystem.py","lineno":108}
{"timestamp":"2026-07-07T09:59:03.967639Z","level":"info","event":"Poking for file /mnt/snapshots/READY_FLAG_20260617","logger":"airflow.task.operators.airflow.providers.standard.sensors.filesystem.FileSensor","filename":"filesystem.py","lineno":108}
{"timestamp":"2026-07-07T09:59:13.966661Z","level":"info","event":"Poking for file /mnt/snapshots/READY_FLAG_20260617","logger":"airflow.task.operators.airflow.providers.standard.sensors.filesystem.FileSensor","filename":"filesystem.py","lineno":108}
{"timestamp":"2026-07-07T09:59:23.969480Z","level":"info","event":"Poking for file /mnt/snapshots/READY_FLAG_20260617","logger":"airflow.task.operators.airflow.providers.standard.sensors.filesystem.FileSensor","filename":"filesystem.py","lineno":108}
{"timestamp":"2026-07-07T09:59:33.972262Z","level":"info","event":"Poking for file /mnt/snapshots/READY_FLAG_20260617","logger":"airflow.task.operators.airflow.providers.standard.sensors.filesystem.FileSensor","filename":"filesystem.py","lineno":108}
{"timestamp":"2026-07-07T09:59:43.970152Z","level":"info","event":"Poking for file /mnt/snapshots/READY_FLAG_20260617","logger":"airflow.task.operators.airflow.providers.standard.sensors.filesystem.FileSensor","filename":"filesystem.py","lineno":108}
{"timestamp":"2026-07-07T09:59:53.972032Z","level":"info","event":"Poking for file /mnt/snapshots/READY_FLAG_20260617","logger":"airflow.task.operators.airflow.providers.standard.sensors.filesystem.FileSensor","filename":"filesystem.py","lineno":108}
{"timestamp":"2026-07-07T10:00:03.974350Z","level":"info","event":"Poking for file /mnt/snapshots/READY_FLAG_20260617","logger":"airflow.task.operators.airflow.providers.standard.sensors.filesystem.FileSensor","filename":"filesystem.py","lineno":108}
{"timestamp":"2026-07-07T10:00:13.971945Z","level":"info","event":"Poking for file /mnt/snapshots/READY_FLAG_20260617","logger":"airflow.task.operators.airflow.providers.standard.sensors.filesystem.FileSensor","filename":"filesystem.py","lineno":108}
{"timestamp":"2026-07-07T10:00:23.972986Z","level":"info","event":"Poking for file /mnt/snapshots/READY_FLAG_20260617","logger":"airflow.task.operators.airflow.providers.standard.sensors.filesystem.FileSensor","filename":"filesystem.py","lineno":108}
{"timestamp":"2026-07-07T10:00:33.974440Z","level":"info","event":"Poking for file /mnt/snapshots/READY_FLAG_20260617","logger":"airflow.task.operators.airflow.providers.standard.sensors.filesystem.FileSensor","filename":"filesystem.py","lineno":108}
{"timestamp":"2026-07-07T10:00:43.974822Z","level":"info","event":"Poking for file /mnt/snapshots/READY_FLAG_20260617","logger":"airflow.task.operators.airflow.providers.standard.sensors.filesystem.FileSensor","filename":"filesystem.py","lineno":108}
{"timestamp":"2026-07-07T10:00:53.976364Z","level":"info","event":"Poking for file /mnt/snapshots/READY_FLAG_20260617","logger":"airflow.task.operators.airflow.providers.standard.sensors.filesystem.FileSensor","filename":"filesystem.py","lineno":108}
{"timestamp":"2026-07-07T10:01:03.977676Z","level":"info","event":"Poking for file /mnt/snapshots/READY_FLAG_20260617","logger":"airflow.task.operators.airflow.providers.standard.sensors.filesystem.FileSensor","filename":"filesystem.py","lineno":108}
{"timestamp":"2026-07-07T10:01:13.976535Z","level":"info","event":"Poking for file /mnt/snapshots/READY_FLAG_20260617","logger":"airflow.task.operators.airflow.providers.standard.sensors.filesystem.FileSensor","filename":"filesystem.py","lineno":108}
{"timestamp":"2026-07-07T10:01:23.986448Z","level":"info","event":"Poking for file /mnt/snapshots/READY_FLAG_20260617","logger":"airflow.task.operators.airflow.providers.standard.sensors.filesystem.FileSensor","filename":"filesystem.py","lineno":108}
{"timestamp":"2026-07-07T10:01:33.987791Z","level":"info","event":"Poking for file /mnt/snapshots/READY_FLAG_20260617","logger":"airflow.task.operators.airflow.providers.standard.sensors.filesystem.FileSensor","filename":"filesystem.py","lineno":108}
{"timestamp":"2026-07-07T10:01:43.985604Z","level":"info","event":"Poking for file /mnt/snapshots/READY_FLAG_20260617","logger":"airflow.task.operators.airflow.providers.standard.sensors.filesystem.FileSensor","filename":"filesystem.py","lineno":108}
{"timestamp":"2026-07-07T10:01:53.987482Z","level":"info","event":"Poking for file /mnt/snapshots/READY_FLAG_20260617","logger":"airflow.task.operators.airflow.providers.standard.sensors.filesystem.FileSensor","filename":"filesystem.py","lineno":108}
{"timestamp":"2026-07-07T10:02:03.989031Z","level":"info","event":"Poking for file /mnt/snapshots/READY_FLAG_20260617","logger":"airflow.task.operators.airflow.providers.standard.sensors.filesystem.FileSensor","filename":"filesystem.py","lineno":108}
{"timestamp":"2026-07-07T10:02:13.987104Z","level":"info","event":"Poking for file /mnt/snapshots/READY_FLAG_20260617","logger":"airflow.task.operators.airflow.providers.standard.sensors.filesystem.FileSensor","filename":"filesystem.py","lineno":108}
{"timestamp":"2026-07-07T10:02:23.988190Z","level":"info","event":"Poking for file /mnt/snapshots/READY_FLAG_20260617","logger":"airflow.task.operators.airflow.providers.standard.sensors.filesystem.FileSensor","filename":"filesystem.py","lineno":108}
{"timestamp":"2026-07-07T10:02:33.989849Z","level":"info","event":"Poking for file /mnt/snapshots/READY_FLAG_20260617","logger":"airflow.task.operators.airflow.providers.standard.sensors.filesystem.FileSensor","filename":"filesystem.py","lineno":108}
{"timestamp":"2026-07-07T10:02:44.001385Z","level":"info","event":"Poking for file /mnt/snapshots/READY_FLAG_20260617","logger":"airflow.task.operators.airflow.providers.standard.sensors.filesystem.FileSensor","filename":"filesystem.py","lineno":108}
{"timestamp":"2026-07-07T10:02:54.003713Z","level":"info","event":"Poking for file /mnt/snapshots/READY_FLAG_20260617","logger":"airflow.task.operators.airflow.providers.standard.sensors.filesystem.FileSensor","filename":"filesystem.py","lineno":108}
{"timestamp":"2026-07-07T10:03:04.005912Z","level":"info","event":"Poking for file /mnt/snapshots/READY_FLAG_20260617","logger":"airflow.task.operators.airflow.providers.standard.sensors.filesystem.FileSensor","filename":"filesystem.py","lineno":108}
{"timestamp":"2026-07-07T10:03:14.005026Z","level":"info","event":"Poking for file /mnt/snapshots/READY_FLAG_20260617","logger":"airflow.task.operators.airflow.providers.standard.sensors.filesystem.FileSensor","filename":"filesystem.py","lineno":108}
{"timestamp":"2026-07-07T10:03:24.006797Z","level":"info","event":"Poking for file /mnt/snapshots/READY_FLAG_20260617","logger":"airflow.task.operators.airflow.providers.standard.sensors.filesystem.FileSensor","filename":"filesystem.py","lineno":108}
{"timestamp":"2026-07-07T10:03:34.008018Z","level":"info","event":"Poking for file /mnt/snapshots/READY_FLAG_20260617","logger":"airflow.task.operators.airflow.providers.standard.sensors.filesystem.FileSensor","filename":"filesystem.py","lineno":108}
{"timestamp":"2026-07-07T10:03:44.006628Z","level":"info","event":"Poking for file /mnt/snapshots/READY_FLAG_20260617","logger":"airflow.task.operators.airflow.providers.standard.sensors.filesystem.FileSensor","filename":"filesystem.py","lineno":108}
{"timestamp":"2026-07-07T10:03:54.008714Z","level":"info","event":"Poking for file /mnt/snapshots/READY_FLAG_20260617","logger":"airflow.task.operators.airflow.providers.standard.sensors.filesystem.FileSensor","filename":"filesystem.py","lineno":108}
{"timestamp":"2026-07-07T10:04:04.011810Z","level":"info","event":"Poking for file /mnt/snapshots/READY_FLAG_20260617","logger":"airflow.task.operators.airflow.providers.standard.sensors.filesystem.FileSensor","filename":"filesystem.py","lineno":108}
{"timestamp":"2026-07-07T10:04:14.010484Z","level":"info","event":"Poking for file /mnt/snapshots/READY_FLAG_20260617","logger":"airflow.task.operators.airflow.providers.standard.sensors.filesystem.FileSensor","filename":"filesystem.py","lineno":108}
{"timestamp":"2026-07-07T10:04:24.012480Z","level":"info","event":"Poking for file /mnt/snapshots/READY_FLAG_20260617","logger":"airflow.task.operators.airflow.providers.standard.sensors.filesystem.FileSensor","filename":"filesystem.py","lineno":108}
{"timestamp":"2026-07-07T10:04:34.015289Z","level":"info","event":"Poking for file /mnt/snapshots/READY_FLAG_20260617","logger":"airflow.task.operators.airflow.providers.standard.sensors.filesystem.FileSensor","filename":"filesystem.py","lineno":108}
{"timestamp":"2026-07-07T10:04:44.016841Z","level":"info","event":"Poking for file /mnt/snapshots/READY_FLAG_20260617","logger":"airflow.task.operators.airflow.providers.standard.sensors.filesystem.FileSensor","filename":"filesystem.py","lineno":108}
{"timestamp":"2026-07-07T10:04:54.018614Z","level":"info","event":"Poking for file /mnt/snapshots/READY_FLAG_20260617","logger":"airflow.task.operators.airflow.providers.standard.sensors.filesystem.FileSensor","filename":"filesystem.py","lineno":108}
{"timestamp":"2026-07-07T10:05:04.020269Z","level":"info","event":"Poking for file /mnt/snapshots/READY_FLAG_20260617","logger":"airflow.task.operators.airflow.providers.standard.sensors.filesystem.FileSensor","filename":"filesystem.py","lineno":108}
{"timestamp":"2026-07-07T10:05:14.018989Z","level":"info","event":"Poking for file /mnt/snapshots/READY_FLAG_20260617","logger":"airflow.task.operators.airflow.providers.standard.sensors.filesystem.FileSensor","filename":"filesystem.py","lineno":108}
{"timestamp":"2026-07-07T10:05:24.022680Z","level":"info","event":"Poking for file /mnt/snapshots/READY_FLAG_20260617","logger":"airflow.task.operators.airflow.providers.standard.sensors.filesystem.FileSensor","filename":"filesystem.py","lineno":108}
{"timestamp":"2026-07-07T10:05:34.024137Z","level":"info","event":"Poking for file /mnt/snapshots/READY_FLAG_20260617","logger":"airflow.task.operators.airflow.providers.standard.sensors.filesystem.FileSensor","filename":"filesystem.py","lineno":108}
{"timestamp":"2026-07-07T10:05:44.022061Z","level":"info","event":"Poking for file /mnt/snapshots/READY_FLAG_20260617","logger":"airflow.task.operators.airflow.providers.standard.sensors.filesystem.FileSensor","filename":"filesystem.py","lineno":108}
{"timestamp":"2026-07-07T10:05:54.024879Z","level":"info","event":"Poking for file /mnt/snapshots/READY_FLAG_20260617","logger":"airflow.task.operators.airflow.providers.standard.sensors.filesystem.FileSensor","filename":"filesystem.py","lineno":108}
{"timestamp":"2026-07-07T10:06:04.026705Z","level":"info","event":"Poking for file /mnt/snapshots/READY_FLAG_20260617","logger":"airflow.task.operators.airflow.providers.standard.sensors.filesystem.FileSensor","filename":"filesystem.py","lineno":108}
{"timestamp":"2026-07-07T10:06:14.025182Z","level":"info","event":"Poking for file /mnt/snapshots/READY_FLAG_20260617","logger":"airflow.task.operators.airflow.providers.standard.sensors.filesystem.FileSensor","filename":"filesystem.py","lineno":108}
{"timestamp":"2026-07-07T10:06:24.027110Z","level":"info","event":"Poking for file /mnt/snapshots/READY_FLAG_20260617","logger":"airflow.task.operators.airflow.providers.standard.sensors.filesystem.FileSensor","filename":"filesystem.py","lineno":108}
{"timestamp":"2026-07-07T10:06:34.029287Z","level":"info","event":"Poking for file /mnt/snapshots/READY_FLAG_20260617","logger":"airflow.task.operators.airflow.providers.standard.sensors.filesystem.FileSensor","filename":"filesystem.py","lineno":108}
{"timestamp":"2026-07-07T10:06:44.027920Z","level":"info","event":"Poking for file /mnt/snapshots/READY_FLAG_20260617","logger":"airflow.task.operators.airflow.providers.standard.sensors.filesystem.FileSensor","filename":"filesystem.py","lineno":108}
{"timestamp":"2026-07-07T10:06:54.029416Z","level":"info","event":"Poking for file /mnt/snapshots/READY_FLAG_20260617","logger":"airflow.task.operators.airflow.providers.standard.sensors.filesystem.FileSensor","filename":"filesystem.py","lineno":108}
{"timestamp":"2026-07-07T10:07:04.031559Z","level":"info","event":"Poking for file /mnt/snapshots/READY_FLAG_20260617","logger":"airflow.task.operators.airflow.providers.standard.sensors.filesystem.FileSensor","filename":"filesystem.py","lineno":108}
{"timestamp":"2026-07-07T10:07:14.030480Z","level":"info","event":"Poking for file /mnt/snapshots/READY_FLAG_20260617","logger":"airflow.task.operators.airflow.providers.standard.sensors.filesystem.FileSensor","filename":"filesystem.py","lineno":108}
{"timestamp":"2026-07-07T10:07:24.032324Z","level":"info","event":"Poking for file /mnt/snapshots/READY_FLAG_20260617","logger":"airflow.task.operators.airflow.providers.standard.sensors.filesystem.FileSensor","filename":"filesystem.py","lineno":108}
{"timestamp":"2026-07-07T10:07:34.034124Z","level":"info","event":"Poking for file /mnt/snapshots/READY_FLAG_20260617","logger":"airflow.task.operators.airflow.providers.standard.sensors.filesystem.FileSensor","filename":"filesystem.py","lineno":108}
{"timestamp":"2026-07-07T10:07:44.032815Z","level":"info","event":"Poking for file /mnt/snapshots/READY_FLAG_20260617","logger":"airflow.task.operators.airflow.providers.standard.sensors.filesystem.FileSensor","filename":"filesystem.py","lineno":108}
{"timestamp":"2026-07-07T10:07:54.034264Z","level":"info","event":"Poking for file /mnt/snapshots/READY_FLAG_20260617","logger":"airflow.task.operators.airflow.providers.standard.sensors.filesystem.FileSensor","filename":"filesystem.py","lineno":108}
{"timestamp":"2026-07-07T10:08:04.036252Z","level":"info","event":"Poking for file /mnt/snapshots/READY_FLAG_20260617","logger":"airflow.task.operators.airflow.providers.standard.sensors.filesystem.FileSensor","filename":"filesystem.py","lineno":108}
{"timestamp":"2026-07-07T10:08:14.035465Z","level":"info","event":"Poking for file /mnt/snapshots/READY_FLAG_20260617","logger":"airflow.task.operators.airflow.providers.standard.sensors.filesystem.FileSensor","filename":"filesystem.py","lineno":108}
{"timestamp":"2026-07-07T10:08:24.037952Z","level":"info","event":"Poking for file /mnt/snapshots/READY_FLAG_20260617","logger":"airflow.task.operators.airflow.providers.standard.sensors.filesystem.FileSensor","filename":"filesystem.py","lineno":108}
{"timestamp":"2026-07-07T10:08:34.039617Z","level":"info","event":"Poking for file /mnt/snapshots/READY_FLAG_20260617","logger":"airflow.task.operators.airflow.providers.standard.sensors.filesystem.FileSensor","filename":"filesystem.py","lineno":108}
{"timestamp":"2026-07-07T10:08:44.037816Z","level":"info","event":"Poking for file /mnt/snapshots/READY_FLAG_20260617","logger":"airflow.task.operators.airflow.providers.standard.sensors.filesystem.FileSensor","filename":"filesystem.py","lineno":108}
{"timestamp":"2026-07-07T10:08:54.040471Z","level":"info","event":"Poking for file /mnt/snapshots/READY_FLAG_20260617","logger":"airflow.task.operators.airflow.providers.standard.sensors.filesystem.FileSensor","filename":"filesystem.py","lineno":108}
{"timestamp":"2026-07-07T10:09:04.042118Z","level":"info","event":"Poking for file /mnt/snapshots/READY_FLAG_20260617","logger":"airflow.task.operators.airflow.providers.standard.sensors.filesystem.FileSensor","filename":"filesystem.py","lineno":108}
{"timestamp":"2026-07-07T10:09:14.040212Z","level":"info","event":"Poking for file /mnt/snapshots/READY_FLAG_20260617","logger":"airflow.task.operators.airflow.providers.standard.sensors.filesystem.FileSensor","filename":"filesystem.py","lineno":108}
{"timestamp":"2026-07-07T10:09:24.041949Z","level":"info","event":"Poking for file /mnt/snapshots/READY_FLAG_20260617","logger":"airflow.task.operators.airflow.providers.standard.sensors.filesystem.FileSensor","filename":"filesystem.py","lineno":108}
{"timestamp":"2026-07-07T10:09:34.044815Z","level":"info","event":"Poking for file /mnt/snapshots/READY_FLAG_20260617","logger":"airflow.task.operators.airflow.providers.standard.sensors.filesystem.FileSensor","filename":"filesystem.py","lineno":108}
{"timestamp":"2026-07-07T10:09:44.043289Z","level":"info","event":"Poking for file /mnt/snapshots/READY_FLAG_20260617","logger":"airflow.task.operators.airflow.providers.standard.sensors.filesystem.FileSensor","filename":"filesystem.py","lineno":108}
{"timestamp":"2026-07-07T10:09:54.044378Z","level":"info","event":"Poking for file /mnt/snapshots/READY_FLAG_20260617","logger":"airflow.task.operators.airflow.providers.standard.sensors.filesystem.FileSensor","filename":"filesystem.py","lineno":108}
{"timestamp":"2026-07-07T10:10:04.047304Z","level":"info","event":"Poking for file /mnt/snapshots/READY_FLAG_20260617","logger":"airflow.task.operators.airflow.providers.standard.sensors.filesystem.FileSensor","filename":"filesystem.py","lineno":108}
{"timestamp":"2026-07-07T10:10:14.046081Z","level":"info","event":"Poking for file /mnt/snapshots/READY_FLAG_20260617","logger":"airflow.task.operators.airflow.providers.standard.sensors.filesystem.FileSensor","filename":"filesystem.py","lineno":108}
{"timestamp":"2026-07-07T10:10:24.050045Z","level":"info","event":"Poking for file /mnt/snapshots/READY_FLAG_20260617","logger":"airflow.task.operators.airflow.providers.standard.sensors.filesystem.FileSensor","filename":"filesystem.py","lineno":108}
{"timestamp":"2026-07-07T10:10:34.053486Z","level":"info","event":"Poking for file /mnt/snapshots/READY_FLAG_20260617","logger":"airflow.task.operators.airflow.providers.standard.sensors.filesystem.FileSensor","filename":"filesystem.py","lineno":108}
{"timestamp":"2026-07-07T10:10:44.052867Z","level":"info","event":"Poking for file /mnt/snapshots/READY_FLAG_20260617","logger":"airflow.task.operators.airflow.providers.standard.sensors.filesystem.FileSensor","filename":"filesystem.py","lineno":108}
{"timestamp":"2026-07-07T10:10:54.053874Z","level":"info","event":"Poking for file /mnt/snapshots/READY_FLAG_20260617","logger":"airflow.task.operators.airflow.providers.standard.sensors.filesystem.FileSensor","filename":"filesystem.py","lineno":108}
{"timestamp":"2026-07-07T10:11:04.056069Z","level":"info","event":"Poking for file /mnt/snapshots/READY_FLAG_20260617","logger":"airflow.task.operators.airflow.providers.standard.sensors.filesystem.FileSensor","filename":"filesystem.py","lineno":108}
{"timestamp":"2026-07-07T10:11:14.054303Z","level":"info","event":"Poking for file /mnt/snapshots/READY_FLAG_20260617","logger":"airflow.task.operators.airflow.providers.standard.sensors.filesystem.FileSensor","filename":"filesystem.py","lineno":108}
{"timestamp":"2026-07-07T10:11:24.056646Z","level":"info","event":"Poking for file /mnt/snapshots/READY_FLAG_20260617","logger":"airflow.task.operators.airflow.providers.standard.sensors.filesystem.FileSensor","filename":"filesystem.py","lineno":108}
{"timestamp":"2026-07-07T10:11:34.059066Z","level":"info","event":"Poking for file /mnt/snapshots/READY_FLAG_20260617","logger":"airflow.task.operators.airflow.providers.standard.sensors.filesystem.FileSensor","filename":"filesystem.py","lineno":108}
{"timestamp":"2026-07-07T10:11:44.057747Z","level":"info","event":"Poking for file /mnt/snapshots/READY_FLAG_20260617","logger":"airflow.task.operators.airflow.providers.standard.sensors.filesystem.FileSensor","filename":"filesystem.py","lineno":108}
{"timestamp":"2026-07-07T10:11:54.060749Z","level":"info","event":"Poking for file /mnt/snapshots/READY_FLAG_20260617","logger":"airflow.task.operators.airflow.providers.standard.sensors.filesystem.FileSensor","filename":"filesystem.py","lineno":108}
{"timestamp":"2026-07-07T10:12:04.063697Z","level":"info","event":"Poking for file /mnt/snapshots/READY_FLAG_20260617","logger":"airflow.task.operators.airflow.providers.standard.sensors.filesystem.FileSensor","filename":"filesystem.py","lineno":108}
{"timestamp":"2026-07-07T10:12:14.062365Z","level":"info","event":"Poking for file /mnt/snapshots/READY_FLAG_20260617","logger":"airflow.task.operators.airflow.providers.standard.sensors.filesystem.FileSensor","filename":"filesystem.py","lineno":108}
{"timestamp":"2026-07-07T10:12:24.067954Z","level":"info","event":"Poking for file /mnt/snapshots/READY_FLAG_20260617","logger":"airflow.task.operators.airflow.providers.standard.sensors.filesystem.FileSensor","filename":"filesystem.py","lineno":108}
{"timestamp":"2026-07-07T10:12:34.072476Z","level":"info","event":"Poking for file /mnt/snapshots/READY_FLAG_20260617","logger":"airflow.task.operators.airflow.providers.standard.sensors.filesystem.FileSensor","filename":"filesystem.py","lineno":108}
{"timestamp":"2026-07-07T10:12:44.073400Z","level":"info","event":"Poking for file /mnt/snapshots/READY_FLAG_20260617","logger":"airflow.task.operators.airflow.providers.standard.sensors.filesystem.FileSensor","filename":"filesystem.py","lineno":108}
{"timestamp":"2026-07-07T10:12:54.076662Z","level":"info","event":"Poking for file /mnt/snapshots/READY_FLAG_20260617","logger":"airflow.task.operators.airflow.providers.standard.sensors.filesystem.FileSensor","filename":"filesystem.py","lineno":108}
{"timestamp":"2026-07-07T10:13:04.083679Z","level":"info","event":"Poking for file /mnt/snapshots/READY_FLAG_20260617","logger":"airflow.task.operators.airflow.providers.standard.sensors.filesystem.FileSensor","filename":"filesystem.py","lineno":108}
{"timestamp":"2026-07-07T10:13:14.081993Z","level":"info","event":"Poking for file /mnt/snapshots/READY_FLAG_20260617","logger":"airflow.task.operators.airflow.providers.standard.sensors.filesystem.FileSensor","filename":"filesystem.py","lineno":108}
{"timestamp":"2026-07-07T10:13:24.086868Z","level":"info","event":"Poking for file /mnt/snapshots/READY_FLAG_20260617","logger":"airflow.task.operators.airflow.providers.standard.sensors.filesystem.FileSensor","filename":"filesystem.py","lineno":108}
{"timestamp":"2026-07-07T10:13:34.090604Z","level":"info","event":"Poking for file /mnt/snapshots/READY_FLAG_20260617","logger":"airflow.task.operators.airflow.providers.standard.sensors.filesystem.FileSensor","filename":"filesystem.py","lineno":108}
{"timestamp":"2026-07-07T10:13:44.089915Z","level":"info","event":"Poking for file /mnt/snapshots/READY_FLAG_20260617","logger":"airflow.task.operators.airflow.providers.standard.sensors.filesystem.FileSensor","filename":"filesystem.py","lineno":108}
{"timestamp":"2026-07-07T10:13:54.092315Z","level":"info","event":"Poking for file /mnt/snapshots/READY_FLAG_20260617","logger":"airflow.task.operators.airflow.providers.standard.sensors.filesystem.FileSensor","filename":"filesystem.py","lineno":108}
{"timestamp":"2026-07-07T10:14:04.094714Z","level":"info","event":"Poking for file /mnt/snapshots/READY_FLAG_20260617","logger":"airflow.task.operators.airflow.providers.standard.sensors.filesystem.FileSensor","filename":"filesystem.py","lineno":108}
{"timestamp":"2026-07-07T10:14:14.093489Z","level":"info","event":"Poking for file /mnt/snapshots/READY_FLAG_20260617","logger":"airflow.task.operators.airflow.providers.standard.sensors.filesystem.FileSensor","filename":"filesystem.py","lineno":108}
{"timestamp":"2026-07-07T10:14:24.097248Z","level":"info","event":"Poking for file /mnt/snapshots/READY_FLAG_20260617","logger":"airflow.task.operators.airflow.providers.standard.sensors.filesystem.FileSensor","filename":"filesystem.py","lineno":108}
{"timestamp":"2026-07-07T10:14:34.100643Z","level":"info","event":"Poking for file /mnt/snapshots/READY_FLAG_20260617","logger":"airflow.task.operators.airflow.providers.standard.sensors.filesystem.FileSensor","filename":"filesystem.py","lineno":108}
{"timestamp":"2026-07-07T10:14:44.098663Z","level":"info","event":"Poking for file /mnt/snapshots/READY_FLAG_20260617","logger":"airflow.task.operators.airflow.providers.standard.sensors.filesystem.FileSensor","filename":"filesystem.py","lineno":108}
{"timestamp":"2026-07-07T10:14:54.100451Z","level":"info","event":"Poking for file /mnt/snapshots/READY_FLAG_20260617","logger":"airflow.task.operators.airflow.providers.standard.sensors.filesystem.FileSensor","filename":"filesystem.py","lineno":108}
{"timestamp":"2026-07-07T10:15:04.102178Z","level":"info","event":"Poking for file /mnt/snapshots/READY_FLAG_20260617","logger":"airflow.task.operators.airflow.providers.standard.sensors.filesystem.FileSensor","filename":"filesystem.py","lineno":108}
{"timestamp":"2026-07-07T10:15:14.101559Z","level":"info","event":"Poking for file /mnt/snapshots/READY_FLAG_20260617","logger":"airflow.task.operators.airflow.providers.standard.sensors.filesystem.FileSensor","filename":"filesystem.py","lineno":108}
{"timestamp":"2026-07-07T10:15:24.103884Z","level":"info","event":"Poking for file /mnt/snapshots/READY_FLAG_20260617","logger":"airflow.task.operators.airflow.providers.standard.sensors.filesystem.FileSensor","filename":"filesystem.py","lineno":108}
{"timestamp":"2026-07-07T10:15:34.105474Z","level":"info","event":"Poking for file /mnt/snapshots/READY_FLAG_20260617","logger":"airflow.task.operators.airflow.providers.standard.sensors.filesystem.FileSensor","filename":"filesystem.py","lineno":108}
{"timestamp":"2026-07-07T10:15:44.105082Z","level":"info","event":"Poking for file /mnt/snapshots/READY_FLAG_20260617","logger":"airflow.task.operators.airflow.providers.standard.sensors.filesystem.FileSensor","filename":"filesystem.py","lineno":108}
{"timestamp":"2026-07-07T10:15:54.107462Z","level":"info","event":"Poking for file /mnt/snapshots/READY_FLAG_20260617","logger":"airflow.task.operators.airflow.providers.standard.sensors.filesystem.FileSensor","filename":"filesystem.py","lineno":108}
{"timestamp":"2026-07-07T10:16:04.111785Z","level":"info","event":"Poking for file /mnt/snapshots/READY_FLAG_20260617","logger":"airflow.task.operators.airflow.providers.standard.sensors.filesystem.FileSensor","filename":"filesystem.py","lineno":108}
{"timestamp":"2026-07-07T10:16:14.110985Z","level":"info","event":"Poking for file /mnt/snapshots/READY_FLAG_20260617","logger":"airflow.task.operators.airflow.providers.standard.sensors.filesystem.FileSensor","filename":"filesystem.py","lineno":108}
{"timestamp":"2026-07-07T10:16:24.113324Z","level":"info","event":"Poking for file /mnt/snapshots/READY_FLAG_20260617","logger":"airflow.task.operators.airflow.providers.standard.sensors.filesystem.FileSensor","filename":"filesystem.py","lineno":108}
{"timestamp":"2026-07-07T10:16:34.115789Z","level":"info","event":"Poking for file /mnt/snapshots/READY_FLAG_20260617","logger":"airflow.task.operators.airflow.providers.standard.sensors.filesystem.FileSensor","filename":"filesystem.py","lineno":108}
{"timestamp":"2026-07-07T10:16:44.114098Z","level":"info","event":"Poking for file /mnt/snapshots/READY_FLAG_20260617","logger":"airflow.task.operators.airflow.providers.standard.sensors.filesystem.FileSensor","filename":"filesystem.py","lineno":108}
{"timestamp":"2026-07-07T10:16:54.115508Z","level":"info","event":"Poking for file /mnt/snapshots/READY_FLAG_20260617","logger":"airflow.task.operators.airflow.providers.standard.sensors.filesystem.FileSensor","filename":"filesystem.py","lineno":108}
{"timestamp":"2026-07-07T10:17:04.116766Z","level":"info","event":"Poking for file /mnt/snapshots/READY_FLAG_20260617","logger":"airflow.task.operators.airflow.providers.standard.sensors.filesystem.FileSensor","filename":"filesystem.py","lineno":108}
{"timestamp":"2026-07-07T10:17:14.112420Z","level":"info","event":"Poking for file /mnt/snapshots/READY_FLAG_20260617","logger":"airflow.task.operators.airflow.providers.standard.sensors.filesystem.FileSensor","filename":"filesystem.py","lineno":108}
{"timestamp":"2026-07-07T10:17:24.114852Z","level":"info","event":"Poking for file /mnt/snapshots/READY_FLAG_20260617","logger":"airflow.task.operators.airflow.providers.standard.sensors.filesystem.FileSensor","filename":"filesystem.py","lineno":108}
{"timestamp":"2026-07-07T10:17:34.118658Z","level":"info","event":"Poking for file /mnt/snapshots/READY_FLAG_20260617","logger":"airflow.task.operators.airflow.providers.standard.sensors.filesystem.FileSensor","filename":"filesystem.py","lineno":108}
{"timestamp":"2026-07-07T10:17:44.116583Z","level":"info","event":"Poking for file /mnt/snapshots/READY_FLAG_20260617","logger":"airflow.task.operators.airflow.providers.standard.sensors.filesystem.FileSensor","filename":"filesystem.py","lineno":108}
{"timestamp":"2026-07-07T10:17:54.117712Z","level":"info","event":"Poking for file /mnt/snapshots/READY_FLAG_20260617","logger":"airflow.task.operators.airflow.providers.standard.sensors.filesystem.FileSensor","filename":"filesystem.py","lineno":108}
{"timestamp":"2026-07-07T10:18:04.123127Z","level":"info","event":"Poking for file /mnt/snapshots/READY_FLAG_20260617","logger":"airflow.task.operators.airflow.providers.standard.sensors.filesystem.FileSensor","filename":"filesystem.py","lineno":108}
{"timestamp":"2026-07-07T10:18:14.122196Z","level":"info","event":"Poking for file /mnt/snapshots/READY_FLAG_20260617","logger":"airflow.task.operators.airflow.providers.standard.sensors.filesystem.FileSensor","filename":"filesystem.py","lineno":108}
{"timestamp":"2026-07-07T10:18:24.124395Z","level":"info","event":"Poking for file /mnt/snapshots/READY_FLAG_20260617","logger":"airflow.task.operators.airflow.providers.standard.sensors.filesystem.FileSensor","filename":"filesystem.py","lineno":108}
{"timestamp":"2026-07-07T10:18:34.125785Z","level":"info","event":"Poking for file /mnt/snapshots/READY_FLAG_20260617","logger":"airflow.task.operators.airflow.providers.standard.sensors.filesystem.FileSensor","filename":"filesystem.py","lineno":108}
{"timestamp":"2026-07-07T10:18:44.124449Z","level":"info","event":"Poking for file /mnt/snapshots/READY_FLAG_20260617","logger":"airflow.task.operators.airflow.providers.standard.sensors.filesystem.FileSensor","filename":"filesystem.py","lineno":108}
{"timestamp":"2026-07-07T10:18:54.126711Z","level":"info","event":"Poking for file /mnt/snapshots/READY_FLAG_20260617","logger":"airflow.task.operators.airflow.providers.standard.sensors.filesystem.FileSensor","filename":"filesystem.py","lineno":108}
{"timestamp":"2026-07-07T10:19:04.129281Z","level":"info","event":"Poking for file /mnt/snapshots/READY_FLAG_20260617","logger":"airflow.task.operators.airflow.providers.standard.sensors.filesystem.FileSensor","filename":"filesystem.py","lineno":108}
{"timestamp":"2026-07-07T10:19:14.128229Z","level":"info","event":"Poking for file /mnt/snapshots/READY_FLAG_20260617","logger":"airflow.task.operators.airflow.providers.standard.sensors.filesystem.FileSensor","filename":"filesystem.py","lineno":108}
{"timestamp":"2026-07-07T10:19:24.131030Z","level":"info","event":"Poking for file /mnt/snapshots/READY_FLAG_20260617","logger":"airflow.task.operators.airflow.providers.standard.sensors.filesystem.FileSensor","filename":"filesystem.py","lineno":108}
{"timestamp":"2026-07-07T10:19:34.131920Z","level":"info","event":"Poking for file /mnt/snapshots/READY_FLAG_20260617","logger":"airflow.task.operators.airflow.providers.standard.sensors.filesystem.FileSensor","filename":"filesystem.py","lineno":108}
{"timestamp":"2026-07-07T10:19:44.129631Z","level":"info","event":"Poking for file /mnt/snapshots/READY_FLAG_20260617","logger":"airflow.task.operators.airflow.providers.standard.sensors.filesystem.FileSensor","filename":"filesystem.py","lineno":108}
{"timestamp":"2026-07-07T10:19:54.131677Z","level":"info","event":"Poking for file /mnt/snapshots/READY_FLAG_20260617","logger":"airflow.task.operators.airflow.providers.standard.sensors.filesystem.FileSensor","filename":"filesystem.py","lineno":108}
{"timestamp":"2026-07-07T10:20:04.134919Z","level":"info","event":"Poking for file /mnt/snapshots/READY_FLAG_20260617","logger":"airflow.task.operators.airflow.providers.standard.sensors.filesystem.FileSensor","filename":"filesystem.py","lineno":108}
{"timestamp":"2026-07-07T10:20:14.135925Z","level":"info","event":"Poking for file /mnt/snapshots/READY_FLAG_20260617","logger":"airflow.task.operators.airflow.providers.standard.sensors.filesystem.FileSensor","filename":"filesystem.py","lineno":108}
{"timestamp":"2026-07-07T10:20:24.141216Z","level":"info","event":"Poking for file /mnt/snapshots/READY_FLAG_20260617","logger":"airflow.task.operators.airflow.providers.standard.sensors.filesystem.FileSensor","filename":"filesystem.py","lineno":108}
{"timestamp":"2026-07-07T10:20:34.143639Z","level":"info","event":"Poking for file /mnt/snapshots/READY_FLAG_20260617","logger":"airflow.task.operators.airflow.providers.standard.sensors.filesystem.FileSensor","filename":"filesystem.py","lineno":108}
{"timestamp":"2026-07-07T10:20:44.140791Z","level":"info","event":"Poking for file /mnt/snapshots/READY_FLAG_20260617","logger":"airflow.task.operators.airflow.providers.standard.sensors.filesystem.FileSensor","filename":"filesystem.py","lineno":108}
{"timestamp":"2026-07-07T10:20:54.143162Z","level":"info","event":"Poking for file /mnt/snapshots/READY_FLAG_20260617","logger":"airflow.task.operators.airflow.providers.standard.sensors.filesystem.FileSensor","filename":"filesystem.py","lineno":108}
{"timestamp":"2026-07-07T10:21:04.146071Z","level":"info","event":"Poking for file /mnt/snapshots/READY_FLAG_20260617","logger":"airflow.task.operators.airflow.providers.standard.sensors.filesystem.FileSensor","filename":"filesystem.py","lineno":108}
{"timestamp":"2026-07-07T10:21:14.144673Z","level":"info","event":"Poking for file /mnt/snapshots/READY_FLAG_20260617","logger":"airflow.task.operators.airflow.providers.standard.sensors.filesystem.FileSensor","filename":"filesystem.py","lineno":108}
{"timestamp":"2026-07-07T10:21:24.146002Z","level":"info","event":"Poking for file /mnt/snapshots/READY_FLAG_20260617","logger":"airflow.task.operators.airflow.providers.standard.sensors.filesystem.FileSensor","filename":"filesystem.py","lineno":108}
{"timestamp":"2026-07-07T10:21:34.147316Z","level":"info","event":"Poking for file /mnt/snapshots/READY_FLAG_20260617","logger":"airflow.task.operators.airflow.providers.standard.sensors.filesystem.FileSensor","filename":"filesystem.py","lineno":108}
{"timestamp":"2026-07-07T10:21:44.145189Z","level":"info","event":"Poking for file /mnt/snapshots/READY_FLAG_20260617","logger":"airflow.task.operators.airflow.providers.standard.sensors.filesystem.FileSensor","filename":"filesystem.py","lineno":108}
{"timestamp":"2026-07-07T10:21:54.148094Z","level":"info","event":"Poking for file /mnt/snapshots/READY_FLAG_20260617","logger":"airflow.task.operators.airflow.providers.standard.sensors.filesystem.FileSensor","filename":"filesystem.py","lineno":108}
{"timestamp":"2026-07-07T10:22:04.151325Z","level":"info","event":"Poking for file /mnt/snapshots/READY_FLAG_20260617","logger":"airflow.task.operators.airflow.providers.standard.sensors.filesystem.FileSensor","filename":"filesystem.py","lineno":108}
{"timestamp":"2026-07-07T10:22:14.153256Z","level":"info","event":"Poking for file /mnt/snapshots/READY_FLAG_20260617","logger":"airflow.task.operators.airflow.providers.standard.sensors.filesystem.FileSensor","filename":"filesystem.py","lineno":108}
{"timestamp":"2026-07-07T10:22:24.156599Z","level":"info","event":"Poking for file /mnt/snapshots/READY_FLAG_20260617","logger":"airflow.task.operators.airflow.providers.standard.sensors.filesystem.FileSensor","filename":"filesystem.py","lineno":108}
{"timestamp":"2026-07-07T10:22:34.158552Z","level":"info","event":"Poking for file /mnt/snapshots/READY_FLAG_20260617","logger":"airflow.task.operators.airflow.providers.standard.sensors.filesystem.FileSensor","filename":"filesystem.py","lineno":108}
{"timestamp":"2026-07-07T10:22:44.157738Z","level":"info","event":"Poking for file /mnt/snapshots/READY_FLAG_20260617","logger":"airflow.task.operators.airflow.providers.standard.sensors.filesystem.FileSensor","filename":"filesystem.py","lineno":108}
{"timestamp":"2026-07-07T10:22:54.161566Z","level":"info","event":"Poking for file /mnt/snapshots/READY_FLAG_20260617","logger":"airflow.task.operators.airflow.providers.standard.sensors.filesystem.FileSensor","filename":"filesystem.py","lineno":108}
{"timestamp":"2026-07-07T10:23:04.163165Z","level":"info","event":"Poking for file /mnt/snapshots/READY_FLAG_20260617","logger":"airflow.task.operators.airflow.providers.standard.sensors.filesystem.FileSensor","filename":"filesystem.py","lineno":108}
{"timestamp":"2026-07-07T10:23:14.163243Z","level":"info","event":"Poking for file /mnt/snapshots/READY_FLAG_20260617","logger":"airflow.task.operators.airflow.providers.standard.sensors.filesystem.FileSensor","filename":"filesystem.py","lineno":108}
{"timestamp":"2026-07-07T10:23:24.165517Z","level":"info","event":"Poking for file /mnt/snapshots/READY_FLAG_20260617","logger":"airflow.task.operators.airflow.providers.standard.sensors.filesystem.FileSensor","filename":"filesystem.py","lineno":108}
{"timestamp":"2026-07-07T10:23:34.167992Z","level":"info","event":"Poking for file /mnt/snapshots/READY_FLAG_20260617","logger":"airflow.task.operators.airflow.providers.standard.sensors.filesystem.FileSensor","filename":"filesystem.py","lineno":108}
{"timestamp":"2026-07-07T10:23:44.167277Z","level":"info","event":"Poking for file /mnt/snapshots/READY_FLAG_20260617","logger":"airflow.task.operators.airflow.providers.standard.sensors.filesystem.FileSensor","filename":"filesystem.py","lineno":108}
{"timestamp":"2026-07-07T10:23:54.172505Z","level":"info","event":"Poking for file /mnt/snapshots/READY_FLAG_20260617","logger":"airflow.task.operators.airflow.providers.standard.sensors.filesystem.FileSensor","filename":"filesystem.py","lineno":108}
{"timestamp":"2026-07-07T10:24:04.175506Z","level":"info","event":"Poking for file /mnt/snapshots/READY_FLAG_20260617","logger":"airflow.task.operators.airflow.providers.standard.sensors.filesystem.FileSensor","filename":"filesystem.py","lineno":108}
{"timestamp":"2026-07-07T10:24:14.172884Z","level":"info","event":"Poking for file /mnt/snapshots/READY_FLAG_20260617","logger":"airflow.task.operators.airflow.providers.standard.sensors.filesystem.FileSensor","filename":"filesystem.py","lineno":108}
{"timestamp":"2026-07-07T10:24:24.174558Z","level":"info","event":"Poking for file /mnt/snapshots/READY_FLAG_20260617","logger":"airflow.task.operators.airflow.providers.standard.sensors.filesystem.FileSensor","filename":"filesystem.py","lineno":108}
{"timestamp":"2026-07-07T10:24:34.176321Z","level":"info","event":"Poking for file /mnt/snapshots/READY_FLAG_20260617","logger":"airflow.task.operators.airflow.providers.standard.sensors.filesystem.FileSensor","filename":"filesystem.py","lineno":108}
{"timestamp":"2026-07-07T10:24:44.173829Z","level":"info","event":"Poking for file /mnt/snapshots/READY_FLAG_20260617","logger":"airflow.task.operators.airflow.providers.standard.sensors.filesystem.FileSensor","filename":"filesystem.py","lineno":108}
{"timestamp":"2026-07-07T10:24:54.176835Z","level":"info","event":"Poking for file /mnt/snapshots/READY_FLAG_20260617","logger":"airflow.task.operators.airflow.providers.standard.sensors.filesystem.FileSensor","filename":"filesystem.py","lineno":108}
{"timestamp":"2026-07-07T10:25:04.180273Z","level":"info","event":"Poking for file /mnt/snapshots/READY_FLAG_20260617","logger":"airflow.task.operators.airflow.providers.standard.sensors.filesystem.FileSensor","filename":"filesystem.py","lineno":108}
{"timestamp":"2026-07-07T10:25:14.179651Z","level":"info","event":"Poking for file /mnt/snapshots/READY_FLAG_20260617","logger":"airflow.task.operators.airflow.providers.standard.sensors.filesystem.FileSensor","filename":"filesystem.py","lineno":108}
{"timestamp":"2026-07-07T10:25:24.181431Z","level":"info","event":"Poking for file /mnt/snapshots/READY_FLAG_20260617","logger":"airflow.task.operators.airflow.providers.standard.sensors.filesystem.FileSensor","filename":"filesystem.py","lineno":108}
{"timestamp":"2026-07-07T10:25:34.189597Z","level":"info","event":"Poking for file /mnt/snapshots/READY_FLAG_20260617","logger":"airflow.task.operators.airflow.providers.standard.sensors.filesystem.FileSensor","filename":"filesystem.py","lineno":108}
{"timestamp":"2026-07-07T10:25:44.189083Z","level":"info","event":"Poking for file /mnt/snapshots/READY_FLAG_20260617","logger":"airflow.task.operators.airflow.providers.standard.sensors.filesystem.FileSensor","filename":"filesystem.py","lineno":108}
{"timestamp":"2026-07-07T10:25:54.192558Z","level":"info","event":"Poking for file /mnt/snapshots/READY_FLAG_20260617","logger":"airflow.task.operators.airflow.providers.standard.sensors.filesystem.FileSensor","filename":"filesystem.py","lineno":108}
{"timestamp":"2026-07-07T10:26:04.194658Z","level":"info","event":"Poking for file /mnt/snapshots/READY_FLAG_20260617","logger":"airflow.task.operators.airflow.providers.standard.sensors.filesystem.FileSensor","filename":"filesystem.py","lineno":108}
{"timestamp":"2026-07-07T10:26:14.193710Z","level":"info","event":"Poking for file /mnt/snapshots/READY_FLAG_20260617","logger":"airflow.task.operators.airflow.providers.standard.sensors.filesystem.FileSensor","filename":"filesystem.py","lineno":108}
{"timestamp":"2026-07-07T10:26:24.196221Z","level":"info","event":"Poking for file /mnt/snapshots/READY_FLAG_20260617","logger":"airflow.task.operators.airflow.providers.standard.sensors.filesystem.FileSensor","filename":"filesystem.py","lineno":108}
{"timestamp":"2026-07-07T10:26:34.198027Z","level":"info","event":"Poking for file /mnt/snapshots/READY_FLAG_20260617","logger":"airflow.task.operators.airflow.providers.standard.sensors.filesystem.FileSensor","filename":"filesystem.py","lineno":108}
{"timestamp":"2026-07-07T10:26:44.195712Z","level":"info","event":"Poking for file /mnt/snapshots/READY_FLAG_20260617","logger":"airflow.task.operators.airflow.providers.standard.sensors.filesystem.FileSensor","filename":"filesystem.py","lineno":108}
{"timestamp":"2026-07-07T10:26:54.198047Z","level":"info","event":"Poking for file /mnt/snapshots/READY_FLAG_20260617","logger":"airflow.task.operators.airflow.providers.standard.sensors.filesystem.FileSensor","filename":"filesystem.py","lineno":108}
{"timestamp":"2026-07-07T10:27:04.201229Z","level":"info","event":"Poking for file /mnt/snapshots/READY_FLAG_20260617","logger":"airflow.task.operators.airflow.providers.standard.sensors.filesystem.FileSensor","filename":"filesystem.py","lineno":108}
{"timestamp":"2026-07-07T10:27:14.201135Z","level":"info","event":"Poking for file /mnt/snapshots/READY_FLAG_20260617","logger":"airflow.task.operators.airflow.providers.standard.sensors.filesystem.FileSensor","filename":"filesystem.py","lineno":108}
{"timestamp":"2026-07-07T10:27:24.204917Z","level":"info","event":"Poking for file /mnt/snapshots/READY_FLAG_20260617","logger":"airflow.task.operators.airflow.providers.standard.sensors.filesystem.FileSensor","filename":"filesystem.py","lineno":108}
{"timestamp":"2026-07-07T10:27:34.207285Z","level":"info","event":"Poking for file /mnt/snapshots/READY_FLAG_20260617","logger":"airflow.task.operators.airflow.providers.standard.sensors.filesystem.FileSensor","filename":"filesystem.py","lineno":108}
{"timestamp":"2026-07-07T10:27:44.208405Z","level":"info","event":"Poking for file /mnt/snapshots/READY_FLAG_20260617","logger":"airflow.task.operators.airflow.providers.standard.sensors.filesystem.FileSensor","filename":"filesystem.py","lineno":108}
{"timestamp":"2026-07-07T10:27:54.210577Z","level":"info","event":"Poking for file /mnt/snapshots/READY_FLAG_20260617","logger":"airflow.task.operators.airflow.providers.standard.sensors.filesystem.FileSensor","filename":"filesystem.py","lineno":108}
{"timestamp":"2026-07-07T10:28:04.212069Z","level":"info","event":"Poking for file /mnt/snapshots/READY_FLAG_20260617","logger":"airflow.task.operators.airflow.providers.standard.sensors.filesystem.FileSensor","filename":"filesystem.py","lineno":108}
{"timestamp":"2026-07-07T10:28:14.211428Z","level":"info","event":"Poking for file /mnt/snapshots/READY_FLAG_20260617","logger":"airflow.task.operators.airflow.providers.standard.sensors.filesystem.FileSensor","filename":"filesystem.py","lineno":108}
{"timestamp":"2026-07-07T10:28:24.213544Z","level":"info","event":"Poking for file /mnt/snapshots/READY_FLAG_20260617","logger":"airflow.task.operators.airflow.providers.standard.sensors.filesystem.FileSensor","filename":"filesystem.py","lineno":108}
{"timestamp":"2026-07-07T10:28:34.215979Z","level":"info","event":"Poking for file /mnt/snapshots/READY_FLAG_20260617","logger":"airflow.task.operators.airflow.providers.standard.sensors.filesystem.FileSensor","filename":"filesystem.py","lineno":108}
{"timestamp":"2026-07-07T10:28:44.215703Z","level":"info","event":"Poking for file /mnt/snapshots/READY_FLAG_20260617","logger":"airflow.task.operators.airflow.providers.standard.sensors.filesystem.FileSensor","filename":"filesystem.py","lineno":108}
{"timestamp":"2026-07-07T10:28:54.217830Z","level":"info","event":"Poking for file /mnt/snapshots/READY_FLAG_20260617","logger":"airflow.task.operators.airflow.providers.standard.sensors.filesystem.FileSensor","filename":"filesystem.py","lineno":108}
{"timestamp":"2026-07-07T10:29:04.221076Z","level":"info","event":"Poking for file /mnt/snapshots/READY_FLAG_20260617","logger":"airflow.task.operators.airflow.providers.standard.sensors.filesystem.FileSensor","filename":"filesystem.py","lineno":108}
{"timestamp":"2026-07-07T10:29:14.219090Z","level":"info","event":"Poking for file /mnt/snapshots/READY_FLAG_20260617","logger":"airflow.task.operators.airflow.providers.standard.sensors.filesystem.FileSensor","filename":"filesystem.py","lineno":108}
{"timestamp":"2026-07-07T10:29:24.222287Z","level":"info","event":"Poking for file /mnt/snapshots/READY_FLAG_20260617","logger":"airflow.task.operators.airflow.providers.standard.sensors.filesystem.FileSensor","filename":"filesystem.py","lineno":108}
{"timestamp":"2026-07-07T10:29:34.224910Z","level":"info","event":"Poking for file /mnt/snapshots/READY_FLAG_20260617","logger":"airflow.task.operators.airflow.providers.standard.sensors.filesystem.FileSensor","filename":"filesystem.py","lineno":108}
{"timestamp":"2026-07-07T10:29:44.222758Z","level":"info","event":"Poking for file /mnt/snapshots/READY_FLAG_20260617","logger":"airflow.task.operators.airflow.providers.standard.sensors.filesystem.FileSensor","filename":"filesystem.py","lineno":108}
{"timestamp":"2026-07-07T10:29:54.227436Z","level":"info","event":"Poking for file /mnt/snapshots/READY_FLAG_20260617","logger":"airflow.task.operators.airflow.providers.standard.sensors.filesystem.FileSensor","filename":"filesystem.py","lineno":108}
{"timestamp":"2026-07-07T10:30:04.230611Z","level":"info","event":"Poking for file /mnt/snapshots/READY_FLAG_20260617","logger":"airflow.task.operators.airflow.providers.standard.sensors.filesystem.FileSensor","filename":"filesystem.py","lineno":108}
{"timestamp":"2026-07-07T10:30:14.229385Z","level":"info","event":"Poking for file /mnt/snapshots/READY_FLAG_20260617","logger":"airflow.task.operators.airflow.providers.standard.sensors.filesystem.FileSensor","filename":"filesystem.py","lineno":108}
{"timestamp":"2026-07-07T10:30:24.231159Z","level":"info","event":"Poking for file /mnt/snapshots/READY_FLAG_20260617","logger":"airflow.task.operators.airflow.providers.standard.sensors.filesystem.FileSensor","filename":"filesystem.py","lineno":108}
{"timestamp":"2026-07-07T10:30:34.234827Z","level":"info","event":"Poking for file /mnt/snapshots/READY_FLAG_20260617","logger":"airflow.task.operators.airflow.providers.standard.sensors.filesystem.FileSensor","filename":"filesystem.py","lineno":108}
{"timestamp":"2026-07-07T10:30:44.233082Z","level":"info","event":"Poking for file /mnt/snapshots/READY_FLAG_20260617","logger":"airflow.task.operators.airflow.providers.standard.sensors.filesystem.FileSensor","filename":"filesystem.py","lineno":108}
{"timestamp":"2026-07-07T10:30:54.236787Z","level":"info","event":"Poking for file /mnt/snapshots/READY_FLAG_20260617","logger":"airflow.task.operators.airflow.providers.standard.sensors.filesystem.FileSensor","filename":"filesystem.py","lineno":108}
{"timestamp":"2026-07-07T10:31:04.239838Z","level":"info","event":"Poking for file /mnt/snapshots/READY_FLAG_20260617","logger":"airflow.task.operators.airflow.providers.standard.sensors.filesystem.FileSensor","filename":"filesystem.py","lineno":108}
{"timestamp":"2026-07-07T10:31:14.240234Z","level":"info","event":"Poking for file /mnt/snapshots/READY_FLAG_20260617","logger":"airflow.task.operators.airflow.providers.standard.sensors.filesystem.FileSensor","filename":"filesystem.py","lineno":108}
{"timestamp":"2026-07-07T10:31:24.241814Z","level":"info","event":"Poking for file /mnt/snapshots/READY_FLAG_20260617","logger":"airflow.task.operators.airflow.providers.standard.sensors.filesystem.FileSensor","filename":"filesystem.py","lineno":108}
{"timestamp":"2026-07-07T10:31:34.243752Z","level":"info","event":"Poking for file /mnt/snapshots/READY_FLAG_20260617","logger":"airflow.task.operators.airflow.providers.standard.sensors.filesystem.FileSensor","filename":"filesystem.py","lineno":108}
{"timestamp":"2026-07-07T10:31:44.242083Z","level":"info","event":"Poking for file /mnt/snapshots/READY_FLAG_20260617","logger":"airflow.task.operators.airflow.providers.standard.sensors.filesystem.FileSensor","filename":"filesystem.py","lineno":108}
{"timestamp":"2026-07-07T10:31:54.244172Z","level":"info","event":"Poking for file /mnt/snapshots/READY_FLAG_20260617","logger":"airflow.task.operators.airflow.providers.standard.sensors.filesystem.FileSensor","filename":"filesystem.py","lineno":108}
{"timestamp":"2026-07-07T10:32:04.245518Z","level":"info","event":"Poking for file /mnt/snapshots/READY_FLAG_20260617","logger":"airflow.task.operators.airflow.providers.standard.sensors.filesystem.FileSensor","filename":"filesystem.py","lineno":108}
{"timestamp":"2026-07-07T10:32:14.241291Z","level":"info","event":"Poking for file /mnt/snapshots/READY_FLAG_20260617","logger":"airflow.task.operators.airflow.providers.standard.sensors.filesystem.FileSensor","filename":"filesystem.py","lineno":108}
{"timestamp":"2026-07-07T10:32:24.242647Z","level":"info","event":"Poking for file /mnt/snapshots/READY_FLAG_20260617","logger":"airflow.task.operators.airflow.providers.standard.sensors.filesystem.FileSensor","filename":"filesystem.py","lineno":108}
{"timestamp":"2026-07-07T10:32:34.245010Z","level":"info","event":"Poking for file /mnt/snapshots/READY_FLAG_20260617","logger":"airflow.task.operators.airflow.providers.standard.sensors.filesystem.FileSensor","filename":"filesystem.py","lineno":108}
{"timestamp":"2026-07-07T10:32:44.245746Z","level":"info","event":"Poking for file /mnt/snapshots/READY_FLAG_20260617","logger":"airflow.task.operators.airflow.providers.standard.sensors.filesystem.FileSensor","filename":"filesystem.py","lineno":108}
{"timestamp":"2026-07-07T10:32:54.248627Z","level":"info","event":"Poking for file /mnt/snapshots/READY_FLAG_20260617","logger":"airflow.task.operators.airflow.providers.standard.sensors.filesystem.FileSensor","filename":"filesystem.py","lineno":108}
{"timestamp":"2026-07-07T10:33:04.250893Z","level":"info","event":"Poking for file /mnt/snapshots/READY_FLAG_20260617","logger":"airflow.task.operators.airflow.providers.standard.sensors.filesystem.FileSensor","filename":"filesystem.py","lineno":108}
{"timestamp":"2026-07-07T10:33:14.251860Z","level":"info","event":"Poking for file /mnt/snapshots/READY_FLAG_20260617","logger":"airflow.task.operators.airflow.providers.standard.sensors.filesystem.FileSensor","filename":"filesystem.py","lineno":108}
{"timestamp":"2026-07-07T10:33:24.254446Z","level":"info","event":"Poking for file /mnt/snapshots/READY_FLAG_20260617","logger":"airflow.task.operators.airflow.providers.standard.sensors.filesystem.FileSensor","filename":"filesystem.py","lineno":108}
{"timestamp":"2026-07-07T10:33:34.257525Z","level":"info","event":"Poking for file /mnt/snapshots/READY_FLAG_20260617","logger":"airflow.task.operators.airflow.providers.standard.sensors.filesystem.FileSensor","filename":"filesystem.py","lineno":108}
{"timestamp":"2026-07-07T10:33:44.258625Z","level":"info","event":"Poking for file /mnt/snapshots/READY_FLAG_20260617","logger":"airflow.task.operators.airflow.providers.standard.sensors.filesystem.FileSensor","filename":"filesystem.py","lineno":108}
{"timestamp":"2026-07-07T10:33:54.262580Z","level":"info","event":"Poking for file /mnt/snapshots/READY_FLAG_20260617","logger":"airflow.task.operators.airflow.providers.standard.sensors.filesystem.FileSensor","filename":"filesystem.py","lineno":108}
{"timestamp":"2026-07-07T10:34:04.264291Z","level":"info","event":"Poking for file /mnt/snapshots/READY_FLAG_20260617","logger":"airflow.task.operators.airflow.providers.standard.sensors.filesystem.FileSensor","filename":"filesystem.py","lineno":108}
{"timestamp":"2026-07-07T10:34:14.262870Z","level":"info","event":"Poking for file /mnt/snapshots/READY_FLAG_20260617","logger":"airflow.task.operators.airflow.providers.standard.sensors.filesystem.FileSensor","filename":"filesystem.py","lineno":108}
{"timestamp":"2026-07-07T10:34:24.266560Z","level":"info","event":"Poking for file /mnt/snapshots/READY_FLAG_20260617","logger":"airflow.task.operators.airflow.providers.standard.sensors.filesystem.FileSensor","filename":"filesystem.py","lineno":108}
{"timestamp":"2026-07-07T10:34:34.268091Z","level":"info","event":"Poking for file /mnt/snapshots/READY_FLAG_20260617","logger":"airflow.task.operators.airflow.providers.standard.sensors.filesystem.FileSensor","filename":"filesystem.py","lineno":108}
{"timestamp":"2026-07-07T10:34:44.266677Z","level":"info","event":"Poking for file /mnt/snapshots/READY_FLAG_20260617","logger":"airflow.task.operators.airflow.providers.standard.sensors.filesystem.FileSensor","filename":"filesystem.py","lineno":108}
{"timestamp":"2026-07-07T10:34:54.270035Z","level":"info","event":"Poking for file /mnt/snapshots/READY_FLAG_20260617","logger":"airflow.task.operators.airflow.providers.standard.sensors.filesystem.FileSensor","filename":"filesystem.py","lineno":108}
{"timestamp":"2026-07-07T10:35:04.272624Z","level":"info","event":"Poking for file /mnt/snapshots/READY_FLAG_20260617","logger":"airflow.task.operators.airflow.providers.standard.sensors.filesystem.FileSensor","filename":"filesystem.py","lineno":108}
{"timestamp":"2026-07-07T10:35:14.272611Z","level":"info","event":"Poking for file /mnt/snapshots/READY_FLAG_20260617","logger":"airflow.task.operators.airflow.providers.standard.sensors.filesystem.FileSensor","filename":"filesystem.py","lineno":108}
{"timestamp":"2026-07-07T10:35:24.274486Z","level":"info","event":"Poking for file /mnt/snapshots/READY_FLAG_20260617","logger":"airflow.task.operators.airflow.providers.standard.sensors.filesystem.FileSensor","filename":"filesystem.py","lineno":108}
{"timestamp":"2026-07-07T10:35:34.277729Z","level":"info","event":"Poking for file /mnt/snapshots/READY_FLAG_20260617","logger":"airflow.task.operators.airflow.providers.standard.sensors.filesystem.FileSensor","filename":"filesystem.py","lineno":108}
{"timestamp":"2026-07-07T10:35:44.265632Z","level":"info","event":"Poking for file /mnt/snapshots/READY_FLAG_20260617","logger":"airflow.task.operators.airflow.providers.standard.sensors.filesystem.FileSensor","filename":"filesystem.py","lineno":108}
{"timestamp":"2026-07-07T10:35:54.268101Z","level":"info","event":"Poking for file /mnt/snapshots/READY_FLAG_20260617","logger":"airflow.task.operators.airflow.providers.standard.sensors.filesystem.FileSensor","filename":"filesystem.py","lineno":108}
{"timestamp":"2026-07-07T10:36:04.270094Z","level":"info","event":"Poking for file /mnt/snapshots/READY_FLAG_20260617","logger":"airflow.task.operators.airflow.providers.standard.sensors.filesystem.FileSensor","filename":"filesystem.py","lineno":108}
{"timestamp":"2026-07-07T10:36:14.280711Z","level":"info","event":"Poking for file /mnt/snapshots/READY_FLAG_20260617","logger":"airflow.task.operators.airflow.providers.standard.sensors.filesystem.FileSensor","filename":"filesystem.py","lineno":108}
{"timestamp":"2026-07-07T10:36:24.282325Z","level":"info","event":"Poking for file /mnt/snapshots/READY_FLAG_20260617","logger":"airflow.task.operators.airflow.providers.standard.sensors.filesystem.FileSensor","filename":"filesystem.py","lineno":108}
{"timestamp":"2026-07-07T10:36:34.283852Z","level":"info","event":"Poking for file /mnt/snapshots/READY_FLAG_20260617","logger":"airflow.task.operators.airflow.providers.standard.sensors.filesystem.FileSensor","filename":"filesystem.py","lineno":108}
{"timestamp":"2026-07-07T10:36:44.282372Z","level":"info","event":"Poking for file /mnt/snapshots/READY_FLAG_20260617","logger":"airflow.task.operators.airflow.providers.standard.sensors.filesystem.FileSensor","filename":"filesystem.py","lineno":108}
{"timestamp":"2026-07-07T10:36:54.284606Z","level":"info","event":"Poking for file /mnt/snapshots/READY_FLAG_20260617","logger":"airflow.task.operators.airflow.providers.standard.sensors.filesystem.FileSensor","filename":"filesystem.py","lineno":108}
{"timestamp":"2026-07-07T10:37:04.288568Z","level":"info","event":"Poking for file /mnt/snapshots/READY_FLAG_20260617","logger":"airflow.task.operators.airflow.providers.standard.sensors.filesystem.FileSensor","filename":"filesystem.py","lineno":108}
{"timestamp":"2026-07-07T10:37:14.286489Z","level":"info","event":"Poking for file /mnt/snapshots/READY_FLAG_20260617","logger":"airflow.task.operators.airflow.providers.standard.sensors.filesystem.FileSensor","filename":"filesystem.py","lineno":108}
{"timestamp":"2026-07-07T10:37:24.289638Z","level":"info","event":"Poking for file /mnt/snapshots/READY_FLAG_20260617","logger":"airflow.task.operators.airflow.providers.standard.sensors.filesystem.FileSensor","filename":"filesystem.py","lineno":108}
{"timestamp":"2026-07-07T10:37:34.291360Z","level":"info","event":"Poking for file /mnt/snapshots/READY_FLAG_20260617","logger":"airflow.task.operators.airflow.providers.standard.sensors.filesystem.FileSensor","filename":"filesystem.py","lineno":108}
{"timestamp":"2026-07-07T10:37:44.290886Z","level":"info","event":"Poking for file /mnt/snapshots/READY_FLAG_20260617","logger":"airflow.task.operators.airflow.providers.standard.sensors.filesystem.FileSensor","filename":"filesystem.py","lineno":108}
{"timestamp":"2026-07-07T10:37:54.293209Z","level":"info","event":"Poking for file /mnt/snapshots/READY_FLAG_20260617","logger":"airflow.task.operators.airflow.providers.standard.sensors.filesystem.FileSensor","filename":"filesystem.py","lineno":108}
{"timestamp":"2026-07-07T10:38:04.297345Z","level":"info","event":"Poking for file /mnt/snapshots/READY_FLAG_20260617","logger":"airflow.task.operators.airflow.providers.standard.sensors.filesystem.FileSensor","filename":"filesystem.py","lineno":108}
{"timestamp":"2026-07-07T10:38:14.297337Z","level":"info","event":"Poking for file /mnt/snapshots/READY_FLAG_20260617","logger":"airflow.task.operators.airflow.providers.standard.sensors.filesystem.FileSensor","filename":"filesystem.py","lineno":108}
{"timestamp":"2026-07-07T10:38:24.298979Z","level":"info","event":"Poking for file /mnt/snapshots/READY_FLAG_20260617","logger":"airflow.task.operators.airflow.providers.standard.sensors.filesystem.FileSensor","filename":"filesystem.py","lineno":108}
{"timestamp":"2026-07-07T10:38:34.300244Z","level":"info","event":"Poking for file /mnt/snapshots/READY_FLAG_20260617","logger":"airflow.task.operators.airflow.providers.standard.sensors.filesystem.FileSensor","filename":"filesystem.py","lineno":108}
{"timestamp":"2026-07-07T10:38:44.299863Z","level":"info","event":"Poking for file /mnt/snapshots/READY_FLAG_20260617","logger":"airflow.task.operators.airflow.providers.standard.sensors.filesystem.FileSensor","filename":"filesystem.py","lineno":108}
{"timestamp":"2026-07-07T10:38:54.302124Z","level":"info","event":"Poking for file /mnt/snapshots/READY_FLAG_20260617","logger":"airflow.task.operators.airflow.providers.standard.sensors.filesystem.FileSensor","filename":"filesystem.py","lineno":108}
{"timestamp":"2026-07-07T10:39:04.304429Z","level":"info","event":"Poking for file /mnt/snapshots/READY_FLAG_20260617","logger":"airflow.task.operators.airflow.providers.standard.sensors.filesystem.FileSensor","filename":"filesystem.py","lineno":108}
{"timestamp":"2026-07-07T10:39:14.302814Z","level":"info","event":"Poking for file /mnt/snapshots/READY_FLAG_20260617","logger":"airflow.task.operators.airflow.providers.standard.sensors.filesystem.FileSensor","filename":"filesystem.py","lineno":108}
{"timestamp":"2026-07-07T10:39:24.304392Z","level":"info","event":"Poking for file /mnt/snapshots/READY_FLAG_20260617","logger":"airflow.task.operators.airflow.providers.standard.sensors.filesystem.FileSensor","filename":"filesystem.py","lineno":108}
{"timestamp":"2026-07-07T10:39:34.305765Z","level":"info","event":"Poking for file /mnt/snapshots/READY_FLAG_20260617","logger":"airflow.task.operators.airflow.providers.standard.sensors.filesystem.FileSensor","filename":"filesystem.py","lineno":108}
{"timestamp":"2026-07-07T10:39:44.304767Z","level":"info","event":"Poking for file /mnt/snapshots/READY_FLAG_20260617","logger":"airflow.task.operators.airflow.providers.standard.sensors.filesystem.FileSensor","filename":"filesystem.py","lineno":108}
{"timestamp":"2026-07-07T10:39:54.307281Z","level":"info","event":"Poking for file /mnt/snapshots/READY_FLAG_20260617","logger":"airflow.task.operators.airflow.providers.standard.sensors.filesystem.FileSensor","filename":"filesystem.py","lineno":108}
{"timestamp":"2026-07-07T10:40:04.309191Z","level":"info","event":"Poking for file /mnt/snapshots/READY_FLAG_20260617","logger":"airflow.task.operators.airflow.providers.standard.sensors.filesystem.FileSensor","filename":"filesystem.py","lineno":108}
{"timestamp":"2026-07-07T10:40:14.307615Z","level":"info","event":"Poking for file /mnt/snapshots/READY_FLAG_20260617","logger":"airflow.task.operators.airflow.providers.standard.sensors.filesystem.FileSensor","filename":"filesystem.py","lineno":108}
{"timestamp":"2026-07-07T10:40:24.309327Z","level":"info","event":"Poking for file /mnt/snapshots/READY_FLAG_20260617","logger":"airflow.task.operators.airflow.providers.standard.sensors.filesystem.FileSensor","filename":"filesystem.py","lineno":108}
{"timestamp":"2026-07-07T10:40:34.312834Z","level":"info","event":"Poking for file /mnt/snapshots/READY_FLAG_20260617","logger":"airflow.task.operators.airflow.providers.standard.sensors.filesystem.FileSensor","filename":"filesystem.py","lineno":108}
{"timestamp":"2026-07-07T10:40:44.312143Z","level":"info","event":"Poking for file /mnt/snapshots/READY_FLAG_20260617","logger":"airflow.task.operators.airflow.providers.standard.sensors.filesystem.FileSensor","filename":"filesystem.py","lineno":108}
{"timestamp":"2026-07-07T10:40:54.315700Z","level":"info","event":"Poking for file /mnt/snapshots/READY_FLAG_20260617","logger":"airflow.task.operators.airflow.providers.standard.sensors.filesystem.FileSensor","filename":"filesystem.py","lineno":108}
{"timestamp":"2026-07-07T10:41:04.317371Z","level":"info","event":"Poking for file /mnt/snapshots/READY_FLAG_20260617","logger":"airflow.task.operators.airflow.providers.standard.sensors.filesystem.FileSensor","filename":"filesystem.py","lineno":108}
{"timestamp":"2026-07-07T10:41:14.315904Z","level":"info","event":"Poking for file /mnt/snapshots/READY_FLAG_20260617","logger":"airflow.task.operators.airflow.providers.standard.sensors.filesystem.FileSensor","filename":"filesystem.py","lineno":108}
{"timestamp":"2026-07-07T10:41:24.318103Z","level":"info","event":"Poking for file /mnt/snapshots/READY_FLAG_20260617","logger":"airflow.task.operators.airflow.providers.standard.sensors.filesystem.FileSensor","filename":"filesystem.py","lineno":108}
{"timestamp":"2026-07-07T10:41:34.320328Z","level":"info","event":"Poking for file /mnt/snapshots/READY_FLAG_20260617","logger":"airflow.task.operators.airflow.providers.standard.sensors.filesystem.FileSensor","filename":"filesystem.py","lineno":108}
{"timestamp":"2026-07-07T10:41:44.319657Z","level":"info","event":"Poking for file /mnt/snapshots/READY_FLAG_20260617","logger":"airflow.task.operators.airflow.providers.standard.sensors.filesystem.FileSensor","filename":"filesystem.py","lineno":108}
{"timestamp":"2026-07-07T10:41:54.321894Z","level":"info","event":"Poking for file /mnt/snapshots/READY_FLAG_20260617","logger":"airflow.task.operators.airflow.providers.standard.sensors.filesystem.FileSensor","filename":"filesystem.py","lineno":108}
{"timestamp":"2026-07-07T10:42:04.323687Z","level":"info","event":"Poking for file /mnt/snapshots/READY_FLAG_20260617","logger":"airflow.task.operators.airflow.providers.standard.sensors.filesystem.FileSensor","filename":"filesystem.py","lineno":108}
{"timestamp":"2026-07-07T10:42:14.322395Z","level":"info","event":"Poking for file /mnt/snapshots/READY_FLAG_20260617","logger":"airflow.task.operators.airflow.providers.standard.sensors.filesystem.FileSensor","filename":"filesystem.py","lineno":108}
{"timestamp":"2026-07-07T10:42:24.325806Z","level":"info","event":"Poking for file /mnt/snapshots/READY_FLAG_20260617","logger":"airflow.task.operators.airflow.providers.standard.sensors.filesystem.FileSensor","filename":"filesystem.py","lineno":108}
{"timestamp":"2026-07-07T10:42:34.327175Z","level":"info","event":"Poking for file /mnt/snapshots/READY_FLAG_20260617","logger":"airflow.task.operators.airflow.providers.standard.sensors.filesystem.FileSensor","filename":"filesystem.py","lineno":108}
{"timestamp":"2026-07-07T10:42:44.325836Z","level":"info","event":"Poking for file /mnt/snapshots/READY_FLAG_20260617","logger":"airflow.task.operators.airflow.providers.standard.sensors.filesystem.FileSensor","filename":"filesystem.py","lineno":108}
{"timestamp":"2026-07-07T10:42:54.327784Z","level":"info","event":"Poking for file /mnt/snapshots/READY_FLAG_20260617","logger":"airflow.task.operators.airflow.providers.standard.sensors.filesystem.FileSensor","filename":"filesystem.py","lineno":108}
{"timestamp":"2026-07-07T10:43:04.330012Z","level":"info","event":"Poking for file /mnt/snapshots/READY_FLAG_20260617","logger":"airflow.task.operators.airflow.providers.standard.sensors.filesystem.FileSensor","filename":"filesystem.py","lineno":108}
{"timestamp":"2026-07-07T10:43:14.329165Z","level":"info","event":"Poking for file /mnt/snapshots/READY_FLAG_20260617","logger":"airflow.task.operators.airflow.providers.standard.sensors.filesystem.FileSensor","filename":"filesystem.py","lineno":108}
{"timestamp":"2026-07-07T10:43:24.331281Z","level":"info","event":"Poking for file /mnt/snapshots/READY_FLAG_20260617","logger":"airflow.task.operators.airflow.providers.standard.sensors.filesystem.FileSensor","filename":"filesystem.py","lineno":108}
{"timestamp":"2026-07-07T10:43:34.334598Z","level":"info","event":"Poking for file /mnt/snapshots/READY_FLAG_20260617","logger":"airflow.task.operators.airflow.providers.standard.sensors.filesystem.FileSensor","filename":"filesystem.py","lineno":108}
{"timestamp":"2026-07-07T10:43:44.333765Z","level":"info","event":"Poking for file /mnt/snapshots/READY_FLAG_20260617","logger":"airflow.task.operators.airflow.providers.standard.sensors.filesystem.FileSensor","filename":"filesystem.py","lineno":108}
{"timestamp":"2026-07-07T10:43:54.335808Z","level":"info","event":"Poking for file /mnt/snapshots/READY_FLAG_20260617","logger":"airflow.task.operators.airflow.providers.standard.sensors.filesystem.FileSensor","filename":"filesystem.py","lineno":108}
{"timestamp":"2026-07-07T10:44:04.337902Z","level":"info","event":"Poking for file /mnt/snapshots/READY_FLAG_20260617","logger":"airflow.task.operators.airflow.providers.standard.sensors.filesystem.FileSensor","filename":"filesystem.py","lineno":108}
{"timestamp":"2026-07-07T10:44:14.336342Z","level":"info","event":"Poking for file /mnt/snapshots/READY_FLAG_20260617","logger":"airflow.task.operators.airflow.providers.standard.sensors.filesystem.FileSensor","filename":"filesystem.py","lineno":108}
{"timestamp":"2026-07-07T10:44:24.339025Z","level":"info","event":"Poking for file /mnt/snapshots/READY_FLAG_20260617","logger":"airflow.task.operators.airflow.providers.standard.sensors.filesystem.FileSensor","filename":"filesystem.py","lineno":108}
{"timestamp":"2026-07-07T10:44:34.341129Z","level":"info","event":"Poking for file /mnt/snapshots/READY_FLAG_20260617","logger":"airflow.task.operators.airflow.providers.standard.sensors.filesystem.FileSensor","filename":"filesystem.py","lineno":108}
{"timestamp":"2026-07-07T10:44:44.341218Z","level":"info","event":"Poking for file /mnt/snapshots/READY_FLAG_20260617","logger":"airflow.task.operators.airflow.providers.standard.sensors.filesystem.FileSensor","filename":"filesystem.py","lineno":108}
{"timestamp":"2026-07-07T10:44:54.343342Z","level":"info","event":"Poking for file /mnt/snapshots/READY_FLAG_20260617","logger":"airflow.task.operators.airflow.providers.standard.sensors.filesystem.FileSensor","filename":"filesystem.py","lineno":108}
{"timestamp":"2026-07-07T10:45:04.344679Z","level":"info","event":"Poking for file /mnt/snapshots/READY_FLAG_20260617","logger":"airflow.task.operators.airflow.providers.standard.sensors.filesystem.FileSensor","filename":"filesystem.py","lineno":108}
{"timestamp":"2026-07-07T10:45:14.345287Z","level":"info","event":"Poking for file /mnt/snapshots/READY_FLAG_20260617","logger":"airflow.task.operators.airflow.providers.standard.sensors.filesystem.FileSensor","filename":"filesystem.py","lineno":108}
{"timestamp":"2026-07-07T10:45:24.347249Z","level":"info","event":"Poking for file /mnt/snapshots/READY_FLAG_20260617","logger":"airflow.task.operators.airflow.providers.standard.sensors.filesystem.FileSensor","filename":"filesystem.py","lineno":108}
{"timestamp":"2026-07-07T10:45:34.349465Z","level":"info","event":"Poking for file /mnt/snapshots/READY_FLAG_20260617","logger":"airflow.task.operators.airflow.providers.standard.sensors.filesystem.FileSensor","filename":"filesystem.py","lineno":108}
{"timestamp":"2026-07-07T10:45:44.348655Z","level":"info","event":"Poking for file /mnt/snapshots/READY_FLAG_20260617","logger":"airflow.task.operators.airflow.providers.standard.sensors.filesystem.FileSensor","filename":"filesystem.py","lineno":108}
{"timestamp":"2026-07-07T10:45:54.351208Z","level":"info","event":"Poking for file /mnt/snapshots/READY_FLAG_20260617","logger":"airflow.task.operators.airflow.providers.standard.sensors.filesystem.FileSensor","filename":"filesystem.py","lineno":108}
{"timestamp":"2026-07-07T10:46:04.352822Z","level":"info","event":"Poking for file /mnt/snapshots/READY_FLAG_20260617","logger":"airflow.task.operators.airflow.providers.standard.sensors.filesystem.FileSensor","filename":"filesystem.py","lineno":108}
{"timestamp":"2026-07-07T10:46:14.353395Z","level":"info","event":"Poking for file /mnt/snapshots/READY_FLAG_20260617","logger":"airflow.task.operators.airflow.providers.standard.sensors.filesystem.FileSensor","filename":"filesystem.py","lineno":108}
{"timestamp":"2026-07-07T10:46:24.357039Z","level":"info","event":"Poking for file /mnt/snapshots/READY_FLAG_20260617","logger":"airflow.task.operators.airflow.providers.standard.sensors.filesystem.FileSensor","filename":"filesystem.py","lineno":108}
{"timestamp":"2026-07-07T10:46:34.359646Z","level":"info","event":"Poking for file /mnt/snapshots/READY_FLAG_20260617","logger":"airflow.task.operators.airflow.providers.standard.sensors.filesystem.FileSensor","filename":"filesystem.py","lineno":108}
{"timestamp":"2026-07-07T10:46:44.359972Z","level":"info","event":"Poking for file /mnt/snapshots/READY_FLAG_20260617","logger":"airflow.task.operators.airflow.providers.standard.sensors.filesystem.FileSensor","filename":"filesystem.py","lineno":108}
{"timestamp":"2026-07-07T10:46:54.368033Z","level":"info","event":"Poking for file /mnt/snapshots/READY_FLAG_20260617","logger":"airflow.task.operators.airflow.providers.standard.sensors.filesystem.FileSensor","filename":"filesystem.py","lineno":108}
{"timestamp":"2026-07-07T10:47:04.370139Z","level":"info","event":"Poking for file /mnt/snapshots/READY_FLAG_20260617","logger":"airflow.task.operators.airflow.providers.standard.sensors.filesystem.FileSensor","filename":"filesystem.py","lineno":108}
{"timestamp":"2026-07-07T10:47:14.368212Z","level":"info","event":"Poking for file /mnt/snapshots/READY_FLAG_20260617","logger":"airflow.task.operators.airflow.providers.standard.sensors.filesystem.FileSensor","filename":"filesystem.py","lineno":108}
{"timestamp":"2026-07-07T10:47:24.370396Z","level":"info","event":"Poking for file /mnt/snapshots/READY_FLAG_20260617","logger":"airflow.task.operators.airflow.providers.standard.sensors.filesystem.FileSensor","filename":"filesystem.py","lineno":108}
{"timestamp":"2026-07-07T10:47:34.371978Z","level":"info","event":"Poking for file /mnt/snapshots/READY_FLAG_20260617","logger":"airflow.task.operators.airflow.providers.standard.sensors.filesystem.FileSensor","filename":"filesystem.py","lineno":108}
{"timestamp":"2026-07-07T10:47:44.370358Z","level":"info","event":"Poking for file /mnt/snapshots/READY_FLAG_20260617","logger":"airflow.task.operators.airflow.providers.standard.sensors.filesystem.FileSensor","filename":"filesystem.py","lineno":108}
{"timestamp":"2026-07-07T10:47:54.372096Z","level":"info","event":"Poking for file /mnt/snapshots/READY_FLAG_20260617","logger":"airflow.task.operators.airflow.providers.standard.sensors.filesystem.FileSensor","filename":"filesystem.py","lineno":108}
{"timestamp":"2026-07-07T10:48:04.373187Z","level":"info","event":"Poking for file /mnt/snapshots/READY_FLAG_20260617","logger":"airflow.task.operators.airflow.providers.standard.sensors.filesystem.FileSensor","filename":"filesystem.py","lineno":108}
{"timestamp":"2026-07-07T10:48:14.373566Z","level":"info","event":"Poking for file /mnt/snapshots/READY_FLAG_20260617","logger":"airflow.task.operators.airflow.providers.standard.sensors.filesystem.FileSensor","filename":"filesystem.py","lineno":108}
{"timestamp":"2026-07-07T10:48:24.375358Z","level":"info","event":"Poking for file /mnt/snapshots/READY_FLAG_20260617","logger":"airflow.task.operators.airflow.providers.standard.sensors.filesystem.FileSensor","filename":"filesystem.py","lineno":108}
{"timestamp":"2026-07-07T10:48:34.377323Z","level":"info","event":"Poking for file /mnt/snapshots/READY_FLAG_20260617","logger":"airflow.task.operators.airflow.providers.standard.sensors.filesystem.FileSensor","filename":"filesystem.py","lineno":108}
{"timestamp":"2026-07-07T10:48:44.375194Z","level":"info","event":"Poking for file /mnt/snapshots/READY_FLAG_20260617","logger":"airflow.task.operators.airflow.providers.standard.sensors.filesystem.FileSensor","filename":"filesystem.py","lineno":108}
{"timestamp":"2026-07-07T10:48:54.375995Z","level":"info","event":"Poking for file /mnt/snapshots/READY_FLAG_20260617","logger":"airflow.task.operators.airflow.providers.standard.sensors.filesystem.FileSensor","filename":"filesystem.py","lineno":108}
{"timestamp":"2026-07-07T10:49:04.377237Z","level":"info","event":"Poking for file /mnt/snapshots/READY_FLAG_20260617","logger":"airflow.task.operators.airflow.providers.standard.sensors.filesystem.FileSensor","filename":"filesystem.py","lineno":108}
{"timestamp":"2026-07-07T10:49:14.377187Z","level":"info","event":"Poking for file /mnt/snapshots/READY_FLAG_20260617","logger":"airflow.task.operators.airflow.providers.standard.sensors.filesystem.FileSensor","filename":"filesystem.py","lineno":108}
{"timestamp":"2026-07-07T10:49:24.378323Z","level":"info","event":"Poking for file /mnt/snapshots/READY_FLAG_20260617","logger":"airflow.task.operators.airflow.providers.standard.sensors.filesystem.FileSensor","filename":"filesystem.py","lineno":108}
{"timestamp":"2026-07-07T10:49:34.379663Z","level":"info","event":"Poking for file /mnt/snapshots/READY_FLAG_20260617","logger":"airflow.task.operators.airflow.providers.standard.sensors.filesystem.FileSensor","filename":"filesystem.py","lineno":108}
{"timestamp":"2026-07-07T10:49:44.379033Z","level":"info","event":"Poking for file /mnt/snapshots/READY_FLAG_20260617","logger":"airflow.task.operators.airflow.providers.standard.sensors.filesystem.FileSensor","filename":"filesystem.py","lineno":108}
{"timestamp":"2026-07-07T10:49:54.380068Z","level":"info","event":"Poking for file /mnt/snapshots/READY_FLAG_20260617","logger":"airflow.task.operators.airflow.providers.standard.sensors.filesystem.FileSensor","filename":"filesystem.py","lineno":108}
{"timestamp":"2026-07-07T10:50:04.381386Z","level":"info","event":"Poking for file /mnt/snapshots/READY_FLAG_20260617","logger":"airflow.task.operators.airflow.providers.standard.sensors.filesystem.FileSensor","filename":"filesystem.py","lineno":108}
{"timestamp":"2026-07-07T10:50:14.378471Z","level":"info","event":"Poking for file /mnt/snapshots/READY_FLAG_20260617","logger":"airflow.task.operators.airflow.providers.standard.sensors.filesystem.FileSensor","filename":"filesystem.py","lineno":108}
{"timestamp":"2026-07-07T10:50:24.380027Z","level":"info","event":"Poking for file /mnt/snapshots/READY_FLAG_20260617","logger":"airflow.task.operators.airflow.providers.standard.sensors.filesystem.FileSensor","filename":"filesystem.py","lineno":108}
{"timestamp":"2026-07-07T10:50:34.381824Z","level":"info","event":"Poking for file /mnt/snapshots/READY_FLAG_20260617","logger":"airflow.task.operators.airflow.providers.standard.sensors.filesystem.FileSensor","filename":"filesystem.py","lineno":108}
{"timestamp":"2026-07-07T10:50:44.379689Z","level":"info","event":"Poking for file /mnt/snapshots/READY_FLAG_20260617","logger":"airflow.task.operators.airflow.providers.standard.sensors.filesystem.FileSensor","filename":"filesystem.py","lineno":108}
{"timestamp":"2026-07-07T10:50:54.380896Z","level":"info","event":"Poking for file /mnt/snapshots/READY_FLAG_20260617","logger":"airflow.task.operators.airflow.providers.standard.sensors.filesystem.FileSensor","filename":"filesystem.py","lineno":108}
{"timestamp":"2026-07-07T10:51:04.385396Z","level":"info","event":"Poking for file /mnt/snapshots/READY_FLAG_20260617","logger":"airflow.task.operators.airflow.providers.standard.sensors.filesystem.FileSensor","filename":"filesystem.py","lineno":108}
{"timestamp":"2026-07-07T10:51:14.385330Z","level":"info","event":"Poking for file /mnt/snapshots/READY_FLAG_20260617","logger":"airflow.task.operators.airflow.providers.standard.sensors.filesystem.FileSensor","filename":"filesystem.py","lineno":108}
{"timestamp":"2026-07-07T10:51:24.387672Z","level":"info","event":"Poking for file /mnt/snapshots/READY_FLAG_20260617","logger":"airflow.task.operators.airflow.providers.standard.sensors.filesystem.FileSensor","filename":"filesystem.py","lineno":108}
{"timestamp":"2026-07-07T10:51:34.390413Z","level":"info","event":"Poking for file /mnt/snapshots/READY_FLAG_20260617","logger":"airflow.task.operators.airflow.providers.standard.sensors.filesystem.FileSensor","filename":"filesystem.py","lineno":108}
{"timestamp":"2026-07-07T10:51:44.387541Z","level":"info","event":"Poking for file /mnt/snapshots/READY_FLAG_20260617","logger":"airflow.task.operators.airflow.providers.standard.sensors.filesystem.FileSensor","filename":"filesystem.py","lineno":108}
{"timestamp":"2026-07-07T10:51:54.390003Z","level":"info","event":"Poking for file /mnt/snapshots/READY_FLAG_20260617","logger":"airflow.task.operators.airflow.providers.standard.sensors.filesystem.FileSensor","filename":"filesystem.py","lineno":108}
{"timestamp":"2026-07-07T10:52:04.392074Z","level":"info","event":"Poking for file /mnt/snapshots/READY_FLAG_20260617","logger":"airflow.task.operators.airflow.providers.standard.sensors.filesystem.FileSensor","filename":"filesystem.py","lineno":108}
{"timestamp":"2026-07-07T10:52:14.393965Z","level":"info","event":"Poking for file /mnt/snapshots/READY_FLAG_20260617","logger":"airflow.task.operators.airflow.providers.standard.sensors.filesystem.FileSensor","filename":"filesystem.py","lineno":108}
{"timestamp":"2026-07-07T10:52:24.395827Z","level":"info","event":"Poking for file /mnt/snapshots/READY_FLAG_20260617","logger":"airflow.task.operators.airflow.providers.standard.sensors.filesystem.FileSensor","filename":"filesystem.py","lineno":108}
{"timestamp":"2026-07-07T10:52:34.398307Z","level":"info","event":"Poking for file /mnt/snapshots/READY_FLAG_20260617","logger":"airflow.task.operators.airflow.providers.standard.sensors.filesystem.FileSensor","filename":"filesystem.py","lineno":108}
{"timestamp":"2026-07-07T10:52:44.396719Z","level":"info","event":"Poking for file /mnt/snapshots/READY_FLAG_20260617","logger":"airflow.task.operators.airflow.providers.standard.sensors.filesystem.FileSensor","filename":"filesystem.py","lineno":108}
{"timestamp":"2026-07-07T10:52:54.398801Z","level":"info","event":"Poking for file /mnt/snapshots/READY_FLAG_20260617","logger":"airflow.task.operators.airflow.providers.standard.sensors.filesystem.FileSensor","filename":"filesystem.py","lineno":108}
{"timestamp":"2026-07-07T10:53:04.401961Z","level":"info","event":"Poking for file /mnt/snapshots/READY_FLAG_20260617","logger":"airflow.task.operators.airflow.providers.standard.sensors.filesystem.FileSensor","filename":"filesystem.py","lineno":108}
{"timestamp":"2026-07-07T10:53:14.400779Z","level":"info","event":"Poking for file /mnt/snapshots/READY_FLAG_20260617","logger":"airflow.task.operators.airflow.providers.standard.sensors.filesystem.FileSensor","filename":"filesystem.py","lineno":108}
{"timestamp":"2026-07-07T10:53:24.403156Z","level":"info","event":"Poking for file /mnt/snapshots/READY_FLAG_20260617","logger":"airflow.task.operators.airflow.providers.standard.sensors.filesystem.FileSensor","filename":"filesystem.py","lineno":108}
{"timestamp":"2026-07-07T10:53:34.406200Z","level":"info","event":"Poking for file /mnt/snapshots/READY_FLAG_20260617","logger":"airflow.task.operators.airflow.providers.standard.sensors.filesystem.FileSensor","filename":"filesystem.py","lineno":108}
{"timestamp":"2026-07-07T10:53:44.405556Z","level":"info","event":"Poking for file /mnt/snapshots/READY_FLAG_20260617","logger":"airflow.task.operators.airflow.providers.standard.sensors.filesystem.FileSensor","filename":"filesystem.py","lineno":108}
{"timestamp":"2026-07-07T10:53:54.407546Z","level":"info","event":"Poking for file /mnt/snapshots/READY_FLAG_20260617","logger":"airflow.task.operators.airflow.providers.standard.sensors.filesystem.FileSensor","filename":"filesystem.py","lineno":108}
{"timestamp":"2026-07-07T10:54:04.410799Z","level":"info","event":"Poking for file /mnt/snapshots/READY_FLAG_20260617","logger":"airflow.task.operators.airflow.providers.standard.sensors.filesystem.FileSensor","filename":"filesystem.py","lineno":108}
{"timestamp":"2026-07-07T10:54:14.409451Z","level":"info","event":"Poking for file /mnt/snapshots/READY_FLAG_20260617","logger":"airflow.task.operators.airflow.providers.standard.sensors.filesystem.FileSensor","filename":"filesystem.py","lineno":108}
{"timestamp":"2026-07-07T10:54:24.411813Z","level":"info","event":"Poking for file /mnt/snapshots/READY_FLAG_20260617","logger":"airflow.task.operators.airflow.providers.standard.sensors.filesystem.FileSensor","filename":"filesystem.py","lineno":108}
{"timestamp":"2026-07-07T10:54:34.414607Z","level":"info","event":"Poking for file /mnt/snapshots/READY_FLAG_20260617","logger":"airflow.task.operators.airflow.providers.standard.sensors.filesystem.FileSensor","filename":"filesystem.py","lineno":108}
{"timestamp":"2026-07-07T10:54:44.413814Z","level":"info","event":"Poking for file /mnt/snapshots/READY_FLAG_20260617","logger":"airflow.task.operators.airflow.providers.standard.sensors.filesystem.FileSensor","filename":"filesystem.py","lineno":108}
{"timestamp":"2026-07-07T10:54:54.416264Z","level":"info","event":"Poking for file /mnt/snapshots/READY_FLAG_20260617","logger":"airflow.task.operators.airflow.providers.standard.sensors.filesystem.FileSensor","filename":"filesystem.py","lineno":108}
{"timestamp":"2026-07-07T10:55:04.417920Z","level":"info","event":"Poking for file /mnt/snapshots/READY_FLAG_20260617","logger":"airflow.task.operators.airflow.providers.standard.sensors.filesystem.FileSensor","filename":"filesystem.py","lineno":108}
{"timestamp":"2026-07-07T10:55:14.415322Z","level":"info","event":"Poking for file /mnt/snapshots/READY_FLAG_20260617","logger":"airflow.task.operators.airflow.providers.standard.sensors.filesystem.FileSensor","filename":"filesystem.py","lineno":108}
{"timestamp":"2026-07-07T10:55:24.417796Z","level":"info","event":"Poking for file /mnt/snapshots/READY_FLAG_20260617","logger":"airflow.task.operators.airflow.providers.standard.sensors.filesystem.FileSensor","filename":"filesystem.py","lineno":108}
{"timestamp":"2026-07-07T10:55:34.419093Z","level":"info","event":"Poking for file /mnt/snapshots/READY_FLAG_20260617","logger":"airflow.task.operators.airflow.providers.standard.sensors.filesystem.FileSensor","filename":"filesystem.py","lineno":108}
{"timestamp":"2026-07-07T10:55:44.417585Z","level":"info","event":"Poking for file /mnt/snapshots/READY_FLAG_20260617","logger":"airflow.task.operators.airflow.providers.standard.sensors.filesystem.FileSensor","filename":"filesystem.py","lineno":108}
{"timestamp":"2026-07-07T10:55:54.418540Z","level":"info","event":"Poking for file /mnt/snapshots/READY_FLAG_20260617","logger":"airflow.task.operators.airflow.providers.standard.sensors.filesystem.FileSensor","filename":"filesystem.py","lineno":108}
{"timestamp":"2026-07-07T10:56:04.420640Z","level":"info","event":"Poking for file /mnt/snapshots/READY_FLAG_20260617","logger":"airflow.task.operators.airflow.providers.standard.sensors.filesystem.FileSensor","filename":"filesystem.py","lineno":108}
{"timestamp":"2026-07-07T10:56:14.419518Z","level":"info","event":"Poking for file /mnt/snapshots/READY_FLAG_20260617","logger":"airflow.task.operators.airflow.providers.standard.sensors.filesystem.FileSensor","filename":"filesystem.py","lineno":108}
{"timestamp":"2026-07-07T10:56:24.420899Z","level":"info","event":"Poking for file /mnt/snapshots/READY_FLAG_20260617","logger":"airflow.task.operators.airflow.providers.standard.sensors.filesystem.FileSensor","filename":"filesystem.py","lineno":108}
{"timestamp":"2026-07-07T10:56:34.426039Z","level":"info","event":"Poking for file /mnt/snapshots/READY_FLAG_20260617","logger":"airflow.task.operators.airflow.providers.standard.sensors.filesystem.FileSensor","filename":"filesystem.py","lineno":108}
{"timestamp":"2026-07-07T10:56:44.425194Z","level":"info","event":"Poking for file /mnt/snapshots/READY_FLAG_20260617","logger":"airflow.task.operators.airflow.providers.standard.sensors.filesystem.FileSensor","filename":"filesystem.py","lineno":108}
{"timestamp":"2026-07-07T10:56:54.427461Z","level":"info","event":"Poking for file /mnt/snapshots/READY_FLAG_20260617","logger":"airflow.task.operators.airflow.providers.standard.sensors.filesystem.FileSensor","filename":"filesystem.py","lineno":108}
{"timestamp":"2026-07-07T10:57:04.429516Z","level":"info","event":"Poking for file /mnt/snapshots/READY_FLAG_20260617","logger":"airflow.task.operators.airflow.providers.standard.sensors.filesystem.FileSensor","filename":"filesystem.py","lineno":108}
{"timestamp":"2026-07-07T10:57:14.428376Z","level":"info","event":"Poking for file /mnt/snapshots/READY_FLAG_20260617","logger":"airflow.task.operators.airflow.providers.standard.sensors.filesystem.FileSensor","filename":"filesystem.py","lineno":108}
{"timestamp":"2026-07-07T10:57:24.430255Z","level":"info","event":"Poking for file /mnt/snapshots/READY_FLAG_20260617","logger":"airflow.task.operators.airflow.providers.standard.sensors.filesystem.FileSensor","filename":"filesystem.py","lineno":108}
{"timestamp":"2026-07-07T10:57:34.432256Z","level":"info","event":"Poking for file /mnt/snapshots/READY_FLAG_20260617","logger":"airflow.task.operators.airflow.providers.standard.sensors.filesystem.FileSensor","filename":"filesystem.py","lineno":108}
{"timestamp":"2026-07-07T10:57:44.431167Z","level":"info","event":"Poking for file /mnt/snapshots/READY_FLAG_20260617","logger":"airflow.task.operators.airflow.providers.standard.sensors.filesystem.FileSensor","filename":"filesystem.py","lineno":108}
{"timestamp":"2026-07-07T10:57:54.433182Z","level":"info","event":"Poking for file /mnt/snapshots/READY_FLAG_20260617","logger":"airflow.task.operators.airflow.providers.standard.sensors.filesystem.FileSensor","filename":"filesystem.py","lineno":108}
{"timestamp":"2026-07-07T10:58:04.435313Z","level":"info","event":"Poking for file /mnt/snapshots/READY_FLAG_20260617","logger":"airflow.task.operators.airflow.providers.standard.sensors.filesystem.FileSensor","filename":"filesystem.py","lineno":108}
{"timestamp":"2026-07-07T10:58:14.433208Z","level":"info","event":"Poking for file /mnt/snapshots/READY_FLAG_20260617","logger":"airflow.task.operators.airflow.providers.standard.sensors.filesystem.FileSensor","filename":"filesystem.py","lineno":108}
{"timestamp":"2026-07-07T10:58:24.434761Z","level":"info","event":"Poking for file /mnt/snapshots/READY_FLAG_20260617","logger":"airflow.task.operators.airflow.providers.standard.sensors.filesystem.FileSensor","filename":"filesystem.py","lineno":108}
{"timestamp":"2026-07-07T10:58:34.436310Z","level":"info","event":"Poking for file /mnt/snapshots/READY_FLAG_20260617","logger":"airflow.task.operators.airflow.providers.standard.sensors.filesystem.FileSensor","filename":"filesystem.py","lineno":108}
{"timestamp":"2026-07-07T10:58:44.437410Z","level":"info","event":"Poking for file /mnt/snapshots/READY_FLAG_20260617","logger":"airflow.task.operators.airflow.providers.standard.sensors.filesystem.FileSensor","filename":"filesystem.py","lineno":108}
{"timestamp":"2026-07-07T10:58:54.438182Z","level":"info","event":"Poking for file /mnt/snapshots/READY_FLAG_20260617","logger":"airflow.task.operators.airflow.providers.standard.sensors.filesystem.FileSensor","filename":"filesystem.py","lineno":108}
{"timestamp":"2026-07-07T10:59:04.439649Z","level":"info","event":"Poking for file /mnt/snapshots/READY_FLAG_20260617","logger":"airflow.task.operators.airflow.providers.standard.sensors.filesystem.FileSensor","filename":"filesystem.py","lineno":108}
{"timestamp":"2026-07-07T10:59:14.437828Z","level":"info","event":"Poking for file /mnt/snapshots/READY_FLAG_20260617","logger":"airflow.task.operators.airflow.providers.standard.sensors.filesystem.FileSensor","filename":"filesystem.py","lineno":108}
{"timestamp":"2026-07-07T10:59:24.439326Z","level":"info","event":"Poking for file /mnt/snapshots/READY_FLAG_20260617","logger":"airflow.task.operators.airflow.providers.standard.sensors.filesystem.FileSensor","filename":"filesystem.py","lineno":108}
{"timestamp":"2026-07-07T10:59:34.441455Z","level":"info","event":"Poking for file /mnt/snapshots/READY_FLAG_20260617","logger":"airflow.task.operators.airflow.providers.standard.sensors.filesystem.FileSensor","filename":"filesystem.py","lineno":108}
{"timestamp":"2026-07-07T10:59:44.438825Z","level":"info","event":"Poking for file /mnt/snapshots/READY_FLAG_20260617","logger":"airflow.task.operators.airflow.providers.standard.sensors.filesystem.FileSensor","filename":"filesystem.py","lineno":108}
{"timestamp":"2026-07-07T10:59:54.440396Z","level":"info","event":"Poking for file /mnt/snapshots/READY_FLAG_20260617","logger":"airflow.task.operators.airflow.providers.standard.sensors.filesystem.FileSensor","filename":"filesystem.py","lineno":108}
{"timestamp":"2026-07-07T11:00:04.443359Z","level":"info","event":"Poking for file /mnt/snapshots/READY_FLAG_20260617","logger":"airflow.task.operators.airflow.providers.standard.sensors.filesystem.FileSensor","filename":"filesystem.py","lineno":108}
{"timestamp":"2026-07-07T11:00:14.443623Z","level":"info","event":"Poking for file /mnt/snapshots/READY_FLAG_20260617","logger":"airflow.task.operators.airflow.providers.standard.sensors.filesystem.FileSensor","filename":"filesystem.py","lineno":108}
{"timestamp":"2026-07-07T11:00:24.445701Z","level":"info","event":"Poking for file /mnt/snapshots/READY_FLAG_20260617","logger":"airflow.task.operators.airflow.providers.standard.sensors.filesystem.FileSensor","filename":"filesystem.py","lineno":108}
{"timestamp":"2026-07-07T11:00:34.447279Z","level":"info","event":"Poking for file /mnt/snapshots/READY_FLAG_20260617","logger":"airflow.task.operators.airflow.providers.standard.sensors.filesystem.FileSensor","filename":"filesystem.py","lineno":108}
{"timestamp":"2026-07-07T11:00:44.446403Z","level":"info","event":"Poking for file /mnt/snapshots/READY_FLAG_20260617","logger":"airflow.task.operators.airflow.providers.standard.sensors.filesystem.FileSensor","filename":"filesystem.py","lineno":108}
{"timestamp":"2026-07-07T11:00:54.448006Z","level":"info","event":"Poking for file /mnt/snapshots/READY_FLAG_20260617","logger":"airflow.task.operators.airflow.providers.standard.sensors.filesystem.FileSensor","filename":"filesystem.py","lineno":108}
{"timestamp":"2026-07-07T11:01:04.449833Z","level":"info","event":"Poking for file /mnt/snapshots/READY_FLAG_20260617","logger":"airflow.task.operators.airflow.providers.standard.sensors.filesystem.FileSensor","filename":"filesystem.py","lineno":108}
{"timestamp":"2026-07-07T11:01:14.447964Z","level":"info","event":"Poking for file /mnt/snapshots/READY_FLAG_20260617","logger":"airflow.task.operators.airflow.providers.standard.sensors.filesystem.FileSensor","filename":"filesystem.py","lineno":108}
{"timestamp":"2026-07-07T11:01:24.449600Z","level":"info","event":"Poking for file /mnt/snapshots/READY_FLAG_20260617","logger":"airflow.task.operators.airflow.providers.standard.sensors.filesystem.FileSensor","filename":"filesystem.py","lineno":108}
{"timestamp":"2026-07-07T11:01:34.451753Z","level":"info","event":"Poking for file /mnt/snapshots/READY_FLAG_20260617","logger":"airflow.task.operators.airflow.providers.standard.sensors.filesystem.FileSensor","filename":"filesystem.py","lineno":108}
{"timestamp":"2026-07-07T11:01:44.450702Z","level":"info","event":"Poking for file /mnt/snapshots/READY_FLAG_20260617","logger":"airflow.task.operators.airflow.providers.standard.sensors.filesystem.FileSensor","filename":"filesystem.py","lineno":108}
{"timestamp":"2026-07-07T11:01:54.452710Z","level":"info","event":"Poking for file /mnt/snapshots/READY_FLAG_20260617","logger":"airflow.task.operators.airflow.providers.standard.sensors.filesystem.FileSensor","filename":"filesystem.py","lineno":108}
{"timestamp":"2026-07-07T11:02:04.454384Z","level":"info","event":"Poking for file /mnt/snapshots/READY_FLAG_20260617","logger":"airflow.task.operators.airflow.providers.standard.sensors.filesystem.FileSensor","filename":"filesystem.py","lineno":108}
{"timestamp":"2026-07-07T11:02:14.454757Z","level":"info","event":"Poking for file /mnt/snapshots/READY_FLAG_20260617","logger":"airflow.task.operators.airflow.providers.standard.sensors.filesystem.FileSensor","filename":"filesystem.py","lineno":108}
{"timestamp":"2026-07-07T11:02:24.456192Z","level":"info","event":"Poking for file /mnt/snapshots/READY_FLAG_20260617","logger":"airflow.task.operators.airflow.providers.standard.sensors.filesystem.FileSensor","filename":"filesystem.py","lineno":108}
{"timestamp":"2026-07-07T11:02:34.458131Z","level":"info","event":"Poking for file /mnt/snapshots/READY_FLAG_20260617","logger":"airflow.task.operators.airflow.providers.standard.sensors.filesystem.FileSensor","filename":"filesystem.py","lineno":108}
{"timestamp":"2026-07-07T11:02:44.455329Z","level":"info","event":"Poking for file /mnt/snapshots/READY_FLAG_20260617","logger":"airflow.task.operators.airflow.providers.standard.sensors.filesystem.FileSensor","filename":"filesystem.py","lineno":108}
{"timestamp":"2026-07-07T11:02:54.456286Z","level":"info","event":"Poking for file /mnt/snapshots/READY_FLAG_20260617","logger":"airflow.task.operators.airflow.providers.standard.sensors.filesystem.FileSensor","filename":"filesystem.py","lineno":108}
{"timestamp":"2026-07-07T11:03:04.457789Z","level":"info","event":"Poking for file /mnt/snapshots/READY_FLAG_20260617","logger":"airflow.task.operators.airflow.providers.standard.sensors.filesystem.FileSensor","filename":"filesystem.py","lineno":108}
{"timestamp":"2026-07-07T11:03:14.456101Z","level":"info","event":"Poking for file /mnt/snapshots/READY_FLAG_20260617","logger":"airflow.task.operators.airflow.providers.standard.sensors.filesystem.FileSensor","filename":"filesystem.py","lineno":108}
{"timestamp":"2026-07-07T11:03:24.457664Z","level":"info","event":"Poking for file /mnt/snapshots/READY_FLAG_20260617","logger":"airflow.task.operators.airflow.providers.standard.sensors.filesystem.FileSensor","filename":"filesystem.py","lineno":108}
{"timestamp":"2026-07-07T11:03:34.460026Z","level":"info","event":"Poking for file /mnt/snapshots/READY_FLAG_20260617","logger":"airflow.task.operators.airflow.providers.standard.sensors.filesystem.FileSensor","filename":"filesystem.py","lineno":108}
{"timestamp":"2026-07-07T11:03:44.460663Z","level":"info","event":"Poking for file /mnt/snapshots/READY_FLAG_20260617","logger":"airflow.task.operators.airflow.providers.standard.sensors.filesystem.FileSensor","filename":"filesystem.py","lineno":108}
{"timestamp":"2026-07-07T11:03:54.462219Z","level":"info","event":"Poking for file /mnt/snapshots/READY_FLAG_20260617","logger":"airflow.task.operators.airflow.providers.standard.sensors.filesystem.FileSensor","filename":"filesystem.py","lineno":108}
{"timestamp":"2026-07-07T11:04:04.464596Z","level":"info","event":"Poking for file /mnt/snapshots/READY_FLAG_20260617","logger":"airflow.task.operators.airflow.providers.standard.sensors.filesystem.FileSensor","filename":"filesystem.py","lineno":108}
{"timestamp":"2026-07-07T11:04:14.463293Z","level":"info","event":"Poking for file /mnt/snapshots/READY_FLAG_20260617","logger":"airflow.task.operators.airflow.providers.standard.sensors.filesystem.FileSensor","filename":"filesystem.py","lineno":108}
{"timestamp":"2026-07-07T11:04:24.465251Z","level":"info","event":"Poking for file /mnt/snapshots/READY_FLAG_20260617","logger":"airflow.task.operators.airflow.providers.standard.sensors.filesystem.FileSensor","filename":"filesystem.py","lineno":108}
{"timestamp":"2026-07-07T11:04:34.470164Z","level":"info","event":"Poking for file /mnt/snapshots/READY_FLAG_20260617","logger":"airflow.task.operators.airflow.providers.standard.sensors.filesystem.FileSensor","filename":"filesystem.py","lineno":108}
{"timestamp":"2026-07-07T11:04:44.470370Z","level":"info","event":"Poking for file /mnt/snapshots/READY_FLAG_20260617","logger":"airflow.task.operators.airflow.providers.standard.sensors.filesystem.FileSensor","filename":"filesystem.py","lineno":108}
{"timestamp":"2026-07-07T11:04:54.473425Z","level":"info","event":"Poking for file /mnt/snapshots/READY_FLAG_20260617","logger":"airflow.task.operators.airflow.providers.standard.sensors.filesystem.FileSensor","filename":"filesystem.py","lineno":108}
{"timestamp":"2026-07-07T11:05:04.475537Z","level":"info","event":"Poking for file /mnt/snapshots/READY_FLAG_20260617","logger":"airflow.task.operators.airflow.providers.standard.sensors.filesystem.FileSensor","filename":"filesystem.py","lineno":108}
{"timestamp":"2026-07-07T11:05:14.474610Z","level":"info","event":"Poking for file /mnt/snapshots/READY_FLAG_20260617","logger":"airflow.task.operators.airflow.providers.standard.sensors.filesystem.FileSensor","filename":"filesystem.py","lineno":108}
{"timestamp":"2026-07-07T11:05:24.476424Z","level":"info","event":"Poking for file /mnt/snapshots/READY_FLAG_20260617","logger":"airflow.task.operators.airflow.providers.standard.sensors.filesystem.FileSensor","filename":"filesystem.py","lineno":108}
{"timestamp":"2026-07-07T11:05:34.478450Z","level":"info","event":"Poking for file /mnt/snapshots/READY_FLAG_20260617","logger":"airflow.task.operators.airflow.providers.standard.sensors.filesystem.FileSensor","filename":"filesystem.py","lineno":108}
{"timestamp":"2026-07-07T11:05:44.477827Z","level":"info","event":"Poking for file /mnt/snapshots/READY_FLAG_20260617","logger":"airflow.task.operators.airflow.providers.standard.sensors.filesystem.FileSensor","filename":"filesystem.py","lineno":108}
{"timestamp":"2026-07-07T11:05:54.480731Z","level":"info","event":"Poking for file /mnt/snapshots/READY_FLAG_20260617","logger":"airflow.task.operators.airflow.providers.standard.sensors.filesystem.FileSensor","filename":"filesystem.py","lineno":108}
{"timestamp":"2026-07-07T11:06:04.483498Z","level":"info","event":"Poking for file /mnt/snapshots/READY_FLAG_20260617","logger":"airflow.task.operators.airflow.providers.standard.sensors.filesystem.FileSensor","filename":"filesystem.py","lineno":108}
{"timestamp":"2026-07-07T11:06:14.483523Z","level":"info","event":"Poking for file /mnt/snapshots/READY_FLAG_20260617","logger":"airflow.task.operators.airflow.providers.standard.sensors.filesystem.FileSensor","filename":"filesystem.py","lineno":108}
{"timestamp":"2026-07-07T11:06:24.486720Z","level":"info","event":"Poking for file /mnt/snapshots/READY_FLAG_20260617","logger":"airflow.task.operators.airflow.providers.standard.sensors.filesystem.FileSensor","filename":"filesystem.py","lineno":108}
{"timestamp":"2026-07-07T11:06:34.488901Z","level":"info","event":"Poking for file /mnt/snapshots/READY_FLAG_20260617","logger":"airflow.task.operators.airflow.providers.standard.sensors.filesystem.FileSensor","filename":"filesystem.py","lineno":108}
{"timestamp":"2026-07-07T11:06:44.488022Z","level":"info","event":"Poking for file /mnt/snapshots/READY_FLAG_20260617","logger":"airflow.task.operators.airflow.providers.standard.sensors.filesystem.FileSensor","filename":"filesystem.py","lineno":108}
{"timestamp":"2026-07-07T11:06:54.489391Z","level":"info","event":"Poking for file /mnt/snapshots/READY_FLAG_20260617","logger":"airflow.task.operators.airflow.providers.standard.sensors.filesystem.FileSensor","filename":"filesystem.py","lineno":108}
{"timestamp":"2026-07-07T11:07:04.491957Z","level":"info","event":"Poking for file /mnt/snapshots/READY_FLAG_20260617","logger":"airflow.task.operators.airflow.providers.standard.sensors.filesystem.FileSensor","filename":"filesystem.py","lineno":108}
{"timestamp":"2026-07-07T11:07:14.489988Z","level":"info","event":"Poking for file /mnt/snapshots/READY_FLAG_20260617","logger":"airflow.task.operators.airflow.providers.standard.sensors.filesystem.FileSensor","filename":"filesystem.py","lineno":108}
{"timestamp":"2026-07-07T11:07:24.493078Z","level":"info","event":"Poking for file /mnt/snapshots/READY_FLAG_20260617","logger":"airflow.task.operators.airflow.providers.standard.sensors.filesystem.FileSensor","filename":"filesystem.py","lineno":108}
{"timestamp":"2026-07-07T11:07:34.495050Z","level":"info","event":"Poking for file /mnt/snapshots/READY_FLAG_20260617","logger":"airflow.task.operators.airflow.providers.standard.sensors.filesystem.FileSensor","filename":"filesystem.py","lineno":108}
{"timestamp":"2026-07-07T11:07:44.494901Z","level":"info","event":"Poking for file /mnt/snapshots/READY_FLAG_20260617","logger":"airflow.task.operators.airflow.providers.standard.sensors.filesystem.FileSensor","filename":"filesystem.py","lineno":108}
{"timestamp":"2026-07-07T11:07:54.496830Z","level":"info","event":"Poking for file /mnt/snapshots/READY_FLAG_20260617","logger":"airflow.task.operators.airflow.providers.standard.sensors.filesystem.FileSensor","filename":"filesystem.py","lineno":108}
{"timestamp":"2026-07-07T11:08:04.500457Z","level":"info","event":"Poking for file /mnt/snapshots/READY_FLAG_20260617","logger":"airflow.task.operators.airflow.providers.standard.sensors.filesystem.FileSensor","filename":"filesystem.py","lineno":108}
{"timestamp":"2026-07-07T11:08:14.501501Z","level":"info","event":"Poking for file /mnt/snapshots/READY_FLAG_20260617","logger":"airflow.task.operators.airflow.providers.standard.sensors.filesystem.FileSensor","filename":"filesystem.py","lineno":108}
{"timestamp":"2026-07-07T11:08:24.503389Z","level":"info","event":"Poking for file /mnt/snapshots/READY_FLAG_20260617","logger":"airflow.task.operators.airflow.providers.standard.sensors.filesystem.FileSensor","filename":"filesystem.py","lineno":108}
{"timestamp":"2026-07-07T11:08:34.505013Z","level":"info","event":"Poking for file /mnt/snapshots/READY_FLAG_20260617","logger":"airflow.task.operators.airflow.providers.standard.sensors.filesystem.FileSensor","filename":"filesystem.py","lineno":108}
{"timestamp":"2026-07-07T11:08:44.503354Z","level":"info","event":"Poking for file /mnt/snapshots/READY_FLAG_20260617","logger":"airflow.task.operators.airflow.providers.standard.sensors.filesystem.FileSensor","filename":"filesystem.py","lineno":108}
{"timestamp":"2026-07-07T11:08:54.505357Z","level":"info","event":"Poking for file /mnt/snapshots/READY_FLAG_20260617","logger":"airflow.task.operators.airflow.providers.standard.sensors.filesystem.FileSensor","filename":"filesystem.py","lineno":108}
{"timestamp":"2026-07-07T11:09:04.506808Z","level":"info","event":"Poking for file /mnt/snapshots/READY_FLAG_20260617","logger":"airflow.task.operators.airflow.providers.standard.sensors.filesystem.FileSensor","filename":"filesystem.py","lineno":108}
{"timestamp":"2026-07-07T11:09:14.506116Z","level":"info","event":"Poking for file /mnt/snapshots/READY_FLAG_20260617","logger":"airflow.task.operators.airflow.providers.standard.sensors.filesystem.FileSensor","filename":"filesystem.py","lineno":108}
{"timestamp":"2026-07-07T11:09:24.508636Z","level":"info","event":"Poking for file /mnt/snapshots/READY_FLAG_20260617","logger":"airflow.task.operators.airflow.providers.standard.sensors.filesystem.FileSensor","filename":"filesystem.py","lineno":108}
{"timestamp":"2026-07-07T11:09:34.510927Z","level":"info","event":"Poking for file /mnt/snapshots/READY_FLAG_20260617","logger":"airflow.task.operators.airflow.providers.standard.sensors.filesystem.FileSensor","filename":"filesystem.py","lineno":108}
{"timestamp":"2026-07-07T11:09:44.510003Z","level":"info","event":"Poking for file /mnt/snapshots/READY_FLAG_20260617","logger":"airflow.task.operators.airflow.providers.standard.sensors.filesystem.FileSensor","filename":"filesystem.py","lineno":108}
{"timestamp":"2026-07-07T11:09:54.511986Z","level":"info","event":"Poking for file /mnt/snapshots/READY_FLAG_20260617","logger":"airflow.task.operators.airflow.providers.standard.sensors.filesystem.FileSensor","filename":"filesystem.py","lineno":108}
{"timestamp":"2026-07-07T11:10:04.513743Z","level":"info","event":"Poking for file /mnt/snapshots/READY_FLAG_20260617","logger":"airflow.task.operators.airflow.providers.standard.sensors.filesystem.FileSensor","filename":"filesystem.py","lineno":108}
{"timestamp":"2026-07-07T11:10:14.511266Z","level":"info","event":"Poking for file /mnt/snapshots/READY_FLAG_20260617","logger":"airflow.task.operators.airflow.providers.standard.sensors.filesystem.FileSensor","filename":"filesystem.py","lineno":108}
{"timestamp":"2026-07-07T11:10:24.513168Z","level":"info","event":"Poking for file /mnt/snapshots/READY_FLAG_20260617","logger":"airflow.task.operators.airflow.providers.standard.sensors.filesystem.FileSensor","filename":"filesystem.py","lineno":108}
{"timestamp":"2026-07-07T11:10:34.515583Z","level":"info","event":"Poking for file /mnt/snapshots/READY_FLAG_20260617","logger":"airflow.task.operators.airflow.providers.standard.sensors.filesystem.FileSensor","filename":"filesystem.py","lineno":108}
{"timestamp":"2026-07-07T11:10:44.514141Z","level":"info","event":"Poking for file /mnt/snapshots/READY_FLAG_20260617","logger":"airflow.task.operators.airflow.providers.standard.sensors.filesystem.FileSensor","filename":"filesystem.py","lineno":108}
{"timestamp":"2026-07-07T11:10:54.515683Z","level":"info","event":"Poking for file /mnt/snapshots/READY_FLAG_20260617","logger":"airflow.task.operators.airflow.providers.standard.sensors.filesystem.FileSensor","filename":"filesystem.py","lineno":108}
{"timestamp":"2026-07-07T11:11:04.517234Z","level":"info","event":"Poking for file /mnt/snapshots/READY_FLAG_20260617","logger":"airflow.task.operators.airflow.providers.standard.sensors.filesystem.FileSensor","filename":"filesystem.py","lineno":108}
{"timestamp":"2026-07-07T11:11:14.516775Z","level":"info","event":"Poking for file /mnt/snapshots/READY_FLAG_20260617","logger":"airflow.task.operators.airflow.providers.standard.sensors.filesystem.FileSensor","filename":"filesystem.py","lineno":108}
{"timestamp":"2026-07-07T11:11:24.518772Z","level":"info","event":"Poking for file /mnt/snapshots/READY_FLAG_20260617","logger":"airflow.task.operators.airflow.providers.standard.sensors.filesystem.FileSensor","filename":"filesystem.py","lineno":108}
{"timestamp":"2026-07-07T11:11:34.520391Z","level":"info","event":"Poking for file /mnt/snapshots/READY_FLAG_20260617","logger":"airflow.task.operators.airflow.providers.standard.sensors.filesystem.FileSensor","filename":"filesystem.py","lineno":108}
{"timestamp":"2026-07-07T11:11:44.520777Z","level":"info","event":"Poking for file /mnt/snapshots/READY_FLAG_20260617","logger":"airflow.task.operators.airflow.providers.standard.sensors.filesystem.FileSensor","filename":"filesystem.py","lineno":108}
{"timestamp":"2026-07-07T11:11:54.526335Z","level":"info","event":"Poking for file /mnt/snapshots/READY_FLAG_20260617","logger":"airflow.task.operators.airflow.providers.standard.sensors.filesystem.FileSensor","filename":"filesystem.py","lineno":108}
{"timestamp":"2026-07-07T11:12:04.528965Z","level":"info","event":"Poking for file /mnt/snapshots/READY_FLAG_20260617","logger":"airflow.task.operators.airflow.providers.standard.sensors.filesystem.FileSensor","filename":"filesystem.py","lineno":108}
{"timestamp":"2026-07-07T11:12:14.528812Z","level":"info","event":"Poking for file /mnt/snapshots/READY_FLAG_20260617","logger":"airflow.task.operators.airflow.providers.standard.sensors.filesystem.FileSensor","filename":"filesystem.py","lineno":108}
{"timestamp":"2026-07-07T11:12:24.529939Z","level":"info","event":"Poking for file /mnt/snapshots/READY_FLAG_20260617","logger":"airflow.task.operators.airflow.providers.standard.sensors.filesystem.FileSensor","filename":"filesystem.py","lineno":108}
{"timestamp":"2026-07-07T11:12:34.532676Z","level":"info","event":"Poking for file /mnt/snapshots/READY_FLAG_20260617","logger":"airflow.task.operators.airflow.providers.standard.sensors.filesystem.FileSensor","filename":"filesystem.py","lineno":108}
{"timestamp":"2026-07-07T11:12:44.533594Z","level":"info","event":"Poking for file /mnt/snapshots/READY_FLAG_20260617","logger":"airflow.task.operators.airflow.providers.standard.sensors.filesystem.FileSensor","filename":"filesystem.py","lineno":108}
{"timestamp":"2026-07-07T11:12:54.535460Z","level":"info","event":"Poking for file /mnt/snapshots/READY_FLAG_20260617","logger":"airflow.task.operators.airflow.providers.standard.sensors.filesystem.FileSensor","filename":"filesystem.py","lineno":108}
{"timestamp":"2026-07-07T11:13:04.537928Z","level":"info","event":"Poking for file /mnt/snapshots/READY_FLAG_20260617","logger":"airflow.task.operators.airflow.providers.standard.sensors.filesystem.FileSensor","filename":"filesystem.py","lineno":108}
{"timestamp":"2026-07-07T11:13:14.538214Z","level":"info","event":"Poking for file /mnt/snapshots/READY_FLAG_20260617","logger":"airflow.task.operators.airflow.providers.standard.sensors.filesystem.FileSensor","filename":"filesystem.py","lineno":108}
{"timestamp":"2026-07-07T11:13:24.541255Z","level":"info","event":"Poking for file /mnt/snapshots/READY_FLAG_20260617","logger":"airflow.task.operators.airflow.providers.standard.sensors.filesystem.FileSensor","filename":"filesystem.py","lineno":108}
{"timestamp":"2026-07-07T11:13:34.542983Z","level":"info","event":"Poking for file /mnt/snapshots/READY_FLAG_20260617","logger":"airflow.task.operators.airflow.providers.standard.sensors.filesystem.FileSensor","filename":"filesystem.py","lineno":108}
{"timestamp":"2026-07-07T11:13:44.541196Z","level":"info","event":"Poking for file /mnt/snapshots/READY_FLAG_20260617","logger":"airflow.task.operators.airflow.providers.standard.sensors.filesystem.FileSensor","filename":"filesystem.py","lineno":108}
{"timestamp":"2026-07-07T11:13:54.542534Z","level":"info","event":"Poking for file /mnt/snapshots/READY_FLAG_20260617","logger":"airflow.task.operators.airflow.providers.standard.sensors.filesystem.FileSensor","filename":"filesystem.py","lineno":108}
{"timestamp":"2026-07-07T11:14:04.544355Z","level":"info","event":"Poking for file /mnt/snapshots/READY_FLAG_20260617","logger":"airflow.task.operators.airflow.providers.standard.sensors.filesystem.FileSensor","filename":"filesystem.py","lineno":108}
{"timestamp":"2026-07-07T11:14:14.542578Z","level":"info","event":"Poking for file /mnt/snapshots/READY_FLAG_20260617","logger":"airflow.task.operators.airflow.providers.standard.sensors.filesystem.FileSensor","filename":"filesystem.py","lineno":108}
{"timestamp":"2026-07-07T11:14:24.544106Z","level":"info","event":"Poking for file /mnt/snapshots/READY_FLAG_20260617","logger":"airflow.task.operators.airflow.providers.standard.sensors.filesystem.FileSensor","filename":"filesystem.py","lineno":108}
{"timestamp":"2026-07-07T11:14:34.545627Z","level":"info","event":"Poking for file /mnt/snapshots/READY_FLAG_20260617","logger":"airflow.task.operators.airflow.providers.standard.sensors.filesystem.FileSensor","filename":"filesystem.py","lineno":108}
{"timestamp":"2026-07-07T11:14:44.545185Z","level":"info","event":"Poking for file /mnt/snapshots/READY_FLAG_20260617","logger":"airflow.task.operators.airflow.providers.standard.sensors.filesystem.FileSensor","filename":"filesystem.py","lineno":108}
{"timestamp":"2026-07-07T11:14:54.547286Z","level":"info","event":"Poking for file /mnt/snapshots/READY_FLAG_20260617","logger":"airflow.task.operators.airflow.providers.standard.sensors.filesystem.FileSensor","filename":"filesystem.py","lineno":108}
{"timestamp":"2026-07-07T11:15:04.549868Z","level":"info","event":"Poking for file /mnt/snapshots/READY_FLAG_20260617","logger":"airflow.task.operators.airflow.providers.standard.sensors.filesystem.FileSensor","filename":"filesystem.py","lineno":108}
{"timestamp":"2026-07-07T11:15:14.550028Z","level":"info","event":"Poking for file /mnt/snapshots/READY_FLAG_20260617","logger":"airflow.task.operators.airflow.providers.standard.sensors.filesystem.FileSensor","filename":"filesystem.py","lineno":108}
{"timestamp":"2026-07-07T11:15:24.552146Z","level":"info","event":"Poking for file /mnt/snapshots/READY_FLAG_20260617","logger":"airflow.task.operators.airflow.providers.standard.sensors.filesystem.FileSensor","filename":"filesystem.py","lineno":108}
{"timestamp":"2026-07-07T11:15:34.553759Z","level":"info","event":"Poking for file /mnt/snapshots/READY_FLAG_20260617","logger":"airflow.task.operators.airflow.providers.standard.sensors.filesystem.FileSensor","filename":"filesystem.py","lineno":108}
{"timestamp":"2026-07-07T11:15:44.553340Z","level":"info","event":"Poking for file /mnt/snapshots/READY_FLAG_20260617","logger":"airflow.task.operators.airflow.providers.standard.sensors.filesystem.FileSensor","filename":"filesystem.py","lineno":108}
{"timestamp":"2026-07-07T11:15:54.555824Z","level":"info","event":"Poking for file /mnt/snapshots/READY_FLAG_20260617","logger":"airflow.task.operators.airflow.providers.standard.sensors.filesystem.FileSensor","filename":"filesystem.py","lineno":108}
{"timestamp":"2026-07-07T11:16:04.559010Z","level":"info","event":"Poking for file /mnt/snapshots/READY_FLAG_20260617","logger":"airflow.task.operators.airflow.providers.standard.sensors.filesystem.FileSensor","filename":"filesystem.py","lineno":108}
{"timestamp":"2026-07-07T11:16:14.557396Z","level":"info","event":"Poking for file /mnt/snapshots/READY_FLAG_20260617","logger":"airflow.task.operators.airflow.providers.standard.sensors.filesystem.FileSensor","filename":"filesystem.py","lineno":108}
{"timestamp":"2026-07-07T11:16:24.560434Z","level":"info","event":"Poking for file /mnt/snapshots/READY_FLAG_20260617","logger":"airflow.task.operators.airflow.providers.standard.sensors.filesystem.FileSensor","filename":"filesystem.py","lineno":108}
{"timestamp":"2026-07-07T11:16:34.561478Z","level":"info","event":"Poking for file /mnt/snapshots/READY_FLAG_20260617","logger":"airflow.task.operators.airflow.providers.standard.sensors.filesystem.FileSensor","filename":"filesystem.py","lineno":108}
{"timestamp":"2026-07-07T11:16:44.560609Z","level":"info","event":"Poking for file /mnt/snapshots/READY_FLAG_20260617","logger":"airflow.task.operators.airflow.providers.standard.sensors.filesystem.FileSensor","filename":"filesystem.py","lineno":108}
{"timestamp":"2026-07-07T11:16:54.562075Z","level":"info","event":"Poking for file /mnt/snapshots/READY_FLAG_20260617","logger":"airflow.task.operators.airflow.providers.standard.sensors.filesystem.FileSensor","filename":"filesystem.py","lineno":108}
{"timestamp":"2026-07-07T11:17:04.563812Z","level":"info","event":"Poking for file /mnt/snapshots/READY_FLAG_20260617","logger":"airflow.task.operators.airflow.providers.standard.sensors.filesystem.FileSensor","filename":"filesystem.py","lineno":108}
{"timestamp":"2026-07-07T11:17:14.563745Z","level":"info","event":"Poking for file /mnt/snapshots/READY_FLAG_20260617","logger":"airflow.task.operators.airflow.providers.standard.sensors.filesystem.FileSensor","filename":"filesystem.py","lineno":108}
{"timestamp":"2026-07-07T11:17:24.565685Z","level":"info","event":"Poking for file /mnt/snapshots/READY_FLAG_20260617","logger":"airflow.task.operators.airflow.providers.standard.sensors.filesystem.FileSensor","filename":"filesystem.py","lineno":108}
{"timestamp":"2026-07-07T11:17:34.567910Z","level":"info","event":"Poking for file /mnt/snapshots/READY_FLAG_20260617","logger":"airflow.task.operators.airflow.providers.standard.sensors.filesystem.FileSensor","filename":"filesystem.py","lineno":108}
{"timestamp":"2026-07-07T11:17:44.567674Z","level":"info","event":"Poking for file /mnt/snapshots/READY_FLAG_20260617","logger":"airflow.task.operators.airflow.providers.standard.sensors.filesystem.FileSensor","filename":"filesystem.py","lineno":108}
{"timestamp":"2026-07-07T11:17:54.570300Z","level":"info","event":"Poking for file /mnt/snapshots/READY_FLAG_20260617","logger":"airflow.task.operators.airflow.providers.standard.sensors.filesystem.FileSensor","filename":"filesystem.py","lineno":108}
{"timestamp":"2026-07-07T11:18:04.572984Z","level":"info","event":"Poking for file /mnt/snapshots/READY_FLAG_20260617","logger":"airflow.task.operators.airflow.providers.standard.sensors.filesystem.FileSensor","filename":"filesystem.py","lineno":108}
{"timestamp":"2026-07-07T11:18:14.571554Z","level":"info","event":"Poking for file /mnt/snapshots/READY_FLAG_20260617","logger":"airflow.task.operators.airflow.providers.standard.sensors.filesystem.FileSensor","filename":"filesystem.py","lineno":108}
{"timestamp":"2026-07-07T11:18:24.574383Z","level":"info","event":"Poking for file /mnt/snapshots/READY_FLAG_20260617","logger":"airflow.task.operators.airflow.providers.standard.sensors.filesystem.FileSensor","filename":"filesystem.py","lineno":108}
{"timestamp":"2026-07-07T11:18:34.576491Z","level":"info","event":"Poking for file /mnt/snapshots/READY_FLAG_20260617","logger":"airflow.task.operators.airflow.providers.standard.sensors.filesystem.FileSensor","filename":"filesystem.py","lineno":108}
{"timestamp":"2026-07-07T11:18:44.576408Z","level":"info","event":"Poking for file /mnt/snapshots/READY_FLAG_20260617","logger":"airflow.task.operators.airflow.providers.standard.sensors.filesystem.FileSensor","filename":"filesystem.py","lineno":108}
{"timestamp":"2026-07-07T11:18:54.578832Z","level":"info","event":"Poking for file /mnt/snapshots/READY_FLAG_20260617","logger":"airflow.task.operators.airflow.providers.standard.sensors.filesystem.FileSensor","filename":"filesystem.py","lineno":108}
{"timestamp":"2026-07-07T11:19:04.579980Z","level":"info","event":"Poking for file /mnt/snapshots/READY_FLAG_20260617","logger":"airflow.task.operators.airflow.providers.standard.sensors.filesystem.FileSensor","filename":"filesystem.py","lineno":108}
{"timestamp":"2026-07-07T11:19:14.579136Z","level":"info","event":"Poking for file /mnt/snapshots/READY_FLAG_20260617","logger":"airflow.task.operators.airflow.providers.standard.sensors.filesystem.FileSensor","filename":"filesystem.py","lineno":108}
{"timestamp":"2026-07-07T11:19:24.580023Z","level":"info","event":"Poking for file /mnt/snapshots/READY_FLAG_20260617","logger":"airflow.task.operators.airflow.providers.standard.sensors.filesystem.FileSensor","filename":"filesystem.py","lineno":108}
{"timestamp":"2026-07-07T11:19:34.581351Z","level":"info","event":"Poking for file /mnt/snapshots/READY_FLAG_20260617","logger":"airflow.task.operators.airflow.providers.standard.sensors.filesystem.FileSensor","filename":"filesystem.py","lineno":108}
{"timestamp":"2026-07-07T11:19:44.579777Z","level":"info","event":"Poking for file /mnt/snapshots/READY_FLAG_20260617","logger":"airflow.task.operators.airflow.providers.standard.sensors.filesystem.FileSensor","filename":"filesystem.py","lineno":108}
{"timestamp":"2026-07-07T11:19:54.581500Z","level":"info","event":"Poking for file /mnt/snapshots/READY_FLAG_20260617","logger":"airflow.task.operators.airflow.providers.standard.sensors.filesystem.FileSensor","filename":"filesystem.py","lineno":108}
{"timestamp":"2026-07-07T11:20:04.583086Z","level":"info","event":"Poking for file /mnt/snapshots/READY_FLAG_20260617","logger":"airflow.task.operators.airflow.providers.standard.sensors.filesystem.FileSensor","filename":"filesystem.py","lineno":108}
{"timestamp":"2026-07-07T11:20:14.581988Z","level":"info","event":"Poking for file /mnt/snapshots/READY_FLAG_20260617","logger":"airflow.task.operators.airflow.providers.standard.sensors.filesystem.FileSensor","filename":"filesystem.py","lineno":108}
{"timestamp":"2026-07-07T11:20:24.582943Z","level":"info","event":"Poking for file /mnt/snapshots/READY_FLAG_20260617","logger":"airflow.task.operators.airflow.providers.standard.sensors.filesystem.FileSensor","filename":"filesystem.py","lineno":108}
{"timestamp":"2026-07-07T11:20:34.584649Z","level":"info","event":"Poking for file /mnt/snapshots/READY_FLAG_20260617","logger":"airflow.task.operators.airflow.providers.standard.sensors.filesystem.FileSensor","filename":"filesystem.py","lineno":108}
{"timestamp":"2026-07-07T11:20:44.583577Z","level":"info","event":"Poking for file /mnt/snapshots/READY_FLAG_20260617","logger":"airflow.task.operators.airflow.providers.standard.sensors.filesystem.FileSensor","filename":"filesystem.py","lineno":108}
{"timestamp":"2026-07-07T11:20:54.586559Z","level":"info","event":"Poking for file /mnt/snapshots/READY_FLAG_20260617","logger":"airflow.task.operators.airflow.providers.standard.sensors.filesystem.FileSensor","filename":"filesystem.py","lineno":108}
{"timestamp":"2026-07-07T11:21:04.589739Z","level":"info","event":"Poking for file /mnt/snapshots/READY_FLAG_20260617","logger":"airflow.task.operators.airflow.providers.standard.sensors.filesystem.FileSensor","filename":"filesystem.py","lineno":108}
{"timestamp":"2026-07-07T11:21:14.589919Z","level":"info","event":"Poking for file /mnt/snapshots/READY_FLAG_20260617","logger":"airflow.task.operators.airflow.providers.standard.sensors.filesystem.FileSensor","filename":"filesystem.py","lineno":108}
{"timestamp":"2026-07-07T11:21:24.591761Z","level":"info","event":"Poking for file /mnt/snapshots/READY_FLAG_20260617","logger":"airflow.task.operators.airflow.providers.standard.sensors.filesystem.FileSensor","filename":"filesystem.py","lineno":108}
{"timestamp":"2026-07-07T11:21:34.593763Z","level":"info","event":"Poking for file /mnt/snapshots/READY_FLAG_20260617","logger":"airflow.task.operators.airflow.providers.standard.sensors.filesystem.FileSensor","filename":"filesystem.py","lineno":108}
{"timestamp":"2026-07-07T11:21:44.591960Z","level":"info","event":"Poking for file /mnt/snapshots/READY_FLAG_20260617","logger":"airflow.task.operators.airflow.providers.standard.sensors.filesystem.FileSensor","filename":"filesystem.py","lineno":108}
{"timestamp":"2026-07-07T11:21:54.595457Z","level":"info","event":"Poking for file /mnt/snapshots/READY_FLAG_20260617","logger":"airflow.task.operators.airflow.providers.standard.sensors.filesystem.FileSensor","filename":"filesystem.py","lineno":108}
{"timestamp":"2026-07-07T11:22:04.598357Z","level":"info","event":"Poking for file /mnt/snapshots/READY_FLAG_20260617","logger":"airflow.task.operators.airflow.providers.standard.sensors.filesystem.FileSensor","filename":"filesystem.py","lineno":108}
{"timestamp":"2026-07-07T11:22:14.598241Z","level":"info","event":"Poking for file /mnt/snapshots/READY_FLAG_20260617","logger":"airflow.task.operators.airflow.providers.standard.sensors.filesystem.FileSensor","filename":"filesystem.py","lineno":108}
{"timestamp":"2026-07-07T11:22:24.600793Z","level":"info","event":"Poking for file /mnt/snapshots/READY_FLAG_20260617","logger":"airflow.task.operators.airflow.providers.standard.sensors.filesystem.FileSensor","filename":"filesystem.py","lineno":108}
{"timestamp":"2026-07-07T11:22:34.602630Z","level":"info","event":"Poking for file /mnt/snapshots/READY_FLAG_20260617","logger":"airflow.task.operators.airflow.providers.standard.sensors.filesystem.FileSensor","filename":"filesystem.py","lineno":108}
{"timestamp":"2026-07-07T11:22:44.602789Z","level":"info","event":"Poking for file /mnt/snapshots/READY_FLAG_20260617","logger":"airflow.task.operators.airflow.providers.standard.sensors.filesystem.FileSensor","filename":"filesystem.py","lineno":108}
{"timestamp":"2026-07-07T11:22:54.614196Z","level":"info","event":"Poking for file /mnt/snapshots/READY_FLAG_20260617","logger":"airflow.task.operators.airflow.providers.standard.sensors.filesystem.FileSensor","filename":"filesystem.py","lineno":108}
{"timestamp":"2026-07-07T11:23:04.616890Z","level":"info","event":"Poking for file /mnt/snapshots/READY_FLAG_20260617","logger":"airflow.task.operators.airflow.providers.standard.sensors.filesystem.FileSensor","filename":"filesystem.py","lineno":108}
{"timestamp":"2026-07-07T11:23:14.616083Z","level":"info","event":"Poking for file /mnt/snapshots/READY_FLAG_20260617","logger":"airflow.task.operators.airflow.providers.standard.sensors.filesystem.FileSensor","filename":"filesystem.py","lineno":108}
{"timestamp":"2026-07-07T11:23:24.620391Z","level":"info","event":"Poking for file /mnt/snapshots/READY_FLAG_20260617","logger":"airflow.task.operators.airflow.providers.standard.sensors.filesystem.FileSensor","filename":"filesystem.py","lineno":108}
{"timestamp":"2026-07-07T11:23:34.621749Z","level":"info","event":"Poking for file /mnt/snapshots/READY_FLAG_20260617","logger":"airflow.task.operators.airflow.providers.standard.sensors.filesystem.FileSensor","filename":"filesystem.py","lineno":108}
{"timestamp":"2026-07-07T11:23:44.620130Z","level":"info","event":"Poking for file /mnt/snapshots/READY_FLAG_20260617","logger":"airflow.task.operators.airflow.providers.standard.sensors.filesystem.FileSensor","filename":"filesystem.py","lineno":108}
{"timestamp":"2026-07-07T11:23:54.622387Z","level":"info","event":"Poking for file /mnt/snapshots/READY_FLAG_20260617","logger":"airflow.task.operators.airflow.providers.standard.sensors.filesystem.FileSensor","filename":"filesystem.py","lineno":108}
{"timestamp":"2026-07-07T11:24:04.624384Z","level":"info","event":"Poking for file /mnt/snapshots/READY_FLAG_20260617","logger":"airflow.task.operators.airflow.providers.standard.sensors.filesystem.FileSensor","filename":"filesystem.py","lineno":108}
{"timestamp":"2026-07-07T11:24:14.625028Z","level":"info","event":"Poking for file /mnt/snapshots/READY_FLAG_20260617","logger":"airflow.task.operators.airflow.providers.standard.sensors.filesystem.FileSensor","filename":"filesystem.py","lineno":108}
{"timestamp":"2026-07-07T11:24:24.626852Z","level":"info","event":"Poking for file /mnt/snapshots/READY_FLAG_20260617","logger":"airflow.task.operators.airflow.providers.standard.sensors.filesystem.FileSensor","filename":"filesystem.py","lineno":108}
{"timestamp":"2026-07-07T11:24:34.630852Z","level":"info","event":"Poking for file /mnt/snapshots/READY_FLAG_20260617","logger":"airflow.task.operators.airflow.providers.standard.sensors.filesystem.FileSensor","filename":"filesystem.py","lineno":108}
{"timestamp":"2026-07-07T11:24:44.628642Z","level":"info","event":"Poking for file /mnt/snapshots/READY_FLAG_20260617","logger":"airflow.task.operators.airflow.providers.standard.sensors.filesystem.FileSensor","filename":"filesystem.py","lineno":108}
{"timestamp":"2026-07-07T11:24:54.629696Z","level":"info","event":"Poking for file /mnt/snapshots/READY_FLAG_20260617","logger":"airflow.task.operators.airflow.providers.standard.sensors.filesystem.FileSensor","filename":"filesystem.py","lineno":108}
{"timestamp":"2026-07-07T11:25:04.631818Z","level":"info","event":"Poking for file /mnt/snapshots/READY_FLAG_20260617","logger":"airflow.task.operators.airflow.providers.standard.sensors.filesystem.FileSensor","filename":"filesystem.py","lineno":108}
{"timestamp":"2026-07-07T11:25:14.631531Z","level":"info","event":"Poking for file /mnt/snapshots/READY_FLAG_20260617","logger":"airflow.task.operators.airflow.providers.standard.sensors.filesystem.FileSensor","filename":"filesystem.py","lineno":108}
{"timestamp":"2026-07-07T11:25:24.634177Z","level":"info","event":"Poking for file /mnt/snapshots/READY_FLAG_20260617","logger":"airflow.task.operators.airflow.providers.standard.sensors.filesystem.FileSensor","filename":"filesystem.py","lineno":108}
{"timestamp":"2026-07-07T11:25:34.638370Z","level":"info","event":"Poking for file /mnt/snapshots/READY_FLAG_20260617","logger":"airflow.task.operators.airflow.providers.standard.sensors.filesystem.FileSensor","filename":"filesystem.py","lineno":108}
{"timestamp":"2026-07-07T11:25:44.636861Z","level":"info","event":"Poking for file /mnt/snapshots/READY_FLAG_20260617","logger":"airflow.task.operators.airflow.providers.standard.sensors.filesystem.FileSensor","filename":"filesystem.py","lineno":108}
{"timestamp":"2026-07-07T11:25:54.638233Z","level":"info","event":"Poking for file /mnt/snapshots/READY_FLAG_20260617","logger":"airflow.task.operators.airflow.providers.standard.sensors.filesystem.FileSensor","filename":"filesystem.py","lineno":108}
{"timestamp":"2026-07-07T11:26:04.640131Z","level":"info","event":"Poking for file /mnt/snapshots/READY_FLAG_20260617","logger":"airflow.task.operators.airflow.providers.standard.sensors.filesystem.FileSensor","filename":"filesystem.py","lineno":108}
{"timestamp":"2026-07-07T11:26:14.639291Z","level":"info","event":"Poking for file /mnt/snapshots/READY_FLAG_20260617","logger":"airflow.task.operators.airflow.providers.standard.sensors.filesystem.FileSensor","filename":"filesystem.py","lineno":108}
{"timestamp":"2026-07-07T11:26:24.642790Z","level":"info","event":"Poking for file /mnt/snapshots/READY_FLAG_20260617","logger":"airflow.task.operators.airflow.providers.standard.sensors.filesystem.FileSensor","filename":"filesystem.py","lineno":108}
{"timestamp":"2026-07-07T11:26:34.644584Z","level":"info","event":"Poking for file /mnt/snapshots/READY_FLAG_20260617","logger":"airflow.task.operators.airflow.providers.standard.sensors.filesystem.FileSensor","filename":"filesystem.py","lineno":108}
{"timestamp":"2026-07-07T11:26:44.643749Z","level":"info","event":"Poking for file /mnt/snapshots/READY_FLAG_20260617","logger":"airflow.task.operators.airflow.providers.standard.sensors.filesystem.FileSensor","filename":"filesystem.py","lineno":108}
{"timestamp":"2026-07-07T11:26:54.645849Z","level":"info","event":"Poking for file /mnt/snapshots/READY_FLAG_20260617","logger":"airflow.task.operators.airflow.providers.standard.sensors.filesystem.FileSensor","filename":"filesystem.py","lineno":108}
{"timestamp":"2026-07-07T11:27:04.648305Z","level":"info","event":"Poking for file /mnt/snapshots/READY_FLAG_20260617","logger":"airflow.task.operators.airflow.providers.standard.sensors.filesystem.FileSensor","filename":"filesystem.py","lineno":108}
{"timestamp":"2026-07-07T11:27:14.647300Z","level":"info","event":"Poking for file /mnt/snapshots/READY_FLAG_20260617","logger":"airflow.task.operators.airflow.providers.standard.sensors.filesystem.FileSensor","filename":"filesystem.py","lineno":108}
{"timestamp":"2026-07-07T11:27:24.650003Z","level":"info","event":"Poking for file /mnt/snapshots/READY_FLAG_20260617","logger":"airflow.task.operators.airflow.providers.standard.sensors.filesystem.FileSensor","filename":"filesystem.py","lineno":108}
{"timestamp":"2026-07-07T11:27:34.651936Z","level":"info","event":"Poking for file /mnt/snapshots/READY_FLAG_20260617","logger":"airflow.task.operators.airflow.providers.standard.sensors.filesystem.FileSensor","filename":"filesystem.py","lineno":108}
{"timestamp":"2026-07-07T11:27:44.649889Z","level":"info","event":"Poking for file /mnt/snapshots/READY_FLAG_20260617","logger":"airflow.task.operators.airflow.providers.standard.sensors.filesystem.FileSensor","filename":"filesystem.py","lineno":108}
{"timestamp":"2026-07-07T11:27:54.651794Z","level":"info","event":"Poking for file /mnt/snapshots/READY_FLAG_20260617","logger":"airflow.task.operators.airflow.providers.standard.sensors.filesystem.FileSensor","filename":"filesystem.py","lineno":108}
{"timestamp":"2026-07-07T11:28:04.653868Z","level":"info","event":"Poking for file /mnt/snapshots/READY_FLAG_20260617","logger":"airflow.task.operators.airflow.providers.standard.sensors.filesystem.FileSensor","filename":"filesystem.py","lineno":108}
{"timestamp":"2026-07-07T11:28:14.652462Z","level":"info","event":"Poking for file /mnt/snapshots/READY_FLAG_20260617","logger":"airflow.task.operators.airflow.providers.standard.sensors.filesystem.FileSensor","filename":"filesystem.py","lineno":108}
{"timestamp":"2026-07-07T11:28:24.654122Z","level":"info","event":"Poking for file /mnt/snapshots/READY_FLAG_20260617","logger":"airflow.task.operators.airflow.providers.standard.sensors.filesystem.FileSensor","filename":"filesystem.py","lineno":108}
{"timestamp":"2026-07-07T11:28:34.656570Z","level":"info","event":"Poking for file /mnt/snapshots/READY_FLAG_20260617","logger":"airflow.task.operators.airflow.providers.standard.sensors.filesystem.FileSensor","filename":"filesystem.py","lineno":108}
{"timestamp":"2026-07-07T11:28:44.654981Z","level":"info","event":"Poking for file /mnt/snapshots/READY_FLAG_20260617","logger":"airflow.task.operators.airflow.providers.standard.sensors.filesystem.FileSensor","filename":"filesystem.py","lineno":108}
{"timestamp":"2026-07-07T11:28:54.656564Z","level":"info","event":"Poking for file /mnt/snapshots/READY_FLAG_20260617","logger":"airflow.task.operators.airflow.providers.standard.sensors.filesystem.FileSensor","filename":"filesystem.py","lineno":108}
{"timestamp":"2026-07-07T11:29:04.659088Z","level":"info","event":"Poking for file /mnt/snapshots/READY_FLAG_20260617","logger":"airflow.task.operators.airflow.providers.standard.sensors.filesystem.FileSensor","filename":"filesystem.py","lineno":108}
{"timestamp":"2026-07-07T11:29:14.659822Z","level":"info","event":"Poking for file /mnt/snapshots/READY_FLAG_20260617","logger":"airflow.task.operators.airflow.providers.standard.sensors.filesystem.FileSensor","filename":"filesystem.py","lineno":108}
{"timestamp":"2026-07-07T11:29:24.663006Z","level":"info","event":"Poking for file /mnt/snapshots/READY_FLAG_20260617","logger":"airflow.task.operators.airflow.providers.standard.sensors.filesystem.FileSensor","filename":"filesystem.py","lineno":108}
{"timestamp":"2026-07-07T11:29:34.665821Z","level":"info","event":"Poking for file /mnt/snapshots/READY_FLAG_20260617","logger":"airflow.task.operators.airflow.providers.standard.sensors.filesystem.FileSensor","filename":"filesystem.py","lineno":108}
{"timestamp":"2026-07-07T11:29:44.665262Z","level":"info","event":"Poking for file /mnt/snapshots/READY_FLAG_20260617","logger":"airflow.task.operators.airflow.providers.standard.sensors.filesystem.FileSensor","filename":"filesystem.py","lineno":108}
{"timestamp":"2026-07-07T11:29:54.667374Z","level":"info","event":"Poking for file /mnt/snapshots/READY_FLAG_20260617","logger":"airflow.task.operators.airflow.providers.standard.sensors.filesystem.FileSensor","filename":"filesystem.py","lineno":108}
{"timestamp":"2026-07-07T11:30:04.670462Z","level":"info","event":"Poking for file /mnt/snapshots/READY_FLAG_20260617","logger":"airflow.task.operators.airflow.providers.standard.sensors.filesystem.FileSensor","filename":"filesystem.py","lineno":108}
{"timestamp":"2026-07-07T11:30:14.669159Z","level":"info","event":"Poking for file /mnt/snapshots/READY_FLAG_20260617","logger":"airflow.task.operators.airflow.providers.standard.sensors.filesystem.FileSensor","filename":"filesystem.py","lineno":108}
{"timestamp":"2026-07-07T11:30:24.672182Z","level":"info","event":"Poking for file /mnt/snapshots/READY_FLAG_20260617","logger":"airflow.task.operators.airflow.providers.standard.sensors.filesystem.FileSensor","filename":"filesystem.py","lineno":108}
{"timestamp":"2026-07-07T11:30:34.674218Z","level":"info","event":"Poking for file /mnt/snapshots/READY_FLAG_20260617","logger":"airflow.task.operators.airflow.providers.standard.sensors.filesystem.FileSensor","filename":"filesystem.py","lineno":108}
{"timestamp":"2026-07-07T11:30:44.675398Z","level":"info","event":"Poking for file /mnt/snapshots/READY_FLAG_20260617","logger":"airflow.task.operators.airflow.providers.standard.sensors.filesystem.FileSensor","filename":"filesystem.py","lineno":108}
{"timestamp":"2026-07-07T11:30:54.677710Z","level":"info","event":"Poking for file /mnt/snapshots/READY_FLAG_20260617","logger":"airflow.task.operators.airflow.providers.standard.sensors.filesystem.FileSensor","filename":"filesystem.py","lineno":108}
{"timestamp":"2026-07-07T11:31:04.680353Z","level":"info","event":"Poking for file /mnt/snapshots/READY_FLAG_20260617","logger":"airflow.task.operators.airflow.providers.standard.sensors.filesystem.FileSensor","filename":"filesystem.py","lineno":108}
{"timestamp":"2026-07-07T11:31:14.680113Z","level":"info","event":"Poking for file /mnt/snapshots/READY_FLAG_20260617","logger":"airflow.task.operators.airflow.providers.standard.sensors.filesystem.FileSensor","filename":"filesystem.py","lineno":108}
{"timestamp":"2026-07-07T11:31:24.681597Z","level":"info","event":"Poking for file /mnt/snapshots/READY_FLAG_20260617","logger":"airflow.task.operators.airflow.providers.standard.sensors.filesystem.FileSensor","filename":"filesystem.py","lineno":108}
{"timestamp":"2026-07-07T11:31:34.683974Z","level":"info","event":"Poking for file /mnt/snapshots/READY_FLAG_20260617","logger":"airflow.task.operators.airflow.providers.standard.sensors.filesystem.FileSensor","filename":"filesystem.py","lineno":108}
{"timestamp":"2026-07-07T11:31:44.683660Z","level":"info","event":"Poking for file /mnt/snapshots/READY_FLAG_20260617","logger":"airflow.task.operators.airflow.providers.standard.sensors.filesystem.FileSensor","filename":"filesystem.py","lineno":108}
{"timestamp":"2026-07-07T11:31:54.685788Z","level":"info","event":"Poking for file /mnt/snapshots/READY_FLAG_20260617","logger":"airflow.task.operators.airflow.providers.standard.sensors.filesystem.FileSensor","filename":"filesystem.py","lineno":108}
{"timestamp":"2026-07-07T11:32:04.688170Z","level":"info","event":"Poking for file /mnt/snapshots/READY_FLAG_20260617","logger":"airflow.task.operators.airflow.providers.standard.sensors.filesystem.FileSensor","filename":"filesystem.py","lineno":108}
{"timestamp":"2026-07-07T11:32:14.686409Z","level":"info","event":"Poking for file /mnt/snapshots/READY_FLAG_20260617","logger":"airflow.task.operators.airflow.providers.standard.sensors.filesystem.FileSensor","filename":"filesystem.py","lineno":108}
{"timestamp":"2026-07-07T11:32:24.687140Z","level":"info","event":"Poking for file /mnt/snapshots/READY_FLAG_20260617","logger":"airflow.task.operators.airflow.providers.standard.sensors.filesystem.FileSensor","filename":"filesystem.py","lineno":108}
{"timestamp":"2026-07-07T11:32:34.688597Z","level":"info","event":"Poking for file /mnt/snapshots/READY_FLAG_20260617","logger":"airflow.task.operators.airflow.providers.standard.sensors.filesystem.FileSensor","filename":"filesystem.py","lineno":108}
{"timestamp":"2026-07-07T11:32:44.687949Z","level":"info","event":"Poking for file /mnt/snapshots/READY_FLAG_20260617","logger":"airflow.task.operators.airflow.providers.standard.sensors.filesystem.FileSensor","filename":"filesystem.py","lineno":108}
{"timestamp":"2026-07-07T11:32:54.690139Z","level":"info","event":"Poking for file /mnt/snapshots/READY_FLAG_20260617","logger":"airflow.task.operators.airflow.providers.standard.sensors.filesystem.FileSensor","filename":"filesystem.py","lineno":108}
{"timestamp":"2026-07-07T11:33:04.694552Z","level":"info","event":"Poking for file /mnt/snapshots/READY_FLAG_20260617","logger":"airflow.task.operators.airflow.providers.standard.sensors.filesystem.FileSensor","filename":"filesystem.py","lineno":108}
{"timestamp":"2026-07-07T11:33:14.693706Z","level":"info","event":"Poking for file /mnt/snapshots/READY_FLAG_20260617","logger":"airflow.task.operators.airflow.providers.standard.sensors.filesystem.FileSensor","filename":"filesystem.py","lineno":108}
{"timestamp":"2026-07-07T11:33:24.696258Z","level":"info","event":"Poking for file /mnt/snapshots/READY_FLAG_20260617","logger":"airflow.task.operators.airflow.providers.standard.sensors.filesystem.FileSensor","filename":"filesystem.py","lineno":108}
{"timestamp":"2026-07-07T11:33:34.699089Z","level":"info","event":"Poking for file /mnt/snapshots/READY_FLAG_20260617","logger":"airflow.task.operators.airflow.providers.standard.sensors.filesystem.FileSensor","filename":"filesystem.py","lineno":108}
{"timestamp":"2026-07-07T11:33:44.698536Z","level":"info","event":"Poking for file /mnt/snapshots/READY_FLAG_20260617","logger":"airflow.task.operators.airflow.providers.standard.sensors.filesystem.FileSensor","filename":"filesystem.py","lineno":108}
{"timestamp":"2026-07-07T11:33:54.701815Z","level":"info","event":"Poking for file /mnt/snapshots/READY_FLAG_20260617","logger":"airflow.task.operators.airflow.providers.standard.sensors.filesystem.FileSensor","filename":"filesystem.py","lineno":108}
{"timestamp":"2026-07-07T11:34:04.704095Z","level":"info","event":"Poking for file /mnt/snapshots/READY_FLAG_20260617","logger":"airflow.task.operators.airflow.providers.standard.sensors.filesystem.FileSensor","filename":"filesystem.py","lineno":108}
{"timestamp":"2026-07-07T11:34:14.703520Z","level":"info","event":"Poking for file /mnt/snapshots/READY_FLAG_20260617","logger":"airflow.task.operators.airflow.providers.standard.sensors.filesystem.FileSensor","filename":"filesystem.py","lineno":108}
{"timestamp":"2026-07-07T11:34:24.705082Z","level":"info","event":"Poking for file /mnt/snapshots/READY_FLAG_20260617","logger":"airflow.task.operators.airflow.providers.standard.sensors.filesystem.FileSensor","filename":"filesystem.py","lineno":108}
{"timestamp":"2026-07-07T11:34:34.707977Z","level":"info","event":"Poking for file /mnt/snapshots/READY_FLAG_20260617","logger":"airflow.task.operators.airflow.providers.standard.sensors.filesystem.FileSensor","filename":"filesystem.py","lineno":108}
{"timestamp":"2026-07-07T11:34:44.707514Z","level":"info","event":"Poking for file /mnt/snapshots/READY_FLAG_20260617","logger":"airflow.task.operators.airflow.providers.standard.sensors.filesystem.FileSensor","filename":"filesystem.py","lineno":108}
{"timestamp":"2026-07-07T11:34:54.709406Z","level":"info","event":"Poking for file /mnt/snapshots/READY_FLAG_20260617","logger":"airflow.task.operators.airflow.providers.standard.sensors.filesystem.FileSensor","filename":"filesystem.py","lineno":108}
{"timestamp":"2026-07-07T11:35:04.711400Z","level":"info","event":"Poking for file /mnt/snapshots/READY_FLAG_20260617","logger":"airflow.task.operators.airflow.providers.standard.sensors.filesystem.FileSensor","filename":"filesystem.py","lineno":108}
{"timestamp":"2026-07-07T11:35:14.711281Z","level":"info","event":"Poking for file /mnt/snapshots/READY_FLAG_20260617","logger":"airflow.task.operators.airflow.providers.standard.sensors.filesystem.FileSensor","filename":"filesystem.py","lineno":108}
{"timestamp":"2026-07-07T11:35:24.713549Z","level":"info","event":"Poking for file /mnt/snapshots/READY_FLAG_20260617","logger":"airflow.task.operators.airflow.providers.standard.sensors.filesystem.FileSensor","filename":"filesystem.py","lineno":108}
{"timestamp":"2026-07-07T11:35:34.716215Z","level":"info","event":"Poking for file /mnt/snapshots/READY_FLAG_20260617","logger":"airflow.task.operators.airflow.providers.standard.sensors.filesystem.FileSensor","filename":"filesystem.py","lineno":108}
{"timestamp":"2026-07-07T11:35:44.717556Z","level":"info","event":"Poking for file /mnt/snapshots/READY_FLAG_20260617","logger":"airflow.task.operators.airflow.providers.standard.sensors.filesystem.FileSensor","filename":"filesystem.py","lineno":108}
{"timestamp":"2026-07-07T11:35:54.720359Z","level":"info","event":"Poking for file /mnt/snapshots/READY_FLAG_20260617","logger":"airflow.task.operators.airflow.providers.standard.sensors.filesystem.FileSensor","filename":"filesystem.py","lineno":108}
{"timestamp":"2026-07-07T11:36:04.722224Z","level":"info","event":"Poking for file /mnt/snapshots/READY_FLAG_20260617","logger":"airflow.task.operators.airflow.providers.standard.sensors.filesystem.FileSensor","filename":"filesystem.py","lineno":108}
{"timestamp":"2026-07-07T11:36:14.722585Z","level":"info","event":"Poking for file /mnt/snapshots/READY_FLAG_20260617","logger":"airflow.task.operators.airflow.providers.standard.sensors.filesystem.FileSensor","filename":"filesystem.py","lineno":108}
{"timestamp":"2026-07-07T11:36:24.727419Z","level":"info","event":"Poking for file /mnt/snapshots/READY_FLAG_20260617","logger":"airflow.task.operators.airflow.providers.standard.sensors.filesystem.FileSensor","filename":"filesystem.py","lineno":108}
{"timestamp":"2026-07-07T11:36:34.729529Z","level":"info","event":"Poking for file /mnt/snapshots/READY_FLAG_20260617","logger":"airflow.task.operators.airflow.providers.standard.sensors.filesystem.FileSensor","filename":"filesystem.py","lineno":108}
{"timestamp":"2026-07-07T11:36:44.729097Z","level":"info","event":"Poking for file /mnt/snapshots/READY_FLAG_20260617","logger":"airflow.task.operators.airflow.providers.standard.sensors.filesystem.FileSensor","filename":"filesystem.py","lineno":108}
{"timestamp":"2026-07-07T11:36:54.730872Z","level":"info","event":"Poking for file /mnt/snapshots/READY_FLAG_20260617","logger":"airflow.task.operators.airflow.providers.standard.sensors.filesystem.FileSensor","filename":"filesystem.py","lineno":108}
{"timestamp":"2026-07-07T11:37:04.733612Z","level":"info","event":"Poking for file /mnt/snapshots/READY_FLAG_20260617","logger":"airflow.task.operators.airflow.providers.standard.sensors.filesystem.FileSensor","filename":"filesystem.py","lineno":108}
{"timestamp":"2026-07-07T11:37:14.733440Z","level":"info","event":"Poking for file /mnt/snapshots/READY_FLAG_20260617","logger":"airflow.task.operators.airflow.providers.standard.sensors.filesystem.FileSensor","filename":"filesystem.py","lineno":108}
{"timestamp":"2026-07-07T11:37:24.735007Z","level":"info","event":"Poking for file /mnt/snapshots/READY_FLAG_20260617","logger":"airflow.task.operators.airflow.providers.standard.sensors.filesystem.FileSensor","filename":"filesystem.py","lineno":108}
{"timestamp":"2026-07-07T11:37:34.736680Z","level":"info","event":"Poking for file /mnt/snapshots/READY_FLAG_20260617","logger":"airflow.task.operators.airflow.providers.standard.sensors.filesystem.FileSensor","filename":"filesystem.py","lineno":108}
{"timestamp":"2026-07-07T11:37:44.735585Z","level":"info","event":"Poking for file /mnt/snapshots/READY_FLAG_20260617","logger":"airflow.task.operators.airflow.providers.standard.sensors.filesystem.FileSensor","filename":"filesystem.py","lineno":108}
{"timestamp":"2026-07-07T11:37:54.738717Z","level":"info","event":"Poking for file /mnt/snapshots/READY_FLAG_20260617","logger":"airflow.task.operators.airflow.providers.standard.sensors.filesystem.FileSensor","filename":"filesystem.py","lineno":108}
{"timestamp":"2026-07-07T11:38:04.740891Z","level":"info","event":"Poking for file /mnt/snapshots/READY_FLAG_20260617","logger":"airflow.task.operators.airflow.providers.standard.sensors.filesystem.FileSensor","filename":"filesystem.py","lineno":108}
{"timestamp":"2026-07-07T11:38:14.741832Z","level":"info","event":"Poking for file /mnt/snapshots/READY_FLAG_20260617","logger":"airflow.task.operators.airflow.providers.standard.sensors.filesystem.FileSensor","filename":"filesystem.py","lineno":108}
{"timestamp":"2026-07-07T11:38:24.744017Z","level":"info","event":"Poking for file /mnt/snapshots/READY_FLAG_20260617","logger":"airflow.task.operators.airflow.providers.standard.sensors.filesystem.FileSensor","filename":"filesystem.py","lineno":108}
{"timestamp":"2026-07-07T11:38:34.746354Z","level":"info","event":"Poking for file /mnt/snapshots/READY_FLAG_20260617","logger":"airflow.task.operators.airflow.providers.standard.sensors.filesystem.FileSensor","filename":"filesystem.py","lineno":108}
{"timestamp":"2026-07-07T11:38:44.745891Z","level":"info","event":"Poking for file /mnt/snapshots/READY_FLAG_20260617","logger":"airflow.task.operators.airflow.providers.standard.sensors.filesystem.FileSensor","filename":"filesystem.py","lineno":108}
{"timestamp":"2026-07-07T11:38:54.747659Z","level":"info","event":"Poking for file /mnt/snapshots/READY_FLAG_20260617","logger":"airflow.task.operators.airflow.providers.standard.sensors.filesystem.FileSensor","filename":"filesystem.py","lineno":108}
{"timestamp":"2026-07-07T11:39:04.750381Z","level":"info","event":"Poking for file /mnt/snapshots/READY_FLAG_20260617","logger":"airflow.task.operators.airflow.providers.standard.sensors.filesystem.FileSensor","filename":"filesystem.py","lineno":108}
{"timestamp":"2026-07-07T11:39:14.749481Z","level":"info","event":"Poking for file /mnt/snapshots/READY_FLAG_20260617","logger":"airflow.task.operators.airflow.providers.standard.sensors.filesystem.FileSensor","filename":"filesystem.py","lineno":108}
{"timestamp":"2026-07-07T11:39:24.751900Z","level":"info","event":"Poking for file /mnt/snapshots/READY_FLAG_20260617","logger":"airflow.task.operators.airflow.providers.standard.sensors.filesystem.FileSensor","filename":"filesystem.py","lineno":108}
{"timestamp":"2026-07-07T11:39:34.755388Z","level":"info","event":"Poking for file /mnt/snapshots/READY_FLAG_20260617","logger":"airflow.task.operators.airflow.providers.standard.sensors.filesystem.FileSensor","filename":"filesystem.py","lineno":108}
{"timestamp":"2026-07-07T11:39:44.755224Z","level":"info","event":"Poking for file /mnt/snapshots/READY_FLAG_20260617","logger":"airflow.task.operators.airflow.providers.standard.sensors.filesystem.FileSensor","filename":"filesystem.py","lineno":108}
{"timestamp":"2026-07-07T11:39:54.757705Z","level":"info","event":"Poking for file /mnt/snapshots/READY_FLAG_20260617","logger":"airflow.task.operators.airflow.providers.standard.sensors.filesystem.FileSensor","filename":"filesystem.py","lineno":108}
{"timestamp":"2026-07-07T11:40:04.761624Z","level":"info","event":"Poking for file /mnt/snapshots/READY_FLAG_20260617","logger":"airflow.task.operators.airflow.providers.standard.sensors.filesystem.FileSensor","filename":"filesystem.py","lineno":108}
{"timestamp":"2026-07-07T11:40:14.762947Z","level":"info","event":"Poking for file /mnt/snapshots/READY_FLAG_20260617","logger":"airflow.task.operators.airflow.providers.standard.sensors.filesystem.FileSensor","filename":"filesystem.py","lineno":108}
{"timestamp":"2026-07-07T11:40:24.766398Z","level":"info","event":"Poking for file /mnt/snapshots/READY_FLAG_20260617","logger":"airflow.task.operators.airflow.providers.standard.sensors.filesystem.FileSensor","filename":"filesystem.py","lineno":108}
{"timestamp":"2026-07-07T11:40:34.768932Z","level":"info","event":"Poking for file /mnt/snapshots/READY_FLAG_20260617","logger":"airflow.task.operators.airflow.providers.standard.sensors.filesystem.FileSensor","filename":"filesystem.py","lineno":108}
{"timestamp":"2026-07-07T11:40:44.767437Z","level":"info","event":"Poking for file /mnt/snapshots/READY_FLAG_20260617","logger":"airflow.task.operators.airflow.providers.standard.sensors.filesystem.FileSensor","filename":"filesystem.py","lineno":108}
{"timestamp":"2026-07-07T11:40:54.769230Z","level":"info","event":"Poking for file /mnt/snapshots/READY_FLAG_20260617","logger":"airflow.task.operators.airflow.providers.standard.sensors.filesystem.FileSensor","filename":"filesystem.py","lineno":108}
{"timestamp":"2026-07-07T11:41:04.771631Z","level":"info","event":"Poking for file /mnt/snapshots/READY_FLAG_20260617","logger":"airflow.task.operators.airflow.providers.standard.sensors.filesystem.FileSensor","filename":"filesystem.py","lineno":108}
{"timestamp":"2026-07-07T11:41:14.771116Z","level":"info","event":"Poking for file /mnt/snapshots/READY_FLAG_20260617","logger":"airflow.task.operators.airflow.providers.standard.sensors.filesystem.FileSensor","filename":"filesystem.py","lineno":108}
{"timestamp":"2026-07-07T11:41:24.773407Z","level":"info","event":"Poking for file /mnt/snapshots/READY_FLAG_20260617","logger":"airflow.task.operators.airflow.providers.standard.sensors.filesystem.FileSensor","filename":"filesystem.py","lineno":108}
{"timestamp":"2026-07-07T11:41:34.775528Z","level":"info","event":"Poking for file /mnt/snapshots/READY_FLAG_20260617","logger":"airflow.task.operators.airflow.providers.standard.sensors.filesystem.FileSensor","filename":"filesystem.py","lineno":108}
{"timestamp":"2026-07-07T11:41:44.774273Z","level":"info","event":"Poking for file /mnt/snapshots/READY_FLAG_20260617","logger":"airflow.task.operators.airflow.providers.standard.sensors.filesystem.FileSensor","filename":"filesystem.py","lineno":108}
{"timestamp":"2026-07-07T11:41:54.775828Z","level":"info","event":"Poking for file /mnt/snapshots/READY_FLAG_20260617","logger":"airflow.task.operators.airflow.providers.standard.sensors.filesystem.FileSensor","filename":"filesystem.py","lineno":108}
{"timestamp":"2026-07-07T11:42:04.778499Z","level":"info","event":"Poking for file /mnt/snapshots/READY_FLAG_20260617","logger":"airflow.task.operators.airflow.providers.standard.sensors.filesystem.FileSensor","filename":"filesystem.py","lineno":108}
{"timestamp":"2026-07-07T11:42:14.778526Z","level":"info","event":"Poking for file /mnt/snapshots/READY_FLAG_20260617","logger":"airflow.task.operators.airflow.providers.standard.sensors.filesystem.FileSensor","filename":"filesystem.py","lineno":108}
{"timestamp":"2026-07-07T11:42:24.781564Z","level":"info","event":"Poking for file /mnt/snapshots/READY_FLAG_20260617","logger":"airflow.task.operators.airflow.providers.standard.sensors.filesystem.FileSensor","filename":"filesystem.py","lineno":108}
{"timestamp":"2026-07-07T11:42:34.784087Z","level":"info","event":"Poking for file /mnt/snapshots/READY_FLAG_20260617","logger":"airflow.task.operators.airflow.providers.standard.sensors.filesystem.FileSensor","filename":"filesystem.py","lineno":108}
{"timestamp":"2026-07-07T11:42:44.785631Z","level":"info","event":"Poking for file /mnt/snapshots/READY_FLAG_20260617","logger":"airflow.task.operators.airflow.providers.standard.sensors.filesystem.FileSensor","filename":"filesystem.py","lineno":108}
{"timestamp":"2026-07-07T11:42:54.788990Z","level":"info","event":"Poking for file /mnt/snapshots/READY_FLAG_20260617","logger":"airflow.task.operators.airflow.providers.standard.sensors.filesystem.FileSensor","filename":"filesystem.py","lineno":108}
{"timestamp":"2026-07-07T11:43:04.792385Z","level":"info","event":"Poking for file /mnt/snapshots/READY_FLAG_20260617","logger":"airflow.task.operators.airflow.providers.standard.sensors.filesystem.FileSensor","filename":"filesystem.py","lineno":108}
{"timestamp":"2026-07-07T11:43:14.791797Z","level":"info","event":"Poking for file /mnt/snapshots/READY_FLAG_20260617","logger":"airflow.task.operators.airflow.providers.standard.sensors.filesystem.FileSensor","filename":"filesystem.py","lineno":108}
{"timestamp":"2026-07-07T11:43:24.795242Z","level":"info","event":"Poking for file /mnt/snapshots/READY_FLAG_20260617","logger":"airflow.task.operators.airflow.providers.standard.sensors.filesystem.FileSensor","filename":"filesystem.py","lineno":108}
{"timestamp":"2026-07-07T11:43:34.798173Z","level":"info","event":"Poking for file /mnt/snapshots/READY_FLAG_20260617","logger":"airflow.task.operators.airflow.providers.standard.sensors.filesystem.FileSensor","filename":"filesystem.py","lineno":108}
{"timestamp":"2026-07-07T11:43:44.797781Z","level":"info","event":"Poking for file /mnt/snapshots/READY_FLAG_20260617","logger":"airflow.task.operators.airflow.providers.standard.sensors.filesystem.FileSensor","filename":"filesystem.py","lineno":108}
{"timestamp":"2026-07-07T11:43:54.800373Z","level":"info","event":"Poking for file /mnt/snapshots/READY_FLAG_20260617","logger":"airflow.task.operators.airflow.providers.standard.sensors.filesystem.FileSensor","filename":"filesystem.py","lineno":108}
{"timestamp":"2026-07-07T11:44:04.803624Z","level":"info","event":"Poking for file /mnt/snapshots/READY_FLAG_20260617","logger":"airflow.task.operators.airflow.providers.standard.sensors.filesystem.FileSensor","filename":"filesystem.py","lineno":108}
{"timestamp":"2026-07-07T11:44:14.802946Z","level":"info","event":"Poking for file /mnt/snapshots/READY_FLAG_20260617","logger":"airflow.task.operators.airflow.providers.standard.sensors.filesystem.FileSensor","filename":"filesystem.py","lineno":108}
{"timestamp":"2026-07-07T11:44:24.804995Z","level":"info","event":"Poking for file /mnt/snapshots/READY_FLAG_20260617","logger":"airflow.task.operators.airflow.providers.standard.sensors.filesystem.FileSensor","filename":"filesystem.py","lineno":108}
{"timestamp":"2026-07-07T11:44:34.806681Z","level":"info","event":"Poking for file /mnt/snapshots/READY_FLAG_20260617","logger":"airflow.task.operators.airflow.providers.standard.sensors.filesystem.FileSensor","filename":"filesystem.py","lineno":108}
{"timestamp":"2026-07-07T11:44:44.806845Z","level":"info","event":"Poking for file /mnt/snapshots/READY_FLAG_20260617","logger":"airflow.task.operators.airflow.providers.standard.sensors.filesystem.FileSensor","filename":"filesystem.py","lineno":108}
{"timestamp":"2026-07-07T11:44:54.810000Z","level":"info","event":"Poking for file /mnt/snapshots/READY_FLAG_20260617","logger":"airflow.task.operators.airflow.providers.standard.sensors.filesystem.FileSensor","filename":"filesystem.py","lineno":108}
{"timestamp":"2026-07-07T11:45:04.812233Z","level":"info","event":"Poking for file /mnt/snapshots/READY_FLAG_20260617","logger":"airflow.task.operators.airflow.providers.standard.sensors.filesystem.FileSensor","filename":"filesystem.py","lineno":108}
{"timestamp":"2026-07-07T11:45:14.812228Z","level":"info","event":"Poking for file /mnt/snapshots/READY_FLAG_20260617","logger":"airflow.task.operators.airflow.providers.standard.sensors.filesystem.FileSensor","filename":"filesystem.py","lineno":108}
{"timestamp":"2026-07-07T11:45:24.814078Z","level":"info","event":"Poking for file /mnt/snapshots/READY_FLAG_20260617","logger":"airflow.task.operators.airflow.providers.standard.sensors.filesystem.FileSensor","filename":"filesystem.py","lineno":108}
{"timestamp":"2026-07-07T11:45:34.817557Z","level":"info","event":"Poking for file /mnt/snapshots/READY_FLAG_20260617","logger":"airflow.task.operators.airflow.providers.standard.sensors.filesystem.FileSensor","filename":"filesystem.py","lineno":108}
{"timestamp":"2026-07-07T11:45:44.816653Z","level":"info","event":"Poking for file /mnt/snapshots/READY_FLAG_20260617","logger":"airflow.task.operators.airflow.providers.standard.sensors.filesystem.FileSensor","filename":"filesystem.py","lineno":108}
{"timestamp":"2026-07-07T11:45:54.819111Z","level":"info","event":"Poking for file /mnt/snapshots/READY_FLAG_20260617","logger":"airflow.task.operators.airflow.providers.standard.sensors.filesystem.FileSensor","filename":"filesystem.py","lineno":108}
{"timestamp":"2026-07-07T11:46:04.821121Z","level":"info","event":"Poking for file /mnt/snapshots/READY_FLAG_20260617","logger":"airflow.task.operators.airflow.providers.standard.sensors.filesystem.FileSensor","filename":"filesystem.py","lineno":108}
{"timestamp":"2026-07-07T11:46:14.821749Z","level":"info","event":"Poking for file /mnt/snapshots/READY_FLAG_20260617","logger":"airflow.task.operators.airflow.providers.standard.sensors.filesystem.FileSensor","filename":"filesystem.py","lineno":108}
{"timestamp":"2026-07-07T11:46:24.823802Z","level":"info","event":"Poking for file /mnt/snapshots/READY_FLAG_20260617","logger":"airflow.task.operators.airflow.providers.standard.sensors.filesystem.FileSensor","filename":"filesystem.py","lineno":108}
{"timestamp":"2026-07-07T11:46:34.826194Z","level":"info","event":"Poking for file /mnt/snapshots/READY_FLAG_20260617","logger":"airflow.task.operators.airflow.providers.standard.sensors.filesystem.FileSensor","filename":"filesystem.py","lineno":108}
{"timestamp":"2026-07-07T11:46:44.825341Z","level":"info","event":"Poking for file /mnt/snapshots/READY_FLAG_20260617","logger":"airflow.task.operators.airflow.providers.standard.sensors.filesystem.FileSensor","filename":"filesystem.py","lineno":108}
{"timestamp":"2026-07-07T11:46:54.827733Z","level":"info","event":"Poking for file /mnt/snapshots/READY_FLAG_20260617","logger":"airflow.task.operators.airflow.providers.standard.sensors.filesystem.FileSensor","filename":"filesystem.py","lineno":108}
{"timestamp":"2026-07-07T11:47:04.830971Z","level":"info","event":"Poking for file /mnt/snapshots/READY_FLAG_20260617","logger":"airflow.task.operators.airflow.providers.standard.sensors.filesystem.FileSensor","filename":"filesystem.py","lineno":108}
{"timestamp":"2026-07-07T11:47:14.830006Z","level":"info","event":"Poking for file /mnt/snapshots/READY_FLAG_20260617","logger":"airflow.task.operators.airflow.providers.standard.sensors.filesystem.FileSensor","filename":"filesystem.py","lineno":108}
{"timestamp":"2026-07-07T11:47:24.832306Z","level":"info","event":"Poking for file /mnt/snapshots/READY_FLAG_20260617","logger":"airflow.task.operators.airflow.providers.standard.sensors.filesystem.FileSensor","filename":"filesystem.py","lineno":108}
{"timestamp":"2026-07-07T11:47:34.833981Z","level":"info","event":"Poking for file /mnt/snapshots/READY_FLAG_20260617","logger":"airflow.task.operators.airflow.providers.standard.sensors.filesystem.FileSensor","filename":"filesystem.py","lineno":108}
{"timestamp":"2026-07-07T11:47:44.832715Z","level":"info","event":"Poking for file /mnt/snapshots/READY_FLAG_20260617","logger":"airflow.task.operators.airflow.providers.standard.sensors.filesystem.FileSensor","filename":"filesystem.py","lineno":108}
{"timestamp":"2026-07-07T11:47:54.835018Z","level":"info","event":"Poking for file /mnt/snapshots/READY_FLAG_20260617","logger":"airflow.task.operators.airflow.providers.standard.sensors.filesystem.FileSensor","filename":"filesystem.py","lineno":108}
{"timestamp":"2026-07-07T11:48:04.838929Z","level":"info","event":"Poking for file /mnt/snapshots/READY_FLAG_20260617","logger":"airflow.task.operators.airflow.providers.standard.sensors.filesystem.FileSensor","filename":"filesystem.py","lineno":108}
{"timestamp":"2026-07-07T11:48:14.838074Z","level":"info","event":"Poking for file /mnt/snapshots/READY_FLAG_20260617","logger":"airflow.task.operators.airflow.providers.standard.sensors.filesystem.FileSensor","filename":"filesystem.py","lineno":108}
{"timestamp":"2026-07-07T11:48:24.840249Z","level":"info","event":"Poking for file /mnt/snapshots/READY_FLAG_20260617","logger":"airflow.task.operators.airflow.providers.standard.sensors.filesystem.FileSensor","filename":"filesystem.py","lineno":108}
{"timestamp":"2026-07-07T11:48:34.842557Z","level":"info","event":"Poking for file /mnt/snapshots/READY_FLAG_20260617","logger":"airflow.task.operators.airflow.providers.standard.sensors.filesystem.FileSensor","filename":"filesystem.py","lineno":108}
{"timestamp":"2026-07-07T11:48:44.843803Z","level":"info","event":"Poking for file /mnt/snapshots/READY_FLAG_20260617","logger":"airflow.task.operators.airflow.providers.standard.sensors.filesystem.FileSensor","filename":"filesystem.py","lineno":108}
{"timestamp":"2026-07-07T11:48:54.847442Z","level":"info","event":"Poking for file /mnt/snapshots/READY_FLAG_20260617","logger":"airflow.task.operators.airflow.providers.standard.sensors.filesystem.FileSensor","filename":"filesystem.py","lineno":108}
{"timestamp":"2026-07-07T11:49:04.849603Z","level":"info","event":"Poking for file /mnt/snapshots/READY_FLAG_20260617","logger":"airflow.task.operators.airflow.providers.standard.sensors.filesystem.FileSensor","filename":"filesystem.py","lineno":108}
{"timestamp":"2026-07-07T11:49:14.848037Z","level":"info","event":"Poking for file /mnt/snapshots/READY_FLAG_20260617","logger":"airflow.task.operators.airflow.providers.standard.sensors.filesystem.FileSensor","filename":"filesystem.py","lineno":108}
{"timestamp":"2026-07-07T11:49:24.849707Z","level":"info","event":"Poking for file /mnt/snapshots/READY_FLAG_20260617","logger":"airflow.task.operators.airflow.providers.standard.sensors.filesystem.FileSensor","filename":"filesystem.py","lineno":108}
{"timestamp":"2026-07-07T11:49:34.851705Z","level":"info","event":"Poking for file /mnt/snapshots/READY_FLAG_20260617","logger":"airflow.task.operators.airflow.providers.standard.sensors.filesystem.FileSensor","filename":"filesystem.py","lineno":108}
{"timestamp":"2026-07-07T11:49:44.850534Z","level":"info","event":"Poking for file /mnt/snapshots/READY_FLAG_20260617","logger":"airflow.task.operators.airflow.providers.standard.sensors.filesystem.FileSensor","filename":"filesystem.py","lineno":108}
{"timestamp":"2026-07-07T11:49:54.852623Z","level":"info","event":"Poking for file /mnt/snapshots/READY_FLAG_20260617","logger":"airflow.task.operators.airflow.providers.standard.sensors.filesystem.FileSensor","filename":"filesystem.py","lineno":108}
{"timestamp":"2026-07-07T11:50:04.854858Z","level":"info","event":"Poking for file /mnt/snapshots/READY_FLAG_20260617","logger":"airflow.task.operators.airflow.providers.standard.sensors.filesystem.FileSensor","filename":"filesystem.py","lineno":108}
{"timestamp":"2026-07-07T11:50:14.855453Z","level":"info","event":"Poking for file /mnt/snapshots/READY_FLAG_20260617","logger":"airflow.task.operators.airflow.providers.standard.sensors.filesystem.FileSensor","filename":"filesystem.py","lineno":108}
{"timestamp":"2026-07-07T11:50:24.862431Z","level":"info","event":"Poking for file /mnt/snapshots/READY_FLAG_20260617","logger":"airflow.task.operators.airflow.providers.standard.sensors.filesystem.FileSensor","filename":"filesystem.py","lineno":108}
{"timestamp":"2026-07-07T11:50:34.864378Z","level":"info","event":"Poking for file /mnt/snapshots/READY_FLAG_20260617","logger":"airflow.task.operators.airflow.providers.standard.sensors.filesystem.FileSensor","filename":"filesystem.py","lineno":108}
{"timestamp":"2026-07-07T11:50:44.863652Z","level":"info","event":"Poking for file /mnt/snapshots/READY_FLAG_20260617","logger":"airflow.task.operators.airflow.providers.standard.sensors.filesystem.FileSensor","filename":"filesystem.py","lineno":108}
{"timestamp":"2026-07-07T11:50:54.865040Z","level":"info","event":"Poking for file /mnt/snapshots/READY_FLAG_20260617","logger":"airflow.task.operators.airflow.providers.standard.sensors.filesystem.FileSensor","filename":"filesystem.py","lineno":108}
{"timestamp":"2026-07-07T11:51:04.869020Z","level":"info","event":"Poking for file /mnt/snapshots/READY_FLAG_20260617","logger":"airflow.task.operators.airflow.providers.standard.sensors.filesystem.FileSensor","filename":"filesystem.py","lineno":108}
{"timestamp":"2026-07-07T11:51:14.869483Z","level":"info","event":"Poking for file /mnt/snapshots/READY_FLAG_20260617","logger":"airflow.task.operators.airflow.providers.standard.sensors.filesystem.FileSensor","filename":"filesystem.py","lineno":108}
{"timestamp":"2026-07-07T11:51:24.871989Z","level":"info","event":"Poking for file /mnt/snapshots/READY_FLAG_20260617","logger":"airflow.task.operators.airflow.providers.standard.sensors.filesystem.FileSensor","filename":"filesystem.py","lineno":108}
{"timestamp":"2026-07-07T11:51:34.875657Z","level":"info","event":"Poking for file /mnt/snapshots/READY_FLAG_20260617","logger":"airflow.task.operators.airflow.providers.standard.sensors.filesystem.FileSensor","filename":"filesystem.py","lineno":108}
{"timestamp":"2026-07-07T11:51:44.875562Z","level":"info","event":"Poking for file /mnt/snapshots/READY_FLAG_20260617","logger":"airflow.task.operators.airflow.providers.standard.sensors.filesystem.FileSensor","filename":"filesystem.py","lineno":108}
{"timestamp":"2026-07-07T11:51:54.877232Z","level":"info","event":"Poking for file /mnt/snapshots/READY_FLAG_20260617","logger":"airflow.task.operators.airflow.providers.standard.sensors.filesystem.FileSensor","filename":"filesystem.py","lineno":108}
{"timestamp":"2026-07-07T11:52:04.879541Z","level":"info","event":"Poking for file /mnt/snapshots/READY_FLAG_20260617","logger":"airflow.task.operators.airflow.providers.standard.sensors.filesystem.FileSensor","filename":"filesystem.py","lineno":108}
{"timestamp":"2026-07-07T11:52:14.880025Z","level":"info","event":"Poking for file /mnt/snapshots/READY_FLAG_20260617","logger":"airflow.task.operators.airflow.providers.standard.sensors.filesystem.FileSensor","filename":"filesystem.py","lineno":108}
{"timestamp":"2026-07-07T11:52:24.882043Z","level":"info","event":"Poking for file /mnt/snapshots/READY_FLAG_20260617","logger":"airflow.task.operators.airflow.providers.standard.sensors.filesystem.FileSensor","filename":"filesystem.py","lineno":108}
{"timestamp":"2026-07-07T11:52:34.884300Z","level":"info","event":"Poking for file /mnt/snapshots/READY_FLAG_20260617","logger":"airflow.task.operators.airflow.providers.standard.sensors.filesystem.FileSensor","filename":"filesystem.py","lineno":108}
{"timestamp":"2026-07-07T11:52:44.885229Z","level":"info","event":"Poking for file /mnt/snapshots/READY_FLAG_20260617","logger":"airflow.task.operators.airflow.providers.standard.sensors.filesystem.FileSensor","filename":"filesystem.py","lineno":108}
{"timestamp":"2026-07-07T11:52:54.888743Z","level":"info","event":"Poking for file /mnt/snapshots/READY_FLAG_20260617","logger":"airflow.task.operators.airflow.providers.standard.sensors.filesystem.FileSensor","filename":"filesystem.py","lineno":108}
{"timestamp":"2026-07-07T11:53:04.891599Z","level":"info","event":"Poking for file /mnt/snapshots/READY_FLAG_20260617","logger":"airflow.task.operators.airflow.providers.standard.sensors.filesystem.FileSensor","filename":"filesystem.py","lineno":108}
{"timestamp":"2026-07-07T11:53:14.891257Z","level":"info","event":"Poking for file /mnt/snapshots/READY_FLAG_20260617","logger":"airflow.task.operators.airflow.providers.standard.sensors.filesystem.FileSensor","filename":"filesystem.py","lineno":108}
{"timestamp":"2026-07-07T11:53:24.893476Z","level":"info","event":"Poking for file /mnt/snapshots/READY_FLAG_20260617","logger":"airflow.task.operators.airflow.providers.standard.sensors.filesystem.FileSensor","filename":"filesystem.py","lineno":108}
{"timestamp":"2026-07-07T11:53:34.895600Z","level":"info","event":"Poking for file /mnt/snapshots/READY_FLAG_20260617","logger":"airflow.task.operators.airflow.providers.standard.sensors.filesystem.FileSensor","filename":"filesystem.py","lineno":108}
{"timestamp":"2026-07-07T11:53:44.894843Z","level":"info","event":"Poking for file /mnt/snapshots/READY_FLAG_20260617","logger":"airflow.task.operators.airflow.providers.standard.sensors.filesystem.FileSensor","filename":"filesystem.py","lineno":108}
{"timestamp":"2026-07-07T11:53:54.896791Z","level":"info","event":"Poking for file /mnt/snapshots/READY_FLAG_20260617","logger":"airflow.task.operators.airflow.providers.standard.sensors.filesystem.FileSensor","filename":"filesystem.py","lineno":108}
{"timestamp":"2026-07-07T11:54:04.899558Z","level":"info","event":"Poking for file /mnt/snapshots/READY_FLAG_20260617","logger":"airflow.task.operators.airflow.providers.standard.sensors.filesystem.FileSensor","filename":"filesystem.py","lineno":108}
{"timestamp":"2026-07-07T11:54:14.899621Z","level":"info","event":"Poking for file /mnt/snapshots/READY_FLAG_20260617","logger":"airflow.task.operators.airflow.providers.standard.sensors.filesystem.FileSensor","filename":"filesystem.py","lineno":108}
{"timestamp":"2026-07-07T11:54:24.901323Z","level":"info","event":"Poking for file /mnt/snapshots/READY_FLAG_20260617","logger":"airflow.task.operators.airflow.providers.standard.sensors.filesystem.FileSensor","filename":"filesystem.py","lineno":108}
{"timestamp":"2026-07-07T11:54:34.904416Z","level":"info","event":"Poking for file /mnt/snapshots/READY_FLAG_20260617","logger":"airflow.task.operators.airflow.providers.standard.sensors.filesystem.FileSensor","filename":"filesystem.py","lineno":108}
{"timestamp":"2026-07-07T11:54:44.904368Z","level":"info","event":"Poking for file /mnt/snapshots/READY_FLAG_20260617","logger":"airflow.task.operators.airflow.providers.standard.sensors.filesystem.FileSensor","filename":"filesystem.py","lineno":108}
{"timestamp":"2026-07-07T11:54:54.906986Z","level":"info","event":"Poking for file /mnt/snapshots/READY_FLAG_20260617","logger":"airflow.task.operators.airflow.providers.standard.sensors.filesystem.FileSensor","filename":"filesystem.py","lineno":108}
{"timestamp":"2026-07-07T11:55:04.909293Z","level":"info","event":"Poking for file /mnt/snapshots/READY_FLAG_20260617","logger":"airflow.task.operators.airflow.providers.standard.sensors.filesystem.FileSensor","filename":"filesystem.py","lineno":108}
{"timestamp":"2026-07-07T11:55:14.909684Z","level":"info","event":"Poking for file /mnt/snapshots/READY_FLAG_20260617","logger":"airflow.task.operators.airflow.providers.standard.sensors.filesystem.FileSensor","filename":"filesystem.py","lineno":108}
{"timestamp":"2026-07-07T11:55:24.911500Z","level":"info","event":"Poking for file /mnt/snapshots/READY_FLAG_20260617","logger":"airflow.task.operators.airflow.providers.standard.sensors.filesystem.FileSensor","filename":"filesystem.py","lineno":108}
{"timestamp":"2026-07-07T11:55:34.914228Z","level":"info","event":"Poking for file /mnt/snapshots/READY_FLAG_20260617","logger":"airflow.task.operators.airflow.providers.standard.sensors.filesystem.FileSensor","filename":"filesystem.py","lineno":108}
{"timestamp":"2026-07-07T11:55:44.914056Z","level":"info","event":"Poking for file /mnt/snapshots/READY_FLAG_20260617","logger":"airflow.task.operators.airflow.providers.standard.sensors.filesystem.FileSensor","filename":"filesystem.py","lineno":108}
{"timestamp":"2026-07-07T11:55:54.917265Z","level":"info","event":"Poking for file /mnt/snapshots/READY_FLAG_20260617","logger":"airflow.task.operators.airflow.providers.standard.sensors.filesystem.FileSensor","filename":"filesystem.py","lineno":108}
{"timestamp":"2026-07-07T11:56:04.920933Z","level":"info","event":"Poking for file /mnt/snapshots/READY_FLAG_20260617","logger":"airflow.task.operators.airflow.providers.standard.sensors.filesystem.FileSensor","filename":"filesystem.py","lineno":108}
{"timestamp":"2026-07-07T11:56:14.920571Z","level":"info","event":"Poking for file /mnt/snapshots/READY_FLAG_20260617","logger":"airflow.task.operators.airflow.providers.standard.sensors.filesystem.FileSensor","filename":"filesystem.py","lineno":108}
{"timestamp":"2026-07-07T11:56:24.923243Z","level":"info","event":"Poking for file /mnt/snapshots/READY_FLAG_20260617","logger":"airflow.task.operators.airflow.providers.standard.sensors.filesystem.FileSensor","filename":"filesystem.py","lineno":108}
{"timestamp":"2026-07-07T11:56:34.926070Z","level":"info","event":"Poking for file /mnt/snapshots/READY_FLAG_20260617","logger":"airflow.task.operators.airflow.providers.standard.sensors.filesystem.FileSensor","filename":"filesystem.py","lineno":108}
{"timestamp":"2026-07-07T11:56:44.926784Z","level":"info","event":"Poking for file /mnt/snapshots/READY_FLAG_20260617","logger":"airflow.task.operators.airflow.providers.standard.sensors.filesystem.FileSensor","filename":"filesystem.py","lineno":108}
{"timestamp":"2026-07-07T11:56:54.928657Z","level":"info","event":"Poking for file /mnt/snapshots/READY_FLAG_20260617","logger":"airflow.task.operators.airflow.providers.standard.sensors.filesystem.FileSensor","filename":"filesystem.py","lineno":108}
{"timestamp":"2026-07-07T11:57:04.930561Z","level":"info","event":"Poking for file /mnt/snapshots/READY_FLAG_20260617","logger":"airflow.task.operators.airflow.providers.standard.sensors.filesystem.FileSensor","filename":"filesystem.py","lineno":108}
{"timestamp":"2026-07-07T11:57:14.929501Z","level":"info","event":"Poking for file /mnt/snapshots/READY_FLAG_20260617","logger":"airflow.task.operators.airflow.providers.standard.sensors.filesystem.FileSensor","filename":"filesystem.py","lineno":108}
{"timestamp":"2026-07-07T11:57:24.931551Z","level":"info","event":"Poking for file /mnt/snapshots/READY_FLAG_20260617","logger":"airflow.task.operators.airflow.providers.standard.sensors.filesystem.FileSensor","filename":"filesystem.py","lineno":108}
{"timestamp":"2026-07-07T11:57:34.934850Z","level":"info","event":"Poking for file /mnt/snapshots/READY_FLAG_20260617","logger":"airflow.task.operators.airflow.providers.standard.sensors.filesystem.FileSensor","filename":"filesystem.py","lineno":108}
{"timestamp":"2026-07-07T11:57:44.933994Z","level":"info","event":"Poking for file /mnt/snapshots/READY_FLAG_20260617","logger":"airflow.task.operators.airflow.providers.standard.sensors.filesystem.FileSensor","filename":"filesystem.py","lineno":108}
{"timestamp":"2026-07-07T11:57:54.935403Z","level":"info","event":"Poking for file /mnt/snapshots/READY_FLAG_20260617","logger":"airflow.task.operators.airflow.providers.standard.sensors.filesystem.FileSensor","filename":"filesystem.py","lineno":108}
{"timestamp":"2026-07-07T11:58:04.939900Z","level":"info","event":"Poking for file /mnt/snapshots/READY_FLAG_20260617","logger":"airflow.task.operators.airflow.providers.standard.sensors.filesystem.FileSensor","filename":"filesystem.py","lineno":108}
{"timestamp":"2026-07-07T11:58:14.938892Z","level":"info","event":"Poking for file /mnt/snapshots/READY_FLAG_20260617","logger":"airflow.task.operators.airflow.providers.standard.sensors.filesystem.FileSensor","filename":"filesystem.py","lineno":108}
{"timestamp":"2026-07-07T11:58:24.940436Z","level":"info","event":"Poking for file /mnt/snapshots/READY_FLAG_20260617","logger":"airflow.task.operators.airflow.providers.standard.sensors.filesystem.FileSensor","filename":"filesystem.py","lineno":108}
{"timestamp":"2026-07-07T11:58:34.942808Z","level":"info","event":"Poking for file /mnt/snapshots/READY_FLAG_20260617","logger":"airflow.task.operators.airflow.providers.standard.sensors.filesystem.FileSensor","filename":"filesystem.py","lineno":108}
{"timestamp":"2026-07-07T11:58:44.942260Z","level":"info","event":"Poking for file /mnt/snapshots/READY_FLAG_20260617","logger":"airflow.task.operators.airflow.providers.standard.sensors.filesystem.FileSensor","filename":"filesystem.py","lineno":108}
{"timestamp":"2026-07-07T11:58:54.945510Z","level":"info","event":"Poking for file /mnt/snapshots/READY_FLAG_20260617","logger":"airflow.task.operators.airflow.providers.standard.sensors.filesystem.FileSensor","filename":"filesystem.py","lineno":108}
{"timestamp":"2026-07-07T11:59:04.947292Z","level":"info","event":"Poking for file /mnt/snapshots/READY_FLAG_20260617","logger":"airflow.task.operators.airflow.providers.standard.sensors.filesystem.FileSensor","filename":"filesystem.py","lineno":108}
{"timestamp":"2026-07-07T11:59:14.946865Z","level":"info","event":"Poking for file /mnt/snapshots/READY_FLAG_20260617","logger":"airflow.task.operators.airflow.providers.standard.sensors.filesystem.FileSensor","filename":"filesystem.py","lineno":108}
{"timestamp":"2026-07-07T11:59:24.949241Z","level":"info","event":"Poking for file /mnt/snapshots/READY_FLAG_20260617","logger":"airflow.task.operators.airflow.providers.standard.sensors.filesystem.FileSensor","filename":"filesystem.py","lineno":108}
{"timestamp":"2026-07-07T11:59:34.952716Z","level":"info","event":"Poking for file /mnt/snapshots/READY_FLAG_20260617","logger":"airflow.task.operators.airflow.providers.standard.sensors.filesystem.FileSensor","filename":"filesystem.py","lineno":108}
{"timestamp":"2026-07-07T11:59:44.951273Z","level":"info","event":"Poking for file /mnt/snapshots/READY_FLAG_20260617","logger":"airflow.task.operators.airflow.providers.standard.sensors.filesystem.FileSensor","filename":"filesystem.py","lineno":108}
{"timestamp":"2026-07-07T11:59:54.954659Z","level":"info","event":"Poking for file /mnt/snapshots/READY_FLAG_20260617","logger":"airflow.task.operators.airflow.providers.standard.sensors.filesystem.FileSensor","filename":"filesystem.py","lineno":108}
{"timestamp":"2026-07-07T12:00:04.956593Z","level":"info","event":"Poking for file /mnt/snapshots/READY_FLAG_20260617","logger":"airflow.task.operators.airflow.providers.standard.sensors.filesystem.FileSensor","filename":"filesystem.py","lineno":108}
{"timestamp":"2026-07-07T12:00:14.955745Z","level":"info","event":"Poking for file /mnt/snapshots/READY_FLAG_20260617","logger":"airflow.task.operators.airflow.providers.standard.sensors.filesystem.FileSensor","filename":"filesystem.py","lineno":108}
{"timestamp":"2026-07-07T12:00:24.958503Z","level":"info","event":"Poking for file /mnt/snapshots/READY_FLAG_20260617","logger":"airflow.task.operators.airflow.providers.standard.sensors.filesystem.FileSensor","filename":"filesystem.py","lineno":108}
{"timestamp":"2026-07-07T12:00:34.960983Z","level":"info","event":"Poking for file /mnt/snapshots/READY_FLAG_20260617","logger":"airflow.task.operators.airflow.providers.standard.sensors.filesystem.FileSensor","filename":"filesystem.py","lineno":108}
{"timestamp":"2026-07-07T12:00:44.961933Z","level":"info","event":"Poking for file /mnt/snapshots/READY_FLAG_20260617","logger":"airflow.task.operators.airflow.providers.standard.sensors.filesystem.FileSensor","filename":"filesystem.py","lineno":108}
{"timestamp":"2026-07-07T12:00:54.963645Z","level":"info","event":"Poking for file /mnt/snapshots/READY_FLAG_20260617","logger":"airflow.task.operators.airflow.providers.standard.sensors.filesystem.FileSensor","filename":"filesystem.py","lineno":108}
{"timestamp":"2026-07-07T12:01:04.968108Z","level":"info","event":"Poking for file /mnt/snapshots/READY_FLAG_20260617","logger":"airflow.task.operators.airflow.providers.standard.sensors.filesystem.FileSensor","filename":"filesystem.py","lineno":108}
{"timestamp":"2026-07-07T12:01:14.966770Z","level":"info","event":"Poking for file /mnt/snapshots/READY_FLAG_20260617","logger":"airflow.task.operators.airflow.providers.standard.sensors.filesystem.FileSensor","filename":"filesystem.py","lineno":108}
{"timestamp":"2026-07-07T12:01:24.968821Z","level":"info","event":"Poking for file /mnt/snapshots/READY_FLAG_20260617","logger":"airflow.task.operators.airflow.providers.standard.sensors.filesystem.FileSensor","filename":"filesystem.py","lineno":108}
{"timestamp":"2026-07-07T12:01:34.971658Z","level":"info","event":"Poking for file /mnt/snapshots/READY_FLAG_20260617","logger":"airflow.task.operators.airflow.providers.standard.sensors.filesystem.FileSensor","filename":"filesystem.py","lineno":108}
{"timestamp":"2026-07-07T12:01:44.972332Z","level":"info","event":"Poking for file /mnt/snapshots/READY_FLAG_20260617","logger":"airflow.task.operators.airflow.providers.standard.sensors.filesystem.FileSensor","filename":"filesystem.py","lineno":108}
{"timestamp":"2026-07-07T12:01:54.974357Z","level":"info","event":"Poking for file /mnt/snapshots/READY_FLAG_20260617","logger":"airflow.task.operators.airflow.providers.standard.sensors.filesystem.FileSensor","filename":"filesystem.py","lineno":108}
{"timestamp":"2026-07-07T12:02:04.976515Z","level":"info","event":"Poking for file /mnt/snapshots/READY_FLAG_20260617","logger":"airflow.task.operators.airflow.providers.standard.sensors.filesystem.FileSensor","filename":"filesystem.py","lineno":108}
{"timestamp":"2026-07-07T12:02:14.973131Z","level":"info","event":"Poking for file /mnt/snapshots/READY_FLAG_20260617","logger":"airflow.task.operators.airflow.providers.standard.sensors.filesystem.FileSensor","filename":"filesystem.py","lineno":108}
{"timestamp":"2026-07-07T12:02:24.974481Z","level":"info","event":"Poking for file /mnt/snapshots/READY_FLAG_20260617","logger":"airflow.task.operators.airflow.providers.standard.sensors.filesystem.FileSensor","filename":"filesystem.py","lineno":108}
{"timestamp":"2026-07-07T12:02:34.975463Z","level":"info","event":"Poking for file /mnt/snapshots/READY_FLAG_20260617","logger":"airflow.task.operators.airflow.providers.standard.sensors.filesystem.FileSensor","filename":"filesystem.py","lineno":108}
{"timestamp":"2026-07-07T12:02:44.972727Z","level":"info","event":"Poking for file /mnt/snapshots/READY_FLAG_20260617","logger":"airflow.task.operators.airflow.providers.standard.sensors.filesystem.FileSensor","filename":"filesystem.py","lineno":108}
{"timestamp":"2026-07-07T12:02:54.974715Z","level":"info","event":"Poking for file /mnt/snapshots/READY_FLAG_20260617","logger":"airflow.task.operators.airflow.providers.standard.sensors.filesystem.FileSensor","filename":"filesystem.py","lineno":108}
{"timestamp":"2026-07-07T12:03:04.977431Z","level":"info","event":"Poking for file /mnt/snapshots/READY_FLAG_20260617","logger":"airflow.task.operators.airflow.providers.standard.sensors.filesystem.FileSensor","filename":"filesystem.py","lineno":108}
{"timestamp":"2026-07-07T12:03:14.977441Z","level":"info","event":"Poking for file /mnt/snapshots/READY_FLAG_20260617","logger":"airflow.task.operators.airflow.providers.standard.sensors.filesystem.FileSensor","filename":"filesystem.py","lineno":108}
{"timestamp":"2026-07-07T12:03:24.978725Z","level":"info","event":"Poking for file /mnt/snapshots/READY_FLAG_20260617","logger":"airflow.task.operators.airflow.providers.standard.sensors.filesystem.FileSensor","filename":"filesystem.py","lineno":108}
{"timestamp":"2026-07-07T12:03:34.981011Z","level":"info","event":"Poking for file /mnt/snapshots/READY_FLAG_20260617","logger":"airflow.task.operators.airflow.providers.standard.sensors.filesystem.FileSensor","filename":"filesystem.py","lineno":108}
{"timestamp":"2026-07-07T12:03:44.979234Z","level":"info","event":"Poking for file /mnt/snapshots/READY_FLAG_20260617","logger":"airflow.task.operators.airflow.providers.standard.sensors.filesystem.FileSensor","filename":"filesystem.py","lineno":108}
{"timestamp":"2026-07-07T12:03:54.981024Z","level":"info","event":"Poking for file /mnt/snapshots/READY_FLAG_20260617","logger":"airflow.task.operators.airflow.providers.standard.sensors.filesystem.FileSensor","filename":"filesystem.py","lineno":108}
{"timestamp":"2026-07-07T12:04:04.983153Z","level":"info","event":"Poking for file /mnt/snapshots/READY_FLAG_20260617","logger":"airflow.task.operators.airflow.providers.standard.sensors.filesystem.FileSensor","filename":"filesystem.py","lineno":108}
{"timestamp":"2026-07-07T12:04:14.981358Z","level":"info","event":"Poking for file /mnt/snapshots/READY_FLAG_20260617","logger":"airflow.task.operators.airflow.providers.standard.sensors.filesystem.FileSensor","filename":"filesystem.py","lineno":108}
{"timestamp":"2026-07-07T12:04:24.982871Z","level":"info","event":"Poking for file /mnt/snapshots/READY_FLAG_20260617","logger":"airflow.task.operators.airflow.providers.standard.sensors.filesystem.FileSensor","filename":"filesystem.py","lineno":108}
{"timestamp":"2026-07-07T12:04:34.985719Z","level":"info","event":"Poking for file /mnt/snapshots/READY_FLAG_20260617","logger":"airflow.task.operators.airflow.providers.standard.sensors.filesystem.FileSensor","filename":"filesystem.py","lineno":108}
{"timestamp":"2026-07-07T12:04:44.984011Z","level":"info","event":"Poking for file /mnt/snapshots/READY_FLAG_20260617","logger":"airflow.task.operators.airflow.providers.standard.sensors.filesystem.FileSensor","filename":"filesystem.py","lineno":108}
{"timestamp":"2026-07-07T12:04:54.986614Z","level":"info","event":"Poking for file /mnt/snapshots/READY_FLAG_20260617","logger":"airflow.task.operators.airflow.providers.standard.sensors.filesystem.FileSensor","filename":"filesystem.py","lineno":108}
{"timestamp":"2026-07-07T12:05:04.989002Z","level":"info","event":"Poking for file /mnt/snapshots/READY_FLAG_20260617","logger":"airflow.task.operators.airflow.providers.standard.sensors.filesystem.FileSensor","filename":"filesystem.py","lineno":108}
{"timestamp":"2026-07-07T12:05:14.986963Z","level":"info","event":"Poking for file /mnt/snapshots/READY_FLAG_20260617","logger":"airflow.task.operators.airflow.providers.standard.sensors.filesystem.FileSensor","filename":"filesystem.py","lineno":108}
{"timestamp":"2026-07-07T12:05:24.988028Z","level":"info","event":"Poking for file /mnt/snapshots/READY_FLAG_20260617","logger":"airflow.task.operators.airflow.providers.standard.sensors.filesystem.FileSensor","filename":"filesystem.py","lineno":108}
{"timestamp":"2026-07-07T12:05:34.989992Z","level":"info","event":"Poking for file /mnt/snapshots/READY_FLAG_20260617","logger":"airflow.task.operators.airflow.providers.standard.sensors.filesystem.FileSensor","filename":"filesystem.py","lineno":108}
{"timestamp":"2026-07-07T12:05:44.988987Z","level":"info","event":"Poking for file /mnt/snapshots/READY_FLAG_20260617","logger":"airflow.task.operators.airflow.providers.standard.sensors.filesystem.FileSensor","filename":"filesystem.py","lineno":108}
{"timestamp":"2026-07-07T12:05:54.990491Z","level":"info","event":"Poking for file /mnt/snapshots/READY_FLAG_20260617","logger":"airflow.task.operators.airflow.providers.standard.sensors.filesystem.FileSensor","filename":"filesystem.py","lineno":108}
{"timestamp":"2026-07-07T12:06:04.992156Z","level":"info","event":"Poking for file /mnt/snapshots/READY_FLAG_20260617","logger":"airflow.task.operators.airflow.providers.standard.sensors.filesystem.FileSensor","filename":"filesystem.py","lineno":108}
{"timestamp":"2026-07-07T12:06:14.990548Z","level":"info","event":"Poking for file /mnt/snapshots/READY_FLAG_20260617","logger":"airflow.task.operators.airflow.providers.standard.sensors.filesystem.FileSensor","filename":"filesystem.py","lineno":108}
{"timestamp":"2026-07-07T12:06:24.993674Z","level":"info","event":"Poking for file /mnt/snapshots/READY_FLAG_20260617","logger":"airflow.task.operators.airflow.providers.standard.sensors.filesystem.FileSensor","filename":"filesystem.py","lineno":108}
{"timestamp":"2026-07-07T12:06:34.995399Z","level":"info","event":"Poking for file /mnt/snapshots/READY_FLAG_20260617","logger":"airflow.task.operators.airflow.providers.standard.sensors.filesystem.FileSensor","filename":"filesystem.py","lineno":108}
{"timestamp":"2026-07-07T12:06:44.994489Z","level":"info","event":"Poking for file /mnt/snapshots/READY_FLAG_20260617","logger":"airflow.task.operators.airflow.providers.standard.sensors.filesystem.FileSensor","filename":"filesystem.py","lineno":108}
{"timestamp":"2026-07-07T12:06:54.996848Z","level":"info","event":"Poking for file /mnt/snapshots/READY_FLAG_20260617","logger":"airflow.task.operators.airflow.providers.standard.sensors.filesystem.FileSensor","filename":"filesystem.py","lineno":108}
{"timestamp":"2026-07-07T12:07:04.998882Z","level":"info","event":"Poking for file /mnt/snapshots/READY_FLAG_20260617","logger":"airflow.task.operators.airflow.providers.standard.sensors.filesystem.FileSensor","filename":"filesystem.py","lineno":108}
{"timestamp":"2026-07-07T12:07:14.999866Z","level":"info","event":"Poking for file /mnt/snapshots/READY_FLAG_20260617","logger":"airflow.task.operators.airflow.providers.standard.sensors.filesystem.FileSensor","filename":"filesystem.py","lineno":108}
{"timestamp":"2026-07-07T12:07:25.002634Z","level":"info","event":"Poking for file /mnt/snapshots/READY_FLAG_20260617","logger":"airflow.task.operators.airflow.providers.standard.sensors.filesystem.FileSensor","filename":"filesystem.py","lineno":108}
{"timestamp":"2026-07-07T12:07:35.006381Z","level":"info","event":"Poking for file /mnt/snapshots/READY_FLAG_20260617","logger":"airflow.task.operators.airflow.providers.standard.sensors.filesystem.FileSensor","filename":"filesystem.py","lineno":108}
{"timestamp":"2026-07-07T12:07:45.006319Z","level":"info","event":"Poking for file /mnt/snapshots/READY_FLAG_20260617","logger":"airflow.task.operators.airflow.providers.standard.sensors.filesystem.FileSensor","filename":"filesystem.py","lineno":108}
{"timestamp":"2026-07-07T12:07:55.008747Z","level":"info","event":"Poking for file /mnt/snapshots/READY_FLAG_20260617","logger":"airflow.task.operators.airflow.providers.standard.sensors.filesystem.FileSensor","filename":"filesystem.py","lineno":108}
{"timestamp":"2026-07-07T12:08:05.011050Z","level":"info","event":"Poking for file /mnt/snapshots/READY_FLAG_20260617","logger":"airflow.task.operators.airflow.providers.standard.sensors.filesystem.FileSensor","filename":"filesystem.py","lineno":108}
{"timestamp":"2026-07-07T12:08:15.011711Z","level":"info","event":"Poking for file /mnt/snapshots/READY_FLAG_20260617","logger":"airflow.task.operators.airflow.providers.standard.sensors.filesystem.FileSensor","filename":"filesystem.py","lineno":108}
{"timestamp":"2026-07-07T12:08:25.015792Z","level":"info","event":"Poking for file /mnt/snapshots/READY_FLAG_20260617","logger":"airflow.task.operators.airflow.providers.standard.sensors.filesystem.FileSensor","filename":"filesystem.py","lineno":108}
{"timestamp":"2026-07-07T12:08:35.018431Z","level":"info","event":"Poking for file /mnt/snapshots/READY_FLAG_20260617","logger":"airflow.task.operators.airflow.providers.standard.sensors.filesystem.FileSensor","filename":"filesystem.py","lineno":108}
{"timestamp":"2026-07-07T12:08:45.017460Z","level":"info","event":"Poking for file /mnt/snapshots/READY_FLAG_20260617","logger":"airflow.task.operators.airflow.providers.standard.sensors.filesystem.FileSensor","filename":"filesystem.py","lineno":108}
{"timestamp":"2026-07-07T12:08:55.019349Z","level":"info","event":"Poking for file /mnt/snapshots/READY_FLAG_20260617","logger":"airflow.task.operators.airflow.providers.standard.sensors.filesystem.FileSensor","filename":"filesystem.py","lineno":108}
{"timestamp":"2026-07-07T12:09:05.020836Z","level":"info","event":"Poking for file /mnt/snapshots/READY_FLAG_20260617","logger":"airflow.task.operators.airflow.providers.standard.sensors.filesystem.FileSensor","filename":"filesystem.py","lineno":108}
{"timestamp":"2026-07-07T12:09:15.018612Z","level":"info","event":"Poking for file /mnt/snapshots/READY_FLAG_20260617","logger":"airflow.task.operators.airflow.providers.standard.sensors.filesystem.FileSensor","filename":"filesystem.py","lineno":108}
{"timestamp":"2026-07-07T12:09:25.020533Z","level":"info","event":"Poking for file /mnt/snapshots/READY_FLAG_20260617","logger":"airflow.task.operators.airflow.providers.standard.sensors.filesystem.FileSensor","filename":"filesystem.py","lineno":108}
{"timestamp":"2026-07-07T12:09:35.022678Z","level":"info","event":"Poking for file /mnt/snapshots/READY_FLAG_20260617","logger":"airflow.task.operators.airflow.providers.standard.sensors.filesystem.FileSensor","filename":"filesystem.py","lineno":108}
{"timestamp":"2026-07-07T12:09:45.020026Z","level":"info","event":"Poking for file /mnt/snapshots/READY_FLAG_20260617","logger":"airflow.task.operators.airflow.providers.standard.sensors.filesystem.FileSensor","filename":"filesystem.py","lineno":108}
{"timestamp":"2026-07-07T12:09:55.022830Z","level":"info","event":"Poking for file /mnt/snapshots/READY_FLAG_20260617","logger":"airflow.task.operators.airflow.providers.standard.sensors.filesystem.FileSensor","filename":"filesystem.py","lineno":108}
{"timestamp":"2026-07-07T12:10:05.024043Z","level":"info","event":"Poking for file /mnt/snapshots/READY_FLAG_20260617","logger":"airflow.task.operators.airflow.providers.standard.sensors.filesystem.FileSensor","filename":"filesystem.py","lineno":108}
{"timestamp":"2026-07-07T12:10:15.023660Z","level":"info","event":"Poking for file /mnt/snapshots/READY_FLAG_20260617","logger":"airflow.task.operators.airflow.providers.standard.sensors.filesystem.FileSensor","filename":"filesystem.py","lineno":108}
{"timestamp":"2026-07-07T12:10:25.025937Z","level":"info","event":"Poking for file /mnt/snapshots/READY_FLAG_20260617","logger":"airflow.task.operators.airflow.providers.standard.sensors.filesystem.FileSensor","filename":"filesystem.py","lineno":108}
{"timestamp":"2026-07-07T12:10:35.028652Z","level":"info","event":"Poking for file /mnt/snapshots/READY_FLAG_20260617","logger":"airflow.task.operators.airflow.providers.standard.sensors.filesystem.FileSensor","filename":"filesystem.py","lineno":108}
{"timestamp":"2026-07-07T12:10:45.033778Z","level":"info","event":"Poking for file /mnt/snapshots/READY_FLAG_20260617","logger":"airflow.task.operators.airflow.providers.standard.sensors.filesystem.FileSensor","filename":"filesystem.py","lineno":108}
{"timestamp":"2026-07-07T12:10:55.036002Z","level":"info","event":"Poking for file /mnt/snapshots/READY_FLAG_20260617","logger":"airflow.task.operators.airflow.providers.standard.sensors.filesystem.FileSensor","filename":"filesystem.py","lineno":108}
{"timestamp":"2026-07-07T12:11:05.039193Z","level":"info","event":"Poking for file /mnt/snapshots/READY_FLAG_20260617","logger":"airflow.task.operators.airflow.providers.standard.sensors.filesystem.FileSensor","filename":"filesystem.py","lineno":108}
{"timestamp":"2026-07-07T12:11:15.035977Z","level":"info","event":"Poking for file /mnt/snapshots/READY_FLAG_20260617","logger":"airflow.task.operators.airflow.providers.standard.sensors.filesystem.FileSensor","filename":"filesystem.py","lineno":108}
{"timestamp":"2026-07-07T12:11:25.038937Z","level":"info","event":"Poking for file /mnt/snapshots/READY_FLAG_20260617","logger":"airflow.task.operators.airflow.providers.standard.sensors.filesystem.FileSensor","filename":"filesystem.py","lineno":108}
{"timestamp":"2026-07-07T12:11:35.041087Z","level":"info","event":"Poking for file /mnt/snapshots/READY_FLAG_20260617","logger":"airflow.task.operators.airflow.providers.standard.sensors.filesystem.FileSensor","filename":"filesystem.py","lineno":108}
{"timestamp":"2026-07-07T12:11:45.042302Z","level":"info","event":"Poking for file /mnt/snapshots/READY_FLAG_20260617","logger":"airflow.task.operators.airflow.providers.standard.sensors.filesystem.FileSensor","filename":"filesystem.py","lineno":108}
{"timestamp":"2026-07-07T12:11:55.045820Z","level":"info","event":"Poking for file /mnt/snapshots/READY_FLAG_20260617","logger":"airflow.task.operators.airflow.providers.standard.sensors.filesystem.FileSensor","filename":"filesystem.py","lineno":108}
{"timestamp":"2026-07-07T12:12:05.047141Z","level":"info","event":"Poking for file /mnt/snapshots/READY_FLAG_20260617","logger":"airflow.task.operators.airflow.providers.standard.sensors.filesystem.FileSensor","filename":"filesystem.py","lineno":108}
{"timestamp":"2026-07-07T12:12:15.045834Z","level":"info","event":"Poking for file /mnt/snapshots/READY_FLAG_20260617","logger":"airflow.task.operators.airflow.providers.standard.sensors.filesystem.FileSensor","filename":"filesystem.py","lineno":108}
{"timestamp":"2026-07-07T12:12:25.047354Z","level":"info","event":"Poking for file /mnt/snapshots/READY_FLAG_20260617","logger":"airflow.task.operators.airflow.providers.standard.sensors.filesystem.FileSensor","filename":"filesystem.py","lineno":108}
{"timestamp":"2026-07-07T12:12:35.049517Z","level":"info","event":"Poking for file /mnt/snapshots/READY_FLAG_20260617","logger":"airflow.task.operators.airflow.providers.standard.sensors.filesystem.FileSensor","filename":"filesystem.py","lineno":108}
{"timestamp":"2026-07-07T12:12:45.048558Z","level":"info","event":"Poking for file /mnt/snapshots/READY_FLAG_20260617","logger":"airflow.task.operators.airflow.providers.standard.sensors.filesystem.FileSensor","filename":"filesystem.py","lineno":108}
{"timestamp":"2026-07-07T12:12:55.051212Z","level":"info","event":"Poking for file /mnt/snapshots/READY_FLAG_20260617","logger":"airflow.task.operators.airflow.providers.standard.sensors.filesystem.FileSensor","filename":"filesystem.py","lineno":108}
{"timestamp":"2026-07-07T12:13:05.053921Z","level":"info","event":"Poking for file /mnt/snapshots/READY_FLAG_20260617","logger":"airflow.task.operators.airflow.providers.standard.sensors.filesystem.FileSensor","filename":"filesystem.py","lineno":108}
{"timestamp":"2026-07-07T12:13:15.052359Z","level":"info","event":"Poking for file /mnt/snapshots/READY_FLAG_20260617","logger":"airflow.task.operators.airflow.providers.standard.sensors.filesystem.FileSensor","filename":"filesystem.py","lineno":108}
{"timestamp":"2026-07-07T12:13:25.056600Z","level":"info","event":"Poking for file /mnt/snapshots/READY_FLAG_20260617","logger":"airflow.task.operators.airflow.providers.standard.sensors.filesystem.FileSensor","filename":"filesystem.py","lineno":108}
{"timestamp":"2026-07-07T12:13:35.058545Z","level":"info","event":"Poking for file /mnt/snapshots/READY_FLAG_20260617","logger":"airflow.task.operators.airflow.providers.standard.sensors.filesystem.FileSensor","filename":"filesystem.py","lineno":108}
{"timestamp":"2026-07-07T12:13:45.055886Z","level":"info","event":"Poking for file /mnt/snapshots/READY_FLAG_20260617","logger":"airflow.task.operators.airflow.providers.standard.sensors.filesystem.FileSensor","filename":"filesystem.py","lineno":108}
{"timestamp":"2026-07-07T12:13:55.057954Z","level":"info","event":"Poking for file /mnt/snapshots/READY_FLAG_20260617","logger":"airflow.task.operators.airflow.providers.standard.sensors.filesystem.FileSensor","filename":"filesystem.py","lineno":108}
{"timestamp":"2026-07-07T12:14:05.060567Z","level":"info","event":"Poking for file /mnt/snapshots/READY_FLAG_20260617","logger":"airflow.task.operators.airflow.providers.standard.sensors.filesystem.FileSensor","filename":"filesystem.py","lineno":108}
{"timestamp":"2026-07-07T12:14:15.062852Z","level":"info","event":"Poking for file /mnt/snapshots/READY_FLAG_20260617","logger":"airflow.task.operators.airflow.providers.standard.sensors.filesystem.FileSensor","filename":"filesystem.py","lineno":108}
{"timestamp":"2026-07-07T12:14:25.064584Z","level":"info","event":"Poking for file /mnt/snapshots/READY_FLAG_20260617","logger":"airflow.task.operators.airflow.providers.standard.sensors.filesystem.FileSensor","filename":"filesystem.py","lineno":108}
{"timestamp":"2026-07-07T12:14:35.067319Z","level":"info","event":"Poking for file /mnt/snapshots/READY_FLAG_20260617","logger":"airflow.task.operators.airflow.providers.standard.sensors.filesystem.FileSensor","filename":"filesystem.py","lineno":108}
{"timestamp":"2026-07-07T12:14:45.067208Z","level":"info","event":"Poking for file /mnt/snapshots/READY_FLAG_20260617","logger":"airflow.task.operators.airflow.providers.standard.sensors.filesystem.FileSensor","filename":"filesystem.py","lineno":108}
{"timestamp":"2026-07-07T12:14:55.070398Z","level":"info","event":"Poking for file /mnt/snapshots/READY_FLAG_20260617","logger":"airflow.task.operators.airflow.providers.standard.sensors.filesystem.FileSensor","filename":"filesystem.py","lineno":108}
{"timestamp":"2026-07-07T12:15:05.073442Z","level":"info","event":"Poking for file /mnt/snapshots/READY_FLAG_20260617","logger":"airflow.task.operators.airflow.providers.standard.sensors.filesystem.FileSensor","filename":"filesystem.py","lineno":108}
{"timestamp":"2026-07-07T12:15:15.074202Z","level":"info","event":"Poking for file /mnt/snapshots/READY_FLAG_20260617","logger":"airflow.task.operators.airflow.providers.standard.sensors.filesystem.FileSensor","filename":"filesystem.py","lineno":108}
{"timestamp":"2026-07-07T12:15:25.076609Z","level":"info","event":"Poking for file /mnt/snapshots/READY_FLAG_20260617","logger":"airflow.task.operators.airflow.providers.standard.sensors.filesystem.FileSensor","filename":"filesystem.py","lineno":108}
{"timestamp":"2026-07-07T12:15:35.078946Z","level":"info","event":"Poking for file /mnt/snapshots/READY_FLAG_20260617","logger":"airflow.task.operators.airflow.providers.standard.sensors.filesystem.FileSensor","filename":"filesystem.py","lineno":108}
{"timestamp":"2026-07-07T12:15:45.078623Z","level":"info","event":"Poking for file /mnt/snapshots/READY_FLAG_20260617","logger":"airflow.task.operators.airflow.providers.standard.sensors.filesystem.FileSensor","filename":"filesystem.py","lineno":108}
{"timestamp":"2026-07-07T12:15:55.081352Z","level":"info","event":"Poking for file /mnt/snapshots/READY_FLAG_20260617","logger":"airflow.task.operators.airflow.providers.standard.sensors.filesystem.FileSensor","filename":"filesystem.py","lineno":108}
{"timestamp":"2026-07-07T12:16:05.083262Z","level":"info","event":"Poking for file /mnt/snapshots/READY_FLAG_20260617","logger":"airflow.task.operators.airflow.providers.standard.sensors.filesystem.FileSensor","filename":"filesystem.py","lineno":108}
{"timestamp":"2026-07-07T12:16:15.081951Z","level":"info","event":"Poking for file /mnt/snapshots/READY_FLAG_20260617","logger":"airflow.task.operators.airflow.providers.standard.sensors.filesystem.FileSensor","filename":"filesystem.py","lineno":108}
{"timestamp":"2026-07-07T12:16:25.084558Z","level":"info","event":"Poking for file /mnt/snapshots/READY_FLAG_20260617","logger":"airflow.task.operators.airflow.providers.standard.sensors.filesystem.FileSensor","filename":"filesystem.py","lineno":108}
{"timestamp":"2026-07-07T12:16:35.085783Z","level":"info","event":"Poking for file /mnt/snapshots/READY_FLAG_20260617","logger":"airflow.task.operators.airflow.providers.standard.sensors.filesystem.FileSensor","filename":"filesystem.py","lineno":108}
{"timestamp":"2026-07-07T12:16:45.085090Z","level":"info","event":"Poking for file /mnt/snapshots/READY_FLAG_20260617","logger":"airflow.task.operators.airflow.providers.standard.sensors.filesystem.FileSensor","filename":"filesystem.py","lineno":108}
{"timestamp":"2026-07-07T12:16:55.087557Z","level":"info","event":"Poking for file /mnt/snapshots/READY_FLAG_20260617","logger":"airflow.task.operators.airflow.providers.standard.sensors.filesystem.FileSensor","filename":"filesystem.py","lineno":108}
{"timestamp":"2026-07-07T12:17:05.090110Z","level":"info","event":"Poking for file /mnt/snapshots/READY_FLAG_20260617","logger":"airflow.task.operators.airflow.providers.standard.sensors.filesystem.FileSensor","filename":"filesystem.py","lineno":108}
{"timestamp":"2026-07-07T12:17:15.088620Z","level":"info","event":"Poking for file /mnt/snapshots/READY_FLAG_20260617","logger":"airflow.task.operators.airflow.providers.standard.sensors.filesystem.FileSensor","filename":"filesystem.py","lineno":108}
{"timestamp":"2026-07-07T12:17:25.091345Z","level":"info","event":"Poking for file /mnt/snapshots/READY_FLAG_20260617","logger":"airflow.task.operators.airflow.providers.standard.sensors.filesystem.FileSensor","filename":"filesystem.py","lineno":108}
{"timestamp":"2026-07-07T12:17:35.093757Z","level":"info","event":"Poking for file /mnt/snapshots/READY_FLAG_20260617","logger":"airflow.task.operators.airflow.providers.standard.sensors.filesystem.FileSensor","filename":"filesystem.py","lineno":108}
{"timestamp":"2026-07-07T12:17:45.092556Z","level":"info","event":"Poking for file /mnt/snapshots/READY_FLAG_20260617","logger":"airflow.task.operators.airflow.providers.standard.sensors.filesystem.FileSensor","filename":"filesystem.py","lineno":108}
{"timestamp":"2026-07-07T12:17:55.094195Z","level":"info","event":"Poking for file /mnt/snapshots/READY_FLAG_20260617","logger":"airflow.task.operators.airflow.providers.standard.sensors.filesystem.FileSensor","filename":"filesystem.py","lineno":108}
{"timestamp":"2026-07-07T12:18:05.099023Z","level":"info","event":"Poking for file /mnt/snapshots/READY_FLAG_20260617","logger":"airflow.task.operators.airflow.providers.standard.sensors.filesystem.FileSensor","filename":"filesystem.py","lineno":108}
{"timestamp":"2026-07-07T12:18:15.099597Z","level":"info","event":"Poking for file /mnt/snapshots/READY_FLAG_20260617","logger":"airflow.task.operators.airflow.providers.standard.sensors.filesystem.FileSensor","filename":"filesystem.py","lineno":108}
{"timestamp":"2026-07-07T12:18:25.101623Z","level":"info","event":"Poking for file /mnt/snapshots/READY_FLAG_20260617","logger":"airflow.task.operators.airflow.providers.standard.sensors.filesystem.FileSensor","filename":"filesystem.py","lineno":108}
{"timestamp":"2026-07-07T12:18:35.103846Z","level":"info","event":"Poking for file /mnt/snapshots/READY_FLAG_20260617","logger":"airflow.task.operators.airflow.providers.standard.sensors.filesystem.FileSensor","filename":"filesystem.py","lineno":108}
{"timestamp":"2026-07-07T12:18:45.103476Z","level":"info","event":"Poking for file /mnt/snapshots/READY_FLAG_20260617","logger":"airflow.task.operators.airflow.providers.standard.sensors.filesystem.FileSensor","filename":"filesystem.py","lineno":108}
{"timestamp":"2026-07-07T12:18:55.105534Z","level":"info","event":"Poking for file /mnt/snapshots/READY_FLAG_20260617","logger":"airflow.task.operators.airflow.providers.standard.sensors.filesystem.FileSensor","filename":"filesystem.py","lineno":108}
{"timestamp":"2026-07-07T12:19:05.106859Z","level":"info","event":"Poking for file /mnt/snapshots/READY_FLAG_20260617","logger":"airflow.task.operators.airflow.providers.standard.sensors.filesystem.FileSensor","filename":"filesystem.py","lineno":108}
{"timestamp":"2026-07-07T12:19:15.105958Z","level":"info","event":"Poking for file /mnt/snapshots/READY_FLAG_20260617","logger":"airflow.task.operators.airflow.providers.standard.sensors.filesystem.FileSensor","filename":"filesystem.py","lineno":108}
{"timestamp":"2026-07-07T12:19:25.108384Z","level":"info","event":"Poking for file /mnt/snapshots/READY_FLAG_20260617","logger":"airflow.task.operators.airflow.providers.standard.sensors.filesystem.FileSensor","filename":"filesystem.py","lineno":108}
{"timestamp":"2026-07-07T12:19:35.115150Z","level":"info","event":"Poking for file /mnt/snapshots/READY_FLAG_20260617","logger":"airflow.task.operators.airflow.providers.standard.sensors.filesystem.FileSensor","filename":"filesystem.py","lineno":108}
{"timestamp":"2026-07-07T12:19:45.113932Z","level":"info","event":"Poking for file /mnt/snapshots/READY_FLAG_20260617","logger":"airflow.task.operators.airflow.providers.standard.sensors.filesystem.FileSensor","filename":"filesystem.py","lineno":108}
{"timestamp":"2026-07-07T12:19:55.116203Z","level":"info","event":"Poking for file /mnt/snapshots/READY_FLAG_20260617","logger":"airflow.task.operators.airflow.providers.standard.sensors.filesystem.FileSensor","filename":"filesystem.py","lineno":108}
{"timestamp":"2026-07-07T12:20:05.117672Z","level":"info","event":"Poking for file /mnt/snapshots/READY_FLAG_20260617","logger":"airflow.task.operators.airflow.providers.standard.sensors.filesystem.FileSensor","filename":"filesystem.py","lineno":108}
{"timestamp":"2026-07-07T12:20:15.116307Z","level":"info","event":"Poking for file /mnt/snapshots/READY_FLAG_20260617","logger":"airflow.task.operators.airflow.providers.standard.sensors.filesystem.FileSensor","filename":"filesystem.py","lineno":108}
{"timestamp":"2026-07-07T12:20:25.118256Z","level":"info","event":"Poking for file /mnt/snapshots/READY_FLAG_20260617","logger":"airflow.task.operators.airflow.providers.standard.sensors.filesystem.FileSensor","filename":"filesystem.py","lineno":108}
{"timestamp":"2026-07-07T12:20:35.119695Z","level":"info","event":"Poking for file /mnt/snapshots/READY_FLAG_20260617","logger":"airflow.task.operators.airflow.providers.standard.sensors.filesystem.FileSensor","filename":"filesystem.py","lineno":108}
{"timestamp":"2026-07-07T12:20:45.118323Z","level":"info","event":"Poking for file /mnt/snapshots/READY_FLAG_20260617","logger":"airflow.task.operators.airflow.providers.standard.sensors.filesystem.FileSensor","filename":"filesystem.py","lineno":108}
{"timestamp":"2026-07-07T12:20:55.121062Z","level":"info","event":"Poking for file /mnt/snapshots/READY_FLAG_20260617","logger":"airflow.task.operators.airflow.providers.standard.sensors.filesystem.FileSensor","filename":"filesystem.py","lineno":108}
{"timestamp":"2026-07-07T12:21:05.122322Z","level":"info","event":"Poking for file /mnt/snapshots/READY_FLAG_20260617","logger":"airflow.task.operators.airflow.providers.standard.sensors.filesystem.FileSensor","filename":"filesystem.py","lineno":108}
{"timestamp":"2026-07-07T12:21:15.121781Z","level":"info","event":"Poking for file /mnt/snapshots/READY_FLAG_20260617","logger":"airflow.task.operators.airflow.providers.standard.sensors.filesystem.FileSensor","filename":"filesystem.py","lineno":108}
{"timestamp":"2026-07-07T12:21:25.123805Z","level":"info","event":"Poking for file /mnt/snapshots/READY_FLAG_20260617","logger":"airflow.task.operators.airflow.providers.standard.sensors.filesystem.FileSensor","filename":"filesystem.py","lineno":108}
{"timestamp":"2026-07-07T12:21:35.127303Z","level":"info","event":"Poking for file /mnt/snapshots/READY_FLAG_20260617","logger":"airflow.task.operators.airflow.providers.standard.sensors.filesystem.FileSensor","filename":"filesystem.py","lineno":108}
{"timestamp":"2026-07-07T12:21:45.127030Z","level":"info","event":"Poking for file /mnt/snapshots/READY_FLAG_20260617","logger":"airflow.task.operators.airflow.providers.standard.sensors.filesystem.FileSensor","filename":"filesystem.py","lineno":108}
{"timestamp":"2026-07-07T12:21:55.128804Z","level":"info","event":"Poking for file /mnt/snapshots/READY_FLAG_20260617","logger":"airflow.task.operators.airflow.providers.standard.sensors.filesystem.FileSensor","filename":"filesystem.py","lineno":108}
{"timestamp":"2026-07-07T12:22:05.130763Z","level":"info","event":"Poking for file /mnt/snapshots/READY_FLAG_20260617","logger":"airflow.task.operators.airflow.providers.standard.sensors.filesystem.FileSensor","filename":"filesystem.py","lineno":108}
{"timestamp":"2026-07-07T12:22:15.130142Z","level":"info","event":"Poking for file /mnt/snapshots/READY_FLAG_20260617","logger":"airflow.task.operators.airflow.providers.standard.sensors.filesystem.FileSensor","filename":"filesystem.py","lineno":108}
{"timestamp":"2026-07-07T12:22:25.133018Z","level":"info","event":"Poking for file /mnt/snapshots/READY_FLAG_20260617","logger":"airflow.task.operators.airflow.providers.standard.sensors.filesystem.FileSensor","filename":"filesystem.py","lineno":108}
{"timestamp":"2026-07-07T12:22:35.135004Z","level":"info","event":"Poking for file /mnt/snapshots/READY_FLAG_20260617","logger":"airflow.task.operators.airflow.providers.standard.sensors.filesystem.FileSensor","filename":"filesystem.py","lineno":108}
{"timestamp":"2026-07-07T12:22:45.132232Z","level":"info","event":"Poking for file /mnt/snapshots/READY_FLAG_20260617","logger":"airflow.task.operators.airflow.providers.standard.sensors.filesystem.FileSensor","filename":"filesystem.py","lineno":108}
{"timestamp":"2026-07-07T12:22:55.134118Z","level":"info","event":"Poking for file /mnt/snapshots/READY_FLAG_20260617","logger":"airflow.task.operators.airflow.providers.standard.sensors.filesystem.FileSensor","filename":"filesystem.py","lineno":108}
{"timestamp":"2026-07-07T12:23:05.137674Z","level":"info","event":"Poking for file /mnt/snapshots/READY_FLAG_20260617","logger":"airflow.task.operators.airflow.providers.standard.sensors.filesystem.FileSensor","filename":"filesystem.py","lineno":108}
{"timestamp":"2026-07-07T12:23:15.138307Z","level":"info","event":"Poking for file /mnt/snapshots/READY_FLAG_20260617","logger":"airflow.task.operators.airflow.providers.standard.sensors.filesystem.FileSensor","filename":"filesystem.py","lineno":108}
{"timestamp":"2026-07-07T12:23:25.142243Z","level":"info","event":"Poking for file /mnt/snapshots/READY_FLAG_20260617","logger":"airflow.task.operators.airflow.providers.standard.sensors.filesystem.FileSensor","filename":"filesystem.py","lineno":108}
{"timestamp":"2026-07-07T12:23:35.143996Z","level":"info","event":"Poking for file /mnt/snapshots/READY_FLAG_20260617","logger":"airflow.task.operators.airflow.providers.standard.sensors.filesystem.FileSensor","filename":"filesystem.py","lineno":108}
{"timestamp":"2026-07-07T12:23:45.141694Z","level":"info","event":"Poking for file /mnt/snapshots/READY_FLAG_20260617","logger":"airflow.task.operators.airflow.providers.standard.sensors.filesystem.FileSensor","filename":"filesystem.py","lineno":108}
{"timestamp":"2026-07-07T12:23:55.143392Z","level":"info","event":"Poking for file /mnt/snapshots/READY_FLAG_20260617","logger":"airflow.task.operators.airflow.providers.standard.sensors.filesystem.FileSensor","filename":"filesystem.py","lineno":108}
{"timestamp":"2026-07-07T12:24:05.145064Z","level":"info","event":"Poking for file /mnt/snapshots/READY_FLAG_20260617","logger":"airflow.task.operators.airflow.providers.standard.sensors.filesystem.FileSensor","filename":"filesystem.py","lineno":108}
{"timestamp":"2026-07-07T12:24:15.144238Z","level":"info","event":"Poking for file /mnt/snapshots/READY_FLAG_20260617","logger":"airflow.task.operators.airflow.providers.standard.sensors.filesystem.FileSensor","filename":"filesystem.py","lineno":108}
{"timestamp":"2026-07-07T12:24:25.146188Z","level":"info","event":"Poking for file /mnt/snapshots/READY_FLAG_20260617","logger":"airflow.task.operators.airflow.providers.standard.sensors.filesystem.FileSensor","filename":"filesystem.py","lineno":108}
{"timestamp":"2026-07-07T12:24:35.148368Z","level":"info","event":"Poking for file /mnt/snapshots/READY_FLAG_20260617","logger":"airflow.task.operators.airflow.providers.standard.sensors.filesystem.FileSensor","filename":"filesystem.py","lineno":108}
{"timestamp":"2026-07-07T12:24:45.147590Z","level":"info","event":"Poking for file /mnt/snapshots/READY_FLAG_20260617","logger":"airflow.task.operators.airflow.providers.standard.sensors.filesystem.FileSensor","filename":"filesystem.py","lineno":108}
{"timestamp":"2026-07-07T12:24:55.150282Z","level":"info","event":"Poking for file /mnt/snapshots/READY_FLAG_20260617","logger":"airflow.task.operators.airflow.providers.standard.sensors.filesystem.FileSensor","filename":"filesystem.py","lineno":108}
{"timestamp":"2026-07-07T12:25:05.152511Z","level":"info","event":"Poking for file /mnt/snapshots/READY_FLAG_20260617","logger":"airflow.task.operators.airflow.providers.standard.sensors.filesystem.FileSensor","filename":"filesystem.py","lineno":108}
{"timestamp":"2026-07-07T12:25:15.151806Z","level":"info","event":"Poking for file /mnt/snapshots/READY_FLAG_20260617","logger":"airflow.task.operators.airflow.providers.standard.sensors.filesystem.FileSensor","filename":"filesystem.py","lineno":108}
{"timestamp":"2026-07-07T12:25:25.154906Z","level":"info","event":"Poking for file /mnt/snapshots/READY_FLAG_20260617","logger":"airflow.task.operators.airflow.providers.standard.sensors.filesystem.FileSensor","filename":"filesystem.py","lineno":108}
{"timestamp":"2026-07-07T12:25:35.158249Z","level":"info","event":"Poking for file /mnt/snapshots/READY_FLAG_20260617","logger":"airflow.task.operators.airflow.providers.standard.sensors.filesystem.FileSensor","filename":"filesystem.py","lineno":108}
{"timestamp":"2026-07-07T12:25:45.156966Z","level":"info","event":"Poking for file /mnt/snapshots/READY_FLAG_20260617","logger":"airflow.task.operators.airflow.providers.standard.sensors.filesystem.FileSensor","filename":"filesystem.py","lineno":108}
{"timestamp":"2026-07-07T12:25:55.158953Z","level":"info","event":"Poking for file /mnt/snapshots/READY_FLAG_20260617","logger":"airflow.task.operators.airflow.providers.standard.sensors.filesystem.FileSensor","filename":"filesystem.py","lineno":108}
{"timestamp":"2026-07-07T12:26:05.160594Z","level":"info","event":"Poking for file /mnt/snapshots/READY_FLAG_20260617","logger":"airflow.task.operators.airflow.providers.standard.sensors.filesystem.FileSensor","filename":"filesystem.py","lineno":108}
{"timestamp":"2026-07-07T12:26:15.159149Z","level":"info","event":"Poking for file /mnt/snapshots/READY_FLAG_20260617","logger":"airflow.task.operators.airflow.providers.standard.sensors.filesystem.FileSensor","filename":"filesystem.py","lineno":108}
{"timestamp":"2026-07-07T12:26:25.161509Z","level":"info","event":"Poking for file /mnt/snapshots/READY_FLAG_20260617","logger":"airflow.task.operators.airflow.providers.standard.sensors.filesystem.FileSensor","filename":"filesystem.py","lineno":108}
{"timestamp":"2026-07-07T12:26:35.163464Z","level":"info","event":"Poking for file /mnt/snapshots/READY_FLAG_20260617","logger":"airflow.task.operators.airflow.providers.standard.sensors.filesystem.FileSensor","filename":"filesystem.py","lineno":108}
{"timestamp":"2026-07-07T12:26:45.161930Z","level":"info","event":"Poking for file /mnt/snapshots/READY_FLAG_20260617","logger":"airflow.task.operators.airflow.providers.standard.sensors.filesystem.FileSensor","filename":"filesystem.py","lineno":108}
{"timestamp":"2026-07-07T12:26:55.163369Z","level":"info","event":"Poking for file /mnt/snapshots/READY_FLAG_20260617","logger":"airflow.task.operators.airflow.providers.standard.sensors.filesystem.FileSensor","filename":"filesystem.py","lineno":108}
{"timestamp":"2026-07-07T12:27:05.165686Z","level":"info","event":"Poking for file /mnt/snapshots/READY_FLAG_20260617","logger":"airflow.task.operators.airflow.providers.standard.sensors.filesystem.FileSensor","filename":"filesystem.py","lineno":108}
{"timestamp":"2026-07-07T12:27:15.166407Z","level":"info","event":"Poking for file /mnt/snapshots/READY_FLAG_20260617","logger":"airflow.task.operators.airflow.providers.standard.sensors.filesystem.FileSensor","filename":"filesystem.py","lineno":108}
{"timestamp":"2026-07-07T12:27:25.168340Z","level":"info","event":"Poking for file /mnt/snapshots/READY_FLAG_20260617","logger":"airflow.task.operators.airflow.providers.standard.sensors.filesystem.FileSensor","filename":"filesystem.py","lineno":108}
{"timestamp":"2026-07-07T12:27:35.170303Z","level":"info","event":"Poking for file /mnt/snapshots/READY_FLAG_20260617","logger":"airflow.task.operators.airflow.providers.standard.sensors.filesystem.FileSensor","filename":"filesystem.py","lineno":108}
{"timestamp":"2026-07-07T12:27:45.169329Z","level":"info","event":"Poking for file /mnt/snapshots/READY_FLAG_20260617","logger":"airflow.task.operators.airflow.providers.standard.sensors.filesystem.FileSensor","filename":"filesystem.py","lineno":108}
{"timestamp":"2026-07-07T12:27:55.173907Z","level":"info","event":"Poking for file /mnt/snapshots/READY_FLAG_20260617","logger":"airflow.task.operators.airflow.providers.standard.sensors.filesystem.FileSensor","filename":"filesystem.py","lineno":108}
{"timestamp":"2026-07-07T12:28:05.176610Z","level":"info","event":"Poking for file /mnt/snapshots/READY_FLAG_20260617","logger":"airflow.task.operators.airflow.providers.standard.sensors.filesystem.FileSensor","filename":"filesystem.py","lineno":108}
{"timestamp":"2026-07-07T12:28:15.176009Z","level":"info","event":"Poking for file /mnt/snapshots/READY_FLAG_20260617","logger":"airflow.task.operators.airflow.providers.standard.sensors.filesystem.FileSensor","filename":"filesystem.py","lineno":108}
{"timestamp":"2026-07-07T12:28:25.177817Z","level":"info","event":"Poking for file /mnt/snapshots/READY_FLAG_20260617","logger":"airflow.task.operators.airflow.providers.standard.sensors.filesystem.FileSensor","filename":"filesystem.py","lineno":108}
{"timestamp":"2026-07-07T12:28:35.182254Z","level":"info","event":"Poking for file /mnt/snapshots/READY_FLAG_20260617","logger":"airflow.task.operators.airflow.providers.standard.sensors.filesystem.FileSensor","filename":"filesystem.py","lineno":108}
{"timestamp":"2026-07-07T12:28:45.181197Z","level":"info","event":"Poking for file /mnt/snapshots/READY_FLAG_20260617","logger":"airflow.task.operators.airflow.providers.standard.sensors.filesystem.FileSensor","filename":"filesystem.py","lineno":108}
{"timestamp":"2026-07-07T12:28:55.183602Z","level":"info","event":"Poking for file /mnt/snapshots/READY_FLAG_20260617","logger":"airflow.task.operators.airflow.providers.standard.sensors.filesystem.FileSensor","filename":"filesystem.py","lineno":108}
{"timestamp":"2026-07-07T12:29:05.185121Z","level":"info","event":"Poking for file /mnt/snapshots/READY_FLAG_20260617","logger":"airflow.task.operators.airflow.providers.standard.sensors.filesystem.FileSensor","filename":"filesystem.py","lineno":108}
{"timestamp":"2026-07-07T12:29:15.183618Z","level":"info","event":"Poking for file /mnt/snapshots/READY_FLAG_20260617","logger":"airflow.task.operators.airflow.providers.standard.sensors.filesystem.FileSensor","filename":"filesystem.py","lineno":108}
{"timestamp":"2026-07-07T12:29:25.185275Z","level":"info","event":"Poking for file /mnt/snapshots/READY_FLAG_20260617","logger":"airflow.task.operators.airflow.providers.standard.sensors.filesystem.FileSensor","filename":"filesystem.py","lineno":108}
{"timestamp":"2026-07-07T12:29:35.187950Z","level":"info","event":"Poking for file /mnt/snapshots/READY_FLAG_20260617","logger":"airflow.task.operators.airflow.providers.standard.sensors.filesystem.FileSensor","filename":"filesystem.py","lineno":108}
{"timestamp":"2026-07-07T12:29:45.188359Z","level":"info","event":"Poking for file /mnt/snapshots/READY_FLAG_20260617","logger":"airflow.task.operators.airflow.providers.standard.sensors.filesystem.FileSensor","filename":"filesystem.py","lineno":108}
{"timestamp":"2026-07-07T12:29:55.189789Z","level":"info","event":"Poking for file /mnt/snapshots/READY_FLAG_20260617","logger":"airflow.task.operators.airflow.providers.standard.sensors.filesystem.FileSensor","filename":"filesystem.py","lineno":108}
{"timestamp":"2026-07-07T12:30:05.193671Z","level":"info","event":"Poking for file /mnt/snapshots/READY_FLAG_20260617","logger":"airflow.task.operators.airflow.providers.standard.sensors.filesystem.FileSensor","filename":"filesystem.py","lineno":108}
{"timestamp":"2026-07-07T12:30:15.191837Z","level":"info","event":"Poking for file /mnt/snapshots/READY_FLAG_20260617","logger":"airflow.task.operators.airflow.providers.standard.sensors.filesystem.FileSensor","filename":"filesystem.py","lineno":108}
{"timestamp":"2026-07-07T12:30:25.195856Z","level":"info","event":"Poking for file /mnt/snapshots/READY_FLAG_20260617","logger":"airflow.task.operators.airflow.providers.standard.sensors.filesystem.FileSensor","filename":"filesystem.py","lineno":108}
{"timestamp":"2026-07-07T12:30:35.197797Z","level":"info","event":"Poking for file /mnt/snapshots/READY_FLAG_20260617","logger":"airflow.task.operators.airflow.providers.standard.sensors.filesystem.FileSensor","filename":"filesystem.py","lineno":108}
{"timestamp":"2026-07-07T12:30:45.197249Z","level":"info","event":"Poking for file /mnt/snapshots/READY_FLAG_20260617","logger":"airflow.task.operators.airflow.providers.standard.sensors.filesystem.FileSensor","filename":"filesystem.py","lineno":108}
{"timestamp":"2026-07-07T12:30:55.198718Z","level":"info","event":"Poking for file /mnt/snapshots/READY_FLAG_20260617","logger":"airflow.task.operators.airflow.providers.standard.sensors.filesystem.FileSensor","filename":"filesystem.py","lineno":108}
{"timestamp":"2026-07-07T12:31:05.200819Z","level":"info","event":"Poking for file /mnt/snapshots/READY_FLAG_20260617","logger":"airflow.task.operators.airflow.providers.standard.sensors.filesystem.FileSensor","filename":"filesystem.py","lineno":108}
{"timestamp":"2026-07-07T12:31:15.199032Z","level":"info","event":"Poking for file /mnt/snapshots/READY_FLAG_20260617","logger":"airflow.task.operators.airflow.providers.standard.sensors.filesystem.FileSensor","filename":"filesystem.py","lineno":108}
{"timestamp":"2026-07-07T12:31:25.202316Z","level":"info","event":"Poking for file /mnt/snapshots/READY_FLAG_20260617","logger":"airflow.task.operators.airflow.providers.standard.sensors.filesystem.FileSensor","filename":"filesystem.py","lineno":108}
{"timestamp":"2026-07-07T12:31:35.203674Z","level":"info","event":"Poking for file /mnt/snapshots/READY_FLAG_20260617","logger":"airflow.task.operators.airflow.providers.standard.sensors.filesystem.FileSensor","filename":"filesystem.py","lineno":108}
{"timestamp":"2026-07-07T12:31:45.202347Z","level":"info","event":"Poking for file /mnt/snapshots/READY_FLAG_20260617","logger":"airflow.task.operators.airflow.providers.standard.sensors.filesystem.FileSensor","filename":"filesystem.py","lineno":108}
{"timestamp":"2026-07-07T12:31:55.205042Z","level":"info","event":"Poking for file /mnt/snapshots/READY_FLAG_20260617","logger":"airflow.task.operators.airflow.providers.standard.sensors.filesystem.FileSensor","filename":"filesystem.py","lineno":108}
{"timestamp":"2026-07-07T12:32:05.206913Z","level":"info","event":"Poking for file /mnt/snapshots/READY_FLAG_20260617","logger":"airflow.task.operators.airflow.providers.standard.sensors.filesystem.FileSensor","filename":"filesystem.py","lineno":108}
{"timestamp":"2026-07-07T12:32:15.205914Z","level":"info","event":"Poking for file /mnt/snapshots/READY_FLAG_20260617","logger":"airflow.task.operators.airflow.providers.standard.sensors.filesystem.FileSensor","filename":"filesystem.py","lineno":108}
{"timestamp":"2026-07-07T12:32:25.209919Z","level":"info","event":"Poking for file /mnt/snapshots/READY_FLAG_20260617","logger":"airflow.task.operators.airflow.providers.standard.sensors.filesystem.FileSensor","filename":"filesystem.py","lineno":108}
{"timestamp":"2026-07-07T12:32:35.211616Z","level":"info","event":"Poking for file /mnt/snapshots/READY_FLAG_20260617","logger":"airflow.task.operators.airflow.providers.standard.sensors.filesystem.FileSensor","filename":"filesystem.py","lineno":108}
{"timestamp":"2026-07-07T12:32:45.210684Z","level":"info","event":"Poking for file /mnt/snapshots/READY_FLAG_20260617","logger":"airflow.task.operators.airflow.providers.standard.sensors.filesystem.FileSensor","filename":"filesystem.py","lineno":108}
{"timestamp":"2026-07-07T12:32:55.213343Z","level":"info","event":"Poking for file /mnt/snapshots/READY_FLAG_20260617","logger":"airflow.task.operators.airflow.providers.standard.sensors.filesystem.FileSensor","filename":"filesystem.py","lineno":108}
{"timestamp":"2026-07-07T12:33:05.216089Z","level":"info","event":"Poking for file /mnt/snapshots/READY_FLAG_20260617","logger":"airflow.task.operators.airflow.providers.standard.sensors.filesystem.FileSensor","filename":"filesystem.py","lineno":108}
{"timestamp":"2026-07-07T12:33:15.215113Z","level":"info","event":"Poking for file /mnt/snapshots/READY_FLAG_20260617","logger":"airflow.task.operators.airflow.providers.standard.sensors.filesystem.FileSensor","filename":"filesystem.py","lineno":108}
{"timestamp":"2026-07-07T12:33:25.217638Z","level":"info","event":"Poking for file /mnt/snapshots/READY_FLAG_20260617","logger":"airflow.task.operators.airflow.providers.standard.sensors.filesystem.FileSensor","filename":"filesystem.py","lineno":108}
{"timestamp":"2026-07-07T12:33:35.220801Z","level":"info","event":"Poking for file /mnt/snapshots/READY_FLAG_20260617","logger":"airflow.task.operators.airflow.providers.standard.sensors.filesystem.FileSensor","filename":"filesystem.py","lineno":108}
{"timestamp":"2026-07-07T12:33:45.220992Z","level":"info","event":"Poking for file /mnt/snapshots/READY_FLAG_20260617","logger":"airflow.task.operators.airflow.providers.standard.sensors.filesystem.FileSensor","filename":"filesystem.py","lineno":108}
{"timestamp":"2026-07-07T12:33:55.223390Z","level":"info","event":"Poking for file /mnt/snapshots/READY_FLAG_20260617","logger":"airflow.task.operators.airflow.providers.standard.sensors.filesystem.FileSensor","filename":"filesystem.py","lineno":108}
{"timestamp":"2026-07-07T12:34:05.225232Z","level":"info","event":"Poking for file /mnt/snapshots/READY_FLAG_20260617","logger":"airflow.task.operators.airflow.providers.standard.sensors.filesystem.FileSensor","filename":"filesystem.py","lineno":108}
{"timestamp":"2026-07-07T12:34:15.224315Z","level":"info","event":"Poking for file /mnt/snapshots/READY_FLAG_20260617","logger":"airflow.task.operators.airflow.providers.standard.sensors.filesystem.FileSensor","filename":"filesystem.py","lineno":108}
{"timestamp":"2026-07-07T12:34:25.225918Z","level":"info","event":"Poking for file /mnt/snapshots/READY_FLAG_20260617","logger":"airflow.task.operators.airflow.providers.standard.sensors.filesystem.FileSensor","filename":"filesystem.py","lineno":108}
{"timestamp":"2026-07-07T12:34:35.227525Z","level":"info","event":"Poking for file /mnt/snapshots/READY_FLAG_20260617","logger":"airflow.task.operators.airflow.providers.standard.sensors.filesystem.FileSensor","filename":"filesystem.py","lineno":108}
{"timestamp":"2026-07-07T12:34:45.226870Z","level":"info","event":"Poking for file /mnt/snapshots/READY_FLAG_20260617","logger":"airflow.task.operators.airflow.providers.standard.sensors.filesystem.FileSensor","filename":"filesystem.py","lineno":108}
{"timestamp":"2026-07-07T12:34:55.230085Z","level":"info","event":"Poking for file /mnt/snapshots/READY_FLAG_20260617","logger":"airflow.task.operators.airflow.providers.standard.sensors.filesystem.FileSensor","filename":"filesystem.py","lineno":108}
{"timestamp":"2026-07-07T12:35:05.231881Z","level":"info","event":"Poking for file /mnt/snapshots/READY_FLAG_20260617","logger":"airflow.task.operators.airflow.providers.standard.sensors.filesystem.FileSensor","filename":"filesystem.py","lineno":108}
{"timestamp":"2026-07-07T12:35:15.231524Z","level":"info","event":"Poking for file /mnt/snapshots/READY_FLAG_20260617","logger":"airflow.task.operators.airflow.providers.standard.sensors.filesystem.FileSensor","filename":"filesystem.py","lineno":108}
{"timestamp":"2026-07-07T12:35:25.234204Z","level":"info","event":"Poking for file /mnt/snapshots/READY_FLAG_20260617","logger":"airflow.task.operators.airflow.providers.standard.sensors.filesystem.FileSensor","filename":"filesystem.py","lineno":108}
{"timestamp":"2026-07-07T12:35:35.238277Z","level":"info","event":"Poking for file /mnt/snapshots/READY_FLAG_20260617","logger":"airflow.task.operators.airflow.providers.standard.sensors.filesystem.FileSensor","filename":"filesystem.py","lineno":108}
{"timestamp":"2026-07-07T12:35:45.239353Z","level":"info","event":"Poking for file /mnt/snapshots/READY_FLAG_20260617","logger":"airflow.task.operators.airflow.providers.standard.sensors.filesystem.FileSensor","filename":"filesystem.py","lineno":108}
{"timestamp":"2026-07-07T12:35:55.242250Z","level":"info","event":"Poking for file /mnt/snapshots/READY_FLAG_20260617","logger":"airflow.task.operators.airflow.providers.standard.sensors.filesystem.FileSensor","filename":"filesystem.py","lineno":108}
{"timestamp":"2026-07-07T12:36:05.245427Z","level":"info","event":"Poking for file /mnt/snapshots/READY_FLAG_20260617","logger":"airflow.task.operators.airflow.providers.standard.sensors.filesystem.FileSensor","filename":"filesystem.py","lineno":108}
{"timestamp":"2026-07-07T12:36:15.243119Z","level":"info","event":"Poking for file /mnt/snapshots/READY_FLAG_20260617","logger":"airflow.task.operators.airflow.providers.standard.sensors.filesystem.FileSensor","filename":"filesystem.py","lineno":108}
{"timestamp":"2026-07-07T12:36:25.244810Z","level":"info","event":"Poking for file /mnt/snapshots/READY_FLAG_20260617","logger":"airflow.task.operators.airflow.providers.standard.sensors.filesystem.FileSensor","filename":"filesystem.py","lineno":108}
{"timestamp":"2026-07-07T12:36:35.246033Z","level":"info","event":"Poking for file /mnt/snapshots/READY_FLAG_20260617","logger":"airflow.task.operators.airflow.providers.standard.sensors.filesystem.FileSensor","filename":"filesystem.py","lineno":108}
{"timestamp":"2026-07-07T12:36:45.246435Z","level":"info","event":"Poking for file /mnt/snapshots/READY_FLAG_20260617","logger":"airflow.task.operators.airflow.providers.standard.sensors.filesystem.FileSensor","filename":"filesystem.py","lineno":108}
{"timestamp":"2026-07-07T12:36:55.248811Z","level":"info","event":"Poking for file /mnt/snapshots/READY_FLAG_20260617","logger":"airflow.task.operators.airflow.providers.standard.sensors.filesystem.FileSensor","filename":"filesystem.py","lineno":108}
{"timestamp":"2026-07-07T12:37:05.251664Z","level":"info","event":"Poking for file /mnt/snapshots/READY_FLAG_20260617","logger":"airflow.task.operators.airflow.providers.standard.sensors.filesystem.FileSensor","filename":"filesystem.py","lineno":108}
{"timestamp":"2026-07-07T12:37:15.251868Z","level":"info","event":"Poking for file /mnt/snapshots/READY_FLAG_20260617","logger":"airflow.task.operators.airflow.providers.standard.sensors.filesystem.FileSensor","filename":"filesystem.py","lineno":108}
{"timestamp":"2026-07-07T12:37:25.254233Z","level":"info","event":"Poking for file /mnt/snapshots/READY_FLAG_20260617","logger":"airflow.task.operators.airflow.providers.standard.sensors.filesystem.FileSensor","filename":"filesystem.py","lineno":108}
{"timestamp":"2026-07-07T12:37:35.256634Z","level":"info","event":"Poking for file /mnt/snapshots/READY_FLAG_20260617","logger":"airflow.task.operators.airflow.providers.standard.sensors.filesystem.FileSensor","filename":"filesystem.py","lineno":108}
{"timestamp":"2026-07-07T12:37:45.255456Z","level":"info","event":"Poking for file /mnt/snapshots/READY_FLAG_20260617","logger":"airflow.task.operators.airflow.providers.standard.sensors.filesystem.FileSensor","filename":"filesystem.py","lineno":108}
{"timestamp":"2026-07-07T12:37:55.258289Z","level":"info","event":"Poking for file /mnt/snapshots/READY_FLAG_20260617","logger":"airflow.task.operators.airflow.providers.standard.sensors.filesystem.FileSensor","filename":"filesystem.py","lineno":108}
{"timestamp":"2026-07-07T12:38:05.261072Z","level":"info","event":"Poking for file /mnt/snapshots/READY_FLAG_20260617","logger":"airflow.task.operators.airflow.providers.standard.sensors.filesystem.FileSensor","filename":"filesystem.py","lineno":108}
{"timestamp":"2026-07-07T12:38:15.260257Z","level":"info","event":"Poking for file /mnt/snapshots/READY_FLAG_20260617","logger":"airflow.task.operators.airflow.providers.standard.sensors.filesystem.FileSensor","filename":"filesystem.py","lineno":108}
{"timestamp":"2026-07-07T12:38:25.262228Z","level":"info","event":"Poking for file /mnt/snapshots/READY_FLAG_20260617","logger":"airflow.task.operators.airflow.providers.standard.sensors.filesystem.FileSensor","filename":"filesystem.py","lineno":108}
{"timestamp":"2026-07-07T12:38:35.265779Z","level":"info","event":"Poking for file /mnt/snapshots/READY_FLAG_20260617","logger":"airflow.task.operators.airflow.providers.standard.sensors.filesystem.FileSensor","filename":"filesystem.py","lineno":108}
{"timestamp":"2026-07-07T12:38:45.266675Z","level":"info","event":"Poking for file /mnt/snapshots/READY_FLAG_20260617","logger":"airflow.task.operators.airflow.providers.standard.sensors.filesystem.FileSensor","filename":"filesystem.py","lineno":108}
{"timestamp":"2026-07-07T12:38:55.268098Z","level":"info","event":"Poking for file /mnt/snapshots/READY_FLAG_20260617","logger":"airflow.task.operators.airflow.providers.standard.sensors.filesystem.FileSensor","filename":"filesystem.py","lineno":108}
{"timestamp":"2026-07-07T12:39:05.270450Z","level":"info","event":"Poking for file /mnt/snapshots/READY_FLAG_20260617","logger":"airflow.task.operators.airflow.providers.standard.sensors.filesystem.FileSensor","filename":"filesystem.py","lineno":108}
{"timestamp":"2026-07-07T12:39:15.269212Z","level":"info","event":"Poking for file /mnt/snapshots/READY_FLAG_20260617","logger":"airflow.task.operators.airflow.providers.standard.sensors.filesystem.FileSensor","filename":"filesystem.py","lineno":108}
{"timestamp":"2026-07-07T12:39:25.270890Z","level":"info","event":"Poking for file /mnt/snapshots/READY_FLAG_20260617","logger":"airflow.task.operators.airflow.providers.standard.sensors.filesystem.FileSensor","filename":"filesystem.py","lineno":108}
{"timestamp":"2026-07-07T12:39:35.272460Z","level":"info","event":"Poking for file /mnt/snapshots/READY_FLAG_20260617","logger":"airflow.task.operators.airflow.providers.standard.sensors.filesystem.FileSensor","filename":"filesystem.py","lineno":108}
{"timestamp":"2026-07-07T12:39:45.272551Z","level":"info","event":"Poking for file /mnt/snapshots/READY_FLAG_20260617","logger":"airflow.task.operators.airflow.providers.standard.sensors.filesystem.FileSensor","filename":"filesystem.py","lineno":108}
{"timestamp":"2026-07-07T12:39:55.274847Z","level":"info","event":"Poking for file /mnt/snapshots/READY_FLAG_20260617","logger":"airflow.task.operators.airflow.providers.standard.sensors.filesystem.FileSensor","filename":"filesystem.py","lineno":108}
{"timestamp":"2026-07-07T12:40:05.277460Z","level":"info","event":"Poking for file /mnt/snapshots/READY_FLAG_20260617","logger":"airflow.task.operators.airflow.providers.standard.sensors.filesystem.FileSensor","filename":"filesystem.py","lineno":108}
{"timestamp":"2026-07-07T12:40:15.276973Z","level":"info","event":"Poking for file /mnt/snapshots/READY_FLAG_20260617","logger":"airflow.task.operators.airflow.providers.standard.sensors.filesystem.FileSensor","filename":"filesystem.py","lineno":108}
{"timestamp":"2026-07-07T12:40:25.279305Z","level":"info","event":"Poking for file /mnt/snapshots/READY_FLAG_20260617","logger":"airflow.task.operators.airflow.providers.standard.sensors.filesystem.FileSensor","filename":"filesystem.py","lineno":108}
{"timestamp":"2026-07-07T12:40:35.280930Z","level":"info","event":"Poking for file /mnt/snapshots/READY_FLAG_20260617","logger":"airflow.task.operators.airflow.providers.standard.sensors.filesystem.FileSensor","filename":"filesystem.py","lineno":108}
{"timestamp":"2026-07-07T12:40:45.280607Z","level":"info","event":"Poking for file /mnt/snapshots/READY_FLAG_20260617","logger":"airflow.task.operators.airflow.providers.standard.sensors.filesystem.FileSensor","filename":"filesystem.py","lineno":108}
{"timestamp":"2026-07-07T12:40:55.282482Z","level":"info","event":"Poking for file /mnt/snapshots/READY_FLAG_20260617","logger":"airflow.task.operators.airflow.providers.standard.sensors.filesystem.FileSensor","filename":"filesystem.py","lineno":108}
{"timestamp":"2026-07-07T12:41:05.284876Z","level":"info","event":"Poking for file /mnt/snapshots/READY_FLAG_20260617","logger":"airflow.task.operators.airflow.providers.standard.sensors.filesystem.FileSensor","filename":"filesystem.py","lineno":108}
{"timestamp":"2026-07-07T12:41:15.284730Z","level":"info","event":"Poking for file /mnt/snapshots/READY_FLAG_20260617","logger":"airflow.task.operators.airflow.providers.standard.sensors.filesystem.FileSensor","filename":"filesystem.py","lineno":108}
{"timestamp":"2026-07-07T12:41:25.286962Z","level":"info","event":"Poking for file /mnt/snapshots/READY_FLAG_20260617","logger":"airflow.task.operators.airflow.providers.standard.sensors.filesystem.FileSensor","filename":"filesystem.py","lineno":108}
{"timestamp":"2026-07-07T12:41:35.289614Z","level":"info","event":"Poking for file /mnt/snapshots/READY_FLAG_20260617","logger":"airflow.task.operators.airflow.providers.standard.sensors.filesystem.FileSensor","filename":"filesystem.py","lineno":108}
{"timestamp":"2026-07-07T12:41:45.288424Z","level":"info","event":"Poking for file /mnt/snapshots/READY_FLAG_20260617","logger":"airflow.task.operators.airflow.providers.standard.sensors.filesystem.FileSensor","filename":"filesystem.py","lineno":108}
{"timestamp":"2026-07-07T12:41:55.294522Z","level":"info","event":"Poking for file /mnt/snapshots/READY_FLAG_20260617","logger":"airflow.task.operators.airflow.providers.standard.sensors.filesystem.FileSensor","filename":"filesystem.py","lineno":108}
{"timestamp":"2026-07-07T12:42:05.300596Z","level":"info","event":"Poking for file /mnt/snapshots/READY_FLAG_20260617","logger":"airflow.task.operators.airflow.providers.standard.sensors.filesystem.FileSensor","filename":"filesystem.py","lineno":108}
{"timestamp":"2026-07-07T12:42:15.301514Z","level":"info","event":"Poking for file /mnt/snapshots/READY_FLAG_20260617","logger":"airflow.task.operators.airflow.providers.standard.sensors.filesystem.FileSensor","filename":"filesystem.py","lineno":108}
{"timestamp":"2026-07-07T12:42:25.306215Z","level":"info","event":"Poking for file /mnt/snapshots/READY_FLAG_20260617","logger":"airflow.task.operators.airflow.providers.standard.sensors.filesystem.FileSensor","filename":"filesystem.py","lineno":108}
{"timestamp":"2026-07-07T12:42:35.308120Z","level":"info","event":"Poking for file /mnt/snapshots/READY_FLAG_20260617","logger":"airflow.task.operators.airflow.providers.standard.sensors.filesystem.FileSensor","filename":"filesystem.py","lineno":108}
{"timestamp":"2026-07-07T12:42:45.307606Z","level":"info","event":"Poking for file /mnt/snapshots/READY_FLAG_20260617","logger":"airflow.task.operators.airflow.providers.standard.sensors.filesystem.FileSensor","filename":"filesystem.py","lineno":108}
{"timestamp":"2026-07-07T12:42:55.310684Z","level":"info","event":"Poking for file /mnt/snapshots/READY_FLAG_20260617","logger":"airflow.task.operators.airflow.providers.standard.sensors.filesystem.FileSensor","filename":"filesystem.py","lineno":108}
{"timestamp":"2026-07-07T12:43:05.312897Z","level":"info","event":"Poking for file /mnt/snapshots/READY_FLAG_20260617","logger":"airflow.task.operators.airflow.providers.standard.sensors.filesystem.FileSensor","filename":"filesystem.py","lineno":108}
{"timestamp":"2026-07-07T12:43:15.311472Z","level":"info","event":"Poking for file /mnt/snapshots/READY_FLAG_20260617","logger":"airflow.task.operators.airflow.providers.standard.sensors.filesystem.FileSensor","filename":"filesystem.py","lineno":108}
{"timestamp":"2026-07-07T12:43:25.313723Z","level":"info","event":"Poking for file /mnt/snapshots/READY_FLAG_20260617","logger":"airflow.task.operators.airflow.providers.standard.sensors.filesystem.FileSensor","filename":"filesystem.py","lineno":108}
{"timestamp":"2026-07-07T12:43:35.317600Z","level":"info","event":"Poking for file /mnt/snapshots/READY_FLAG_20260617","logger":"airflow.task.operators.airflow.providers.standard.sensors.filesystem.FileSensor","filename":"filesystem.py","lineno":108}
{"timestamp":"2026-07-07T12:43:45.319974Z","level":"info","event":"Poking for file /mnt/snapshots/READY_FLAG_20260617","logger":"airflow.task.operators.airflow.providers.standard.sensors.filesystem.FileSensor","filename":"filesystem.py","lineno":108}
{"timestamp":"2026-07-07T12:43:55.321485Z","level":"info","event":"Poking for file /mnt/snapshots/READY_FLAG_20260617","logger":"airflow.task.operators.airflow.providers.standard.sensors.filesystem.FileSensor","filename":"filesystem.py","lineno":108}
{"timestamp":"2026-07-07T12:44:05.328965Z","level":"info","event":"Poking for file /mnt/snapshots/READY_FLAG_20260617","logger":"airflow.task.operators.airflow.providers.standard.sensors.filesystem.FileSensor","filename":"filesystem.py","lineno":108}
{"timestamp":"2026-07-07T12:44:15.328040Z","level":"info","event":"Poking for file /mnt/snapshots/READY_FLAG_20260617","logger":"airflow.task.operators.airflow.providers.standard.sensors.filesystem.FileSensor","filename":"filesystem.py","lineno":108}
{"timestamp":"2026-07-07T12:44:25.330623Z","level":"info","event":"Poking for file /mnt/snapshots/READY_FLAG_20260617","logger":"airflow.task.operators.airflow.providers.standard.sensors.filesystem.FileSensor","filename":"filesystem.py","lineno":108}
{"timestamp":"2026-07-07T12:44:35.332307Z","level":"info","event":"Poking for file /mnt/snapshots/READY_FLAG_20260617","logger":"airflow.task.operators.airflow.providers.standard.sensors.filesystem.FileSensor","filename":"filesystem.py","lineno":108}
{"timestamp":"2026-07-07T12:44:45.330679Z","level":"info","event":"Poking for file /mnt/snapshots/READY_FLAG_20260617","logger":"airflow.task.operators.airflow.providers.standard.sensors.filesystem.FileSensor","filename":"filesystem.py","lineno":108}
{"timestamp":"2026-07-07T12:44:55.333528Z","level":"info","event":"Poking for file /mnt/snapshots/READY_FLAG_20260617","logger":"airflow.task.operators.airflow.providers.standard.sensors.filesystem.FileSensor","filename":"filesystem.py","lineno":108}
{"timestamp":"2026-07-07T12:45:05.336086Z","level":"info","event":"Poking for file /mnt/snapshots/READY_FLAG_20260617","logger":"airflow.task.operators.airflow.providers.standard.sensors.filesystem.FileSensor","filename":"filesystem.py","lineno":108}
{"timestamp":"2026-07-07T12:45:15.336365Z","level":"info","event":"Poking for file /mnt/snapshots/READY_FLAG_20260617","logger":"airflow.task.operators.airflow.providers.standard.sensors.filesystem.FileSensor","filename":"filesystem.py","lineno":108}
{"timestamp":"2026-07-07T12:45:25.339142Z","level":"info","event":"Poking for file /mnt/snapshots/READY_FLAG_20260617","logger":"airflow.task.operators.airflow.providers.standard.sensors.filesystem.FileSensor","filename":"filesystem.py","lineno":108}
{"timestamp":"2026-07-07T12:45:35.341352Z","level":"info","event":"Poking for file /mnt/snapshots/READY_FLAG_20260617","logger":"airflow.task.operators.airflow.providers.standard.sensors.filesystem.FileSensor","filename":"filesystem.py","lineno":108}
{"timestamp":"2026-07-07T12:45:45.342907Z","level":"info","event":"Poking for file /mnt/snapshots/READY_FLAG_20260617","logger":"airflow.task.operators.airflow.providers.standard.sensors.filesystem.FileSensor","filename":"filesystem.py","lineno":108}
{"timestamp":"2026-07-07T12:45:55.344633Z","level":"info","event":"Poking for file /mnt/snapshots/READY_FLAG_20260617","logger":"airflow.task.operators.airflow.providers.standard.sensors.filesystem.FileSensor","filename":"filesystem.py","lineno":108}
{"timestamp":"2026-07-07T12:46:05.346302Z","level":"info","event":"Poking for file /mnt/snapshots/READY_FLAG_20260617","logger":"airflow.task.operators.airflow.providers.standard.sensors.filesystem.FileSensor","filename":"filesystem.py","lineno":108}
{"timestamp":"2026-07-07T12:46:15.345323Z","level":"info","event":"Poking for file /mnt/snapshots/READY_FLAG_20260617","logger":"airflow.task.operators.airflow.providers.standard.sensors.filesystem.FileSensor","filename":"filesystem.py","lineno":108}
{"timestamp":"2026-07-07T12:46:25.347793Z","level":"info","event":"Poking for file /mnt/snapshots/READY_FLAG_20260617","logger":"airflow.task.operators.airflow.providers.standard.sensors.filesystem.FileSensor","filename":"filesystem.py","lineno":108}
{"timestamp":"2026-07-07T12:46:35.352893Z","level":"info","event":"Poking for file /mnt/snapshots/READY_FLAG_20260617","logger":"airflow.task.operators.airflow.providers.standard.sensors.filesystem.FileSensor","filename":"filesystem.py","lineno":108}
{"timestamp":"2026-07-07T12:46:45.353212Z","level":"info","event":"Poking for file /mnt/snapshots/READY_FLAG_20260617","logger":"airflow.task.operators.airflow.providers.standard.sensors.filesystem.FileSensor","filename":"filesystem.py","lineno":108}
{"timestamp":"2026-07-07T12:46:55.355465Z","level":"info","event":"Poking for file /mnt/snapshots/READY_FLAG_20260617","logger":"airflow.task.operators.airflow.providers.standard.sensors.filesystem.FileSensor","filename":"filesystem.py","lineno":108}
{"timestamp":"2026-07-07T12:47:05.359997Z","level":"info","event":"Poking for file /mnt/snapshots/READY_FLAG_20260617","logger":"airflow.task.operators.airflow.providers.standard.sensors.filesystem.FileSensor","filename":"filesystem.py","lineno":108}
{"timestamp":"2026-07-07T12:47:15.359262Z","level":"info","event":"Poking for file /mnt/snapshots/READY_FLAG_20260617","logger":"airflow.task.operators.airflow.providers.standard.sensors.filesystem.FileSensor","filename":"filesystem.py","lineno":108}
{"timestamp":"2026-07-07T12:47:25.362425Z","level":"info","event":"Poking for file /mnt/snapshots/READY_FLAG_20260617","logger":"airflow.task.operators.airflow.providers.standard.sensors.filesystem.FileSensor","filename":"filesystem.py","lineno":108}
{"timestamp":"2026-07-07T12:47:35.364746Z","level":"info","event":"Poking for file /mnt/snapshots/READY_FLAG_20260617","logger":"airflow.task.operators.airflow.providers.standard.sensors.filesystem.FileSensor","filename":"filesystem.py","lineno":108}
{"timestamp":"2026-07-07T12:47:45.362961Z","level":"info","event":"Poking for file /mnt/snapshots/READY_FLAG_20260617","logger":"airflow.task.operators.airflow.providers.standard.sensors.filesystem.FileSensor","filename":"filesystem.py","lineno":108}
{"timestamp":"2026-07-07T12:47:55.365860Z","level":"info","event":"Poking for file /mnt/snapshots/READY_FLAG_20260617","logger":"airflow.task.operators.airflow.providers.standard.sensors.filesystem.FileSensor","filename":"filesystem.py","lineno":108}
{"timestamp":"2026-07-07T12:48:05.367765Z","level":"info","event":"Poking for file /mnt/snapshots/READY_FLAG_20260617","logger":"airflow.task.operators.airflow.providers.standard.sensors.filesystem.FileSensor","filename":"filesystem.py","lineno":108}
{"timestamp":"2026-07-07T12:48:15.366648Z","level":"info","event":"Poking for file /mnt/snapshots/READY_FLAG_20260617","logger":"airflow.task.operators.airflow.providers.standard.sensors.filesystem.FileSensor","filename":"filesystem.py","lineno":108}
{"timestamp":"2026-07-07T12:48:25.368832Z","level":"info","event":"Poking for file /mnt/snapshots/READY_FLAG_20260617","logger":"airflow.task.operators.airflow.providers.standard.sensors.filesystem.FileSensor","filename":"filesystem.py","lineno":108}
{"timestamp":"2026-07-07T12:48:35.371086Z","level":"info","event":"Poking for file /mnt/snapshots/READY_FLAG_20260617","logger":"airflow.task.operators.airflow.providers.standard.sensors.filesystem.FileSensor","filename":"filesystem.py","lineno":108}
{"timestamp":"2026-07-07T12:48:45.370257Z","level":"info","event":"Poking for file /mnt/snapshots/READY_FLAG_20260617","logger":"airflow.task.operators.airflow.providers.standard.sensors.filesystem.FileSensor","filename":"filesystem.py","lineno":108}
{"timestamp":"2026-07-07T13:11:18.399234Z","level":"info","event":"Poking for file /mnt/snapshots/READY_FLAG_20260617","logger":"airflow.task.operators.airflow.providers.standard.sensors.filesystem.FileSensor","filename":"filesystem.py","lineno":108}
{"timestamp":"2026-07-07T13:11:28.403623Z","level":"info","event":"Poking for file /mnt/snapshots/READY_FLAG_20260617","logger":"airflow.task.operators.airflow.providers.standard.sensors.filesystem.FileSensor","filename":"filesystem.py","lineno":108}
