{"timestamp":"2026-09-13T19:55:38.599422Z","level":"info","event":"DAG bundles loaded: dags-folder","logger":"airflow.dag_processing.bundles.manager.DagBundlesManager","filename":"manager.py","lineno":209}
{"timestamp":"2026-09-13T19:55:39.238753Z","level":"info","event":"Filling up the DagBag from /opt/airflow/dags/factory.py","logger":"airflow.dag_processing.dagbag.BundleDagBag","filename":"dagbag.py","lineno":469}
{"timestamp":"2026-09-13T19:55:39.880484Z","level":"warning","event":"The `airflow.decorators.dag` attribute is deprecated. Please use `'airflow.sdk.dag'`.","category":"UserWarning","filename":"/opt/airflow/dags/factory.py","lineno":4,"logger":"py.warnings"}
{"timestamp":"2026-09-13T19:55:40.017341Z","level":"warning","event":"Skipping masking for a secret as it's too short (<5 chars)","logger":"airflow.sdk._shared.secrets_masker.secrets_masker","filename":"secrets_masker.py","lineno":577}
{"timestamp":"2026-09-13T19:55:40.243169Z","level":"info","event":"Poking: SELECT COUNT(*) FROM demo_user.client_b_load_status\nWHERE status = 'COMPLETE' AND processed = 0 (with parameters None)","logger":"airflow.task.operators.airflow.providers.common.sql.sensors.sql.SqlSensor","filename":"sql.py","lineno":100}
{"timestamp":"2026-09-13T19:55:40.459855Z","level":"info","event":"Running statement: SELECT COUNT(*) FROM demo_user.client_b_load_status\nWHERE status = 'COMPLETE' AND processed = 0, parameters: None","logger":"airflow.task.hooks.airflow.providers.oracle.hooks.oracle.OracleHook","filename":"sql.py","lineno":861}
{"timestamp":"2026-09-13T19:55:43.115849Z","level":"info","event":"Rows affected: 0","logger":"airflow.task.hooks.airflow.providers.oracle.hooks.oracle.OracleHook","filename":"sql.py","lineno":879}
{"timestamp":"2026-09-13T19:55:53.155299Z","level":"info","event":"Poking: SELECT COUNT(*) FROM demo_user.client_b_load_status\nWHERE status = 'COMPLETE' AND processed = 0 (with parameters None)","logger":"airflow.task.operators.airflow.providers.common.sql.sensors.sql.SqlSensor","filename":"sql.py","lineno":100}
{"timestamp":"2026-09-13T19:55:53.310032Z","level":"info","event":"Running statement: SELECT COUNT(*) FROM demo_user.client_b_load_status\nWHERE status = 'COMPLETE' AND processed = 0, parameters: None","logger":"airflow.task.hooks.airflow.providers.oracle.hooks.oracle.OracleHook","filename":"sql.py","lineno":861}
{"timestamp":"2026-09-13T19:55:53.311997Z","level":"info","event":"Rows affected: 0","logger":"airflow.task.hooks.airflow.providers.oracle.hooks.oracle.OracleHook","filename":"sql.py","lineno":879}
{"timestamp":"2026-09-13T19:56:03.377755Z","level":"info","event":"Poking: SELECT COUNT(*) FROM demo_user.client_b_load_status\nWHERE status = 'COMPLETE' AND processed = 0 (with parameters None)","logger":"airflow.task.operators.airflow.providers.common.sql.sensors.sql.SqlSensor","filename":"sql.py","lineno":100}
{"timestamp":"2026-09-13T19:56:03.460864Z","level":"info","event":"Running statement: SELECT COUNT(*) FROM demo_user.client_b_load_status\nWHERE status = 'COMPLETE' AND processed = 0, parameters: None","logger":"airflow.task.hooks.airflow.providers.oracle.hooks.oracle.OracleHook","filename":"sql.py","lineno":861}
{"timestamp":"2026-09-13T19:56:03.462426Z","level":"info","event":"Rows affected: 0","logger":"airflow.task.hooks.airflow.providers.oracle.hooks.oracle.OracleHook","filename":"sql.py","lineno":879}
{"timestamp":"2026-09-13T19:56:13.557779Z","level":"info","event":"Poking: SELECT COUNT(*) FROM demo_user.client_b_load_status\nWHERE status = 'COMPLETE' AND processed = 0 (with parameters None)","logger":"airflow.task.operators.airflow.providers.common.sql.sensors.sql.SqlSensor","filename":"sql.py","lineno":100}
{"timestamp":"2026-09-13T19:56:13.674430Z","level":"info","event":"Running statement: SELECT COUNT(*) FROM demo_user.client_b_load_status\nWHERE status = 'COMPLETE' AND processed = 0, parameters: None","logger":"airflow.task.hooks.airflow.providers.oracle.hooks.oracle.OracleHook","filename":"sql.py","lineno":861}
{"timestamp":"2026-09-13T19:56:13.676554Z","level":"info","event":"Rows affected: 0","logger":"airflow.task.hooks.airflow.providers.oracle.hooks.oracle.OracleHook","filename":"sql.py","lineno":879}
{"timestamp":"2026-09-13T19:56:23.919359Z","level":"info","event":"Poking: SELECT COUNT(*) FROM demo_user.client_b_load_status\nWHERE status = 'COMPLETE' AND processed = 0 (with parameters None)","logger":"airflow.task.operators.airflow.providers.common.sql.sensors.sql.SqlSensor","filename":"sql.py","lineno":100}
{"timestamp":"2026-09-13T19:56:24.247813Z","level":"info","event":"Running statement: SELECT COUNT(*) FROM demo_user.client_b_load_status\nWHERE status = 'COMPLETE' AND processed = 0, parameters: None","logger":"airflow.task.hooks.airflow.providers.oracle.hooks.oracle.OracleHook","filename":"sql.py","lineno":861}
{"timestamp":"2026-09-13T19:56:24.251433Z","level":"info","event":"Rows affected: 0","logger":"airflow.task.hooks.airflow.providers.oracle.hooks.oracle.OracleHook","filename":"sql.py","lineno":879}
{"timestamp":"2026-09-13T19:56:34.300705Z","level":"info","event":"Poking: SELECT COUNT(*) FROM demo_user.client_b_load_status\nWHERE status = 'COMPLETE' AND processed = 0 (with parameters None)","logger":"airflow.task.operators.airflow.providers.common.sql.sensors.sql.SqlSensor","filename":"sql.py","lineno":100}
{"timestamp":"2026-09-13T19:56:34.408647Z","level":"info","event":"Running statement: SELECT COUNT(*) FROM demo_user.client_b_load_status\nWHERE status = 'COMPLETE' AND processed = 0, parameters: None","logger":"airflow.task.hooks.airflow.providers.oracle.hooks.oracle.OracleHook","filename":"sql.py","lineno":861}
{"timestamp":"2026-09-13T19:56:34.411497Z","level":"info","event":"Rows affected: 0","logger":"airflow.task.hooks.airflow.providers.oracle.hooks.oracle.OracleHook","filename":"sql.py","lineno":879}
{"timestamp":"2026-09-13T19:56:44.486849Z","level":"info","event":"Poking: SELECT COUNT(*) FROM demo_user.client_b_load_status\nWHERE status = 'COMPLETE' AND processed = 0 (with parameters None)","logger":"airflow.task.operators.airflow.providers.common.sql.sensors.sql.SqlSensor","filename":"sql.py","lineno":100}
{"timestamp":"2026-09-13T19:56:44.672351Z","level":"info","event":"Running statement: SELECT COUNT(*) FROM demo_user.client_b_load_status\nWHERE status = 'COMPLETE' AND processed = 0, parameters: None","logger":"airflow.task.hooks.airflow.providers.oracle.hooks.oracle.OracleHook","filename":"sql.py","lineno":861}
{"timestamp":"2026-09-13T19:56:44.675239Z","level":"info","event":"Rows affected: 0","logger":"airflow.task.hooks.airflow.providers.oracle.hooks.oracle.OracleHook","filename":"sql.py","lineno":879}
{"timestamp":"2026-09-13T19:56:54.764301Z","level":"info","event":"Poking: SELECT COUNT(*) FROM demo_user.client_b_load_status\nWHERE status = 'COMPLETE' AND processed = 0 (with parameters None)","logger":"airflow.task.operators.airflow.providers.common.sql.sensors.sql.SqlSensor","filename":"sql.py","lineno":100}
{"timestamp":"2026-09-13T19:56:55.069218Z","level":"info","event":"Running statement: SELECT COUNT(*) FROM demo_user.client_b_load_status\nWHERE status = 'COMPLETE' AND processed = 0, parameters: None","logger":"airflow.task.hooks.airflow.providers.oracle.hooks.oracle.OracleHook","filename":"sql.py","lineno":861}
{"timestamp":"2026-09-13T19:56:55.074175Z","level":"info","event":"Rows affected: 0","logger":"airflow.task.hooks.airflow.providers.oracle.hooks.oracle.OracleHook","filename":"sql.py","lineno":879}
{"timestamp":"2026-09-13T19:57:05.163649Z","level":"info","event":"Poking: SELECT COUNT(*) FROM demo_user.client_b_load_status\nWHERE status = 'COMPLETE' AND processed = 0 (with parameters None)","logger":"airflow.task.operators.airflow.providers.common.sql.sensors.sql.SqlSensor","filename":"sql.py","lineno":100}
{"timestamp":"2026-09-13T19:57:05.245015Z","level":"info","event":"Running statement: SELECT COUNT(*) FROM demo_user.client_b_load_status\nWHERE status = 'COMPLETE' AND processed = 0, parameters: None","logger":"airflow.task.hooks.airflow.providers.oracle.hooks.oracle.OracleHook","filename":"sql.py","lineno":861}
{"timestamp":"2026-09-13T19:57:05.246163Z","level":"info","event":"Rows affected: 0","logger":"airflow.task.hooks.airflow.providers.oracle.hooks.oracle.OracleHook","filename":"sql.py","lineno":879}
{"timestamp":"2026-09-13T19:57:15.288368Z","level":"info","event":"Poking: SELECT COUNT(*) FROM demo_user.client_b_load_status\nWHERE status = 'COMPLETE' AND processed = 0 (with parameters None)","logger":"airflow.task.operators.airflow.providers.common.sql.sensors.sql.SqlSensor","filename":"sql.py","lineno":100}
{"timestamp":"2026-09-13T19:57:15.421219Z","level":"info","event":"Running statement: SELECT COUNT(*) FROM demo_user.client_b_load_status\nWHERE status = 'COMPLETE' AND processed = 0, parameters: None","logger":"airflow.task.hooks.airflow.providers.oracle.hooks.oracle.OracleHook","filename":"sql.py","lineno":861}
{"timestamp":"2026-09-13T19:57:15.426594Z","level":"info","event":"Rows affected: 0","logger":"airflow.task.hooks.airflow.providers.oracle.hooks.oracle.OracleHook","filename":"sql.py","lineno":879}
{"timestamp":"2026-09-13T19:57:25.515417Z","level":"info","event":"Poking: SELECT COUNT(*) FROM demo_user.client_b_load_status\nWHERE status = 'COMPLETE' AND processed = 0 (with parameters None)","logger":"airflow.task.operators.airflow.providers.common.sql.sensors.sql.SqlSensor","filename":"sql.py","lineno":100}
{"timestamp":"2026-09-13T19:57:25.695331Z","level":"info","event":"Running statement: SELECT COUNT(*) FROM demo_user.client_b_load_status\nWHERE status = 'COMPLETE' AND processed = 0, parameters: None","logger":"airflow.task.hooks.airflow.providers.oracle.hooks.oracle.OracleHook","filename":"sql.py","lineno":861}
{"timestamp":"2026-09-13T19:57:25.698315Z","level":"info","event":"Rows affected: 0","logger":"airflow.task.hooks.airflow.providers.oracle.hooks.oracle.OracleHook","filename":"sql.py","lineno":879}
{"timestamp":"2026-09-13T19:57:35.808674Z","level":"info","event":"Poking: SELECT COUNT(*) FROM demo_user.client_b_load_status\nWHERE status = 'COMPLETE' AND processed = 0 (with parameters None)","logger":"airflow.task.operators.airflow.providers.common.sql.sensors.sql.SqlSensor","filename":"sql.py","lineno":100}
{"timestamp":"2026-09-13T19:57:35.909979Z","level":"info","event":"Running statement: SELECT COUNT(*) FROM demo_user.client_b_load_status\nWHERE status = 'COMPLETE' AND processed = 0, parameters: None","logger":"airflow.task.hooks.airflow.providers.oracle.hooks.oracle.OracleHook","filename":"sql.py","lineno":861}
{"timestamp":"2026-09-13T19:57:35.912524Z","level":"info","event":"Rows affected: 0","logger":"airflow.task.hooks.airflow.providers.oracle.hooks.oracle.OracleHook","filename":"sql.py","lineno":879}
{"timestamp":"2026-09-13T19:57:45.957943Z","level":"info","event":"Poking: SELECT COUNT(*) FROM demo_user.client_b_load_status\nWHERE status = 'COMPLETE' AND processed = 0 (with parameters None)","logger":"airflow.task.operators.airflow.providers.common.sql.sensors.sql.SqlSensor","filename":"sql.py","lineno":100}
{"timestamp":"2026-09-13T19:57:46.123679Z","level":"info","event":"Running statement: SELECT COUNT(*) FROM demo_user.client_b_load_status\nWHERE status = 'COMPLETE' AND processed = 0, parameters: None","logger":"airflow.task.hooks.airflow.providers.oracle.hooks.oracle.OracleHook","filename":"sql.py","lineno":861}
{"timestamp":"2026-09-13T19:57:46.126570Z","level":"info","event":"Rows affected: 0","logger":"airflow.task.hooks.airflow.providers.oracle.hooks.oracle.OracleHook","filename":"sql.py","lineno":879}
{"timestamp":"2026-09-13T19:57:56.246083Z","level":"info","event":"Poking: SELECT COUNT(*) FROM demo_user.client_b_load_status\nWHERE status = 'COMPLETE' AND processed = 0 (with parameters None)","logger":"airflow.task.operators.airflow.providers.common.sql.sensors.sql.SqlSensor","filename":"sql.py","lineno":100}
{"timestamp":"2026-09-13T19:57:56.368569Z","level":"info","event":"Running statement: SELECT COUNT(*) FROM demo_user.client_b_load_status\nWHERE status = 'COMPLETE' AND processed = 0, parameters: None","logger":"airflow.task.hooks.airflow.providers.oracle.hooks.oracle.OracleHook","filename":"sql.py","lineno":861}
{"timestamp":"2026-09-13T19:57:56.371784Z","level":"info","event":"Rows affected: 0","logger":"airflow.task.hooks.airflow.providers.oracle.hooks.oracle.OracleHook","filename":"sql.py","lineno":879}
{"timestamp":"2026-09-13T19:58:06.509591Z","level":"info","event":"Poking: SELECT COUNT(*) FROM demo_user.client_b_load_status\nWHERE status = 'COMPLETE' AND processed = 0 (with parameters None)","logger":"airflow.task.operators.airflow.providers.common.sql.sensors.sql.SqlSensor","filename":"sql.py","lineno":100}
{"timestamp":"2026-09-13T19:58:06.672057Z","level":"info","event":"Running statement: SELECT COUNT(*) FROM demo_user.client_b_load_status\nWHERE status = 'COMPLETE' AND processed = 0, parameters: None","logger":"airflow.task.hooks.airflow.providers.oracle.hooks.oracle.OracleHook","filename":"sql.py","lineno":861}
{"timestamp":"2026-09-13T19:58:06.673992Z","level":"info","event":"Rows affected: 0","logger":"airflow.task.hooks.airflow.providers.oracle.hooks.oracle.OracleHook","filename":"sql.py","lineno":879}
{"timestamp":"2026-09-13T19:58:16.791724Z","level":"info","event":"Poking: SELECT COUNT(*) FROM demo_user.client_b_load_status\nWHERE status = 'COMPLETE' AND processed = 0 (with parameters None)","logger":"airflow.task.operators.airflow.providers.common.sql.sensors.sql.SqlSensor","filename":"sql.py","lineno":100}
{"timestamp":"2026-09-13T19:58:16.942483Z","level":"info","event":"Running statement: SELECT COUNT(*) FROM demo_user.client_b_load_status\nWHERE status = 'COMPLETE' AND processed = 0, parameters: None","logger":"airflow.task.hooks.airflow.providers.oracle.hooks.oracle.OracleHook","filename":"sql.py","lineno":861}
{"timestamp":"2026-09-13T19:58:16.944615Z","level":"info","event":"Rows affected: 0","logger":"airflow.task.hooks.airflow.providers.oracle.hooks.oracle.OracleHook","filename":"sql.py","lineno":879}
{"timestamp":"2026-09-13T19:58:27.018507Z","level":"info","event":"Poking: SELECT COUNT(*) FROM demo_user.client_b_load_status\nWHERE status = 'COMPLETE' AND processed = 0 (with parameters None)","logger":"airflow.task.operators.airflow.providers.common.sql.sensors.sql.SqlSensor","filename":"sql.py","lineno":100}
{"timestamp":"2026-09-13T19:58:27.108788Z","level":"info","event":"Running statement: SELECT COUNT(*) FROM demo_user.client_b_load_status\nWHERE status = 'COMPLETE' AND processed = 0, parameters: None","logger":"airflow.task.hooks.airflow.providers.oracle.hooks.oracle.OracleHook","filename":"sql.py","lineno":861}
{"timestamp":"2026-09-13T19:58:27.111140Z","level":"info","event":"Rows affected: 0","logger":"airflow.task.hooks.airflow.providers.oracle.hooks.oracle.OracleHook","filename":"sql.py","lineno":879}
{"timestamp":"2026-09-13T19:58:37.206256Z","level":"info","event":"Poking: SELECT COUNT(*) FROM demo_user.client_b_load_status\nWHERE status = 'COMPLETE' AND processed = 0 (with parameters None)","logger":"airflow.task.operators.airflow.providers.common.sql.sensors.sql.SqlSensor","filename":"sql.py","lineno":100}
{"timestamp":"2026-09-13T19:58:37.328754Z","level":"info","event":"Running statement: SELECT COUNT(*) FROM demo_user.client_b_load_status\nWHERE status = 'COMPLETE' AND processed = 0, parameters: None","logger":"airflow.task.hooks.airflow.providers.oracle.hooks.oracle.OracleHook","filename":"sql.py","lineno":861}
{"timestamp":"2026-09-13T19:58:37.331560Z","level":"info","event":"Rows affected: 0","logger":"airflow.task.hooks.airflow.providers.oracle.hooks.oracle.OracleHook","filename":"sql.py","lineno":879}
{"timestamp":"2026-09-13T19:58:47.392351Z","level":"info","event":"Poking: SELECT COUNT(*) FROM demo_user.client_b_load_status\nWHERE status = 'COMPLETE' AND processed = 0 (with parameters None)","logger":"airflow.task.operators.airflow.providers.common.sql.sensors.sql.SqlSensor","filename":"sql.py","lineno":100}
{"timestamp":"2026-09-13T19:58:47.555445Z","level":"info","event":"Running statement: SELECT COUNT(*) FROM demo_user.client_b_load_status\nWHERE status = 'COMPLETE' AND processed = 0, parameters: None","logger":"airflow.task.hooks.airflow.providers.oracle.hooks.oracle.OracleHook","filename":"sql.py","lineno":861}
{"timestamp":"2026-09-13T19:58:47.557277Z","level":"info","event":"Rows affected: 0","logger":"airflow.task.hooks.airflow.providers.oracle.hooks.oracle.OracleHook","filename":"sql.py","lineno":879}
{"timestamp":"2026-09-13T19:58:57.644726Z","level":"info","event":"Poking: SELECT COUNT(*) FROM demo_user.client_b_load_status\nWHERE status = 'COMPLETE' AND processed = 0 (with parameters None)","logger":"airflow.task.operators.airflow.providers.common.sql.sensors.sql.SqlSensor","filename":"sql.py","lineno":100}
{"timestamp":"2026-09-13T19:58:57.828193Z","level":"info","event":"Running statement: SELECT COUNT(*) FROM demo_user.client_b_load_status\nWHERE status = 'COMPLETE' AND processed = 0, parameters: None","logger":"airflow.task.hooks.airflow.providers.oracle.hooks.oracle.OracleHook","filename":"sql.py","lineno":861}
{"timestamp":"2026-09-13T19:58:57.831742Z","level":"info","event":"Rows affected: 0","logger":"airflow.task.hooks.airflow.providers.oracle.hooks.oracle.OracleHook","filename":"sql.py","lineno":879}
{"timestamp":"2026-09-13T19:59:07.954103Z","level":"info","event":"Poking: SELECT COUNT(*) FROM demo_user.client_b_load_status\nWHERE status = 'COMPLETE' AND processed = 0 (with parameters None)","logger":"airflow.task.operators.airflow.providers.common.sql.sensors.sql.SqlSensor","filename":"sql.py","lineno":100}
{"timestamp":"2026-09-13T19:59:08.135138Z","level":"info","event":"Running statement: SELECT COUNT(*) FROM demo_user.client_b_load_status\nWHERE status = 'COMPLETE' AND processed = 0, parameters: None","logger":"airflow.task.hooks.airflow.providers.oracle.hooks.oracle.OracleHook","filename":"sql.py","lineno":861}
{"timestamp":"2026-09-13T19:59:08.140371Z","level":"info","event":"Rows affected: 0","logger":"airflow.task.hooks.airflow.providers.oracle.hooks.oracle.OracleHook","filename":"sql.py","lineno":879}
{"timestamp":"2026-09-13T19:59:18.224613Z","level":"info","event":"Poking: SELECT COUNT(*) FROM demo_user.client_b_load_status\nWHERE status = 'COMPLETE' AND processed = 0 (with parameters None)","logger":"airflow.task.operators.airflow.providers.common.sql.sensors.sql.SqlSensor","filename":"sql.py","lineno":100}
{"timestamp":"2026-09-13T19:59:18.356674Z","level":"info","event":"Running statement: SELECT COUNT(*) FROM demo_user.client_b_load_status\nWHERE status = 'COMPLETE' AND processed = 0, parameters: None","logger":"airflow.task.hooks.airflow.providers.oracle.hooks.oracle.OracleHook","filename":"sql.py","lineno":861}
{"timestamp":"2026-09-13T19:59:18.358559Z","level":"info","event":"Rows affected: 0","logger":"airflow.task.hooks.airflow.providers.oracle.hooks.oracle.OracleHook","filename":"sql.py","lineno":879}
{"timestamp":"2026-09-13T19:59:28.423649Z","level":"info","event":"Poking: SELECT COUNT(*) FROM demo_user.client_b_load_status\nWHERE status = 'COMPLETE' AND processed = 0 (with parameters None)","logger":"airflow.task.operators.airflow.providers.common.sql.sensors.sql.SqlSensor","filename":"sql.py","lineno":100}
{"timestamp":"2026-09-13T19:59:28.498476Z","level":"info","event":"Running statement: SELECT COUNT(*) FROM demo_user.client_b_load_status\nWHERE status = 'COMPLETE' AND processed = 0, parameters: None","logger":"airflow.task.hooks.airflow.providers.oracle.hooks.oracle.OracleHook","filename":"sql.py","lineno":861}
{"timestamp":"2026-09-13T19:59:28.500673Z","level":"info","event":"Rows affected: 0","logger":"airflow.task.hooks.airflow.providers.oracle.hooks.oracle.OracleHook","filename":"sql.py","lineno":879}
{"timestamp":"2026-09-13T19:59:38.575389Z","level":"info","event":"Poking: SELECT COUNT(*) FROM demo_user.client_b_load_status\nWHERE status = 'COMPLETE' AND processed = 0 (with parameters None)","logger":"airflow.task.operators.airflow.providers.common.sql.sensors.sql.SqlSensor","filename":"sql.py","lineno":100}
{"timestamp":"2026-09-13T19:59:38.678064Z","level":"info","event":"Running statement: SELECT COUNT(*) FROM demo_user.client_b_load_status\nWHERE status = 'COMPLETE' AND processed = 0, parameters: None","logger":"airflow.task.hooks.airflow.providers.oracle.hooks.oracle.OracleHook","filename":"sql.py","lineno":861}
{"timestamp":"2026-09-13T19:59:38.683324Z","level":"info","event":"Rows affected: 0","logger":"airflow.task.hooks.airflow.providers.oracle.hooks.oracle.OracleHook","filename":"sql.py","lineno":879}
{"timestamp":"2026-09-13T19:59:48.775941Z","level":"info","event":"Poking: SELECT COUNT(*) FROM demo_user.client_b_load_status\nWHERE status = 'COMPLETE' AND processed = 0 (with parameters None)","logger":"airflow.task.operators.airflow.providers.common.sql.sensors.sql.SqlSensor","filename":"sql.py","lineno":100}
{"timestamp":"2026-09-13T19:59:48.943677Z","level":"info","event":"Running statement: SELECT COUNT(*) FROM demo_user.client_b_load_status\nWHERE status = 'COMPLETE' AND processed = 0, parameters: None","logger":"airflow.task.hooks.airflow.providers.oracle.hooks.oracle.OracleHook","filename":"sql.py","lineno":861}
{"timestamp":"2026-09-13T19:59:48.947183Z","level":"info","event":"Rows affected: 0","logger":"airflow.task.hooks.airflow.providers.oracle.hooks.oracle.OracleHook","filename":"sql.py","lineno":879}
{"timestamp":"2026-09-13T19:59:59.045197Z","level":"info","event":"Poking: SELECT COUNT(*) FROM demo_user.client_b_load_status\nWHERE status = 'COMPLETE' AND processed = 0 (with parameters None)","logger":"airflow.task.operators.airflow.providers.common.sql.sensors.sql.SqlSensor","filename":"sql.py","lineno":100}
{"timestamp":"2026-09-13T19:59:59.150928Z","level":"info","event":"Running statement: SELECT COUNT(*) FROM demo_user.client_b_load_status\nWHERE status = 'COMPLETE' AND processed = 0, parameters: None","logger":"airflow.task.hooks.airflow.providers.oracle.hooks.oracle.OracleHook","filename":"sql.py","lineno":861}
{"timestamp":"2026-09-13T19:59:59.153322Z","level":"info","event":"Rows affected: 0","logger":"airflow.task.hooks.airflow.providers.oracle.hooks.oracle.OracleHook","filename":"sql.py","lineno":879}
{"timestamp":"2026-09-13T20:00:09.258739Z","level":"info","event":"Poking: SELECT COUNT(*) FROM demo_user.client_b_load_status\nWHERE status = 'COMPLETE' AND processed = 0 (with parameters None)","logger":"airflow.task.operators.airflow.providers.common.sql.sensors.sql.SqlSensor","filename":"sql.py","lineno":100}
{"timestamp":"2026-09-13T20:00:09.459773Z","level":"info","event":"Running statement: SELECT COUNT(*) FROM demo_user.client_b_load_status\nWHERE status = 'COMPLETE' AND processed = 0, parameters: None","logger":"airflow.task.hooks.airflow.providers.oracle.hooks.oracle.OracleHook","filename":"sql.py","lineno":861}
{"timestamp":"2026-09-13T20:00:09.462315Z","level":"info","event":"Rows affected: 0","logger":"airflow.task.hooks.airflow.providers.oracle.hooks.oracle.OracleHook","filename":"sql.py","lineno":879}
{"timestamp":"2026-09-13T20:00:19.511457Z","level":"info","event":"Poking: SELECT COUNT(*) FROM demo_user.client_b_load_status\nWHERE status = 'COMPLETE' AND processed = 0 (with parameters None)","logger":"airflow.task.operators.airflow.providers.common.sql.sensors.sql.SqlSensor","filename":"sql.py","lineno":100}
{"timestamp":"2026-09-13T20:00:19.686053Z","level":"info","event":"Running statement: SELECT COUNT(*) FROM demo_user.client_b_load_status\nWHERE status = 'COMPLETE' AND processed = 0, parameters: None","logger":"airflow.task.hooks.airflow.providers.oracle.hooks.oracle.OracleHook","filename":"sql.py","lineno":861}
{"timestamp":"2026-09-13T20:00:19.688042Z","level":"info","event":"Rows affected: 0","logger":"airflow.task.hooks.airflow.providers.oracle.hooks.oracle.OracleHook","filename":"sql.py","lineno":879}
{"timestamp":"2026-09-13T20:00:29.800005Z","level":"info","event":"Poking: SELECT COUNT(*) FROM demo_user.client_b_load_status\nWHERE status = 'COMPLETE' AND processed = 0 (with parameters None)","logger":"airflow.task.operators.airflow.providers.common.sql.sensors.sql.SqlSensor","filename":"sql.py","lineno":100}
{"timestamp":"2026-09-13T20:00:30.015482Z","level":"info","event":"Running statement: SELECT COUNT(*) FROM demo_user.client_b_load_status\nWHERE status = 'COMPLETE' AND processed = 0, parameters: None","logger":"airflow.task.hooks.airflow.providers.oracle.hooks.oracle.OracleHook","filename":"sql.py","lineno":861}
{"timestamp":"2026-09-13T20:00:30.019619Z","level":"info","event":"Rows affected: 0","logger":"airflow.task.hooks.airflow.providers.oracle.hooks.oracle.OracleHook","filename":"sql.py","lineno":879}
{"timestamp":"2026-09-13T20:00:40.084695Z","level":"info","event":"Poking: SELECT COUNT(*) FROM demo_user.client_b_load_status\nWHERE status = 'COMPLETE' AND processed = 0 (with parameters None)","logger":"airflow.task.operators.airflow.providers.common.sql.sensors.sql.SqlSensor","filename":"sql.py","lineno":100}
{"timestamp":"2026-09-13T20:00:40.265378Z","level":"info","event":"Running statement: SELECT COUNT(*) FROM demo_user.client_b_load_status\nWHERE status = 'COMPLETE' AND processed = 0, parameters: None","logger":"airflow.task.hooks.airflow.providers.oracle.hooks.oracle.OracleHook","filename":"sql.py","lineno":861}
{"timestamp":"2026-09-13T20:00:40.268865Z","level":"info","event":"Rows affected: 0","logger":"airflow.task.hooks.airflow.providers.oracle.hooks.oracle.OracleHook","filename":"sql.py","lineno":879}
{"timestamp":"2026-09-13T20:00:50.370211Z","level":"info","event":"Poking: SELECT COUNT(*) FROM demo_user.client_b_load_status\nWHERE status = 'COMPLETE' AND processed = 0 (with parameters None)","logger":"airflow.task.operators.airflow.providers.common.sql.sensors.sql.SqlSensor","filename":"sql.py","lineno":100}
{"timestamp":"2026-09-13T20:00:50.492345Z","level":"info","event":"Running statement: SELECT COUNT(*) FROM demo_user.client_b_load_status\nWHERE status = 'COMPLETE' AND processed = 0, parameters: None","logger":"airflow.task.hooks.airflow.providers.oracle.hooks.oracle.OracleHook","filename":"sql.py","lineno":861}
{"timestamp":"2026-09-13T20:00:50.497234Z","level":"info","event":"Rows affected: 0","logger":"airflow.task.hooks.airflow.providers.oracle.hooks.oracle.OracleHook","filename":"sql.py","lineno":879}
{"timestamp":"2026-09-13T20:01:00.556424Z","level":"info","event":"Poking: SELECT COUNT(*) FROM demo_user.client_b_load_status\nWHERE status = 'COMPLETE' AND processed = 0 (with parameters None)","logger":"airflow.task.operators.airflow.providers.common.sql.sensors.sql.SqlSensor","filename":"sql.py","lineno":100}
{"timestamp":"2026-09-13T20:01:00.712894Z","level":"info","event":"Running statement: SELECT COUNT(*) FROM demo_user.client_b_load_status\nWHERE status = 'COMPLETE' AND processed = 0, parameters: None","logger":"airflow.task.hooks.airflow.providers.oracle.hooks.oracle.OracleHook","filename":"sql.py","lineno":861}
{"timestamp":"2026-09-13T20:01:00.714674Z","level":"info","event":"Rows affected: 0","logger":"airflow.task.hooks.airflow.providers.oracle.hooks.oracle.OracleHook","filename":"sql.py","lineno":879}
{"timestamp":"2026-09-13T20:01:10.762469Z","level":"info","event":"Poking: SELECT COUNT(*) FROM demo_user.client_b_load_status\nWHERE status = 'COMPLETE' AND processed = 0 (with parameters None)","logger":"airflow.task.operators.airflow.providers.common.sql.sensors.sql.SqlSensor","filename":"sql.py","lineno":100}
{"timestamp":"2026-09-13T20:01:10.931509Z","level":"info","event":"Running statement: SELECT COUNT(*) FROM demo_user.client_b_load_status\nWHERE status = 'COMPLETE' AND processed = 0, parameters: None","logger":"airflow.task.hooks.airflow.providers.oracle.hooks.oracle.OracleHook","filename":"sql.py","lineno":861}
{"timestamp":"2026-09-13T20:01:10.933450Z","level":"info","event":"Rows affected: 0","logger":"airflow.task.hooks.airflow.providers.oracle.hooks.oracle.OracleHook","filename":"sql.py","lineno":879}
{"timestamp":"2026-09-13T20:01:21.011640Z","level":"info","event":"Poking: SELECT COUNT(*) FROM demo_user.client_b_load_status\nWHERE status = 'COMPLETE' AND processed = 0 (with parameters None)","logger":"airflow.task.operators.airflow.providers.common.sql.sensors.sql.SqlSensor","filename":"sql.py","lineno":100}
{"timestamp":"2026-09-13T20:01:21.134232Z","level":"info","event":"Running statement: SELECT COUNT(*) FROM demo_user.client_b_load_status\nWHERE status = 'COMPLETE' AND processed = 0, parameters: None","logger":"airflow.task.hooks.airflow.providers.oracle.hooks.oracle.OracleHook","filename":"sql.py","lineno":861}
{"timestamp":"2026-09-13T20:01:21.137118Z","level":"info","event":"Rows affected: 0","logger":"airflow.task.hooks.airflow.providers.oracle.hooks.oracle.OracleHook","filename":"sql.py","lineno":879}
{"timestamp":"2026-09-13T20:01:31.192907Z","level":"info","event":"Poking: SELECT COUNT(*) FROM demo_user.client_b_load_status\nWHERE status = 'COMPLETE' AND processed = 0 (with parameters None)","logger":"airflow.task.operators.airflow.providers.common.sql.sensors.sql.SqlSensor","filename":"sql.py","lineno":100}
{"timestamp":"2026-09-13T20:01:31.292356Z","level":"info","event":"Running statement: SELECT COUNT(*) FROM demo_user.client_b_load_status\nWHERE status = 'COMPLETE' AND processed = 0, parameters: None","logger":"airflow.task.hooks.airflow.providers.oracle.hooks.oracle.OracleHook","filename":"sql.py","lineno":861}
{"timestamp":"2026-09-13T20:01:31.293416Z","level":"info","event":"Rows affected: 0","logger":"airflow.task.hooks.airflow.providers.oracle.hooks.oracle.OracleHook","filename":"sql.py","lineno":879}
{"timestamp":"2026-09-13T20:01:41.336125Z","level":"info","event":"Poking: SELECT COUNT(*) FROM demo_user.client_b_load_status\nWHERE status = 'COMPLETE' AND processed = 0 (with parameters None)","logger":"airflow.task.operators.airflow.providers.common.sql.sensors.sql.SqlSensor","filename":"sql.py","lineno":100}
{"timestamp":"2026-09-13T20:01:41.398295Z","level":"info","event":"Running statement: SELECT COUNT(*) FROM demo_user.client_b_load_status\nWHERE status = 'COMPLETE' AND processed = 0, parameters: None","logger":"airflow.task.hooks.airflow.providers.oracle.hooks.oracle.OracleHook","filename":"sql.py","lineno":861}
{"timestamp":"2026-09-13T20:01:41.400383Z","level":"info","event":"Rows affected: 0","logger":"airflow.task.hooks.airflow.providers.oracle.hooks.oracle.OracleHook","filename":"sql.py","lineno":879}
{"timestamp":"2026-09-13T20:01:51.434113Z","level":"info","event":"Poking: SELECT COUNT(*) FROM demo_user.client_b_load_status\nWHERE status = 'COMPLETE' AND processed = 0 (with parameters None)","logger":"airflow.task.operators.airflow.providers.common.sql.sensors.sql.SqlSensor","filename":"sql.py","lineno":100}
{"timestamp":"2026-09-13T20:01:51.532676Z","level":"info","event":"Running statement: SELECT COUNT(*) FROM demo_user.client_b_load_status\nWHERE status = 'COMPLETE' AND processed = 0, parameters: None","logger":"airflow.task.hooks.airflow.providers.oracle.hooks.oracle.OracleHook","filename":"sql.py","lineno":861}
{"timestamp":"2026-09-13T20:01:51.534282Z","level":"info","event":"Rows affected: 0","logger":"airflow.task.hooks.airflow.providers.oracle.hooks.oracle.OracleHook","filename":"sql.py","lineno":879}
{"timestamp":"2026-09-13T20:02:01.615453Z","level":"info","event":"Poking: SELECT COUNT(*) FROM demo_user.client_b_load_status\nWHERE status = 'COMPLETE' AND processed = 0 (with parameters None)","logger":"airflow.task.operators.airflow.providers.common.sql.sensors.sql.SqlSensor","filename":"sql.py","lineno":100}
{"timestamp":"2026-09-13T20:02:01.721205Z","level":"info","event":"Running statement: SELECT COUNT(*) FROM demo_user.client_b_load_status\nWHERE status = 'COMPLETE' AND processed = 0, parameters: None","logger":"airflow.task.hooks.airflow.providers.oracle.hooks.oracle.OracleHook","filename":"sql.py","lineno":861}
{"timestamp":"2026-09-13T20:02:01.722482Z","level":"info","event":"Rows affected: 0","logger":"airflow.task.hooks.airflow.providers.oracle.hooks.oracle.OracleHook","filename":"sql.py","lineno":879}
{"timestamp":"2026-09-13T20:02:11.759793Z","level":"info","event":"Poking: SELECT COUNT(*) FROM demo_user.client_b_load_status\nWHERE status = 'COMPLETE' AND processed = 0 (with parameters None)","logger":"airflow.task.operators.airflow.providers.common.sql.sensors.sql.SqlSensor","filename":"sql.py","lineno":100}
{"timestamp":"2026-09-13T20:02:11.848527Z","level":"info","event":"Running statement: SELECT COUNT(*) FROM demo_user.client_b_load_status\nWHERE status = 'COMPLETE' AND processed = 0, parameters: None","logger":"airflow.task.hooks.airflow.providers.oracle.hooks.oracle.OracleHook","filename":"sql.py","lineno":861}
{"timestamp":"2026-09-13T20:02:11.850893Z","level":"info","event":"Rows affected: 0","logger":"airflow.task.hooks.airflow.providers.oracle.hooks.oracle.OracleHook","filename":"sql.py","lineno":879}
{"timestamp":"2026-09-13T20:02:21.894151Z","level":"info","event":"Poking: SELECT COUNT(*) FROM demo_user.client_b_load_status\nWHERE status = 'COMPLETE' AND processed = 0 (with parameters None)","logger":"airflow.task.operators.airflow.providers.common.sql.sensors.sql.SqlSensor","filename":"sql.py","lineno":100}
{"timestamp":"2026-09-13T20:02:21.977438Z","level":"info","event":"Running statement: SELECT COUNT(*) FROM demo_user.client_b_load_status\nWHERE status = 'COMPLETE' AND processed = 0, parameters: None","logger":"airflow.task.hooks.airflow.providers.oracle.hooks.oracle.OracleHook","filename":"sql.py","lineno":861}
{"timestamp":"2026-09-13T20:02:21.978868Z","level":"info","event":"Rows affected: 0","logger":"airflow.task.hooks.airflow.providers.oracle.hooks.oracle.OracleHook","filename":"sql.py","lineno":879}
{"timestamp":"2026-09-13T20:02:32.080862Z","level":"info","event":"Poking: SELECT COUNT(*) FROM demo_user.client_b_load_status\nWHERE status = 'COMPLETE' AND processed = 0 (with parameters None)","logger":"airflow.task.operators.airflow.providers.common.sql.sensors.sql.SqlSensor","filename":"sql.py","lineno":100}
{"timestamp":"2026-09-13T20:02:32.175107Z","level":"info","event":"Running statement: SELECT COUNT(*) FROM demo_user.client_b_load_status\nWHERE status = 'COMPLETE' AND processed = 0, parameters: None","logger":"airflow.task.hooks.airflow.providers.oracle.hooks.oracle.OracleHook","filename":"sql.py","lineno":861}
{"timestamp":"2026-09-13T20:02:32.177485Z","level":"info","event":"Rows affected: 0","logger":"airflow.task.hooks.airflow.providers.oracle.hooks.oracle.OracleHook","filename":"sql.py","lineno":879}
{"timestamp":"2026-09-13T20:02:42.285305Z","level":"info","event":"Poking: SELECT COUNT(*) FROM demo_user.client_b_load_status\nWHERE status = 'COMPLETE' AND processed = 0 (with parameters None)","logger":"airflow.task.operators.airflow.providers.common.sql.sensors.sql.SqlSensor","filename":"sql.py","lineno":100}
{"timestamp":"2026-09-13T20:02:42.407734Z","level":"info","event":"Running statement: SELECT COUNT(*) FROM demo_user.client_b_load_status\nWHERE status = 'COMPLETE' AND processed = 0, parameters: None","logger":"airflow.task.hooks.airflow.providers.oracle.hooks.oracle.OracleHook","filename":"sql.py","lineno":861}
{"timestamp":"2026-09-13T20:02:42.410163Z","level":"info","event":"Rows affected: 0","logger":"airflow.task.hooks.airflow.providers.oracle.hooks.oracle.OracleHook","filename":"sql.py","lineno":879}
{"timestamp":"2026-09-13T20:02:52.475737Z","level":"info","event":"Poking: SELECT COUNT(*) FROM demo_user.client_b_load_status\nWHERE status = 'COMPLETE' AND processed = 0 (with parameters None)","logger":"airflow.task.operators.airflow.providers.common.sql.sensors.sql.SqlSensor","filename":"sql.py","lineno":100}
{"timestamp":"2026-09-13T20:02:52.629190Z","level":"info","event":"Running statement: SELECT COUNT(*) FROM demo_user.client_b_load_status\nWHERE status = 'COMPLETE' AND processed = 0, parameters: None","logger":"airflow.task.hooks.airflow.providers.oracle.hooks.oracle.OracleHook","filename":"sql.py","lineno":861}
{"timestamp":"2026-09-13T20:02:52.631885Z","level":"info","event":"Rows affected: 0","logger":"airflow.task.hooks.airflow.providers.oracle.hooks.oracle.OracleHook","filename":"sql.py","lineno":879}
{"timestamp":"2026-09-13T20:03:02.720900Z","level":"info","event":"Poking: SELECT COUNT(*) FROM demo_user.client_b_load_status\nWHERE status = 'COMPLETE' AND processed = 0 (with parameters None)","logger":"airflow.task.operators.airflow.providers.common.sql.sensors.sql.SqlSensor","filename":"sql.py","lineno":100}
{"timestamp":"2026-09-13T20:03:02.794583Z","level":"info","event":"Running statement: SELECT COUNT(*) FROM demo_user.client_b_load_status\nWHERE status = 'COMPLETE' AND processed = 0, parameters: None","logger":"airflow.task.hooks.airflow.providers.oracle.hooks.oracle.OracleHook","filename":"sql.py","lineno":861}
{"timestamp":"2026-09-13T20:03:02.795699Z","level":"info","event":"Rows affected: 0","logger":"airflow.task.hooks.airflow.providers.oracle.hooks.oracle.OracleHook","filename":"sql.py","lineno":879}
{"timestamp":"2026-09-13T20:03:12.873333Z","level":"info","event":"Poking: SELECT COUNT(*) FROM demo_user.client_b_load_status\nWHERE status = 'COMPLETE' AND processed = 0 (with parameters None)","logger":"airflow.task.operators.airflow.providers.common.sql.sensors.sql.SqlSensor","filename":"sql.py","lineno":100}
{"timestamp":"2026-09-13T20:03:13.002363Z","level":"info","event":"Running statement: SELECT COUNT(*) FROM demo_user.client_b_load_status\nWHERE status = 'COMPLETE' AND processed = 0, parameters: None","logger":"airflow.task.hooks.airflow.providers.oracle.hooks.oracle.OracleHook","filename":"sql.py","lineno":861}
{"timestamp":"2026-09-13T20:03:13.005882Z","level":"info","event":"Rows affected: 0","logger":"airflow.task.hooks.airflow.providers.oracle.hooks.oracle.OracleHook","filename":"sql.py","lineno":879}
{"timestamp":"2026-09-13T20:03:23.056147Z","level":"info","event":"Poking: SELECT COUNT(*) FROM demo_user.client_b_load_status\nWHERE status = 'COMPLETE' AND processed = 0 (with parameters None)","logger":"airflow.task.operators.airflow.providers.common.sql.sensors.sql.SqlSensor","filename":"sql.py","lineno":100}
{"timestamp":"2026-09-13T20:03:23.143234Z","level":"info","event":"Running statement: SELECT COUNT(*) FROM demo_user.client_b_load_status\nWHERE status = 'COMPLETE' AND processed = 0, parameters: None","logger":"airflow.task.hooks.airflow.providers.oracle.hooks.oracle.OracleHook","filename":"sql.py","lineno":861}
{"timestamp":"2026-09-13T20:03:23.144711Z","level":"info","event":"Rows affected: 0","logger":"airflow.task.hooks.airflow.providers.oracle.hooks.oracle.OracleHook","filename":"sql.py","lineno":879}
{"timestamp":"2026-09-13T20:03:33.194942Z","level":"info","event":"Poking: SELECT COUNT(*) FROM demo_user.client_b_load_status\nWHERE status = 'COMPLETE' AND processed = 0 (with parameters None)","logger":"airflow.task.operators.airflow.providers.common.sql.sensors.sql.SqlSensor","filename":"sql.py","lineno":100}
{"timestamp":"2026-09-13T20:03:33.259111Z","level":"info","event":"Running statement: SELECT COUNT(*) FROM demo_user.client_b_load_status\nWHERE status = 'COMPLETE' AND processed = 0, parameters: None","logger":"airflow.task.hooks.airflow.providers.oracle.hooks.oracle.OracleHook","filename":"sql.py","lineno":861}
{"timestamp":"2026-09-13T20:03:33.260446Z","level":"info","event":"Rows affected: 0","logger":"airflow.task.hooks.airflow.providers.oracle.hooks.oracle.OracleHook","filename":"sql.py","lineno":879}
{"timestamp":"2026-09-13T20:03:43.303684Z","level":"info","event":"Poking: SELECT COUNT(*) FROM demo_user.client_b_load_status\nWHERE status = 'COMPLETE' AND processed = 0 (with parameters None)","logger":"airflow.task.operators.airflow.providers.common.sql.sensors.sql.SqlSensor","filename":"sql.py","lineno":100}
{"timestamp":"2026-09-13T20:03:43.368584Z","level":"info","event":"Running statement: SELECT COUNT(*) FROM demo_user.client_b_load_status\nWHERE status = 'COMPLETE' AND processed = 0, parameters: None","logger":"airflow.task.hooks.airflow.providers.oracle.hooks.oracle.OracleHook","filename":"sql.py","lineno":861}
{"timestamp":"2026-09-13T20:03:43.370097Z","level":"info","event":"Rows affected: 0","logger":"airflow.task.hooks.airflow.providers.oracle.hooks.oracle.OracleHook","filename":"sql.py","lineno":879}
{"timestamp":"2026-09-13T20:03:53.403941Z","level":"info","event":"Poking: SELECT COUNT(*) FROM demo_user.client_b_load_status\nWHERE status = 'COMPLETE' AND processed = 0 (with parameters None)","logger":"airflow.task.operators.airflow.providers.common.sql.sensors.sql.SqlSensor","filename":"sql.py","lineno":100}
{"timestamp":"2026-09-13T20:03:53.472189Z","level":"info","event":"Running statement: SELECT COUNT(*) FROM demo_user.client_b_load_status\nWHERE status = 'COMPLETE' AND processed = 0, parameters: None","logger":"airflow.task.hooks.airflow.providers.oracle.hooks.oracle.OracleHook","filename":"sql.py","lineno":861}
{"timestamp":"2026-09-13T20:03:53.473517Z","level":"info","event":"Rows affected: 0","logger":"airflow.task.hooks.airflow.providers.oracle.hooks.oracle.OracleHook","filename":"sql.py","lineno":879}
{"timestamp":"2026-09-13T20:04:03.547450Z","level":"info","event":"Poking: SELECT COUNT(*) FROM demo_user.client_b_load_status\nWHERE status = 'COMPLETE' AND processed = 0 (with parameters None)","logger":"airflow.task.operators.airflow.providers.common.sql.sensors.sql.SqlSensor","filename":"sql.py","lineno":100}
{"timestamp":"2026-09-13T20:04:03.622975Z","level":"info","event":"Running statement: SELECT COUNT(*) FROM demo_user.client_b_load_status\nWHERE status = 'COMPLETE' AND processed = 0, parameters: None","logger":"airflow.task.hooks.airflow.providers.oracle.hooks.oracle.OracleHook","filename":"sql.py","lineno":861}
{"timestamp":"2026-09-13T20:04:03.624362Z","level":"info","event":"Rows affected: 0","logger":"airflow.task.hooks.airflow.providers.oracle.hooks.oracle.OracleHook","filename":"sql.py","lineno":879}
{"timestamp":"2026-09-13T20:04:13.705725Z","level":"info","event":"Poking: SELECT COUNT(*) FROM demo_user.client_b_load_status\nWHERE status = 'COMPLETE' AND processed = 0 (with parameters None)","logger":"airflow.task.operators.airflow.providers.common.sql.sensors.sql.SqlSensor","filename":"sql.py","lineno":100}
{"timestamp":"2026-09-13T20:04:13.853950Z","level":"info","event":"Running statement: SELECT COUNT(*) FROM demo_user.client_b_load_status\nWHERE status = 'COMPLETE' AND processed = 0, parameters: None","logger":"airflow.task.hooks.airflow.providers.oracle.hooks.oracle.OracleHook","filename":"sql.py","lineno":861}
{"timestamp":"2026-09-13T20:04:13.856860Z","level":"info","event":"Rows affected: 0","logger":"airflow.task.hooks.airflow.providers.oracle.hooks.oracle.OracleHook","filename":"sql.py","lineno":879}
{"timestamp":"2026-09-13T20:04:23.895756Z","level":"info","event":"Poking: SELECT COUNT(*) FROM demo_user.client_b_load_status\nWHERE status = 'COMPLETE' AND processed = 0 (with parameters None)","logger":"airflow.task.operators.airflow.providers.common.sql.sensors.sql.SqlSensor","filename":"sql.py","lineno":100}
{"timestamp":"2026-09-13T20:04:23.977541Z","level":"info","event":"Running statement: SELECT COUNT(*) FROM demo_user.client_b_load_status\nWHERE status = 'COMPLETE' AND processed = 0, parameters: None","logger":"airflow.task.hooks.airflow.providers.oracle.hooks.oracle.OracleHook","filename":"sql.py","lineno":861}
{"timestamp":"2026-09-13T20:04:23.979050Z","level":"info","event":"Rows affected: 0","logger":"airflow.task.hooks.airflow.providers.oracle.hooks.oracle.OracleHook","filename":"sql.py","lineno":879}
{"timestamp":"2026-09-13T20:04:34.013139Z","level":"info","event":"Poking: SELECT COUNT(*) FROM demo_user.client_b_load_status\nWHERE status = 'COMPLETE' AND processed = 0 (with parameters None)","logger":"airflow.task.operators.airflow.providers.common.sql.sensors.sql.SqlSensor","filename":"sql.py","lineno":100}
{"timestamp":"2026-09-13T20:04:34.076402Z","level":"info","event":"Running statement: SELECT COUNT(*) FROM demo_user.client_b_load_status\nWHERE status = 'COMPLETE' AND processed = 0, parameters: None","logger":"airflow.task.hooks.airflow.providers.oracle.hooks.oracle.OracleHook","filename":"sql.py","lineno":861}
{"timestamp":"2026-09-13T20:04:34.077901Z","level":"info","event":"Rows affected: 0","logger":"airflow.task.hooks.airflow.providers.oracle.hooks.oracle.OracleHook","filename":"sql.py","lineno":879}
{"timestamp":"2026-09-13T20:04:44.118817Z","level":"info","event":"Poking: SELECT COUNT(*) FROM demo_user.client_b_load_status\nWHERE status = 'COMPLETE' AND processed = 0 (with parameters None)","logger":"airflow.task.operators.airflow.providers.common.sql.sensors.sql.SqlSensor","filename":"sql.py","lineno":100}
{"timestamp":"2026-09-13T20:04:44.193877Z","level":"info","event":"Running statement: SELECT COUNT(*) FROM demo_user.client_b_load_status\nWHERE status = 'COMPLETE' AND processed = 0, parameters: None","logger":"airflow.task.hooks.airflow.providers.oracle.hooks.oracle.OracleHook","filename":"sql.py","lineno":861}
{"timestamp":"2026-09-13T20:04:44.195360Z","level":"info","event":"Rows affected: 0","logger":"airflow.task.hooks.airflow.providers.oracle.hooks.oracle.OracleHook","filename":"sql.py","lineno":879}
{"timestamp":"2026-09-13T20:04:54.280055Z","level":"info","event":"Poking: SELECT COUNT(*) FROM demo_user.client_b_load_status\nWHERE status = 'COMPLETE' AND processed = 0 (with parameters None)","logger":"airflow.task.operators.airflow.providers.common.sql.sensors.sql.SqlSensor","filename":"sql.py","lineno":100}
{"timestamp":"2026-09-13T20:04:54.427581Z","level":"info","event":"Running statement: SELECT COUNT(*) FROM demo_user.client_b_load_status\nWHERE status = 'COMPLETE' AND processed = 0, parameters: None","logger":"airflow.task.hooks.airflow.providers.oracle.hooks.oracle.OracleHook","filename":"sql.py","lineno":861}
{"timestamp":"2026-09-13T20:04:54.434441Z","level":"info","event":"Rows affected: 0","logger":"airflow.task.hooks.airflow.providers.oracle.hooks.oracle.OracleHook","filename":"sql.py","lineno":879}
{"timestamp":"2026-09-13T20:05:04.480499Z","level":"info","event":"Poking: SELECT COUNT(*) FROM demo_user.client_b_load_status\nWHERE status = 'COMPLETE' AND processed = 0 (with parameters None)","logger":"airflow.task.operators.airflow.providers.common.sql.sensors.sql.SqlSensor","filename":"sql.py","lineno":100}
{"timestamp":"2026-09-13T20:05:04.549036Z","level":"info","event":"Running statement: SELECT COUNT(*) FROM demo_user.client_b_load_status\nWHERE status = 'COMPLETE' AND processed = 0, parameters: None","logger":"airflow.task.hooks.airflow.providers.oracle.hooks.oracle.OracleHook","filename":"sql.py","lineno":861}
{"timestamp":"2026-09-13T20:05:04.550566Z","level":"info","event":"Rows affected: 0","logger":"airflow.task.hooks.airflow.providers.oracle.hooks.oracle.OracleHook","filename":"sql.py","lineno":879}
{"timestamp":"2026-09-13T20:05:14.652360Z","level":"info","event":"Poking: SELECT COUNT(*) FROM demo_user.client_b_load_status\nWHERE status = 'COMPLETE' AND processed = 0 (with parameters None)","logger":"airflow.task.operators.airflow.providers.common.sql.sensors.sql.SqlSensor","filename":"sql.py","lineno":100}
{"timestamp":"2026-09-13T20:05:14.797772Z","level":"info","event":"Running statement: SELECT COUNT(*) FROM demo_user.client_b_load_status\nWHERE status = 'COMPLETE' AND processed = 0, parameters: None","logger":"airflow.task.hooks.airflow.providers.oracle.hooks.oracle.OracleHook","filename":"sql.py","lineno":861}
{"timestamp":"2026-09-13T20:05:14.801897Z","level":"info","event":"Rows affected: 0","logger":"airflow.task.hooks.airflow.providers.oracle.hooks.oracle.OracleHook","filename":"sql.py","lineno":879}
{"timestamp":"2026-09-13T20:05:24.855116Z","level":"info","event":"Poking: SELECT COUNT(*) FROM demo_user.client_b_load_status\nWHERE status = 'COMPLETE' AND processed = 0 (with parameters None)","logger":"airflow.task.operators.airflow.providers.common.sql.sensors.sql.SqlSensor","filename":"sql.py","lineno":100}
{"timestamp":"2026-09-13T20:05:24.975197Z","level":"info","event":"Running statement: SELECT COUNT(*) FROM demo_user.client_b_load_status\nWHERE status = 'COMPLETE' AND processed = 0, parameters: None","logger":"airflow.task.hooks.airflow.providers.oracle.hooks.oracle.OracleHook","filename":"sql.py","lineno":861}
{"timestamp":"2026-09-13T20:05:24.978658Z","level":"info","event":"Rows affected: 0","logger":"airflow.task.hooks.airflow.providers.oracle.hooks.oracle.OracleHook","filename":"sql.py","lineno":879}
{"timestamp":"2026-09-13T20:05:35.042630Z","level":"info","event":"Poking: SELECT COUNT(*) FROM demo_user.client_b_load_status\nWHERE status = 'COMPLETE' AND processed = 0 (with parameters None)","logger":"airflow.task.operators.airflow.providers.common.sql.sensors.sql.SqlSensor","filename":"sql.py","lineno":100}
{"timestamp":"2026-09-13T20:05:35.142703Z","level":"info","event":"Running statement: SELECT COUNT(*) FROM demo_user.client_b_load_status\nWHERE status = 'COMPLETE' AND processed = 0, parameters: None","logger":"airflow.task.hooks.airflow.providers.oracle.hooks.oracle.OracleHook","filename":"sql.py","lineno":861}
{"timestamp":"2026-09-13T20:05:35.144355Z","level":"info","event":"Rows affected: 0","logger":"airflow.task.hooks.airflow.providers.oracle.hooks.oracle.OracleHook","filename":"sql.py","lineno":879}
{"timestamp":"2026-09-13T20:05:45.211152Z","level":"info","event":"Poking: SELECT COUNT(*) FROM demo_user.client_b_load_status\nWHERE status = 'COMPLETE' AND processed = 0 (with parameters None)","logger":"airflow.task.operators.airflow.providers.common.sql.sensors.sql.SqlSensor","filename":"sql.py","lineno":100}
{"timestamp":"2026-09-13T20:05:45.308031Z","level":"info","event":"Running statement: SELECT COUNT(*) FROM demo_user.client_b_load_status\nWHERE status = 'COMPLETE' AND processed = 0, parameters: None","logger":"airflow.task.hooks.airflow.providers.oracle.hooks.oracle.OracleHook","filename":"sql.py","lineno":861}
{"timestamp":"2026-09-13T20:05:45.309757Z","level":"info","event":"Rows affected: 0","logger":"airflow.task.hooks.airflow.providers.oracle.hooks.oracle.OracleHook","filename":"sql.py","lineno":879}
{"timestamp":"2026-09-13T20:05:55.378755Z","level":"info","event":"Poking: SELECT COUNT(*) FROM demo_user.client_b_load_status\nWHERE status = 'COMPLETE' AND processed = 0 (with parameters None)","logger":"airflow.task.operators.airflow.providers.common.sql.sensors.sql.SqlSensor","filename":"sql.py","lineno":100}
{"timestamp":"2026-09-13T20:05:55.461265Z","level":"info","event":"Running statement: SELECT COUNT(*) FROM demo_user.client_b_load_status\nWHERE status = 'COMPLETE' AND processed = 0, parameters: None","logger":"airflow.task.hooks.airflow.providers.oracle.hooks.oracle.OracleHook","filename":"sql.py","lineno":861}
{"timestamp":"2026-09-13T20:05:55.463457Z","level":"info","event":"Rows affected: 0","logger":"airflow.task.hooks.airflow.providers.oracle.hooks.oracle.OracleHook","filename":"sql.py","lineno":879}
{"timestamp":"2026-09-13T20:06:05.517157Z","level":"info","event":"Poking: SELECT COUNT(*) FROM demo_user.client_b_load_status\nWHERE status = 'COMPLETE' AND processed = 0 (with parameters None)","logger":"airflow.task.operators.airflow.providers.common.sql.sensors.sql.SqlSensor","filename":"sql.py","lineno":100}
{"timestamp":"2026-09-13T20:06:05.613459Z","level":"info","event":"Running statement: SELECT COUNT(*) FROM demo_user.client_b_load_status\nWHERE status = 'COMPLETE' AND processed = 0, parameters: None","logger":"airflow.task.hooks.airflow.providers.oracle.hooks.oracle.OracleHook","filename":"sql.py","lineno":861}
{"timestamp":"2026-09-13T20:06:05.615658Z","level":"info","event":"Rows affected: 0","logger":"airflow.task.hooks.airflow.providers.oracle.hooks.oracle.OracleHook","filename":"sql.py","lineno":879}
{"timestamp":"2026-09-13T20:06:15.662102Z","level":"info","event":"Poking: SELECT COUNT(*) FROM demo_user.client_b_load_status\nWHERE status = 'COMPLETE' AND processed = 0 (with parameters None)","logger":"airflow.task.operators.airflow.providers.common.sql.sensors.sql.SqlSensor","filename":"sql.py","lineno":100}
{"timestamp":"2026-09-13T20:06:15.761460Z","level":"info","event":"Running statement: SELECT COUNT(*) FROM demo_user.client_b_load_status\nWHERE status = 'COMPLETE' AND processed = 0, parameters: None","logger":"airflow.task.hooks.airflow.providers.oracle.hooks.oracle.OracleHook","filename":"sql.py","lineno":861}
{"timestamp":"2026-09-13T20:06:15.763147Z","level":"info","event":"Rows affected: 0","logger":"airflow.task.hooks.airflow.providers.oracle.hooks.oracle.OracleHook","filename":"sql.py","lineno":879}
{"timestamp":"2026-09-13T20:06:25.845847Z","level":"info","event":"Poking: SELECT COUNT(*) FROM demo_user.client_b_load_status\nWHERE status = 'COMPLETE' AND processed = 0 (with parameters None)","logger":"airflow.task.operators.airflow.providers.common.sql.sensors.sql.SqlSensor","filename":"sql.py","lineno":100}
{"timestamp":"2026-09-13T20:06:25.923389Z","level":"info","event":"Running statement: SELECT COUNT(*) FROM demo_user.client_b_load_status\nWHERE status = 'COMPLETE' AND processed = 0, parameters: None","logger":"airflow.task.hooks.airflow.providers.oracle.hooks.oracle.OracleHook","filename":"sql.py","lineno":861}
{"timestamp":"2026-09-13T20:06:25.924897Z","level":"info","event":"Rows affected: 0","logger":"airflow.task.hooks.airflow.providers.oracle.hooks.oracle.OracleHook","filename":"sql.py","lineno":879}
{"timestamp":"2026-09-13T20:06:35.960006Z","level":"info","event":"Poking: SELECT COUNT(*) FROM demo_user.client_b_load_status\nWHERE status = 'COMPLETE' AND processed = 0 (with parameters None)","logger":"airflow.task.operators.airflow.providers.common.sql.sensors.sql.SqlSensor","filename":"sql.py","lineno":100}
{"timestamp":"2026-09-13T20:06:36.020803Z","level":"info","event":"Running statement: SELECT COUNT(*) FROM demo_user.client_b_load_status\nWHERE status = 'COMPLETE' AND processed = 0, parameters: None","logger":"airflow.task.hooks.airflow.providers.oracle.hooks.oracle.OracleHook","filename":"sql.py","lineno":861}
{"timestamp":"2026-09-13T20:06:36.021986Z","level":"info","event":"Rows affected: 0","logger":"airflow.task.hooks.airflow.providers.oracle.hooks.oracle.OracleHook","filename":"sql.py","lineno":879}
{"timestamp":"2026-09-13T20:06:46.084516Z","level":"info","event":"Poking: SELECT COUNT(*) FROM demo_user.client_b_load_status\nWHERE status = 'COMPLETE' AND processed = 0 (with parameters None)","logger":"airflow.task.operators.airflow.providers.common.sql.sensors.sql.SqlSensor","filename":"sql.py","lineno":100}
{"timestamp":"2026-09-13T20:06:46.262949Z","level":"info","event":"Running statement: SELECT COUNT(*) FROM demo_user.client_b_load_status\nWHERE status = 'COMPLETE' AND processed = 0, parameters: None","logger":"airflow.task.hooks.airflow.providers.oracle.hooks.oracle.OracleHook","filename":"sql.py","lineno":861}
{"timestamp":"2026-09-13T20:06:46.268443Z","level":"info","event":"Rows affected: 0","logger":"airflow.task.hooks.airflow.providers.oracle.hooks.oracle.OracleHook","filename":"sql.py","lineno":879}
{"timestamp":"2026-09-13T20:06:56.352561Z","level":"info","event":"Poking: SELECT COUNT(*) FROM demo_user.client_b_load_status\nWHERE status = 'COMPLETE' AND processed = 0 (with parameters None)","logger":"airflow.task.operators.airflow.providers.common.sql.sensors.sql.SqlSensor","filename":"sql.py","lineno":100}
{"timestamp":"2026-09-13T20:06:56.531169Z","level":"info","event":"Running statement: SELECT COUNT(*) FROM demo_user.client_b_load_status\nWHERE status = 'COMPLETE' AND processed = 0, parameters: None","logger":"airflow.task.hooks.airflow.providers.oracle.hooks.oracle.OracleHook","filename":"sql.py","lineno":861}
{"timestamp":"2026-09-13T20:06:56.537480Z","level":"info","event":"Rows affected: 0","logger":"airflow.task.hooks.airflow.providers.oracle.hooks.oracle.OracleHook","filename":"sql.py","lineno":879}
{"timestamp":"2026-09-13T20:07:06.681142Z","level":"info","event":"Poking: SELECT COUNT(*) FROM demo_user.client_b_load_status\nWHERE status = 'COMPLETE' AND processed = 0 (with parameters None)","logger":"airflow.task.operators.airflow.providers.common.sql.sensors.sql.SqlSensor","filename":"sql.py","lineno":100}
{"timestamp":"2026-09-13T20:07:06.857006Z","level":"info","event":"Running statement: SELECT COUNT(*) FROM demo_user.client_b_load_status\nWHERE status = 'COMPLETE' AND processed = 0, parameters: None","logger":"airflow.task.hooks.airflow.providers.oracle.hooks.oracle.OracleHook","filename":"sql.py","lineno":861}
{"timestamp":"2026-09-13T20:07:06.859470Z","level":"info","event":"Rows affected: 0","logger":"airflow.task.hooks.airflow.providers.oracle.hooks.oracle.OracleHook","filename":"sql.py","lineno":879}
{"timestamp":"2026-09-13T20:07:16.901955Z","level":"info","event":"Poking: SELECT COUNT(*) FROM demo_user.client_b_load_status\nWHERE status = 'COMPLETE' AND processed = 0 (with parameters None)","logger":"airflow.task.operators.airflow.providers.common.sql.sensors.sql.SqlSensor","filename":"sql.py","lineno":100}
{"timestamp":"2026-09-13T20:07:17.038092Z","level":"info","event":"Running statement: SELECT COUNT(*) FROM demo_user.client_b_load_status\nWHERE status = 'COMPLETE' AND processed = 0, parameters: None","logger":"airflow.task.hooks.airflow.providers.oracle.hooks.oracle.OracleHook","filename":"sql.py","lineno":861}
{"timestamp":"2026-09-13T20:07:17.042129Z","level":"info","event":"Rows affected: 0","logger":"airflow.task.hooks.airflow.providers.oracle.hooks.oracle.OracleHook","filename":"sql.py","lineno":879}
{"timestamp":"2026-09-13T20:07:27.155339Z","level":"info","event":"Poking: SELECT COUNT(*) FROM demo_user.client_b_load_status\nWHERE status = 'COMPLETE' AND processed = 0 (with parameters None)","logger":"airflow.task.operators.airflow.providers.common.sql.sensors.sql.SqlSensor","filename":"sql.py","lineno":100}
{"timestamp":"2026-09-13T20:07:27.339528Z","level":"info","event":"Running statement: SELECT COUNT(*) FROM demo_user.client_b_load_status\nWHERE status = 'COMPLETE' AND processed = 0, parameters: None","logger":"airflow.task.hooks.airflow.providers.oracle.hooks.oracle.OracleHook","filename":"sql.py","lineno":861}
{"timestamp":"2026-09-13T20:07:27.343590Z","level":"info","event":"Rows affected: 0","logger":"airflow.task.hooks.airflow.providers.oracle.hooks.oracle.OracleHook","filename":"sql.py","lineno":879}
{"timestamp":"2026-09-13T20:07:37.399907Z","level":"info","event":"Poking: SELECT COUNT(*) FROM demo_user.client_b_load_status\nWHERE status = 'COMPLETE' AND processed = 0 (with parameters None)","logger":"airflow.task.operators.airflow.providers.common.sql.sensors.sql.SqlSensor","filename":"sql.py","lineno":100}
{"timestamp":"2026-09-13T20:07:37.603075Z","level":"info","event":"Running statement: SELECT COUNT(*) FROM demo_user.client_b_load_status\nWHERE status = 'COMPLETE' AND processed = 0, parameters: None","logger":"airflow.task.hooks.airflow.providers.oracle.hooks.oracle.OracleHook","filename":"sql.py","lineno":861}
{"timestamp":"2026-09-13T20:07:37.605926Z","level":"info","event":"Rows affected: 0","logger":"airflow.task.hooks.airflow.providers.oracle.hooks.oracle.OracleHook","filename":"sql.py","lineno":879}
{"timestamp":"2026-09-13T20:07:47.681817Z","level":"info","event":"Poking: SELECT COUNT(*) FROM demo_user.client_b_load_status\nWHERE status = 'COMPLETE' AND processed = 0 (with parameters None)","logger":"airflow.task.operators.airflow.providers.common.sql.sensors.sql.SqlSensor","filename":"sql.py","lineno":100}
{"timestamp":"2026-09-13T20:07:47.839499Z","level":"info","event":"Running statement: SELECT COUNT(*) FROM demo_user.client_b_load_status\nWHERE status = 'COMPLETE' AND processed = 0, parameters: None","logger":"airflow.task.hooks.airflow.providers.oracle.hooks.oracle.OracleHook","filename":"sql.py","lineno":861}
{"timestamp":"2026-09-13T20:07:47.842008Z","level":"info","event":"Rows affected: 0","logger":"airflow.task.hooks.airflow.providers.oracle.hooks.oracle.OracleHook","filename":"sql.py","lineno":879}
{"timestamp":"2026-09-13T20:07:57.980590Z","level":"info","event":"Poking: SELECT COUNT(*) FROM demo_user.client_b_load_status\nWHERE status = 'COMPLETE' AND processed = 0 (with parameters None)","logger":"airflow.task.operators.airflow.providers.common.sql.sensors.sql.SqlSensor","filename":"sql.py","lineno":100}
{"timestamp":"2026-09-13T20:07:58.226489Z","level":"info","event":"Running statement: SELECT COUNT(*) FROM demo_user.client_b_load_status\nWHERE status = 'COMPLETE' AND processed = 0, parameters: None","logger":"airflow.task.hooks.airflow.providers.oracle.hooks.oracle.OracleHook","filename":"sql.py","lineno":861}
{"timestamp":"2026-09-13T20:07:58.229719Z","level":"info","event":"Rows affected: 0","logger":"airflow.task.hooks.airflow.providers.oracle.hooks.oracle.OracleHook","filename":"sql.py","lineno":879}
{"timestamp":"2026-09-13T20:08:08.355680Z","level":"info","event":"Poking: SELECT COUNT(*) FROM demo_user.client_b_load_status\nWHERE status = 'COMPLETE' AND processed = 0 (with parameters None)","logger":"airflow.task.operators.airflow.providers.common.sql.sensors.sql.SqlSensor","filename":"sql.py","lineno":100}
{"timestamp":"2026-09-13T20:08:08.486283Z","level":"info","event":"Running statement: SELECT COUNT(*) FROM demo_user.client_b_load_status\nWHERE status = 'COMPLETE' AND processed = 0, parameters: None","logger":"airflow.task.hooks.airflow.providers.oracle.hooks.oracle.OracleHook","filename":"sql.py","lineno":861}
{"timestamp":"2026-09-13T20:08:08.489236Z","level":"info","event":"Rows affected: 0","logger":"airflow.task.hooks.airflow.providers.oracle.hooks.oracle.OracleHook","filename":"sql.py","lineno":879}
{"timestamp":"2026-09-13T20:08:18.584993Z","level":"info","event":"Poking: SELECT COUNT(*) FROM demo_user.client_b_load_status\nWHERE status = 'COMPLETE' AND processed = 0 (with parameters None)","logger":"airflow.task.operators.airflow.providers.common.sql.sensors.sql.SqlSensor","filename":"sql.py","lineno":100}
{"timestamp":"2026-09-13T20:08:18.707828Z","level":"info","event":"Running statement: SELECT COUNT(*) FROM demo_user.client_b_load_status\nWHERE status = 'COMPLETE' AND processed = 0, parameters: None","logger":"airflow.task.hooks.airflow.providers.oracle.hooks.oracle.OracleHook","filename":"sql.py","lineno":861}
{"timestamp":"2026-09-13T20:08:18.710588Z","level":"info","event":"Rows affected: 0","logger":"airflow.task.hooks.airflow.providers.oracle.hooks.oracle.OracleHook","filename":"sql.py","lineno":879}
{"timestamp":"2026-09-13T20:08:28.834431Z","level":"info","event":"Poking: SELECT COUNT(*) FROM demo_user.client_b_load_status\nWHERE status = 'COMPLETE' AND processed = 0 (with parameters None)","logger":"airflow.task.operators.airflow.providers.common.sql.sensors.sql.SqlSensor","filename":"sql.py","lineno":100}
{"timestamp":"2026-09-13T20:08:29.045573Z","level":"info","event":"Running statement: SELECT COUNT(*) FROM demo_user.client_b_load_status\nWHERE status = 'COMPLETE' AND processed = 0, parameters: None","logger":"airflow.task.hooks.airflow.providers.oracle.hooks.oracle.OracleHook","filename":"sql.py","lineno":861}
{"timestamp":"2026-09-13T20:08:29.048447Z","level":"info","event":"Rows affected: 0","logger":"airflow.task.hooks.airflow.providers.oracle.hooks.oracle.OracleHook","filename":"sql.py","lineno":879}
{"timestamp":"2026-09-13T20:08:39.116634Z","level":"info","event":"Poking: SELECT COUNT(*) FROM demo_user.client_b_load_status\nWHERE status = 'COMPLETE' AND processed = 0 (with parameters None)","logger":"airflow.task.operators.airflow.providers.common.sql.sensors.sql.SqlSensor","filename":"sql.py","lineno":100}
{"timestamp":"2026-09-13T20:08:39.255138Z","level":"info","event":"Running statement: SELECT COUNT(*) FROM demo_user.client_b_load_status\nWHERE status = 'COMPLETE' AND processed = 0, parameters: None","logger":"airflow.task.hooks.airflow.providers.oracle.hooks.oracle.OracleHook","filename":"sql.py","lineno":861}
{"timestamp":"2026-09-13T20:08:39.257937Z","level":"info","event":"Rows affected: 0","logger":"airflow.task.hooks.airflow.providers.oracle.hooks.oracle.OracleHook","filename":"sql.py","lineno":879}
{"timestamp":"2026-09-13T20:08:49.349371Z","level":"info","event":"Poking: SELECT COUNT(*) FROM demo_user.client_b_load_status\nWHERE status = 'COMPLETE' AND processed = 0 (with parameters None)","logger":"airflow.task.operators.airflow.providers.common.sql.sensors.sql.SqlSensor","filename":"sql.py","lineno":100}
{"timestamp":"2026-09-13T20:08:49.438080Z","level":"info","event":"Running statement: SELECT COUNT(*) FROM demo_user.client_b_load_status\nWHERE status = 'COMPLETE' AND processed = 0, parameters: None","logger":"airflow.task.hooks.airflow.providers.oracle.hooks.oracle.OracleHook","filename":"sql.py","lineno":861}
{"timestamp":"2026-09-13T20:08:49.441744Z","level":"info","event":"Rows affected: 0","logger":"airflow.task.hooks.airflow.providers.oracle.hooks.oracle.OracleHook","filename":"sql.py","lineno":879}
{"timestamp":"2026-09-13T20:08:59.482208Z","level":"info","event":"Poking: SELECT COUNT(*) FROM demo_user.client_b_load_status\nWHERE status = 'COMPLETE' AND processed = 0 (with parameters None)","logger":"airflow.task.operators.airflow.providers.common.sql.sensors.sql.SqlSensor","filename":"sql.py","lineno":100}
{"timestamp":"2026-09-13T20:08:59.570799Z","level":"info","event":"Running statement: SELECT COUNT(*) FROM demo_user.client_b_load_status\nWHERE status = 'COMPLETE' AND processed = 0, parameters: None","logger":"airflow.task.hooks.airflow.providers.oracle.hooks.oracle.OracleHook","filename":"sql.py","lineno":861}
{"timestamp":"2026-09-13T20:08:59.572136Z","level":"info","event":"Rows affected: 0","logger":"airflow.task.hooks.airflow.providers.oracle.hooks.oracle.OracleHook","filename":"sql.py","lineno":879}
{"timestamp":"2026-09-13T20:09:09.636866Z","level":"info","event":"Poking: SELECT COUNT(*) FROM demo_user.client_b_load_status\nWHERE status = 'COMPLETE' AND processed = 0 (with parameters None)","logger":"airflow.task.operators.airflow.providers.common.sql.sensors.sql.SqlSensor","filename":"sql.py","lineno":100}
{"timestamp":"2026-09-13T20:09:09.828230Z","level":"info","event":"Running statement: SELECT COUNT(*) FROM demo_user.client_b_load_status\nWHERE status = 'COMPLETE' AND processed = 0, parameters: None","logger":"airflow.task.hooks.airflow.providers.oracle.hooks.oracle.OracleHook","filename":"sql.py","lineno":861}
{"timestamp":"2026-09-13T20:09:09.831553Z","level":"info","event":"Rows affected: 0","logger":"airflow.task.hooks.airflow.providers.oracle.hooks.oracle.OracleHook","filename":"sql.py","lineno":879}
{"timestamp":"2026-09-13T20:09:19.900307Z","level":"info","event":"Poking: SELECT COUNT(*) FROM demo_user.client_b_load_status\nWHERE status = 'COMPLETE' AND processed = 0 (with parameters None)","logger":"airflow.task.operators.airflow.providers.common.sql.sensors.sql.SqlSensor","filename":"sql.py","lineno":100}
{"timestamp":"2026-09-13T20:09:20.005595Z","level":"info","event":"Running statement: SELECT COUNT(*) FROM demo_user.client_b_load_status\nWHERE status = 'COMPLETE' AND processed = 0, parameters: None","logger":"airflow.task.hooks.airflow.providers.oracle.hooks.oracle.OracleHook","filename":"sql.py","lineno":861}
{"timestamp":"2026-09-13T20:09:20.009364Z","level":"info","event":"Rows affected: 0","logger":"airflow.task.hooks.airflow.providers.oracle.hooks.oracle.OracleHook","filename":"sql.py","lineno":879}
{"timestamp":"2026-09-13T20:09:30.082965Z","level":"info","event":"Poking: SELECT COUNT(*) FROM demo_user.client_b_load_status\nWHERE status = 'COMPLETE' AND processed = 0 (with parameters None)","logger":"airflow.task.operators.airflow.providers.common.sql.sensors.sql.SqlSensor","filename":"sql.py","lineno":100}
{"timestamp":"2026-09-13T20:09:30.237719Z","level":"info","event":"Running statement: SELECT COUNT(*) FROM demo_user.client_b_load_status\nWHERE status = 'COMPLETE' AND processed = 0, parameters: None","logger":"airflow.task.hooks.airflow.providers.oracle.hooks.oracle.OracleHook","filename":"sql.py","lineno":861}
{"timestamp":"2026-09-13T20:09:30.239729Z","level":"info","event":"Rows affected: 0","logger":"airflow.task.hooks.airflow.providers.oracle.hooks.oracle.OracleHook","filename":"sql.py","lineno":879}
{"timestamp":"2026-09-13T20:09:40.298673Z","level":"info","event":"Poking: SELECT COUNT(*) FROM demo_user.client_b_load_status\nWHERE status = 'COMPLETE' AND processed = 0 (with parameters None)","logger":"airflow.task.operators.airflow.providers.common.sql.sensors.sql.SqlSensor","filename":"sql.py","lineno":100}
{"timestamp":"2026-09-13T20:09:40.445738Z","level":"info","event":"Running statement: SELECT COUNT(*) FROM demo_user.client_b_load_status\nWHERE status = 'COMPLETE' AND processed = 0, parameters: None","logger":"airflow.task.hooks.airflow.providers.oracle.hooks.oracle.OracleHook","filename":"sql.py","lineno":861}
{"timestamp":"2026-09-13T20:09:40.448174Z","level":"info","event":"Rows affected: 0","logger":"airflow.task.hooks.airflow.providers.oracle.hooks.oracle.OracleHook","filename":"sql.py","lineno":879}
{"timestamp":"2026-09-13T20:09:50.518653Z","level":"info","event":"Poking: SELECT COUNT(*) FROM demo_user.client_b_load_status\nWHERE status = 'COMPLETE' AND processed = 0 (with parameters None)","logger":"airflow.task.operators.airflow.providers.common.sql.sensors.sql.SqlSensor","filename":"sql.py","lineno":100}
{"timestamp":"2026-09-13T20:09:50.599479Z","level":"info","event":"Running statement: SELECT COUNT(*) FROM demo_user.client_b_load_status\nWHERE status = 'COMPLETE' AND processed = 0, parameters: None","logger":"airflow.task.hooks.airflow.providers.oracle.hooks.oracle.OracleHook","filename":"sql.py","lineno":861}
{"timestamp":"2026-09-13T20:09:50.600886Z","level":"info","event":"Rows affected: 0","logger":"airflow.task.hooks.airflow.providers.oracle.hooks.oracle.OracleHook","filename":"sql.py","lineno":879}
{"timestamp":"2026-09-13T20:10:00.690950Z","level":"info","event":"Poking: SELECT COUNT(*) FROM demo_user.client_b_load_status\nWHERE status = 'COMPLETE' AND processed = 0 (with parameters None)","logger":"airflow.task.operators.airflow.providers.common.sql.sensors.sql.SqlSensor","filename":"sql.py","lineno":100}
{"timestamp":"2026-09-13T20:10:00.791513Z","level":"info","event":"Running statement: SELECT COUNT(*) FROM demo_user.client_b_load_status\nWHERE status = 'COMPLETE' AND processed = 0, parameters: None","logger":"airflow.task.hooks.airflow.providers.oracle.hooks.oracle.OracleHook","filename":"sql.py","lineno":861}
{"timestamp":"2026-09-13T20:10:00.793266Z","level":"info","event":"Rows affected: 0","logger":"airflow.task.hooks.airflow.providers.oracle.hooks.oracle.OracleHook","filename":"sql.py","lineno":879}
{"timestamp":"2026-09-13T20:10:10.873693Z","level":"info","event":"Poking: SELECT COUNT(*) FROM demo_user.client_b_load_status\nWHERE status = 'COMPLETE' AND processed = 0 (with parameters None)","logger":"airflow.task.operators.airflow.providers.common.sql.sensors.sql.SqlSensor","filename":"sql.py","lineno":100}
{"timestamp":"2026-09-13T20:10:10.948655Z","level":"info","event":"Running statement: SELECT COUNT(*) FROM demo_user.client_b_load_status\nWHERE status = 'COMPLETE' AND processed = 0, parameters: None","logger":"airflow.task.hooks.airflow.providers.oracle.hooks.oracle.OracleHook","filename":"sql.py","lineno":861}
{"timestamp":"2026-09-13T20:10:10.950387Z","level":"info","event":"Rows affected: 0","logger":"airflow.task.hooks.airflow.providers.oracle.hooks.oracle.OracleHook","filename":"sql.py","lineno":879}
{"timestamp":"2026-09-13T20:10:21.002489Z","level":"info","event":"Poking: SELECT COUNT(*) FROM demo_user.client_b_load_status\nWHERE status = 'COMPLETE' AND processed = 0 (with parameters None)","logger":"airflow.task.operators.airflow.providers.common.sql.sensors.sql.SqlSensor","filename":"sql.py","lineno":100}
{"timestamp":"2026-09-13T20:10:21.059342Z","level":"info","event":"Running statement: SELECT COUNT(*) FROM demo_user.client_b_load_status\nWHERE status = 'COMPLETE' AND processed = 0, parameters: None","logger":"airflow.task.hooks.airflow.providers.oracle.hooks.oracle.OracleHook","filename":"sql.py","lineno":861}
{"timestamp":"2026-09-13T20:10:21.060582Z","level":"info","event":"Rows affected: 0","logger":"airflow.task.hooks.airflow.providers.oracle.hooks.oracle.OracleHook","filename":"sql.py","lineno":879}
{"timestamp":"2026-09-13T20:10:31.108535Z","level":"info","event":"Poking: SELECT COUNT(*) FROM demo_user.client_b_load_status\nWHERE status = 'COMPLETE' AND processed = 0 (with parameters None)","logger":"airflow.task.operators.airflow.providers.common.sql.sensors.sql.SqlSensor","filename":"sql.py","lineno":100}
{"timestamp":"2026-09-13T20:10:31.186854Z","level":"info","event":"Running statement: SELECT COUNT(*) FROM demo_user.client_b_load_status\nWHERE status = 'COMPLETE' AND processed = 0, parameters: None","logger":"airflow.task.hooks.airflow.providers.oracle.hooks.oracle.OracleHook","filename":"sql.py","lineno":861}
{"timestamp":"2026-09-13T20:10:31.188590Z","level":"info","event":"Rows affected: 0","logger":"airflow.task.hooks.airflow.providers.oracle.hooks.oracle.OracleHook","filename":"sql.py","lineno":879}
{"timestamp":"2026-09-13T20:10:41.268639Z","level":"info","event":"Poking: SELECT COUNT(*) FROM demo_user.client_b_load_status\nWHERE status = 'COMPLETE' AND processed = 0 (with parameters None)","logger":"airflow.task.operators.airflow.providers.common.sql.sensors.sql.SqlSensor","filename":"sql.py","lineno":100}
{"timestamp":"2026-09-13T20:10:41.353151Z","level":"info","event":"Running statement: SELECT COUNT(*) FROM demo_user.client_b_load_status\nWHERE status = 'COMPLETE' AND processed = 0, parameters: None","logger":"airflow.task.hooks.airflow.providers.oracle.hooks.oracle.OracleHook","filename":"sql.py","lineno":861}
{"timestamp":"2026-09-13T20:10:41.355224Z","level":"info","event":"Rows affected: 0","logger":"airflow.task.hooks.airflow.providers.oracle.hooks.oracle.OracleHook","filename":"sql.py","lineno":879}
{"timestamp":"2026-09-13T20:10:51.396244Z","level":"info","event":"Poking: SELECT COUNT(*) FROM demo_user.client_b_load_status\nWHERE status = 'COMPLETE' AND processed = 0 (with parameters None)","logger":"airflow.task.operators.airflow.providers.common.sql.sensors.sql.SqlSensor","filename":"sql.py","lineno":100}
{"timestamp":"2026-09-13T20:10:51.471047Z","level":"info","event":"Running statement: SELECT COUNT(*) FROM demo_user.client_b_load_status\nWHERE status = 'COMPLETE' AND processed = 0, parameters: None","logger":"airflow.task.hooks.airflow.providers.oracle.hooks.oracle.OracleHook","filename":"sql.py","lineno":861}
{"timestamp":"2026-09-13T20:10:51.474028Z","level":"info","event":"Rows affected: 0","logger":"airflow.task.hooks.airflow.providers.oracle.hooks.oracle.OracleHook","filename":"sql.py","lineno":879}
{"timestamp":"2026-09-13T20:11:01.558142Z","level":"info","event":"Poking: SELECT COUNT(*) FROM demo_user.client_b_load_status\nWHERE status = 'COMPLETE' AND processed = 0 (with parameters None)","logger":"airflow.task.operators.airflow.providers.common.sql.sensors.sql.SqlSensor","filename":"sql.py","lineno":100}
{"timestamp":"2026-09-13T20:11:01.653498Z","level":"info","event":"Running statement: SELECT COUNT(*) FROM demo_user.client_b_load_status\nWHERE status = 'COMPLETE' AND processed = 0, parameters: None","logger":"airflow.task.hooks.airflow.providers.oracle.hooks.oracle.OracleHook","filename":"sql.py","lineno":861}
{"timestamp":"2026-09-13T20:11:01.655460Z","level":"info","event":"Rows affected: 0","logger":"airflow.task.hooks.airflow.providers.oracle.hooks.oracle.OracleHook","filename":"sql.py","lineno":879}
{"timestamp":"2026-09-13T20:11:11.976138Z","level":"info","event":"Poking: SELECT COUNT(*) FROM demo_user.client_b_load_status\nWHERE status = 'COMPLETE' AND processed = 0 (with parameters None)","logger":"airflow.task.operators.airflow.providers.common.sql.sensors.sql.SqlSensor","filename":"sql.py","lineno":100}
{"timestamp":"2026-09-13T20:11:12.109151Z","level":"info","event":"Running statement: SELECT COUNT(*) FROM demo_user.client_b_load_status\nWHERE status = 'COMPLETE' AND processed = 0, parameters: None","logger":"airflow.task.hooks.airflow.providers.oracle.hooks.oracle.OracleHook","filename":"sql.py","lineno":861}
{"timestamp":"2026-09-13T20:11:12.110785Z","level":"info","event":"Rows affected: 0","logger":"airflow.task.hooks.airflow.providers.oracle.hooks.oracle.OracleHook","filename":"sql.py","lineno":879}
{"timestamp":"2026-09-13T20:11:22.194406Z","level":"info","event":"Poking: SELECT COUNT(*) FROM demo_user.client_b_load_status\nWHERE status = 'COMPLETE' AND processed = 0 (with parameters None)","logger":"airflow.task.operators.airflow.providers.common.sql.sensors.sql.SqlSensor","filename":"sql.py","lineno":100}
{"timestamp":"2026-09-13T20:11:22.370294Z","level":"info","event":"Running statement: SELECT COUNT(*) FROM demo_user.client_b_load_status\nWHERE status = 'COMPLETE' AND processed = 0, parameters: None","logger":"airflow.task.hooks.airflow.providers.oracle.hooks.oracle.OracleHook","filename":"sql.py","lineno":861}
{"timestamp":"2026-09-13T20:11:22.374230Z","level":"info","event":"Rows affected: 0","logger":"airflow.task.hooks.airflow.providers.oracle.hooks.oracle.OracleHook","filename":"sql.py","lineno":879}
{"timestamp":"2026-09-13T20:11:32.438692Z","level":"info","event":"Poking: SELECT COUNT(*) FROM demo_user.client_b_load_status\nWHERE status = 'COMPLETE' AND processed = 0 (with parameters None)","logger":"airflow.task.operators.airflow.providers.common.sql.sensors.sql.SqlSensor","filename":"sql.py","lineno":100}
{"timestamp":"2026-09-13T20:11:32.529985Z","level":"info","event":"Running statement: SELECT COUNT(*) FROM demo_user.client_b_load_status\nWHERE status = 'COMPLETE' AND processed = 0, parameters: None","logger":"airflow.task.hooks.airflow.providers.oracle.hooks.oracle.OracleHook","filename":"sql.py","lineno":861}
{"timestamp":"2026-09-13T20:11:32.532407Z","level":"info","event":"Rows affected: 0","logger":"airflow.task.hooks.airflow.providers.oracle.hooks.oracle.OracleHook","filename":"sql.py","lineno":879}
{"timestamp":"2026-09-13T20:11:42.583341Z","level":"info","event":"Poking: SELECT COUNT(*) FROM demo_user.client_b_load_status\nWHERE status = 'COMPLETE' AND processed = 0 (with parameters None)","logger":"airflow.task.operators.airflow.providers.common.sql.sensors.sql.SqlSensor","filename":"sql.py","lineno":100}
{"timestamp":"2026-09-13T20:11:42.689302Z","level":"info","event":"Running statement: SELECT COUNT(*) FROM demo_user.client_b_load_status\nWHERE status = 'COMPLETE' AND processed = 0, parameters: None","logger":"airflow.task.hooks.airflow.providers.oracle.hooks.oracle.OracleHook","filename":"sql.py","lineno":861}
{"timestamp":"2026-09-13T20:11:42.693331Z","level":"info","event":"Rows affected: 0","logger":"airflow.task.hooks.airflow.providers.oracle.hooks.oracle.OracleHook","filename":"sql.py","lineno":879}
{"timestamp":"2026-09-13T20:11:52.999410Z","level":"info","event":"Poking: SELECT COUNT(*) FROM demo_user.client_b_load_status\nWHERE status = 'COMPLETE' AND processed = 0 (with parameters None)","logger":"airflow.task.operators.airflow.providers.common.sql.sensors.sql.SqlSensor","filename":"sql.py","lineno":100}
{"timestamp":"2026-09-13T20:11:53.067751Z","level":"info","event":"Running statement: SELECT COUNT(*) FROM demo_user.client_b_load_status\nWHERE status = 'COMPLETE' AND processed = 0, parameters: None","logger":"airflow.task.hooks.airflow.providers.oracle.hooks.oracle.OracleHook","filename":"sql.py","lineno":861}
{"timestamp":"2026-09-13T20:11:53.069436Z","level":"info","event":"Rows affected: 0","logger":"airflow.task.hooks.airflow.providers.oracle.hooks.oracle.OracleHook","filename":"sql.py","lineno":879}
{"timestamp":"2026-09-13T20:12:03.112999Z","level":"info","event":"Poking: SELECT COUNT(*) FROM demo_user.client_b_load_status\nWHERE status = 'COMPLETE' AND processed = 0 (with parameters None)","logger":"airflow.task.operators.airflow.providers.common.sql.sensors.sql.SqlSensor","filename":"sql.py","lineno":100}
{"timestamp":"2026-09-13T20:12:03.178940Z","level":"info","event":"Running statement: SELECT COUNT(*) FROM demo_user.client_b_load_status\nWHERE status = 'COMPLETE' AND processed = 0, parameters: None","logger":"airflow.task.hooks.airflow.providers.oracle.hooks.oracle.OracleHook","filename":"sql.py","lineno":861}
{"timestamp":"2026-09-13T20:12:03.180462Z","level":"info","event":"Rows affected: 0","logger":"airflow.task.hooks.airflow.providers.oracle.hooks.oracle.OracleHook","filename":"sql.py","lineno":879}
{"timestamp":"2026-09-13T20:12:13.260150Z","level":"info","event":"Poking: SELECT COUNT(*) FROM demo_user.client_b_load_status\nWHERE status = 'COMPLETE' AND processed = 0 (with parameters None)","logger":"airflow.task.operators.airflow.providers.common.sql.sensors.sql.SqlSensor","filename":"sql.py","lineno":100}
{"timestamp":"2026-09-13T20:12:13.428147Z","level":"info","event":"Running statement: SELECT COUNT(*) FROM demo_user.client_b_load_status\nWHERE status = 'COMPLETE' AND processed = 0, parameters: None","logger":"airflow.task.hooks.airflow.providers.oracle.hooks.oracle.OracleHook","filename":"sql.py","lineno":861}
{"timestamp":"2026-09-13T20:12:13.429973Z","level":"info","event":"Rows affected: 0","logger":"airflow.task.hooks.airflow.providers.oracle.hooks.oracle.OracleHook","filename":"sql.py","lineno":879}
{"timestamp":"2026-09-13T20:12:23.459773Z","level":"info","event":"Poking: SELECT COUNT(*) FROM demo_user.client_b_load_status\nWHERE status = 'COMPLETE' AND processed = 0 (with parameters None)","logger":"airflow.task.operators.airflow.providers.common.sql.sensors.sql.SqlSensor","filename":"sql.py","lineno":100}
{"timestamp":"2026-09-13T20:12:23.531824Z","level":"info","event":"Running statement: SELECT COUNT(*) FROM demo_user.client_b_load_status\nWHERE status = 'COMPLETE' AND processed = 0, parameters: None","logger":"airflow.task.hooks.airflow.providers.oracle.hooks.oracle.OracleHook","filename":"sql.py","lineno":861}
{"timestamp":"2026-09-13T20:12:23.533106Z","level":"info","event":"Rows affected: 0","logger":"airflow.task.hooks.airflow.providers.oracle.hooks.oracle.OracleHook","filename":"sql.py","lineno":879}
{"timestamp":"2026-09-13T20:12:33.569812Z","level":"info","event":"Poking: SELECT COUNT(*) FROM demo_user.client_b_load_status\nWHERE status = 'COMPLETE' AND processed = 0 (with parameters None)","logger":"airflow.task.operators.airflow.providers.common.sql.sensors.sql.SqlSensor","filename":"sql.py","lineno":100}
{"timestamp":"2026-09-13T20:12:33.626089Z","level":"info","event":"Running statement: SELECT COUNT(*) FROM demo_user.client_b_load_status\nWHERE status = 'COMPLETE' AND processed = 0, parameters: None","logger":"airflow.task.hooks.airflow.providers.oracle.hooks.oracle.OracleHook","filename":"sql.py","lineno":861}
{"timestamp":"2026-09-13T20:12:33.627252Z","level":"info","event":"Rows affected: 0","logger":"airflow.task.hooks.airflow.providers.oracle.hooks.oracle.OracleHook","filename":"sql.py","lineno":879}
{"timestamp":"2026-09-13T20:12:43.688288Z","level":"info","event":"Poking: SELECT COUNT(*) FROM demo_user.client_b_load_status\nWHERE status = 'COMPLETE' AND processed = 0 (with parameters None)","logger":"airflow.task.operators.airflow.providers.common.sql.sensors.sql.SqlSensor","filename":"sql.py","lineno":100}
{"timestamp":"2026-09-13T20:12:43.859888Z","level":"info","event":"Running statement: SELECT COUNT(*) FROM demo_user.client_b_load_status\nWHERE status = 'COMPLETE' AND processed = 0, parameters: None","logger":"airflow.task.hooks.airflow.providers.oracle.hooks.oracle.OracleHook","filename":"sql.py","lineno":861}
{"timestamp":"2026-09-13T20:12:43.862092Z","level":"info","event":"Rows affected: 0","logger":"airflow.task.hooks.airflow.providers.oracle.hooks.oracle.OracleHook","filename":"sql.py","lineno":879}
{"timestamp":"2026-09-13T20:12:53.932450Z","level":"info","event":"Poking: SELECT COUNT(*) FROM demo_user.client_b_load_status\nWHERE status = 'COMPLETE' AND processed = 0 (with parameters None)","logger":"airflow.task.operators.airflow.providers.common.sql.sensors.sql.SqlSensor","filename":"sql.py","lineno":100}
{"timestamp":"2026-09-13T20:12:54.072821Z","level":"info","event":"Running statement: SELECT COUNT(*) FROM demo_user.client_b_load_status\nWHERE status = 'COMPLETE' AND processed = 0, parameters: None","logger":"airflow.task.hooks.airflow.providers.oracle.hooks.oracle.OracleHook","filename":"sql.py","lineno":861}
{"timestamp":"2026-09-13T20:12:54.074610Z","level":"info","event":"Rows affected: 0","logger":"airflow.task.hooks.airflow.providers.oracle.hooks.oracle.OracleHook","filename":"sql.py","lineno":879}
{"timestamp":"2026-09-13T20:13:04.142237Z","level":"info","event":"Poking: SELECT COUNT(*) FROM demo_user.client_b_load_status\nWHERE status = 'COMPLETE' AND processed = 0 (with parameters None)","logger":"airflow.task.operators.airflow.providers.common.sql.sensors.sql.SqlSensor","filename":"sql.py","lineno":100}
{"timestamp":"2026-09-13T20:13:04.238043Z","level":"info","event":"Running statement: SELECT COUNT(*) FROM demo_user.client_b_load_status\nWHERE status = 'COMPLETE' AND processed = 0, parameters: None","logger":"airflow.task.hooks.airflow.providers.oracle.hooks.oracle.OracleHook","filename":"sql.py","lineno":861}
{"timestamp":"2026-09-13T20:13:04.239505Z","level":"info","event":"Rows affected: 0","logger":"airflow.task.hooks.airflow.providers.oracle.hooks.oracle.OracleHook","filename":"sql.py","lineno":879}
{"timestamp":"2026-09-13T20:13:14.273012Z","level":"info","event":"Poking: SELECT COUNT(*) FROM demo_user.client_b_load_status\nWHERE status = 'COMPLETE' AND processed = 0 (with parameters None)","logger":"airflow.task.operators.airflow.providers.common.sql.sensors.sql.SqlSensor","filename":"sql.py","lineno":100}
{"timestamp":"2026-09-13T20:13:14.331484Z","level":"info","event":"Running statement: SELECT COUNT(*) FROM demo_user.client_b_load_status\nWHERE status = 'COMPLETE' AND processed = 0, parameters: None","logger":"airflow.task.hooks.airflow.providers.oracle.hooks.oracle.OracleHook","filename":"sql.py","lineno":861}
{"timestamp":"2026-09-13T20:13:14.332563Z","level":"info","event":"Rows affected: 0","logger":"airflow.task.hooks.airflow.providers.oracle.hooks.oracle.OracleHook","filename":"sql.py","lineno":879}
{"timestamp":"2026-09-13T20:13:24.368451Z","level":"info","event":"Poking: SELECT COUNT(*) FROM demo_user.client_b_load_status\nWHERE status = 'COMPLETE' AND processed = 0 (with parameters None)","logger":"airflow.task.operators.airflow.providers.common.sql.sensors.sql.SqlSensor","filename":"sql.py","lineno":100}
{"timestamp":"2026-09-13T20:13:24.432466Z","level":"info","event":"Running statement: SELECT COUNT(*) FROM demo_user.client_b_load_status\nWHERE status = 'COMPLETE' AND processed = 0, parameters: None","logger":"airflow.task.hooks.airflow.providers.oracle.hooks.oracle.OracleHook","filename":"sql.py","lineno":861}
{"timestamp":"2026-09-13T20:13:24.433691Z","level":"info","event":"Rows affected: 0","logger":"airflow.task.hooks.airflow.providers.oracle.hooks.oracle.OracleHook","filename":"sql.py","lineno":879}
{"timestamp":"2026-09-13T20:13:34.494512Z","level":"info","event":"Poking: SELECT COUNT(*) FROM demo_user.client_b_load_status\nWHERE status = 'COMPLETE' AND processed = 0 (with parameters None)","logger":"airflow.task.operators.airflow.providers.common.sql.sensors.sql.SqlSensor","filename":"sql.py","lineno":100}
{"timestamp":"2026-09-13T20:13:34.555075Z","level":"info","event":"Running statement: SELECT COUNT(*) FROM demo_user.client_b_load_status\nWHERE status = 'COMPLETE' AND processed = 0, parameters: None","logger":"airflow.task.hooks.airflow.providers.oracle.hooks.oracle.OracleHook","filename":"sql.py","lineno":861}
{"timestamp":"2026-09-13T20:13:34.556190Z","level":"info","event":"Rows affected: 0","logger":"airflow.task.hooks.airflow.providers.oracle.hooks.oracle.OracleHook","filename":"sql.py","lineno":879}
{"timestamp":"2026-09-13T20:13:44.586994Z","level":"info","event":"Poking: SELECT COUNT(*) FROM demo_user.client_b_load_status\nWHERE status = 'COMPLETE' AND processed = 0 (with parameters None)","logger":"airflow.task.operators.airflow.providers.common.sql.sensors.sql.SqlSensor","filename":"sql.py","lineno":100}
{"timestamp":"2026-09-13T20:13:44.658501Z","level":"info","event":"Running statement: SELECT COUNT(*) FROM demo_user.client_b_load_status\nWHERE status = 'COMPLETE' AND processed = 0, parameters: None","logger":"airflow.task.hooks.airflow.providers.oracle.hooks.oracle.OracleHook","filename":"sql.py","lineno":861}
{"timestamp":"2026-09-13T20:13:44.659676Z","level":"info","event":"Rows affected: 0","logger":"airflow.task.hooks.airflow.providers.oracle.hooks.oracle.OracleHook","filename":"sql.py","lineno":879}
{"timestamp":"2026-09-13T20:13:54.705438Z","level":"info","event":"Poking: SELECT COUNT(*) FROM demo_user.client_b_load_status\nWHERE status = 'COMPLETE' AND processed = 0 (with parameters None)","logger":"airflow.task.operators.airflow.providers.common.sql.sensors.sql.SqlSensor","filename":"sql.py","lineno":100}
{"timestamp":"2026-09-13T20:13:54.778886Z","level":"info","event":"Running statement: SELECT COUNT(*) FROM demo_user.client_b_load_status\nWHERE status = 'COMPLETE' AND processed = 0, parameters: None","logger":"airflow.task.hooks.airflow.providers.oracle.hooks.oracle.OracleHook","filename":"sql.py","lineno":861}
{"timestamp":"2026-09-13T20:13:54.781132Z","level":"info","event":"Rows affected: 0","logger":"airflow.task.hooks.airflow.providers.oracle.hooks.oracle.OracleHook","filename":"sql.py","lineno":879}
{"timestamp":"2026-09-13T20:14:04.817433Z","level":"info","event":"Poking: SELECT COUNT(*) FROM demo_user.client_b_load_status\nWHERE status = 'COMPLETE' AND processed = 0 (with parameters None)","logger":"airflow.task.operators.airflow.providers.common.sql.sensors.sql.SqlSensor","filename":"sql.py","lineno":100}
{"timestamp":"2026-09-13T20:14:04.860560Z","level":"info","event":"Running statement: SELECT COUNT(*) FROM demo_user.client_b_load_status\nWHERE status = 'COMPLETE' AND processed = 0, parameters: None","logger":"airflow.task.hooks.airflow.providers.oracle.hooks.oracle.OracleHook","filename":"sql.py","lineno":861}
{"timestamp":"2026-09-13T20:14:04.861694Z","level":"info","event":"Rows affected: 0","logger":"airflow.task.hooks.airflow.providers.oracle.hooks.oracle.OracleHook","filename":"sql.py","lineno":879}
{"timestamp":"2026-09-13T20:14:14.878381Z","level":"info","event":"Poking: SELECT COUNT(*) FROM demo_user.client_b_load_status\nWHERE status = 'COMPLETE' AND processed = 0 (with parameters None)","logger":"airflow.task.operators.airflow.providers.common.sql.sensors.sql.SqlSensor","filename":"sql.py","lineno":100}
{"timestamp":"2026-09-13T20:14:14.917633Z","level":"info","event":"Running statement: SELECT COUNT(*) FROM demo_user.client_b_load_status\nWHERE status = 'COMPLETE' AND processed = 0, parameters: None","logger":"airflow.task.hooks.airflow.providers.oracle.hooks.oracle.OracleHook","filename":"sql.py","lineno":861}
{"timestamp":"2026-09-13T20:14:14.918778Z","level":"info","event":"Rows affected: 0","logger":"airflow.task.hooks.airflow.providers.oracle.hooks.oracle.OracleHook","filename":"sql.py","lineno":879}
{"timestamp":"2026-09-13T20:14:24.942882Z","level":"info","event":"Poking: SELECT COUNT(*) FROM demo_user.client_b_load_status\nWHERE status = 'COMPLETE' AND processed = 0 (with parameters None)","logger":"airflow.task.operators.airflow.providers.common.sql.sensors.sql.SqlSensor","filename":"sql.py","lineno":100}
{"timestamp":"2026-09-13T20:14:24.984771Z","level":"info","event":"Running statement: SELECT COUNT(*) FROM demo_user.client_b_load_status\nWHERE status = 'COMPLETE' AND processed = 0, parameters: None","logger":"airflow.task.hooks.airflow.providers.oracle.hooks.oracle.OracleHook","filename":"sql.py","lineno":861}
{"timestamp":"2026-09-13T20:14:24.985805Z","level":"info","event":"Rows affected: 0","logger":"airflow.task.hooks.airflow.providers.oracle.hooks.oracle.OracleHook","filename":"sql.py","lineno":879}
{"timestamp":"2026-09-13T20:14:35.013574Z","level":"info","event":"Poking: SELECT COUNT(*) FROM demo_user.client_b_load_status\nWHERE status = 'COMPLETE' AND processed = 0 (with parameters None)","logger":"airflow.task.operators.airflow.providers.common.sql.sensors.sql.SqlSensor","filename":"sql.py","lineno":100}
{"timestamp":"2026-09-13T20:14:35.048190Z","level":"info","event":"Running statement: SELECT COUNT(*) FROM demo_user.client_b_load_status\nWHERE status = 'COMPLETE' AND processed = 0, parameters: None","logger":"airflow.task.hooks.airflow.providers.oracle.hooks.oracle.OracleHook","filename":"sql.py","lineno":861}
{"timestamp":"2026-09-13T20:14:35.049047Z","level":"info","event":"Rows affected: 0","logger":"airflow.task.hooks.airflow.providers.oracle.hooks.oracle.OracleHook","filename":"sql.py","lineno":879}
{"timestamp":"2026-09-13T20:14:45.070333Z","level":"info","event":"Poking: SELECT COUNT(*) FROM demo_user.client_b_load_status\nWHERE status = 'COMPLETE' AND processed = 0 (with parameters None)","logger":"airflow.task.operators.airflow.providers.common.sql.sensors.sql.SqlSensor","filename":"sql.py","lineno":100}
{"timestamp":"2026-09-13T20:14:45.106973Z","level":"info","event":"Running statement: SELECT COUNT(*) FROM demo_user.client_b_load_status\nWHERE status = 'COMPLETE' AND processed = 0, parameters: None","logger":"airflow.task.hooks.airflow.providers.oracle.hooks.oracle.OracleHook","filename":"sql.py","lineno":861}
{"timestamp":"2026-09-13T20:14:45.107852Z","level":"info","event":"Rows affected: 0","logger":"airflow.task.hooks.airflow.providers.oracle.hooks.oracle.OracleHook","filename":"sql.py","lineno":879}
{"timestamp":"2026-09-13T20:14:55.131527Z","level":"info","event":"Poking: SELECT COUNT(*) FROM demo_user.client_b_load_status\nWHERE status = 'COMPLETE' AND processed = 0 (with parameters None)","logger":"airflow.task.operators.airflow.providers.common.sql.sensors.sql.SqlSensor","filename":"sql.py","lineno":100}
{"timestamp":"2026-09-13T20:14:55.169288Z","level":"info","event":"Running statement: SELECT COUNT(*) FROM demo_user.client_b_load_status\nWHERE status = 'COMPLETE' AND processed = 0, parameters: None","logger":"airflow.task.hooks.airflow.providers.oracle.hooks.oracle.OracleHook","filename":"sql.py","lineno":861}
{"timestamp":"2026-09-13T20:14:55.170267Z","level":"info","event":"Rows affected: 0","logger":"airflow.task.hooks.airflow.providers.oracle.hooks.oracle.OracleHook","filename":"sql.py","lineno":879}
{"timestamp":"2026-09-13T20:15:05.194994Z","level":"info","event":"Poking: SELECT COUNT(*) FROM demo_user.client_b_load_status\nWHERE status = 'COMPLETE' AND processed = 0 (with parameters None)","logger":"airflow.task.operators.airflow.providers.common.sql.sensors.sql.SqlSensor","filename":"sql.py","lineno":100}
{"timestamp":"2026-09-13T20:15:05.226886Z","level":"info","event":"Running statement: SELECT COUNT(*) FROM demo_user.client_b_load_status\nWHERE status = 'COMPLETE' AND processed = 0, parameters: None","logger":"airflow.task.hooks.airflow.providers.oracle.hooks.oracle.OracleHook","filename":"sql.py","lineno":861}
{"timestamp":"2026-09-13T20:15:05.227721Z","level":"info","event":"Rows affected: 0","logger":"airflow.task.hooks.airflow.providers.oracle.hooks.oracle.OracleHook","filename":"sql.py","lineno":879}
{"timestamp":"2026-09-13T20:15:15.247229Z","level":"info","event":"Poking: SELECT COUNT(*) FROM demo_user.client_b_load_status\nWHERE status = 'COMPLETE' AND processed = 0 (with parameters None)","logger":"airflow.task.operators.airflow.providers.common.sql.sensors.sql.SqlSensor","filename":"sql.py","lineno":100}
{"timestamp":"2026-09-13T20:15:15.295919Z","level":"info","event":"Running statement: SELECT COUNT(*) FROM demo_user.client_b_load_status\nWHERE status = 'COMPLETE' AND processed = 0, parameters: None","logger":"airflow.task.hooks.airflow.providers.oracle.hooks.oracle.OracleHook","filename":"sql.py","lineno":861}
{"timestamp":"2026-09-13T20:15:15.296842Z","level":"info","event":"Rows affected: 0","logger":"airflow.task.hooks.airflow.providers.oracle.hooks.oracle.OracleHook","filename":"sql.py","lineno":879}
{"timestamp":"2026-09-13T20:15:25.325658Z","level":"info","event":"Poking: SELECT COUNT(*) FROM demo_user.client_b_load_status\nWHERE status = 'COMPLETE' AND processed = 0 (with parameters None)","logger":"airflow.task.operators.airflow.providers.common.sql.sensors.sql.SqlSensor","filename":"sql.py","lineno":100}
{"timestamp":"2026-09-13T20:15:25.385409Z","level":"info","event":"Running statement: SELECT COUNT(*) FROM demo_user.client_b_load_status\nWHERE status = 'COMPLETE' AND processed = 0, parameters: None","logger":"airflow.task.hooks.airflow.providers.oracle.hooks.oracle.OracleHook","filename":"sql.py","lineno":861}
{"timestamp":"2026-09-13T20:15:25.386507Z","level":"info","event":"Rows affected: 0","logger":"airflow.task.hooks.airflow.providers.oracle.hooks.oracle.OracleHook","filename":"sql.py","lineno":879}
{"timestamp":"2026-09-13T20:15:35.438785Z","level":"info","event":"Poking: SELECT COUNT(*) FROM demo_user.client_b_load_status\nWHERE status = 'COMPLETE' AND processed = 0 (with parameters None)","logger":"airflow.task.operators.airflow.providers.common.sql.sensors.sql.SqlSensor","filename":"sql.py","lineno":100}
{"timestamp":"2026-09-13T20:15:35.479891Z","level":"info","event":"Running statement: SELECT COUNT(*) FROM demo_user.client_b_load_status\nWHERE status = 'COMPLETE' AND processed = 0, parameters: None","logger":"airflow.task.hooks.airflow.providers.oracle.hooks.oracle.OracleHook","filename":"sql.py","lineno":861}
{"timestamp":"2026-09-13T20:15:35.480793Z","level":"info","event":"Rows affected: 0","logger":"airflow.task.hooks.airflow.providers.oracle.hooks.oracle.OracleHook","filename":"sql.py","lineno":879}
{"timestamp":"2026-09-13T20:15:45.501175Z","level":"info","event":"Poking: SELECT COUNT(*) FROM demo_user.client_b_load_status\nWHERE status = 'COMPLETE' AND processed = 0 (with parameters None)","logger":"airflow.task.operators.airflow.providers.common.sql.sensors.sql.SqlSensor","filename":"sql.py","lineno":100}
{"timestamp":"2026-09-13T20:15:45.543532Z","level":"info","event":"Running statement: SELECT COUNT(*) FROM demo_user.client_b_load_status\nWHERE status = 'COMPLETE' AND processed = 0, parameters: None","logger":"airflow.task.hooks.airflow.providers.oracle.hooks.oracle.OracleHook","filename":"sql.py","lineno":861}
{"timestamp":"2026-09-13T20:15:45.544464Z","level":"info","event":"Rows affected: 0","logger":"airflow.task.hooks.airflow.providers.oracle.hooks.oracle.OracleHook","filename":"sql.py","lineno":879}
{"timestamp":"2026-09-13T20:15:55.571938Z","level":"info","event":"Poking: SELECT COUNT(*) FROM demo_user.client_b_load_status\nWHERE status = 'COMPLETE' AND processed = 0 (with parameters None)","logger":"airflow.task.operators.airflow.providers.common.sql.sensors.sql.SqlSensor","filename":"sql.py","lineno":100}
{"timestamp":"2026-09-13T20:15:55.612676Z","level":"info","event":"Running statement: SELECT COUNT(*) FROM demo_user.client_b_load_status\nWHERE status = 'COMPLETE' AND processed = 0, parameters: None","logger":"airflow.task.hooks.airflow.providers.oracle.hooks.oracle.OracleHook","filename":"sql.py","lineno":861}
{"timestamp":"2026-09-13T20:15:55.613570Z","level":"info","event":"Rows affected: 0","logger":"airflow.task.hooks.airflow.providers.oracle.hooks.oracle.OracleHook","filename":"sql.py","lineno":879}
{"timestamp":"2026-09-13T20:16:05.639178Z","level":"info","event":"Poking: SELECT COUNT(*) FROM demo_user.client_b_load_status\nWHERE status = 'COMPLETE' AND processed = 0 (with parameters None)","logger":"airflow.task.operators.airflow.providers.common.sql.sensors.sql.SqlSensor","filename":"sql.py","lineno":100}
{"timestamp":"2026-09-13T20:16:05.675818Z","level":"info","event":"Running statement: SELECT COUNT(*) FROM demo_user.client_b_load_status\nWHERE status = 'COMPLETE' AND processed = 0, parameters: None","logger":"airflow.task.hooks.airflow.providers.oracle.hooks.oracle.OracleHook","filename":"sql.py","lineno":861}
{"timestamp":"2026-09-13T20:16:05.676530Z","level":"info","event":"Rows affected: 0","logger":"airflow.task.hooks.airflow.providers.oracle.hooks.oracle.OracleHook","filename":"sql.py","lineno":879}
{"timestamp":"2026-09-13T20:16:15.691050Z","level":"info","event":"Poking: SELECT COUNT(*) FROM demo_user.client_b_load_status\nWHERE status = 'COMPLETE' AND processed = 0 (with parameters None)","logger":"airflow.task.operators.airflow.providers.common.sql.sensors.sql.SqlSensor","filename":"sql.py","lineno":100}
{"timestamp":"2026-09-13T20:16:15.730130Z","level":"info","event":"Running statement: SELECT COUNT(*) FROM demo_user.client_b_load_status\nWHERE status = 'COMPLETE' AND processed = 0, parameters: None","logger":"airflow.task.hooks.airflow.providers.oracle.hooks.oracle.OracleHook","filename":"sql.py","lineno":861}
{"timestamp":"2026-09-13T20:16:15.730930Z","level":"info","event":"Rows affected: 0","logger":"airflow.task.hooks.airflow.providers.oracle.hooks.oracle.OracleHook","filename":"sql.py","lineno":879}
{"timestamp":"2026-09-13T20:16:25.754211Z","level":"info","event":"Poking: SELECT COUNT(*) FROM demo_user.client_b_load_status\nWHERE status = 'COMPLETE' AND processed = 0 (with parameters None)","logger":"airflow.task.operators.airflow.providers.common.sql.sensors.sql.SqlSensor","filename":"sql.py","lineno":100}
{"timestamp":"2026-09-13T20:16:25.795123Z","level":"info","event":"Running statement: SELECT COUNT(*) FROM demo_user.client_b_load_status\nWHERE status = 'COMPLETE' AND processed = 0, parameters: None","logger":"airflow.task.hooks.airflow.providers.oracle.hooks.oracle.OracleHook","filename":"sql.py","lineno":861}
{"timestamp":"2026-09-13T20:16:25.795959Z","level":"info","event":"Rows affected: 0","logger":"airflow.task.hooks.airflow.providers.oracle.hooks.oracle.OracleHook","filename":"sql.py","lineno":879}
{"timestamp":"2026-09-13T20:16:35.823437Z","level":"info","event":"Poking: SELECT COUNT(*) FROM demo_user.client_b_load_status\nWHERE status = 'COMPLETE' AND processed = 0 (with parameters None)","logger":"airflow.task.operators.airflow.providers.common.sql.sensors.sql.SqlSensor","filename":"sql.py","lineno":100}
{"timestamp":"2026-09-13T20:16:35.887639Z","level":"info","event":"Running statement: SELECT COUNT(*) FROM demo_user.client_b_load_status\nWHERE status = 'COMPLETE' AND processed = 0, parameters: None","logger":"airflow.task.hooks.airflow.providers.oracle.hooks.oracle.OracleHook","filename":"sql.py","lineno":861}
{"timestamp":"2026-09-13T20:16:35.888693Z","level":"info","event":"Rows affected: 0","logger":"airflow.task.hooks.airflow.providers.oracle.hooks.oracle.OracleHook","filename":"sql.py","lineno":879}
{"timestamp":"2026-09-13T20:16:45.937336Z","level":"info","event":"Poking: SELECT COUNT(*) FROM demo_user.client_b_load_status\nWHERE status = 'COMPLETE' AND processed = 0 (with parameters None)","logger":"airflow.task.operators.airflow.providers.common.sql.sensors.sql.SqlSensor","filename":"sql.py","lineno":100}
{"timestamp":"2026-09-13T20:16:46.003636Z","level":"info","event":"Running statement: SELECT COUNT(*) FROM demo_user.client_b_load_status\nWHERE status = 'COMPLETE' AND processed = 0, parameters: None","logger":"airflow.task.hooks.airflow.providers.oracle.hooks.oracle.OracleHook","filename":"sql.py","lineno":861}
{"timestamp":"2026-09-13T20:16:46.005885Z","level":"info","event":"Rows affected: 0","logger":"airflow.task.hooks.airflow.providers.oracle.hooks.oracle.OracleHook","filename":"sql.py","lineno":879}
{"timestamp":"2026-09-13T20:16:56.053546Z","level":"info","event":"Poking: SELECT COUNT(*) FROM demo_user.client_b_load_status\nWHERE status = 'COMPLETE' AND processed = 0 (with parameters None)","logger":"airflow.task.operators.airflow.providers.common.sql.sensors.sql.SqlSensor","filename":"sql.py","lineno":100}
{"timestamp":"2026-09-13T20:16:56.120540Z","level":"info","event":"Running statement: SELECT COUNT(*) FROM demo_user.client_b_load_status\nWHERE status = 'COMPLETE' AND processed = 0, parameters: None","logger":"airflow.task.hooks.airflow.providers.oracle.hooks.oracle.OracleHook","filename":"sql.py","lineno":861}
{"timestamp":"2026-09-13T20:16:56.121907Z","level":"info","event":"Rows affected: 0","logger":"airflow.task.hooks.airflow.providers.oracle.hooks.oracle.OracleHook","filename":"sql.py","lineno":879}
{"timestamp":"2026-09-13T20:17:06.174717Z","level":"info","event":"Poking: SELECT COUNT(*) FROM demo_user.client_b_load_status\nWHERE status = 'COMPLETE' AND processed = 0 (with parameters None)","logger":"airflow.task.operators.airflow.providers.common.sql.sensors.sql.SqlSensor","filename":"sql.py","lineno":100}
{"timestamp":"2026-09-13T20:17:06.279593Z","level":"info","event":"Running statement: SELECT COUNT(*) FROM demo_user.client_b_load_status\nWHERE status = 'COMPLETE' AND processed = 0, parameters: None","logger":"airflow.task.hooks.airflow.providers.oracle.hooks.oracle.OracleHook","filename":"sql.py","lineno":861}
{"timestamp":"2026-09-13T20:17:06.282231Z","level":"info","event":"Rows affected: 0","logger":"airflow.task.hooks.airflow.providers.oracle.hooks.oracle.OracleHook","filename":"sql.py","lineno":879}
{"timestamp":"2026-09-13T20:17:16.315318Z","level":"info","event":"Poking: SELECT COUNT(*) FROM demo_user.client_b_load_status\nWHERE status = 'COMPLETE' AND processed = 0 (with parameters None)","logger":"airflow.task.operators.airflow.providers.common.sql.sensors.sql.SqlSensor","filename":"sql.py","lineno":100}
{"timestamp":"2026-09-13T20:17:16.442933Z","level":"info","event":"Running statement: SELECT COUNT(*) FROM demo_user.client_b_load_status\nWHERE status = 'COMPLETE' AND processed = 0, parameters: None","logger":"airflow.task.hooks.airflow.providers.oracle.hooks.oracle.OracleHook","filename":"sql.py","lineno":861}
{"timestamp":"2026-09-13T20:17:16.446894Z","level":"info","event":"Rows affected: 0","logger":"airflow.task.hooks.airflow.providers.oracle.hooks.oracle.OracleHook","filename":"sql.py","lineno":879}
{"timestamp":"2026-09-13T20:17:26.489490Z","level":"info","event":"Poking: SELECT COUNT(*) FROM demo_user.client_b_load_status\nWHERE status = 'COMPLETE' AND processed = 0 (with parameters None)","logger":"airflow.task.operators.airflow.providers.common.sql.sensors.sql.SqlSensor","filename":"sql.py","lineno":100}
{"timestamp":"2026-09-13T20:17:26.571895Z","level":"info","event":"Running statement: SELECT COUNT(*) FROM demo_user.client_b_load_status\nWHERE status = 'COMPLETE' AND processed = 0, parameters: None","logger":"airflow.task.hooks.airflow.providers.oracle.hooks.oracle.OracleHook","filename":"sql.py","lineno":861}
{"timestamp":"2026-09-13T20:17:26.573640Z","level":"info","event":"Rows affected: 0","logger":"airflow.task.hooks.airflow.providers.oracle.hooks.oracle.OracleHook","filename":"sql.py","lineno":879}
{"timestamp":"2026-09-13T20:17:36.632619Z","level":"info","event":"Poking: SELECT COUNT(*) FROM demo_user.client_b_load_status\nWHERE status = 'COMPLETE' AND processed = 0 (with parameters None)","logger":"airflow.task.operators.airflow.providers.common.sql.sensors.sql.SqlSensor","filename":"sql.py","lineno":100}
{"timestamp":"2026-09-13T20:17:36.770183Z","level":"info","event":"Running statement: SELECT COUNT(*) FROM demo_user.client_b_load_status\nWHERE status = 'COMPLETE' AND processed = 0, parameters: None","logger":"airflow.task.hooks.airflow.providers.oracle.hooks.oracle.OracleHook","filename":"sql.py","lineno":861}
{"timestamp":"2026-09-13T20:17:36.775408Z","level":"info","event":"Rows affected: 0","logger":"airflow.task.hooks.airflow.providers.oracle.hooks.oracle.OracleHook","filename":"sql.py","lineno":879}
{"timestamp":"2026-09-13T20:17:46.813184Z","level":"info","event":"Poking: SELECT COUNT(*) FROM demo_user.client_b_load_status\nWHERE status = 'COMPLETE' AND processed = 0 (with parameters None)","logger":"airflow.task.operators.airflow.providers.common.sql.sensors.sql.SqlSensor","filename":"sql.py","lineno":100}
{"timestamp":"2026-09-13T20:17:46.885651Z","level":"info","event":"Running statement: SELECT COUNT(*) FROM demo_user.client_b_load_status\nWHERE status = 'COMPLETE' AND processed = 0, parameters: None","logger":"airflow.task.hooks.airflow.providers.oracle.hooks.oracle.OracleHook","filename":"sql.py","lineno":861}
{"timestamp":"2026-09-13T20:17:46.887490Z","level":"info","event":"Rows affected: 0","logger":"airflow.task.hooks.airflow.providers.oracle.hooks.oracle.OracleHook","filename":"sql.py","lineno":879}
{"timestamp":"2026-09-13T20:17:56.932421Z","level":"info","event":"Poking: SELECT COUNT(*) FROM demo_user.client_b_load_status\nWHERE status = 'COMPLETE' AND processed = 0 (with parameters None)","logger":"airflow.task.operators.airflow.providers.common.sql.sensors.sql.SqlSensor","filename":"sql.py","lineno":100}
{"timestamp":"2026-09-13T20:17:56.997499Z","level":"info","event":"Running statement: SELECT COUNT(*) FROM demo_user.client_b_load_status\nWHERE status = 'COMPLETE' AND processed = 0, parameters: None","logger":"airflow.task.hooks.airflow.providers.oracle.hooks.oracle.OracleHook","filename":"sql.py","lineno":861}
{"timestamp":"2026-09-13T20:17:56.998839Z","level":"info","event":"Rows affected: 0","logger":"airflow.task.hooks.airflow.providers.oracle.hooks.oracle.OracleHook","filename":"sql.py","lineno":879}
{"timestamp":"2026-09-13T20:18:07.034291Z","level":"info","event":"Poking: SELECT COUNT(*) FROM demo_user.client_b_load_status\nWHERE status = 'COMPLETE' AND processed = 0 (with parameters None)","logger":"airflow.task.operators.airflow.providers.common.sql.sensors.sql.SqlSensor","filename":"sql.py","lineno":100}
{"timestamp":"2026-09-13T20:18:07.101353Z","level":"info","event":"Running statement: SELECT COUNT(*) FROM demo_user.client_b_load_status\nWHERE status = 'COMPLETE' AND processed = 0, parameters: None","logger":"airflow.task.hooks.airflow.providers.oracle.hooks.oracle.OracleHook","filename":"sql.py","lineno":861}
{"timestamp":"2026-09-13T20:18:07.102766Z","level":"info","event":"Rows affected: 0","logger":"airflow.task.hooks.airflow.providers.oracle.hooks.oracle.OracleHook","filename":"sql.py","lineno":879}
{"timestamp":"2026-09-13T20:18:17.138513Z","level":"info","event":"Poking: SELECT COUNT(*) FROM demo_user.client_b_load_status\nWHERE status = 'COMPLETE' AND processed = 0 (with parameters None)","logger":"airflow.task.operators.airflow.providers.common.sql.sensors.sql.SqlSensor","filename":"sql.py","lineno":100}
{"timestamp":"2026-09-13T20:18:17.186186Z","level":"info","event":"Running statement: SELECT COUNT(*) FROM demo_user.client_b_load_status\nWHERE status = 'COMPLETE' AND processed = 0, parameters: None","logger":"airflow.task.hooks.airflow.providers.oracle.hooks.oracle.OracleHook","filename":"sql.py","lineno":861}
{"timestamp":"2026-09-13T20:18:17.187440Z","level":"info","event":"Rows affected: 0","logger":"airflow.task.hooks.airflow.providers.oracle.hooks.oracle.OracleHook","filename":"sql.py","lineno":879}
{"timestamp":"2026-09-13T20:18:27.214715Z","level":"info","event":"Poking: SELECT COUNT(*) FROM demo_user.client_b_load_status\nWHERE status = 'COMPLETE' AND processed = 0 (with parameters None)","logger":"airflow.task.operators.airflow.providers.common.sql.sensors.sql.SqlSensor","filename":"sql.py","lineno":100}
{"timestamp":"2026-09-13T20:18:27.297195Z","level":"info","event":"Running statement: SELECT COUNT(*) FROM demo_user.client_b_load_status\nWHERE status = 'COMPLETE' AND processed = 0, parameters: None","logger":"airflow.task.hooks.airflow.providers.oracle.hooks.oracle.OracleHook","filename":"sql.py","lineno":861}
{"timestamp":"2026-09-13T20:18:27.298710Z","level":"info","event":"Rows affected: 0","logger":"airflow.task.hooks.airflow.providers.oracle.hooks.oracle.OracleHook","filename":"sql.py","lineno":879}
{"timestamp":"2026-09-13T20:18:37.335505Z","level":"info","event":"Poking: SELECT COUNT(*) FROM demo_user.client_b_load_status\nWHERE status = 'COMPLETE' AND processed = 0 (with parameters None)","logger":"airflow.task.operators.airflow.providers.common.sql.sensors.sql.SqlSensor","filename":"sql.py","lineno":100}
{"timestamp":"2026-09-13T20:18:37.427771Z","level":"info","event":"Running statement: SELECT COUNT(*) FROM demo_user.client_b_load_status\nWHERE status = 'COMPLETE' AND processed = 0, parameters: None","logger":"airflow.task.hooks.airflow.providers.oracle.hooks.oracle.OracleHook","filename":"sql.py","lineno":861}
{"timestamp":"2026-09-13T20:18:37.429355Z","level":"info","event":"Rows affected: 0","logger":"airflow.task.hooks.airflow.providers.oracle.hooks.oracle.OracleHook","filename":"sql.py","lineno":879}
{"timestamp":"2026-09-13T20:18:47.453108Z","level":"info","event":"Poking: SELECT COUNT(*) FROM demo_user.client_b_load_status\nWHERE status = 'COMPLETE' AND processed = 0 (with parameters None)","logger":"airflow.task.operators.airflow.providers.common.sql.sensors.sql.SqlSensor","filename":"sql.py","lineno":100}
{"timestamp":"2026-09-13T20:18:47.489853Z","level":"info","event":"Running statement: SELECT COUNT(*) FROM demo_user.client_b_load_status\nWHERE status = 'COMPLETE' AND processed = 0, parameters: None","logger":"airflow.task.hooks.airflow.providers.oracle.hooks.oracle.OracleHook","filename":"sql.py","lineno":861}
{"timestamp":"2026-09-13T20:18:47.490685Z","level":"info","event":"Rows affected: 0","logger":"airflow.task.hooks.airflow.providers.oracle.hooks.oracle.OracleHook","filename":"sql.py","lineno":879}
{"timestamp":"2026-09-13T20:18:57.536639Z","level":"info","event":"Poking: SELECT COUNT(*) FROM demo_user.client_b_load_status\nWHERE status = 'COMPLETE' AND processed = 0 (with parameters None)","logger":"airflow.task.operators.airflow.providers.common.sql.sensors.sql.SqlSensor","filename":"sql.py","lineno":100}
{"timestamp":"2026-09-13T20:18:57.622821Z","level":"info","event":"Running statement: SELECT COUNT(*) FROM demo_user.client_b_load_status\nWHERE status = 'COMPLETE' AND processed = 0, parameters: None","logger":"airflow.task.hooks.airflow.providers.oracle.hooks.oracle.OracleHook","filename":"sql.py","lineno":861}
{"timestamp":"2026-09-13T20:18:57.626112Z","level":"info","event":"Rows affected: 0","logger":"airflow.task.hooks.airflow.providers.oracle.hooks.oracle.OracleHook","filename":"sql.py","lineno":879}
{"timestamp":"2026-09-13T20:19:07.663960Z","level":"info","event":"Poking: SELECT COUNT(*) FROM demo_user.client_b_load_status\nWHERE status = 'COMPLETE' AND processed = 0 (with parameters None)","logger":"airflow.task.operators.airflow.providers.common.sql.sensors.sql.SqlSensor","filename":"sql.py","lineno":100}
{"timestamp":"2026-09-13T20:19:07.715186Z","level":"info","event":"Running statement: SELECT COUNT(*) FROM demo_user.client_b_load_status\nWHERE status = 'COMPLETE' AND processed = 0, parameters: None","logger":"airflow.task.hooks.airflow.providers.oracle.hooks.oracle.OracleHook","filename":"sql.py","lineno":861}
{"timestamp":"2026-09-13T20:19:07.716953Z","level":"info","event":"Rows affected: 0","logger":"airflow.task.hooks.airflow.providers.oracle.hooks.oracle.OracleHook","filename":"sql.py","lineno":879}
{"timestamp":"2026-09-13T20:19:17.753241Z","level":"info","event":"Poking: SELECT COUNT(*) FROM demo_user.client_b_load_status\nWHERE status = 'COMPLETE' AND processed = 0 (with parameters None)","logger":"airflow.task.operators.airflow.providers.common.sql.sensors.sql.SqlSensor","filename":"sql.py","lineno":100}
{"timestamp":"2026-09-13T20:19:17.842309Z","level":"info","event":"Running statement: SELECT COUNT(*) FROM demo_user.client_b_load_status\nWHERE status = 'COMPLETE' AND processed = 0, parameters: None","logger":"airflow.task.hooks.airflow.providers.oracle.hooks.oracle.OracleHook","filename":"sql.py","lineno":861}
{"timestamp":"2026-09-13T20:19:17.843671Z","level":"info","event":"Rows affected: 0","logger":"airflow.task.hooks.airflow.providers.oracle.hooks.oracle.OracleHook","filename":"sql.py","lineno":879}
{"timestamp":"2026-09-13T20:19:27.868073Z","level":"info","event":"Poking: SELECT COUNT(*) FROM demo_user.client_b_load_status\nWHERE status = 'COMPLETE' AND processed = 0 (with parameters None)","logger":"airflow.task.operators.airflow.providers.common.sql.sensors.sql.SqlSensor","filename":"sql.py","lineno":100}
{"timestamp":"2026-09-13T20:19:27.927540Z","level":"info","event":"Running statement: SELECT COUNT(*) FROM demo_user.client_b_load_status\nWHERE status = 'COMPLETE' AND processed = 0, parameters: None","logger":"airflow.task.hooks.airflow.providers.oracle.hooks.oracle.OracleHook","filename":"sql.py","lineno":861}
{"timestamp":"2026-09-13T20:19:27.931406Z","level":"info","event":"Rows affected: 0","logger":"airflow.task.hooks.airflow.providers.oracle.hooks.oracle.OracleHook","filename":"sql.py","lineno":879}
{"timestamp":"2026-09-13T20:19:38.041642Z","level":"info","event":"Poking: SELECT COUNT(*) FROM demo_user.client_b_load_status\nWHERE status = 'COMPLETE' AND processed = 0 (with parameters None)","logger":"airflow.task.operators.airflow.providers.common.sql.sensors.sql.SqlSensor","filename":"sql.py","lineno":100}
{"timestamp":"2026-09-13T20:19:38.136457Z","level":"info","event":"Running statement: SELECT COUNT(*) FROM demo_user.client_b_load_status\nWHERE status = 'COMPLETE' AND processed = 0, parameters: None","logger":"airflow.task.hooks.airflow.providers.oracle.hooks.oracle.OracleHook","filename":"sql.py","lineno":861}
{"timestamp":"2026-09-13T20:19:38.139759Z","level":"info","event":"Rows affected: 0","logger":"airflow.task.hooks.airflow.providers.oracle.hooks.oracle.OracleHook","filename":"sql.py","lineno":879}
{"timestamp":"2026-09-13T20:19:48.172439Z","level":"info","event":"Poking: SELECT COUNT(*) FROM demo_user.client_b_load_status\nWHERE status = 'COMPLETE' AND processed = 0 (with parameters None)","logger":"airflow.task.operators.airflow.providers.common.sql.sensors.sql.SqlSensor","filename":"sql.py","lineno":100}
{"timestamp":"2026-09-13T20:19:48.224030Z","level":"info","event":"Running statement: SELECT COUNT(*) FROM demo_user.client_b_load_status\nWHERE status = 'COMPLETE' AND processed = 0, parameters: None","logger":"airflow.task.hooks.airflow.providers.oracle.hooks.oracle.OracleHook","filename":"sql.py","lineno":861}
{"timestamp":"2026-09-13T20:19:48.225049Z","level":"info","event":"Rows affected: 0","logger":"airflow.task.hooks.airflow.providers.oracle.hooks.oracle.OracleHook","filename":"sql.py","lineno":879}
{"timestamp":"2026-09-13T20:19:58.251129Z","level":"info","event":"Poking: SELECT COUNT(*) FROM demo_user.client_b_load_status\nWHERE status = 'COMPLETE' AND processed = 0 (with parameters None)","logger":"airflow.task.operators.airflow.providers.common.sql.sensors.sql.SqlSensor","filename":"sql.py","lineno":100}
{"timestamp":"2026-09-13T20:19:58.295870Z","level":"info","event":"Running statement: SELECT COUNT(*) FROM demo_user.client_b_load_status\nWHERE status = 'COMPLETE' AND processed = 0, parameters: None","logger":"airflow.task.hooks.airflow.providers.oracle.hooks.oracle.OracleHook","filename":"sql.py","lineno":861}
{"timestamp":"2026-09-13T20:19:58.296999Z","level":"info","event":"Rows affected: 0","logger":"airflow.task.hooks.airflow.providers.oracle.hooks.oracle.OracleHook","filename":"sql.py","lineno":879}
{"timestamp":"2026-09-13T20:20:08.320209Z","level":"info","event":"Poking: SELECT COUNT(*) FROM demo_user.client_b_load_status\nWHERE status = 'COMPLETE' AND processed = 0 (with parameters None)","logger":"airflow.task.operators.airflow.providers.common.sql.sensors.sql.SqlSensor","filename":"sql.py","lineno":100}
{"timestamp":"2026-09-13T20:20:08.382509Z","level":"info","event":"Running statement: SELECT COUNT(*) FROM demo_user.client_b_load_status\nWHERE status = 'COMPLETE' AND processed = 0, parameters: None","logger":"airflow.task.hooks.airflow.providers.oracle.hooks.oracle.OracleHook","filename":"sql.py","lineno":861}
{"timestamp":"2026-09-13T20:20:08.386321Z","level":"info","event":"Rows affected: 0","logger":"airflow.task.hooks.airflow.providers.oracle.hooks.oracle.OracleHook","filename":"sql.py","lineno":879}
{"timestamp":"2026-09-13T20:20:18.407834Z","level":"info","event":"Poking: SELECT COUNT(*) FROM demo_user.client_b_load_status\nWHERE status = 'COMPLETE' AND processed = 0 (with parameters None)","logger":"airflow.task.operators.airflow.providers.common.sql.sensors.sql.SqlSensor","filename":"sql.py","lineno":100}
{"timestamp":"2026-09-13T20:20:18.445301Z","level":"info","event":"Running statement: SELECT COUNT(*) FROM demo_user.client_b_load_status\nWHERE status = 'COMPLETE' AND processed = 0, parameters: None","logger":"airflow.task.hooks.airflow.providers.oracle.hooks.oracle.OracleHook","filename":"sql.py","lineno":861}
{"timestamp":"2026-09-13T20:20:18.446449Z","level":"info","event":"Rows affected: 0","logger":"airflow.task.hooks.airflow.providers.oracle.hooks.oracle.OracleHook","filename":"sql.py","lineno":879}
{"timestamp":"2026-09-13T20:20:28.511063Z","level":"info","event":"Poking: SELECT COUNT(*) FROM demo_user.client_b_load_status\nWHERE status = 'COMPLETE' AND processed = 0 (with parameters None)","logger":"airflow.task.operators.airflow.providers.common.sql.sensors.sql.SqlSensor","filename":"sql.py","lineno":100}
{"timestamp":"2026-09-13T20:20:28.695428Z","level":"info","event":"Running statement: SELECT COUNT(*) FROM demo_user.client_b_load_status\nWHERE status = 'COMPLETE' AND processed = 0, parameters: None","logger":"airflow.task.hooks.airflow.providers.oracle.hooks.oracle.OracleHook","filename":"sql.py","lineno":861}
{"timestamp":"2026-09-13T20:20:28.698542Z","level":"info","event":"Rows affected: 0","logger":"airflow.task.hooks.airflow.providers.oracle.hooks.oracle.OracleHook","filename":"sql.py","lineno":879}
{"timestamp":"2026-09-13T20:20:38.744660Z","level":"info","event":"Poking: SELECT COUNT(*) FROM demo_user.client_b_load_status\nWHERE status = 'COMPLETE' AND processed = 0 (with parameters None)","logger":"airflow.task.operators.airflow.providers.common.sql.sensors.sql.SqlSensor","filename":"sql.py","lineno":100}
{"timestamp":"2026-09-13T20:20:38.829145Z","level":"info","event":"Running statement: SELECT COUNT(*) FROM demo_user.client_b_load_status\nWHERE status = 'COMPLETE' AND processed = 0, parameters: None","logger":"airflow.task.hooks.airflow.providers.oracle.hooks.oracle.OracleHook","filename":"sql.py","lineno":861}
{"timestamp":"2026-09-13T20:20:38.829968Z","level":"info","event":"Rows affected: 0","logger":"airflow.task.hooks.airflow.providers.oracle.hooks.oracle.OracleHook","filename":"sql.py","lineno":879}
{"timestamp":"2026-09-13T20:20:48.860628Z","level":"info","event":"Poking: SELECT COUNT(*) FROM demo_user.client_b_load_status\nWHERE status = 'COMPLETE' AND processed = 0 (with parameters None)","logger":"airflow.task.operators.airflow.providers.common.sql.sensors.sql.SqlSensor","filename":"sql.py","lineno":100}
{"timestamp":"2026-09-13T20:20:48.927464Z","level":"info","event":"Running statement: SELECT COUNT(*) FROM demo_user.client_b_load_status\nWHERE status = 'COMPLETE' AND processed = 0, parameters: None","logger":"airflow.task.hooks.airflow.providers.oracle.hooks.oracle.OracleHook","filename":"sql.py","lineno":861}
{"timestamp":"2026-09-13T20:20:48.929929Z","level":"info","event":"Rows affected: 0","logger":"airflow.task.hooks.airflow.providers.oracle.hooks.oracle.OracleHook","filename":"sql.py","lineno":879}
{"timestamp":"2026-09-13T20:20:58.975518Z","level":"info","event":"Poking: SELECT COUNT(*) FROM demo_user.client_b_load_status\nWHERE status = 'COMPLETE' AND processed = 0 (with parameters None)","logger":"airflow.task.operators.airflow.providers.common.sql.sensors.sql.SqlSensor","filename":"sql.py","lineno":100}
{"timestamp":"2026-09-13T20:20:59.067634Z","level":"info","event":"Running statement: SELECT COUNT(*) FROM demo_user.client_b_load_status\nWHERE status = 'COMPLETE' AND processed = 0, parameters: None","logger":"airflow.task.hooks.airflow.providers.oracle.hooks.oracle.OracleHook","filename":"sql.py","lineno":861}
{"timestamp":"2026-09-13T20:20:59.069789Z","level":"info","event":"Rows affected: 0","logger":"airflow.task.hooks.airflow.providers.oracle.hooks.oracle.OracleHook","filename":"sql.py","lineno":879}
{"timestamp":"2026-09-13T20:21:09.108847Z","level":"info","event":"Poking: SELECT COUNT(*) FROM demo_user.client_b_load_status\nWHERE status = 'COMPLETE' AND processed = 0 (with parameters None)","logger":"airflow.task.operators.airflow.providers.common.sql.sensors.sql.SqlSensor","filename":"sql.py","lineno":100}
{"timestamp":"2026-09-13T20:21:09.185107Z","level":"info","event":"Running statement: SELECT COUNT(*) FROM demo_user.client_b_load_status\nWHERE status = 'COMPLETE' AND processed = 0, parameters: None","logger":"airflow.task.hooks.airflow.providers.oracle.hooks.oracle.OracleHook","filename":"sql.py","lineno":861}
{"timestamp":"2026-09-13T20:21:09.186807Z","level":"info","event":"Rows affected: 0","logger":"airflow.task.hooks.airflow.providers.oracle.hooks.oracle.OracleHook","filename":"sql.py","lineno":879}
{"timestamp":"2026-09-13T20:21:19.207560Z","level":"info","event":"Poking: SELECT COUNT(*) FROM demo_user.client_b_load_status\nWHERE status = 'COMPLETE' AND processed = 0 (with parameters None)","logger":"airflow.task.operators.airflow.providers.common.sql.sensors.sql.SqlSensor","filename":"sql.py","lineno":100}
{"timestamp":"2026-09-13T20:21:19.243358Z","level":"info","event":"Running statement: SELECT COUNT(*) FROM demo_user.client_b_load_status\nWHERE status = 'COMPLETE' AND processed = 0, parameters: None","logger":"airflow.task.hooks.airflow.providers.oracle.hooks.oracle.OracleHook","filename":"sql.py","lineno":861}
{"timestamp":"2026-09-13T20:21:19.244156Z","level":"info","event":"Rows affected: 0","logger":"airflow.task.hooks.airflow.providers.oracle.hooks.oracle.OracleHook","filename":"sql.py","lineno":879}
{"timestamp":"2026-09-13T20:21:29.269564Z","level":"info","event":"Poking: SELECT COUNT(*) FROM demo_user.client_b_load_status\nWHERE status = 'COMPLETE' AND processed = 0 (with parameters None)","logger":"airflow.task.operators.airflow.providers.common.sql.sensors.sql.SqlSensor","filename":"sql.py","lineno":100}
{"timestamp":"2026-09-13T20:21:29.307481Z","level":"info","event":"Running statement: SELECT COUNT(*) FROM demo_user.client_b_load_status\nWHERE status = 'COMPLETE' AND processed = 0, parameters: None","logger":"airflow.task.hooks.airflow.providers.oracle.hooks.oracle.OracleHook","filename":"sql.py","lineno":861}
{"timestamp":"2026-09-13T20:21:29.308515Z","level":"info","event":"Rows affected: 0","logger":"airflow.task.hooks.airflow.providers.oracle.hooks.oracle.OracleHook","filename":"sql.py","lineno":879}
{"timestamp":"2026-09-13T20:21:39.335681Z","level":"info","event":"Poking: SELECT COUNT(*) FROM demo_user.client_b_load_status\nWHERE status = 'COMPLETE' AND processed = 0 (with parameters None)","logger":"airflow.task.operators.airflow.providers.common.sql.sensors.sql.SqlSensor","filename":"sql.py","lineno":100}
{"timestamp":"2026-09-13T20:21:39.378307Z","level":"info","event":"Running statement: SELECT COUNT(*) FROM demo_user.client_b_load_status\nWHERE status = 'COMPLETE' AND processed = 0, parameters: None","logger":"airflow.task.hooks.airflow.providers.oracle.hooks.oracle.OracleHook","filename":"sql.py","lineno":861}
{"timestamp":"2026-09-13T20:21:39.379626Z","level":"info","event":"Rows affected: 0","logger":"airflow.task.hooks.airflow.providers.oracle.hooks.oracle.OracleHook","filename":"sql.py","lineno":879}
{"timestamp":"2026-09-13T20:21:49.402903Z","level":"info","event":"Poking: SELECT COUNT(*) FROM demo_user.client_b_load_status\nWHERE status = 'COMPLETE' AND processed = 0 (with parameters None)","logger":"airflow.task.operators.airflow.providers.common.sql.sensors.sql.SqlSensor","filename":"sql.py","lineno":100}
{"timestamp":"2026-09-13T20:21:49.445060Z","level":"info","event":"Running statement: SELECT COUNT(*) FROM demo_user.client_b_load_status\nWHERE status = 'COMPLETE' AND processed = 0, parameters: None","logger":"airflow.task.hooks.airflow.providers.oracle.hooks.oracle.OracleHook","filename":"sql.py","lineno":861}
{"timestamp":"2026-09-13T20:21:49.445800Z","level":"info","event":"Rows affected: 0","logger":"airflow.task.hooks.airflow.providers.oracle.hooks.oracle.OracleHook","filename":"sql.py","lineno":879}
{"timestamp":"2026-09-13T20:21:59.477009Z","level":"info","event":"Poking: SELECT COUNT(*) FROM demo_user.client_b_load_status\nWHERE status = 'COMPLETE' AND processed = 0 (with parameters None)","logger":"airflow.task.operators.airflow.providers.common.sql.sensors.sql.SqlSensor","filename":"sql.py","lineno":100}
{"timestamp":"2026-09-13T20:21:59.519095Z","level":"info","event":"Running statement: SELECT COUNT(*) FROM demo_user.client_b_load_status\nWHERE status = 'COMPLETE' AND processed = 0, parameters: None","logger":"airflow.task.hooks.airflow.providers.oracle.hooks.oracle.OracleHook","filename":"sql.py","lineno":861}
{"timestamp":"2026-09-13T20:21:59.519836Z","level":"info","event":"Rows affected: 0","logger":"airflow.task.hooks.airflow.providers.oracle.hooks.oracle.OracleHook","filename":"sql.py","lineno":879}
{"timestamp":"2026-09-13T20:22:09.548008Z","level":"info","event":"Poking: SELECT COUNT(*) FROM demo_user.client_b_load_status\nWHERE status = 'COMPLETE' AND processed = 0 (with parameters None)","logger":"airflow.task.operators.airflow.providers.common.sql.sensors.sql.SqlSensor","filename":"sql.py","lineno":100}
{"timestamp":"2026-09-13T20:22:09.589295Z","level":"info","event":"Running statement: SELECT COUNT(*) FROM demo_user.client_b_load_status\nWHERE status = 'COMPLETE' AND processed = 0, parameters: None","logger":"airflow.task.hooks.airflow.providers.oracle.hooks.oracle.OracleHook","filename":"sql.py","lineno":861}
{"timestamp":"2026-09-13T20:22:09.590433Z","level":"info","event":"Rows affected: 0","logger":"airflow.task.hooks.airflow.providers.oracle.hooks.oracle.OracleHook","filename":"sql.py","lineno":879}
{"timestamp":"2026-09-13T20:22:19.610118Z","level":"info","event":"Poking: SELECT COUNT(*) FROM demo_user.client_b_load_status\nWHERE status = 'COMPLETE' AND processed = 0 (with parameters None)","logger":"airflow.task.operators.airflow.providers.common.sql.sensors.sql.SqlSensor","filename":"sql.py","lineno":100}
{"timestamp":"2026-09-13T20:22:19.655702Z","level":"info","event":"Running statement: SELECT COUNT(*) FROM demo_user.client_b_load_status\nWHERE status = 'COMPLETE' AND processed = 0, parameters: None","logger":"airflow.task.hooks.airflow.providers.oracle.hooks.oracle.OracleHook","filename":"sql.py","lineno":861}
{"timestamp":"2026-09-13T20:22:19.656465Z","level":"info","event":"Rows affected: 0","logger":"airflow.task.hooks.airflow.providers.oracle.hooks.oracle.OracleHook","filename":"sql.py","lineno":879}
{"timestamp":"2026-09-13T20:22:29.684225Z","level":"info","event":"Poking: SELECT COUNT(*) FROM demo_user.client_b_load_status\nWHERE status = 'COMPLETE' AND processed = 0 (with parameters None)","logger":"airflow.task.operators.airflow.providers.common.sql.sensors.sql.SqlSensor","filename":"sql.py","lineno":100}
{"timestamp":"2026-09-13T20:22:29.730722Z","level":"info","event":"Running statement: SELECT COUNT(*) FROM demo_user.client_b_load_status\nWHERE status = 'COMPLETE' AND processed = 0, parameters: None","logger":"airflow.task.hooks.airflow.providers.oracle.hooks.oracle.OracleHook","filename":"sql.py","lineno":861}
{"timestamp":"2026-09-13T20:22:29.731922Z","level":"info","event":"Rows affected: 0","logger":"airflow.task.hooks.airflow.providers.oracle.hooks.oracle.OracleHook","filename":"sql.py","lineno":879}
{"timestamp":"2026-09-13T20:22:39.759723Z","level":"info","event":"Poking: SELECT COUNT(*) FROM demo_user.client_b_load_status\nWHERE status = 'COMPLETE' AND processed = 0 (with parameters None)","logger":"airflow.task.operators.airflow.providers.common.sql.sensors.sql.SqlSensor","filename":"sql.py","lineno":100}
{"timestamp":"2026-09-13T20:22:39.798078Z","level":"info","event":"Running statement: SELECT COUNT(*) FROM demo_user.client_b_load_status\nWHERE status = 'COMPLETE' AND processed = 0, parameters: None","logger":"airflow.task.hooks.airflow.providers.oracle.hooks.oracle.OracleHook","filename":"sql.py","lineno":861}
{"timestamp":"2026-09-13T20:22:39.798917Z","level":"info","event":"Rows affected: 0","logger":"airflow.task.hooks.airflow.providers.oracle.hooks.oracle.OracleHook","filename":"sql.py","lineno":879}
{"timestamp":"2026-09-13T20:22:49.824933Z","level":"info","event":"Poking: SELECT COUNT(*) FROM demo_user.client_b_load_status\nWHERE status = 'COMPLETE' AND processed = 0 (with parameters None)","logger":"airflow.task.operators.airflow.providers.common.sql.sensors.sql.SqlSensor","filename":"sql.py","lineno":100}
{"timestamp":"2026-09-13T20:22:49.886951Z","level":"info","event":"Running statement: SELECT COUNT(*) FROM demo_user.client_b_load_status\nWHERE status = 'COMPLETE' AND processed = 0, parameters: None","logger":"airflow.task.hooks.airflow.providers.oracle.hooks.oracle.OracleHook","filename":"sql.py","lineno":861}
{"timestamp":"2026-09-13T20:22:49.887903Z","level":"info","event":"Rows affected: 0","logger":"airflow.task.hooks.airflow.providers.oracle.hooks.oracle.OracleHook","filename":"sql.py","lineno":879}
{"timestamp":"2026-09-13T20:22:59.915186Z","level":"info","event":"Poking: SELECT COUNT(*) FROM demo_user.client_b_load_status\nWHERE status = 'COMPLETE' AND processed = 0 (with parameters None)","logger":"airflow.task.operators.airflow.providers.common.sql.sensors.sql.SqlSensor","filename":"sql.py","lineno":100}
{"timestamp":"2026-09-13T20:22:59.969377Z","level":"info","event":"Running statement: SELECT COUNT(*) FROM demo_user.client_b_load_status\nWHERE status = 'COMPLETE' AND processed = 0, parameters: None","logger":"airflow.task.hooks.airflow.providers.oracle.hooks.oracle.OracleHook","filename":"sql.py","lineno":861}
{"timestamp":"2026-09-13T20:22:59.970441Z","level":"info","event":"Rows affected: 0","logger":"airflow.task.hooks.airflow.providers.oracle.hooks.oracle.OracleHook","filename":"sql.py","lineno":879}
{"timestamp":"2026-09-13T20:23:10.028718Z","level":"info","event":"Poking: SELECT COUNT(*) FROM demo_user.client_b_load_status\nWHERE status = 'COMPLETE' AND processed = 0 (with parameters None)","logger":"airflow.task.operators.airflow.providers.common.sql.sensors.sql.SqlSensor","filename":"sql.py","lineno":100}
{"timestamp":"2026-09-13T20:23:10.070192Z","level":"info","event":"Running statement: SELECT COUNT(*) FROM demo_user.client_b_load_status\nWHERE status = 'COMPLETE' AND processed = 0, parameters: None","logger":"airflow.task.hooks.airflow.providers.oracle.hooks.oracle.OracleHook","filename":"sql.py","lineno":861}
{"timestamp":"2026-09-13T20:23:10.071087Z","level":"info","event":"Rows affected: 0","logger":"airflow.task.hooks.airflow.providers.oracle.hooks.oracle.OracleHook","filename":"sql.py","lineno":879}
{"timestamp":"2026-09-13T20:23:20.114615Z","level":"info","event":"Poking: SELECT COUNT(*) FROM demo_user.client_b_load_status\nWHERE status = 'COMPLETE' AND processed = 0 (with parameters None)","logger":"airflow.task.operators.airflow.providers.common.sql.sensors.sql.SqlSensor","filename":"sql.py","lineno":100}
{"timestamp":"2026-09-13T20:23:20.157003Z","level":"info","event":"Running statement: SELECT COUNT(*) FROM demo_user.client_b_load_status\nWHERE status = 'COMPLETE' AND processed = 0, parameters: None","logger":"airflow.task.hooks.airflow.providers.oracle.hooks.oracle.OracleHook","filename":"sql.py","lineno":861}
{"timestamp":"2026-09-13T20:23:20.158265Z","level":"info","event":"Rows affected: 0","logger":"airflow.task.hooks.airflow.providers.oracle.hooks.oracle.OracleHook","filename":"sql.py","lineno":879}
{"timestamp":"2026-09-13T20:23:30.182560Z","level":"info","event":"Poking: SELECT COUNT(*) FROM demo_user.client_b_load_status\nWHERE status = 'COMPLETE' AND processed = 0 (with parameters None)","logger":"airflow.task.operators.airflow.providers.common.sql.sensors.sql.SqlSensor","filename":"sql.py","lineno":100}
{"timestamp":"2026-09-13T20:23:30.223346Z","level":"info","event":"Running statement: SELECT COUNT(*) FROM demo_user.client_b_load_status\nWHERE status = 'COMPLETE' AND processed = 0, parameters: None","logger":"airflow.task.hooks.airflow.providers.oracle.hooks.oracle.OracleHook","filename":"sql.py","lineno":861}
{"timestamp":"2026-09-13T20:23:30.224243Z","level":"info","event":"Rows affected: 0","logger":"airflow.task.hooks.airflow.providers.oracle.hooks.oracle.OracleHook","filename":"sql.py","lineno":879}
{"timestamp":"2026-09-13T20:23:40.245658Z","level":"info","event":"Poking: SELECT COUNT(*) FROM demo_user.client_b_load_status\nWHERE status = 'COMPLETE' AND processed = 0 (with parameters None)","logger":"airflow.task.operators.airflow.providers.common.sql.sensors.sql.SqlSensor","filename":"sql.py","lineno":100}
{"timestamp":"2026-09-13T20:23:40.287893Z","level":"info","event":"Running statement: SELECT COUNT(*) FROM demo_user.client_b_load_status\nWHERE status = 'COMPLETE' AND processed = 0, parameters: None","logger":"airflow.task.hooks.airflow.providers.oracle.hooks.oracle.OracleHook","filename":"sql.py","lineno":861}
{"timestamp":"2026-09-13T20:23:40.288995Z","level":"info","event":"Rows affected: 0","logger":"airflow.task.hooks.airflow.providers.oracle.hooks.oracle.OracleHook","filename":"sql.py","lineno":879}
{"timestamp":"2026-09-13T20:23:50.308802Z","level":"info","event":"Poking: SELECT COUNT(*) FROM demo_user.client_b_load_status\nWHERE status = 'COMPLETE' AND processed = 0 (with parameters None)","logger":"airflow.task.operators.airflow.providers.common.sql.sensors.sql.SqlSensor","filename":"sql.py","lineno":100}
{"timestamp":"2026-09-13T20:23:50.347828Z","level":"info","event":"Running statement: SELECT COUNT(*) FROM demo_user.client_b_load_status\nWHERE status = 'COMPLETE' AND processed = 0, parameters: None","logger":"airflow.task.hooks.airflow.providers.oracle.hooks.oracle.OracleHook","filename":"sql.py","lineno":861}
{"timestamp":"2026-09-13T20:23:50.348674Z","level":"info","event":"Rows affected: 0","logger":"airflow.task.hooks.airflow.providers.oracle.hooks.oracle.OracleHook","filename":"sql.py","lineno":879}
{"timestamp":"2026-09-13T20:24:00.388188Z","level":"info","event":"Poking: SELECT COUNT(*) FROM demo_user.client_b_load_status\nWHERE status = 'COMPLETE' AND processed = 0 (with parameters None)","logger":"airflow.task.operators.airflow.providers.common.sql.sensors.sql.SqlSensor","filename":"sql.py","lineno":100}
{"timestamp":"2026-09-13T20:24:00.436138Z","level":"info","event":"Running statement: SELECT COUNT(*) FROM demo_user.client_b_load_status\nWHERE status = 'COMPLETE' AND processed = 0, parameters: None","logger":"airflow.task.hooks.airflow.providers.oracle.hooks.oracle.OracleHook","filename":"sql.py","lineno":861}
{"timestamp":"2026-09-13T20:24:00.437081Z","level":"info","event":"Rows affected: 0","logger":"airflow.task.hooks.airflow.providers.oracle.hooks.oracle.OracleHook","filename":"sql.py","lineno":879}
{"timestamp":"2026-09-13T20:24:10.461446Z","level":"info","event":"Poking: SELECT COUNT(*) FROM demo_user.client_b_load_status\nWHERE status = 'COMPLETE' AND processed = 0 (with parameters None)","logger":"airflow.task.operators.airflow.providers.common.sql.sensors.sql.SqlSensor","filename":"sql.py","lineno":100}
{"timestamp":"2026-09-13T20:24:10.498786Z","level":"info","event":"Running statement: SELECT COUNT(*) FROM demo_user.client_b_load_status\nWHERE status = 'COMPLETE' AND processed = 0, parameters: None","logger":"airflow.task.hooks.airflow.providers.oracle.hooks.oracle.OracleHook","filename":"sql.py","lineno":861}
{"timestamp":"2026-09-13T20:24:10.499546Z","level":"info","event":"Rows affected: 0","logger":"airflow.task.hooks.airflow.providers.oracle.hooks.oracle.OracleHook","filename":"sql.py","lineno":879}
{"timestamp":"2026-09-13T20:24:20.522959Z","level":"info","event":"Poking: SELECT COUNT(*) FROM demo_user.client_b_load_status\nWHERE status = 'COMPLETE' AND processed = 0 (with parameters None)","logger":"airflow.task.operators.airflow.providers.common.sql.sensors.sql.SqlSensor","filename":"sql.py","lineno":100}
{"timestamp":"2026-09-13T20:24:20.560828Z","level":"info","event":"Running statement: SELECT COUNT(*) FROM demo_user.client_b_load_status\nWHERE status = 'COMPLETE' AND processed = 0, parameters: None","logger":"airflow.task.hooks.airflow.providers.oracle.hooks.oracle.OracleHook","filename":"sql.py","lineno":861}
{"timestamp":"2026-09-13T20:24:20.561876Z","level":"info","event":"Rows affected: 0","logger":"airflow.task.hooks.airflow.providers.oracle.hooks.oracle.OracleHook","filename":"sql.py","lineno":879}
{"timestamp":"2026-09-13T20:24:30.592729Z","level":"info","event":"Poking: SELECT COUNT(*) FROM demo_user.client_b_load_status\nWHERE status = 'COMPLETE' AND processed = 0 (with parameters None)","logger":"airflow.task.operators.airflow.providers.common.sql.sensors.sql.SqlSensor","filename":"sql.py","lineno":100}
{"timestamp":"2026-09-13T20:24:30.629556Z","level":"info","event":"Running statement: SELECT COUNT(*) FROM demo_user.client_b_load_status\nWHERE status = 'COMPLETE' AND processed = 0, parameters: None","logger":"airflow.task.hooks.airflow.providers.oracle.hooks.oracle.OracleHook","filename":"sql.py","lineno":861}
{"timestamp":"2026-09-13T20:24:30.630587Z","level":"info","event":"Rows affected: 0","logger":"airflow.task.hooks.airflow.providers.oracle.hooks.oracle.OracleHook","filename":"sql.py","lineno":879}
{"timestamp":"2026-09-13T20:24:40.652733Z","level":"info","event":"Poking: SELECT COUNT(*) FROM demo_user.client_b_load_status\nWHERE status = 'COMPLETE' AND processed = 0 (with parameters None)","logger":"airflow.task.operators.airflow.providers.common.sql.sensors.sql.SqlSensor","filename":"sql.py","lineno":100}
{"timestamp":"2026-09-13T20:24:40.690341Z","level":"info","event":"Running statement: SELECT COUNT(*) FROM demo_user.client_b_load_status\nWHERE status = 'COMPLETE' AND processed = 0, parameters: None","logger":"airflow.task.hooks.airflow.providers.oracle.hooks.oracle.OracleHook","filename":"sql.py","lineno":861}
{"timestamp":"2026-09-13T20:24:40.691496Z","level":"info","event":"Rows affected: 0","logger":"airflow.task.hooks.airflow.providers.oracle.hooks.oracle.OracleHook","filename":"sql.py","lineno":879}
{"timestamp":"2026-09-13T20:24:50.714674Z","level":"info","event":"Poking: SELECT COUNT(*) FROM demo_user.client_b_load_status\nWHERE status = 'COMPLETE' AND processed = 0 (with parameters None)","logger":"airflow.task.operators.airflow.providers.common.sql.sensors.sql.SqlSensor","filename":"sql.py","lineno":100}
{"timestamp":"2026-09-13T20:24:50.748844Z","level":"info","event":"Running statement: SELECT COUNT(*) FROM demo_user.client_b_load_status\nWHERE status = 'COMPLETE' AND processed = 0, parameters: None","logger":"airflow.task.hooks.airflow.providers.oracle.hooks.oracle.OracleHook","filename":"sql.py","lineno":861}
{"timestamp":"2026-09-13T20:24:50.749770Z","level":"info","event":"Rows affected: 0","logger":"airflow.task.hooks.airflow.providers.oracle.hooks.oracle.OracleHook","filename":"sql.py","lineno":879}
{"timestamp":"2026-09-13T20:25:00.774672Z","level":"info","event":"Poking: SELECT COUNT(*) FROM demo_user.client_b_load_status\nWHERE status = 'COMPLETE' AND processed = 0 (with parameters None)","logger":"airflow.task.operators.airflow.providers.common.sql.sensors.sql.SqlSensor","filename":"sql.py","lineno":100}
{"timestamp":"2026-09-13T20:25:00.813643Z","level":"info","event":"Running statement: SELECT COUNT(*) FROM demo_user.client_b_load_status\nWHERE status = 'COMPLETE' AND processed = 0, parameters: None","logger":"airflow.task.hooks.airflow.providers.oracle.hooks.oracle.OracleHook","filename":"sql.py","lineno":861}
{"timestamp":"2026-09-13T20:25:00.814775Z","level":"info","event":"Rows affected: 0","logger":"airflow.task.hooks.airflow.providers.oracle.hooks.oracle.OracleHook","filename":"sql.py","lineno":879}
{"timestamp":"2026-09-13T20:25:10.837978Z","level":"info","event":"Poking: SELECT COUNT(*) FROM demo_user.client_b_load_status\nWHERE status = 'COMPLETE' AND processed = 0 (with parameters None)","logger":"airflow.task.operators.airflow.providers.common.sql.sensors.sql.SqlSensor","filename":"sql.py","lineno":100}
{"timestamp":"2026-09-13T20:25:10.875289Z","level":"info","event":"Running statement: SELECT COUNT(*) FROM demo_user.client_b_load_status\nWHERE status = 'COMPLETE' AND processed = 0, parameters: None","logger":"airflow.task.hooks.airflow.providers.oracle.hooks.oracle.OracleHook","filename":"sql.py","lineno":861}
{"timestamp":"2026-09-13T20:25:10.876253Z","level":"info","event":"Rows affected: 0","logger":"airflow.task.hooks.airflow.providers.oracle.hooks.oracle.OracleHook","filename":"sql.py","lineno":879}
{"timestamp":"2026-09-13T20:25:20.903060Z","level":"info","event":"Poking: SELECT COUNT(*) FROM demo_user.client_b_load_status\nWHERE status = 'COMPLETE' AND processed = 0 (with parameters None)","logger":"airflow.task.operators.airflow.providers.common.sql.sensors.sql.SqlSensor","filename":"sql.py","lineno":100}
{"timestamp":"2026-09-13T20:25:20.945301Z","level":"info","event":"Running statement: SELECT COUNT(*) FROM demo_user.client_b_load_status\nWHERE status = 'COMPLETE' AND processed = 0, parameters: None","logger":"airflow.task.hooks.airflow.providers.oracle.hooks.oracle.OracleHook","filename":"sql.py","lineno":861}
{"timestamp":"2026-09-13T20:25:20.946321Z","level":"info","event":"Rows affected: 0","logger":"airflow.task.hooks.airflow.providers.oracle.hooks.oracle.OracleHook","filename":"sql.py","lineno":879}
{"timestamp":"2026-09-13T20:25:30.971068Z","level":"info","event":"Poking: SELECT COUNT(*) FROM demo_user.client_b_load_status\nWHERE status = 'COMPLETE' AND processed = 0 (with parameters None)","logger":"airflow.task.operators.airflow.providers.common.sql.sensors.sql.SqlSensor","filename":"sql.py","lineno":100}
{"timestamp":"2026-09-13T20:25:31.011987Z","level":"info","event":"Running statement: SELECT COUNT(*) FROM demo_user.client_b_load_status\nWHERE status = 'COMPLETE' AND processed = 0, parameters: None","logger":"airflow.task.hooks.airflow.providers.oracle.hooks.oracle.OracleHook","filename":"sql.py","lineno":861}
{"timestamp":"2026-09-13T20:25:31.012905Z","level":"info","event":"Rows affected: 0","logger":"airflow.task.hooks.airflow.providers.oracle.hooks.oracle.OracleHook","filename":"sql.py","lineno":879}
{"timestamp":"2026-09-13T20:25:41.039599Z","level":"info","event":"Poking: SELECT COUNT(*) FROM demo_user.client_b_load_status\nWHERE status = 'COMPLETE' AND processed = 0 (with parameters None)","logger":"airflow.task.operators.airflow.providers.common.sql.sensors.sql.SqlSensor","filename":"sql.py","lineno":100}
{"timestamp":"2026-09-13T20:25:41.081981Z","level":"info","event":"Running statement: SELECT COUNT(*) FROM demo_user.client_b_load_status\nWHERE status = 'COMPLETE' AND processed = 0, parameters: None","logger":"airflow.task.hooks.airflow.providers.oracle.hooks.oracle.OracleHook","filename":"sql.py","lineno":861}
{"timestamp":"2026-09-13T20:25:41.082761Z","level":"info","event":"Rows affected: 0","logger":"airflow.task.hooks.airflow.providers.oracle.hooks.oracle.OracleHook","filename":"sql.py","lineno":879}
{"timestamp":"2026-09-13T20:25:51.103792Z","level":"info","event":"Poking: SELECT COUNT(*) FROM demo_user.client_b_load_status\nWHERE status = 'COMPLETE' AND processed = 0 (with parameters None)","logger":"airflow.task.operators.airflow.providers.common.sql.sensors.sql.SqlSensor","filename":"sql.py","lineno":100}
{"timestamp":"2026-09-13T20:25:51.142085Z","level":"info","event":"Running statement: SELECT COUNT(*) FROM demo_user.client_b_load_status\nWHERE status = 'COMPLETE' AND processed = 0, parameters: None","logger":"airflow.task.hooks.airflow.providers.oracle.hooks.oracle.OracleHook","filename":"sql.py","lineno":861}
{"timestamp":"2026-09-13T20:25:51.143554Z","level":"info","event":"Rows affected: 0","logger":"airflow.task.hooks.airflow.providers.oracle.hooks.oracle.OracleHook","filename":"sql.py","lineno":879}
{"timestamp":"2026-09-13T20:26:01.172956Z","level":"info","event":"Poking: SELECT COUNT(*) FROM demo_user.client_b_load_status\nWHERE status = 'COMPLETE' AND processed = 0 (with parameters None)","logger":"airflow.task.operators.airflow.providers.common.sql.sensors.sql.SqlSensor","filename":"sql.py","lineno":100}
{"timestamp":"2026-09-13T20:26:01.212693Z","level":"info","event":"Running statement: SELECT COUNT(*) FROM demo_user.client_b_load_status\nWHERE status = 'COMPLETE' AND processed = 0, parameters: None","logger":"airflow.task.hooks.airflow.providers.oracle.hooks.oracle.OracleHook","filename":"sql.py","lineno":861}
{"timestamp":"2026-09-13T20:26:01.213583Z","level":"info","event":"Rows affected: 0","logger":"airflow.task.hooks.airflow.providers.oracle.hooks.oracle.OracleHook","filename":"sql.py","lineno":879}
{"timestamp":"2026-09-13T20:26:11.238873Z","level":"info","event":"Poking: SELECT COUNT(*) FROM demo_user.client_b_load_status\nWHERE status = 'COMPLETE' AND processed = 0 (with parameters None)","logger":"airflow.task.operators.airflow.providers.common.sql.sensors.sql.SqlSensor","filename":"sql.py","lineno":100}
{"timestamp":"2026-09-13T20:26:11.276659Z","level":"info","event":"Running statement: SELECT COUNT(*) FROM demo_user.client_b_load_status\nWHERE status = 'COMPLETE' AND processed = 0, parameters: None","logger":"airflow.task.hooks.airflow.providers.oracle.hooks.oracle.OracleHook","filename":"sql.py","lineno":861}
{"timestamp":"2026-09-13T20:26:11.277547Z","level":"info","event":"Rows affected: 0","logger":"airflow.task.hooks.airflow.providers.oracle.hooks.oracle.OracleHook","filename":"sql.py","lineno":879}
{"timestamp":"2026-09-13T20:26:21.299033Z","level":"info","event":"Poking: SELECT COUNT(*) FROM demo_user.client_b_load_status\nWHERE status = 'COMPLETE' AND processed = 0 (with parameters None)","logger":"airflow.task.operators.airflow.providers.common.sql.sensors.sql.SqlSensor","filename":"sql.py","lineno":100}
{"timestamp":"2026-09-13T20:26:21.340292Z","level":"info","event":"Running statement: SELECT COUNT(*) FROM demo_user.client_b_load_status\nWHERE status = 'COMPLETE' AND processed = 0, parameters: None","logger":"airflow.task.hooks.airflow.providers.oracle.hooks.oracle.OracleHook","filename":"sql.py","lineno":861}
{"timestamp":"2026-09-13T20:26:21.341212Z","level":"info","event":"Rows affected: 0","logger":"airflow.task.hooks.airflow.providers.oracle.hooks.oracle.OracleHook","filename":"sql.py","lineno":879}
{"timestamp":"2026-09-13T20:26:31.364392Z","level":"info","event":"Poking: SELECT COUNT(*) FROM demo_user.client_b_load_status\nWHERE status = 'COMPLETE' AND processed = 0 (with parameters None)","logger":"airflow.task.operators.airflow.providers.common.sql.sensors.sql.SqlSensor","filename":"sql.py","lineno":100}
{"timestamp":"2026-09-13T20:26:31.404765Z","level":"info","event":"Running statement: SELECT COUNT(*) FROM demo_user.client_b_load_status\nWHERE status = 'COMPLETE' AND processed = 0, parameters: None","logger":"airflow.task.hooks.airflow.providers.oracle.hooks.oracle.OracleHook","filename":"sql.py","lineno":861}
{"timestamp":"2026-09-13T20:26:31.405736Z","level":"info","event":"Rows affected: 0","logger":"airflow.task.hooks.airflow.providers.oracle.hooks.oracle.OracleHook","filename":"sql.py","lineno":879}
{"timestamp":"2026-09-13T20:26:41.434071Z","level":"info","event":"Poking: SELECT COUNT(*) FROM demo_user.client_b_load_status\nWHERE status = 'COMPLETE' AND processed = 0 (with parameters None)","logger":"airflow.task.operators.airflow.providers.common.sql.sensors.sql.SqlSensor","filename":"sql.py","lineno":100}
{"timestamp":"2026-09-13T20:26:41.481296Z","level":"info","event":"Running statement: SELECT COUNT(*) FROM demo_user.client_b_load_status\nWHERE status = 'COMPLETE' AND processed = 0, parameters: None","logger":"airflow.task.hooks.airflow.providers.oracle.hooks.oracle.OracleHook","filename":"sql.py","lineno":861}
{"timestamp":"2026-09-13T20:26:41.482390Z","level":"info","event":"Rows affected: 0","logger":"airflow.task.hooks.airflow.providers.oracle.hooks.oracle.OracleHook","filename":"sql.py","lineno":879}
{"timestamp":"2026-09-13T20:26:51.503630Z","level":"info","event":"Poking: SELECT COUNT(*) FROM demo_user.client_b_load_status\nWHERE status = 'COMPLETE' AND processed = 0 (with parameters None)","logger":"airflow.task.operators.airflow.providers.common.sql.sensors.sql.SqlSensor","filename":"sql.py","lineno":100}
{"timestamp":"2026-09-13T20:26:51.545438Z","level":"info","event":"Running statement: SELECT COUNT(*) FROM demo_user.client_b_load_status\nWHERE status = 'COMPLETE' AND processed = 0, parameters: None","logger":"airflow.task.hooks.airflow.providers.oracle.hooks.oracle.OracleHook","filename":"sql.py","lineno":861}
{"timestamp":"2026-09-13T20:26:51.546164Z","level":"info","event":"Rows affected: 0","logger":"airflow.task.hooks.airflow.providers.oracle.hooks.oracle.OracleHook","filename":"sql.py","lineno":879}
{"timestamp":"2026-09-13T20:27:01.568937Z","level":"info","event":"Poking: SELECT COUNT(*) FROM demo_user.client_b_load_status\nWHERE status = 'COMPLETE' AND processed = 0 (with parameters None)","logger":"airflow.task.operators.airflow.providers.common.sql.sensors.sql.SqlSensor","filename":"sql.py","lineno":100}
{"timestamp":"2026-09-13T20:27:01.604429Z","level":"info","event":"Running statement: SELECT COUNT(*) FROM demo_user.client_b_load_status\nWHERE status = 'COMPLETE' AND processed = 0, parameters: None","logger":"airflow.task.hooks.airflow.providers.oracle.hooks.oracle.OracleHook","filename":"sql.py","lineno":861}
{"timestamp":"2026-09-13T20:27:01.606225Z","level":"info","event":"Rows affected: 0","logger":"airflow.task.hooks.airflow.providers.oracle.hooks.oracle.OracleHook","filename":"sql.py","lineno":879}
{"timestamp":"2026-09-13T20:27:11.632169Z","level":"info","event":"Poking: SELECT COUNT(*) FROM demo_user.client_b_load_status\nWHERE status = 'COMPLETE' AND processed = 0 (with parameters None)","logger":"airflow.task.operators.airflow.providers.common.sql.sensors.sql.SqlSensor","filename":"sql.py","lineno":100}
{"timestamp":"2026-09-13T20:27:11.676204Z","level":"info","event":"Running statement: SELECT COUNT(*) FROM demo_user.client_b_load_status\nWHERE status = 'COMPLETE' AND processed = 0, parameters: None","logger":"airflow.task.hooks.airflow.providers.oracle.hooks.oracle.OracleHook","filename":"sql.py","lineno":861}
{"timestamp":"2026-09-13T20:27:11.677570Z","level":"info","event":"Rows affected: 0","logger":"airflow.task.hooks.airflow.providers.oracle.hooks.oracle.OracleHook","filename":"sql.py","lineno":879}
{"timestamp":"2026-09-13T20:27:21.696700Z","level":"info","event":"Poking: SELECT COUNT(*) FROM demo_user.client_b_load_status\nWHERE status = 'COMPLETE' AND processed = 0 (with parameters None)","logger":"airflow.task.operators.airflow.providers.common.sql.sensors.sql.SqlSensor","filename":"sql.py","lineno":100}
{"timestamp":"2026-09-13T20:27:21.734811Z","level":"info","event":"Running statement: SELECT COUNT(*) FROM demo_user.client_b_load_status\nWHERE status = 'COMPLETE' AND processed = 0, parameters: None","logger":"airflow.task.hooks.airflow.providers.oracle.hooks.oracle.OracleHook","filename":"sql.py","lineno":861}
{"timestamp":"2026-09-13T20:27:21.735488Z","level":"info","event":"Rows affected: 0","logger":"airflow.task.hooks.airflow.providers.oracle.hooks.oracle.OracleHook","filename":"sql.py","lineno":879}
{"timestamp":"2026-09-13T20:27:31.769850Z","level":"info","event":"Poking: SELECT COUNT(*) FROM demo_user.client_b_load_status\nWHERE status = 'COMPLETE' AND processed = 0 (with parameters None)","logger":"airflow.task.operators.airflow.providers.common.sql.sensors.sql.SqlSensor","filename":"sql.py","lineno":100}
{"timestamp":"2026-09-13T20:27:31.824221Z","level":"info","event":"Running statement: SELECT COUNT(*) FROM demo_user.client_b_load_status\nWHERE status = 'COMPLETE' AND processed = 0, parameters: None","logger":"airflow.task.hooks.airflow.providers.oracle.hooks.oracle.OracleHook","filename":"sql.py","lineno":861}
{"timestamp":"2026-09-13T20:27:31.825351Z","level":"info","event":"Rows affected: 0","logger":"airflow.task.hooks.airflow.providers.oracle.hooks.oracle.OracleHook","filename":"sql.py","lineno":879}
{"timestamp":"2026-09-13T20:27:41.851175Z","level":"info","event":"Poking: SELECT COUNT(*) FROM demo_user.client_b_load_status\nWHERE status = 'COMPLETE' AND processed = 0 (with parameters None)","logger":"airflow.task.operators.airflow.providers.common.sql.sensors.sql.SqlSensor","filename":"sql.py","lineno":100}
{"timestamp":"2026-09-13T20:27:41.891357Z","level":"info","event":"Running statement: SELECT COUNT(*) FROM demo_user.client_b_load_status\nWHERE status = 'COMPLETE' AND processed = 0, parameters: None","logger":"airflow.task.hooks.airflow.providers.oracle.hooks.oracle.OracleHook","filename":"sql.py","lineno":861}
{"timestamp":"2026-09-13T20:27:41.892477Z","level":"info","event":"Rows affected: 0","logger":"airflow.task.hooks.airflow.providers.oracle.hooks.oracle.OracleHook","filename":"sql.py","lineno":879}
{"timestamp":"2026-09-13T20:27:51.914089Z","level":"info","event":"Poking: SELECT COUNT(*) FROM demo_user.client_b_load_status\nWHERE status = 'COMPLETE' AND processed = 0 (with parameters None)","logger":"airflow.task.operators.airflow.providers.common.sql.sensors.sql.SqlSensor","filename":"sql.py","lineno":100}
{"timestamp":"2026-09-13T20:27:51.949043Z","level":"info","event":"Running statement: SELECT COUNT(*) FROM demo_user.client_b_load_status\nWHERE status = 'COMPLETE' AND processed = 0, parameters: None","logger":"airflow.task.hooks.airflow.providers.oracle.hooks.oracle.OracleHook","filename":"sql.py","lineno":861}
{"timestamp":"2026-09-13T20:27:51.950152Z","level":"info","event":"Rows affected: 0","logger":"airflow.task.hooks.airflow.providers.oracle.hooks.oracle.OracleHook","filename":"sql.py","lineno":879}
{"timestamp":"2026-09-13T20:28:01.975224Z","level":"info","event":"Poking: SELECT COUNT(*) FROM demo_user.client_b_load_status\nWHERE status = 'COMPLETE' AND processed = 0 (with parameters None)","logger":"airflow.task.operators.airflow.providers.common.sql.sensors.sql.SqlSensor","filename":"sql.py","lineno":100}
{"timestamp":"2026-09-13T20:28:02.019121Z","level":"info","event":"Running statement: SELECT COUNT(*) FROM demo_user.client_b_load_status\nWHERE status = 'COMPLETE' AND processed = 0, parameters: None","logger":"airflow.task.hooks.airflow.providers.oracle.hooks.oracle.OracleHook","filename":"sql.py","lineno":861}
{"timestamp":"2026-09-13T20:28:02.020158Z","level":"info","event":"Rows affected: 0","logger":"airflow.task.hooks.airflow.providers.oracle.hooks.oracle.OracleHook","filename":"sql.py","lineno":879}
{"timestamp":"2026-09-13T20:28:12.049125Z","level":"info","event":"Poking: SELECT COUNT(*) FROM demo_user.client_b_load_status\nWHERE status = 'COMPLETE' AND processed = 0 (with parameters None)","logger":"airflow.task.operators.airflow.providers.common.sql.sensors.sql.SqlSensor","filename":"sql.py","lineno":100}
{"timestamp":"2026-09-13T20:28:12.084339Z","level":"info","event":"Running statement: SELECT COUNT(*) FROM demo_user.client_b_load_status\nWHERE status = 'COMPLETE' AND processed = 0, parameters: None","logger":"airflow.task.hooks.airflow.providers.oracle.hooks.oracle.OracleHook","filename":"sql.py","lineno":861}
{"timestamp":"2026-09-13T20:28:12.084953Z","level":"info","event":"Rows affected: 0","logger":"airflow.task.hooks.airflow.providers.oracle.hooks.oracle.OracleHook","filename":"sql.py","lineno":879}
{"timestamp":"2026-09-13T20:28:22.106492Z","level":"info","event":"Poking: SELECT COUNT(*) FROM demo_user.client_b_load_status\nWHERE status = 'COMPLETE' AND processed = 0 (with parameters None)","logger":"airflow.task.operators.airflow.providers.common.sql.sensors.sql.SqlSensor","filename":"sql.py","lineno":100}
{"timestamp":"2026-09-13T20:28:22.143944Z","level":"info","event":"Running statement: SELECT COUNT(*) FROM demo_user.client_b_load_status\nWHERE status = 'COMPLETE' AND processed = 0, parameters: None","logger":"airflow.task.hooks.airflow.providers.oracle.hooks.oracle.OracleHook","filename":"sql.py","lineno":861}
{"timestamp":"2026-09-13T20:28:22.144869Z","level":"info","event":"Rows affected: 0","logger":"airflow.task.hooks.airflow.providers.oracle.hooks.oracle.OracleHook","filename":"sql.py","lineno":879}
{"timestamp":"2026-09-13T20:28:32.174533Z","level":"info","event":"Poking: SELECT COUNT(*) FROM demo_user.client_b_load_status\nWHERE status = 'COMPLETE' AND processed = 0 (with parameters None)","logger":"airflow.task.operators.airflow.providers.common.sql.sensors.sql.SqlSensor","filename":"sql.py","lineno":100}
{"timestamp":"2026-09-13T20:28:32.218288Z","level":"info","event":"Running statement: SELECT COUNT(*) FROM demo_user.client_b_load_status\nWHERE status = 'COMPLETE' AND processed = 0, parameters: None","logger":"airflow.task.hooks.airflow.providers.oracle.hooks.oracle.OracleHook","filename":"sql.py","lineno":861}
{"timestamp":"2026-09-13T20:28:32.219466Z","level":"info","event":"Rows affected: 0","logger":"airflow.task.hooks.airflow.providers.oracle.hooks.oracle.OracleHook","filename":"sql.py","lineno":879}
{"timestamp":"2026-09-13T20:28:42.246018Z","level":"info","event":"Poking: SELECT COUNT(*) FROM demo_user.client_b_load_status\nWHERE status = 'COMPLETE' AND processed = 0 (with parameters None)","logger":"airflow.task.operators.airflow.providers.common.sql.sensors.sql.SqlSensor","filename":"sql.py","lineno":100}
{"timestamp":"2026-09-13T20:28:42.289265Z","level":"info","event":"Running statement: SELECT COUNT(*) FROM demo_user.client_b_load_status\nWHERE status = 'COMPLETE' AND processed = 0, parameters: None","logger":"airflow.task.hooks.airflow.providers.oracle.hooks.oracle.OracleHook","filename":"sql.py","lineno":861}
{"timestamp":"2026-09-13T20:28:42.290420Z","level":"info","event":"Rows affected: 0","logger":"airflow.task.hooks.airflow.providers.oracle.hooks.oracle.OracleHook","filename":"sql.py","lineno":879}
{"timestamp":"2026-09-13T20:28:52.311011Z","level":"info","event":"Poking: SELECT COUNT(*) FROM demo_user.client_b_load_status\nWHERE status = 'COMPLETE' AND processed = 0 (with parameters None)","logger":"airflow.task.operators.airflow.providers.common.sql.sensors.sql.SqlSensor","filename":"sql.py","lineno":100}
{"timestamp":"2026-09-13T20:28:52.353706Z","level":"info","event":"Running statement: SELECT COUNT(*) FROM demo_user.client_b_load_status\nWHERE status = 'COMPLETE' AND processed = 0, parameters: None","logger":"airflow.task.hooks.airflow.providers.oracle.hooks.oracle.OracleHook","filename":"sql.py","lineno":861}
{"timestamp":"2026-09-13T20:28:52.354842Z","level":"info","event":"Rows affected: 0","logger":"airflow.task.hooks.airflow.providers.oracle.hooks.oracle.OracleHook","filename":"sql.py","lineno":879}
{"timestamp":"2026-09-13T20:29:02.384221Z","level":"info","event":"Poking: SELECT COUNT(*) FROM demo_user.client_b_load_status\nWHERE status = 'COMPLETE' AND processed = 0 (with parameters None)","logger":"airflow.task.operators.airflow.providers.common.sql.sensors.sql.SqlSensor","filename":"sql.py","lineno":100}
{"timestamp":"2026-09-13T20:29:02.417131Z","level":"info","event":"Running statement: SELECT COUNT(*) FROM demo_user.client_b_load_status\nWHERE status = 'COMPLETE' AND processed = 0, parameters: None","logger":"airflow.task.hooks.airflow.providers.oracle.hooks.oracle.OracleHook","filename":"sql.py","lineno":861}
{"timestamp":"2026-09-13T20:29:02.418171Z","level":"info","event":"Rows affected: 0","logger":"airflow.task.hooks.airflow.providers.oracle.hooks.oracle.OracleHook","filename":"sql.py","lineno":879}
{"timestamp":"2026-09-13T20:29:12.441321Z","level":"info","event":"Poking: SELECT COUNT(*) FROM demo_user.client_b_load_status\nWHERE status = 'COMPLETE' AND processed = 0 (with parameters None)","logger":"airflow.task.operators.airflow.providers.common.sql.sensors.sql.SqlSensor","filename":"sql.py","lineno":100}
{"timestamp":"2026-09-13T20:29:12.479636Z","level":"info","event":"Running statement: SELECT COUNT(*) FROM demo_user.client_b_load_status\nWHERE status = 'COMPLETE' AND processed = 0, parameters: None","logger":"airflow.task.hooks.airflow.providers.oracle.hooks.oracle.OracleHook","filename":"sql.py","lineno":861}
{"timestamp":"2026-09-13T20:29:12.480536Z","level":"info","event":"Rows affected: 0","logger":"airflow.task.hooks.airflow.providers.oracle.hooks.oracle.OracleHook","filename":"sql.py","lineno":879}
{"timestamp":"2026-09-13T20:29:22.498237Z","level":"info","event":"Poking: SELECT COUNT(*) FROM demo_user.client_b_load_status\nWHERE status = 'COMPLETE' AND processed = 0 (with parameters None)","logger":"airflow.task.operators.airflow.providers.common.sql.sensors.sql.SqlSensor","filename":"sql.py","lineno":100}
{"timestamp":"2026-09-13T20:29:22.529766Z","level":"info","event":"Running statement: SELECT COUNT(*) FROM demo_user.client_b_load_status\nWHERE status = 'COMPLETE' AND processed = 0, parameters: None","logger":"airflow.task.hooks.airflow.providers.oracle.hooks.oracle.OracleHook","filename":"sql.py","lineno":861}
{"timestamp":"2026-09-13T20:29:22.530486Z","level":"info","event":"Rows affected: 0","logger":"airflow.task.hooks.airflow.providers.oracle.hooks.oracle.OracleHook","filename":"sql.py","lineno":879}
{"timestamp":"2026-09-13T20:29:32.555856Z","level":"info","event":"Poking: SELECT COUNT(*) FROM demo_user.client_b_load_status\nWHERE status = 'COMPLETE' AND processed = 0 (with parameters None)","logger":"airflow.task.operators.airflow.providers.common.sql.sensors.sql.SqlSensor","filename":"sql.py","lineno":100}
{"timestamp":"2026-09-13T20:29:32.597183Z","level":"info","event":"Running statement: SELECT COUNT(*) FROM demo_user.client_b_load_status\nWHERE status = 'COMPLETE' AND processed = 0, parameters: None","logger":"airflow.task.hooks.airflow.providers.oracle.hooks.oracle.OracleHook","filename":"sql.py","lineno":861}
{"timestamp":"2026-09-13T20:29:32.598110Z","level":"info","event":"Rows affected: 0","logger":"airflow.task.hooks.airflow.providers.oracle.hooks.oracle.OracleHook","filename":"sql.py","lineno":879}
{"timestamp":"2026-09-13T20:29:42.627563Z","level":"info","event":"Poking: SELECT COUNT(*) FROM demo_user.client_b_load_status\nWHERE status = 'COMPLETE' AND processed = 0 (with parameters None)","logger":"airflow.task.operators.airflow.providers.common.sql.sensors.sql.SqlSensor","filename":"sql.py","lineno":100}
{"timestamp":"2026-09-13T20:29:42.680311Z","level":"info","event":"Running statement: SELECT COUNT(*) FROM demo_user.client_b_load_status\nWHERE status = 'COMPLETE' AND processed = 0, parameters: None","logger":"airflow.task.hooks.airflow.providers.oracle.hooks.oracle.OracleHook","filename":"sql.py","lineno":861}
{"timestamp":"2026-09-13T20:29:42.681385Z","level":"info","event":"Rows affected: 0","logger":"airflow.task.hooks.airflow.providers.oracle.hooks.oracle.OracleHook","filename":"sql.py","lineno":879}
{"timestamp":"2026-09-13T20:29:52.703531Z","level":"info","event":"Poking: SELECT COUNT(*) FROM demo_user.client_b_load_status\nWHERE status = 'COMPLETE' AND processed = 0 (with parameters None)","logger":"airflow.task.operators.airflow.providers.common.sql.sensors.sql.SqlSensor","filename":"sql.py","lineno":100}
{"timestamp":"2026-09-13T20:29:52.744656Z","level":"info","event":"Running statement: SELECT COUNT(*) FROM demo_user.client_b_load_status\nWHERE status = 'COMPLETE' AND processed = 0, parameters: None","logger":"airflow.task.hooks.airflow.providers.oracle.hooks.oracle.OracleHook","filename":"sql.py","lineno":861}
{"timestamp":"2026-09-13T20:29:52.745503Z","level":"info","event":"Rows affected: 0","logger":"airflow.task.hooks.airflow.providers.oracle.hooks.oracle.OracleHook","filename":"sql.py","lineno":879}
{"timestamp":"2026-09-13T20:30:02.773536Z","level":"info","event":"Poking: SELECT COUNT(*) FROM demo_user.client_b_load_status\nWHERE status = 'COMPLETE' AND processed = 0 (with parameters None)","logger":"airflow.task.operators.airflow.providers.common.sql.sensors.sql.SqlSensor","filename":"sql.py","lineno":100}
{"timestamp":"2026-09-13T20:30:02.811656Z","level":"info","event":"Running statement: SELECT COUNT(*) FROM demo_user.client_b_load_status\nWHERE status = 'COMPLETE' AND processed = 0, parameters: None","logger":"airflow.task.hooks.airflow.providers.oracle.hooks.oracle.OracleHook","filename":"sql.py","lineno":861}
{"timestamp":"2026-09-13T20:30:02.812350Z","level":"info","event":"Rows affected: 0","logger":"airflow.task.hooks.airflow.providers.oracle.hooks.oracle.OracleHook","filename":"sql.py","lineno":879}
{"timestamp":"2026-09-13T20:30:12.833070Z","level":"info","event":"Poking: SELECT COUNT(*) FROM demo_user.client_b_load_status\nWHERE status = 'COMPLETE' AND processed = 0 (with parameters None)","logger":"airflow.task.operators.airflow.providers.common.sql.sensors.sql.SqlSensor","filename":"sql.py","lineno":100}
{"timestamp":"2026-09-13T20:30:12.870170Z","level":"info","event":"Running statement: SELECT COUNT(*) FROM demo_user.client_b_load_status\nWHERE status = 'COMPLETE' AND processed = 0, parameters: None","logger":"airflow.task.hooks.airflow.providers.oracle.hooks.oracle.OracleHook","filename":"sql.py","lineno":861}
{"timestamp":"2026-09-13T20:30:12.871238Z","level":"info","event":"Rows affected: 0","logger":"airflow.task.hooks.airflow.providers.oracle.hooks.oracle.OracleHook","filename":"sql.py","lineno":879}
{"timestamp":"2026-09-13T20:30:22.898076Z","level":"info","event":"Poking: SELECT COUNT(*) FROM demo_user.client_b_load_status\nWHERE status = 'COMPLETE' AND processed = 0 (with parameters None)","logger":"airflow.task.operators.airflow.providers.common.sql.sensors.sql.SqlSensor","filename":"sql.py","lineno":100}
{"timestamp":"2026-09-13T20:30:22.936035Z","level":"info","event":"Running statement: SELECT COUNT(*) FROM demo_user.client_b_load_status\nWHERE status = 'COMPLETE' AND processed = 0, parameters: None","logger":"airflow.task.hooks.airflow.providers.oracle.hooks.oracle.OracleHook","filename":"sql.py","lineno":861}
{"timestamp":"2026-09-13T20:30:22.936858Z","level":"info","event":"Rows affected: 0","logger":"airflow.task.hooks.airflow.providers.oracle.hooks.oracle.OracleHook","filename":"sql.py","lineno":879}
{"timestamp":"2026-09-13T20:30:32.974946Z","level":"info","event":"Poking: SELECT COUNT(*) FROM demo_user.client_b_load_status\nWHERE status = 'COMPLETE' AND processed = 0 (with parameters None)","logger":"airflow.task.operators.airflow.providers.common.sql.sensors.sql.SqlSensor","filename":"sql.py","lineno":100}
{"timestamp":"2026-09-13T20:30:33.026177Z","level":"info","event":"Running statement: SELECT COUNT(*) FROM demo_user.client_b_load_status\nWHERE status = 'COMPLETE' AND processed = 0, parameters: None","logger":"airflow.task.hooks.airflow.providers.oracle.hooks.oracle.OracleHook","filename":"sql.py","lineno":861}
{"timestamp":"2026-09-13T20:30:33.026915Z","level":"info","event":"Rows affected: 0","logger":"airflow.task.hooks.airflow.providers.oracle.hooks.oracle.OracleHook","filename":"sql.py","lineno":879}
{"timestamp":"2026-09-13T20:30:43.064995Z","level":"info","event":"Poking: SELECT COUNT(*) FROM demo_user.client_b_load_status\nWHERE status = 'COMPLETE' AND processed = 0 (with parameters None)","logger":"airflow.task.operators.airflow.providers.common.sql.sensors.sql.SqlSensor","filename":"sql.py","lineno":100}
{"timestamp":"2026-09-13T20:30:43.121100Z","level":"info","event":"Running statement: SELECT COUNT(*) FROM demo_user.client_b_load_status\nWHERE status = 'COMPLETE' AND processed = 0, parameters: None","logger":"airflow.task.hooks.airflow.providers.oracle.hooks.oracle.OracleHook","filename":"sql.py","lineno":861}
{"timestamp":"2026-09-13T20:30:43.122025Z","level":"info","event":"Rows affected: 0","logger":"airflow.task.hooks.airflow.providers.oracle.hooks.oracle.OracleHook","filename":"sql.py","lineno":879}
{"timestamp":"2026-09-13T20:30:53.155383Z","level":"info","event":"Poking: SELECT COUNT(*) FROM demo_user.client_b_load_status\nWHERE status = 'COMPLETE' AND processed = 0 (with parameters None)","logger":"airflow.task.operators.airflow.providers.common.sql.sensors.sql.SqlSensor","filename":"sql.py","lineno":100}
{"timestamp":"2026-09-13T20:30:53.192902Z","level":"info","event":"Running statement: SELECT COUNT(*) FROM demo_user.client_b_load_status\nWHERE status = 'COMPLETE' AND processed = 0, parameters: None","logger":"airflow.task.hooks.airflow.providers.oracle.hooks.oracle.OracleHook","filename":"sql.py","lineno":861}
{"timestamp":"2026-09-13T20:30:53.193770Z","level":"info","event":"Rows affected: 0","logger":"airflow.task.hooks.airflow.providers.oracle.hooks.oracle.OracleHook","filename":"sql.py","lineno":879}
