{"timestamp":"2026-07-08T14:10:26.755434Z","level":"info","event":"DAG bundles loaded: dags-folder","logger":"airflow.dag_processing.bundles.manager.DagBundlesManager","filename":"manager.py","lineno":209}
{"timestamp":"2026-07-08T14:10:26.759082Z","level":"info","event":"Filling up the DagBag from /opt/airflow/dags/factory.py","logger":"airflow.dag_processing.dagbag.BundleDagBag","filename":"dagbag.py","lineno":469}
{"timestamp":"2026-07-08T14:10:26.846410Z","level":"warning","event":"The `airflow.decorators.dag` attribute is deprecated. Please use `'airflow.sdk.dag'`.","category":"UserWarning","filename":"/opt/airflow/dags/factory.py","lineno":4,"logger":"py.warnings"}
{"timestamp":"2026-07-08T14:10:26.901101Z","level":"warning","event":"Skipping masking for a secret as it's too short (<5 chars)","logger":"airflow.sdk._shared.secrets_masker.secrets_masker","filename":"secrets_masker.py","lineno":577}
{"timestamp":"2026-07-08T14:10:26.947245Z","level":"info","event":"Poking: SELECT COUNT(*) FROM demo_user.client_b_load_status\nWHERE status = 'COMPLETE' AND processed = 0 (with parameters None)","logger":"airflow.task.operators.airflow.providers.common.sql.sensors.sql.SqlSensor","filename":"sql.py","lineno":100}
{"timestamp":"2026-07-08T14:10:26.996406Z","level":"info","event":"Running statement: SELECT COUNT(*) FROM demo_user.client_b_load_status\nWHERE status = 'COMPLETE' AND processed = 0, parameters: None","logger":"airflow.task.hooks.airflow.providers.oracle.hooks.oracle.OracleHook","filename":"sql.py","lineno":861}
{"timestamp":"2026-07-08T14:10:27.484277Z","level":"info","event":"Rows affected: 0","logger":"airflow.task.hooks.airflow.providers.oracle.hooks.oracle.OracleHook","filename":"sql.py","lineno":879}
{"timestamp":"2026-07-08T14:10:37.501753Z","level":"info","event":"Poking: SELECT COUNT(*) FROM demo_user.client_b_load_status\nWHERE status = 'COMPLETE' AND processed = 0 (with parameters None)","logger":"airflow.task.operators.airflow.providers.common.sql.sensors.sql.SqlSensor","filename":"sql.py","lineno":100}
{"timestamp":"2026-07-08T14:10:37.533576Z","level":"info","event":"Running statement: SELECT COUNT(*) FROM demo_user.client_b_load_status\nWHERE status = 'COMPLETE' AND processed = 0, parameters: None","logger":"airflow.task.hooks.airflow.providers.oracle.hooks.oracle.OracleHook","filename":"sql.py","lineno":861}
{"timestamp":"2026-07-08T14:10:37.534177Z","level":"info","event":"Rows affected: 0","logger":"airflow.task.hooks.airflow.providers.oracle.hooks.oracle.OracleHook","filename":"sql.py","lineno":879}
{"timestamp":"2026-07-08T14:10:47.555164Z","level":"info","event":"Poking: SELECT COUNT(*) FROM demo_user.client_b_load_status\nWHERE status = 'COMPLETE' AND processed = 0 (with parameters None)","logger":"airflow.task.operators.airflow.providers.common.sql.sensors.sql.SqlSensor","filename":"sql.py","lineno":100}
{"timestamp":"2026-07-08T14:10:47.586334Z","level":"info","event":"Running statement: SELECT COUNT(*) FROM demo_user.client_b_load_status\nWHERE status = 'COMPLETE' AND processed = 0, parameters: None","logger":"airflow.task.hooks.airflow.providers.oracle.hooks.oracle.OracleHook","filename":"sql.py","lineno":861}
{"timestamp":"2026-07-08T14:10:47.587228Z","level":"info","event":"Rows affected: 0","logger":"airflow.task.hooks.airflow.providers.oracle.hooks.oracle.OracleHook","filename":"sql.py","lineno":879}
{"timestamp":"2026-07-08T14:10:57.605683Z","level":"info","event":"Poking: SELECT COUNT(*) FROM demo_user.client_b_load_status\nWHERE status = 'COMPLETE' AND processed = 0 (with parameters None)","logger":"airflow.task.operators.airflow.providers.common.sql.sensors.sql.SqlSensor","filename":"sql.py","lineno":100}
{"timestamp":"2026-07-08T14:10:57.637433Z","level":"info","event":"Running statement: SELECT COUNT(*) FROM demo_user.client_b_load_status\nWHERE status = 'COMPLETE' AND processed = 0, parameters: None","logger":"airflow.task.hooks.airflow.providers.oracle.hooks.oracle.OracleHook","filename":"sql.py","lineno":861}
{"timestamp":"2026-07-08T14:10:57.638114Z","level":"info","event":"Rows affected: 0","logger":"airflow.task.hooks.airflow.providers.oracle.hooks.oracle.OracleHook","filename":"sql.py","lineno":879}
{"timestamp":"2026-07-08T14:11:07.668751Z","level":"info","event":"Poking: SELECT COUNT(*) FROM demo_user.client_b_load_status\nWHERE status = 'COMPLETE' AND processed = 0 (with parameters None)","logger":"airflow.task.operators.airflow.providers.common.sql.sensors.sql.SqlSensor","filename":"sql.py","lineno":100}
{"timestamp":"2026-07-08T14:11:07.736302Z","level":"info","event":"Running statement: SELECT COUNT(*) FROM demo_user.client_b_load_status\nWHERE status = 'COMPLETE' AND processed = 0, parameters: None","logger":"airflow.task.hooks.airflow.providers.oracle.hooks.oracle.OracleHook","filename":"sql.py","lineno":861}
{"timestamp":"2026-07-08T14:11:07.737198Z","level":"info","event":"Rows affected: 0","logger":"airflow.task.hooks.airflow.providers.oracle.hooks.oracle.OracleHook","filename":"sql.py","lineno":879}
{"timestamp":"2026-07-08T14:11:17.771819Z","level":"info","event":"Poking: SELECT COUNT(*) FROM demo_user.client_b_load_status\nWHERE status = 'COMPLETE' AND processed = 0 (with parameters None)","logger":"airflow.task.operators.airflow.providers.common.sql.sensors.sql.SqlSensor","filename":"sql.py","lineno":100}
{"timestamp":"2026-07-08T14:11:17.816166Z","level":"info","event":"Running statement: SELECT COUNT(*) FROM demo_user.client_b_load_status\nWHERE status = 'COMPLETE' AND processed = 0, parameters: None","logger":"airflow.task.hooks.airflow.providers.oracle.hooks.oracle.OracleHook","filename":"sql.py","lineno":861}
{"timestamp":"2026-07-08T14:11:17.816995Z","level":"info","event":"Rows affected: 0","logger":"airflow.task.hooks.airflow.providers.oracle.hooks.oracle.OracleHook","filename":"sql.py","lineno":879}
{"timestamp":"2026-07-08T14:11:27.832686Z","level":"info","event":"Poking: SELECT COUNT(*) FROM demo_user.client_b_load_status\nWHERE status = 'COMPLETE' AND processed = 0 (with parameters None)","logger":"airflow.task.operators.airflow.providers.common.sql.sensors.sql.SqlSensor","filename":"sql.py","lineno":100}
{"timestamp":"2026-07-08T14:11:27.870322Z","level":"info","event":"Running statement: SELECT COUNT(*) FROM demo_user.client_b_load_status\nWHERE status = 'COMPLETE' AND processed = 0, parameters: None","logger":"airflow.task.hooks.airflow.providers.oracle.hooks.oracle.OracleHook","filename":"sql.py","lineno":861}
{"timestamp":"2026-07-08T14:11:27.871647Z","level":"info","event":"Rows affected: 0","logger":"airflow.task.hooks.airflow.providers.oracle.hooks.oracle.OracleHook","filename":"sql.py","lineno":879}
{"timestamp":"2026-07-08T14:11:37.894739Z","level":"info","event":"Poking: SELECT COUNT(*) FROM demo_user.client_b_load_status\nWHERE status = 'COMPLETE' AND processed = 0 (with parameters None)","logger":"airflow.task.operators.airflow.providers.common.sql.sensors.sql.SqlSensor","filename":"sql.py","lineno":100}
{"timestamp":"2026-07-08T14:11:37.929263Z","level":"info","event":"Running statement: SELECT COUNT(*) FROM demo_user.client_b_load_status\nWHERE status = 'COMPLETE' AND processed = 0, parameters: None","logger":"airflow.task.hooks.airflow.providers.oracle.hooks.oracle.OracleHook","filename":"sql.py","lineno":861}
{"timestamp":"2026-07-08T14:11:37.930142Z","level":"info","event":"Rows affected: 0","logger":"airflow.task.hooks.airflow.providers.oracle.hooks.oracle.OracleHook","filename":"sql.py","lineno":879}
{"timestamp":"2026-07-08T14:11:47.965095Z","level":"info","event":"Poking: SELECT COUNT(*) FROM demo_user.client_b_load_status\nWHERE status = 'COMPLETE' AND processed = 0 (with parameters None)","logger":"airflow.task.operators.airflow.providers.common.sql.sensors.sql.SqlSensor","filename":"sql.py","lineno":100}
{"timestamp":"2026-07-08T14:11:48.019293Z","level":"info","event":"Running statement: SELECT COUNT(*) FROM demo_user.client_b_load_status\nWHERE status = 'COMPLETE' AND processed = 0, parameters: None","logger":"airflow.task.hooks.airflow.providers.oracle.hooks.oracle.OracleHook","filename":"sql.py","lineno":861}
{"timestamp":"2026-07-08T14:11:48.020534Z","level":"info","event":"Rows affected: 0","logger":"airflow.task.hooks.airflow.providers.oracle.hooks.oracle.OracleHook","filename":"sql.py","lineno":879}
{"timestamp":"2026-07-08T14:11:58.060683Z","level":"info","event":"Poking: SELECT COUNT(*) FROM demo_user.client_b_load_status\nWHERE status = 'COMPLETE' AND processed = 0 (with parameters None)","logger":"airflow.task.operators.airflow.providers.common.sql.sensors.sql.SqlSensor","filename":"sql.py","lineno":100}
{"timestamp":"2026-07-08T14:11:58.098677Z","level":"info","event":"Running statement: SELECT COUNT(*) FROM demo_user.client_b_load_status\nWHERE status = 'COMPLETE' AND processed = 0, parameters: None","logger":"airflow.task.hooks.airflow.providers.oracle.hooks.oracle.OracleHook","filename":"sql.py","lineno":861}
{"timestamp":"2026-07-08T14:11:58.099509Z","level":"info","event":"Rows affected: 0","logger":"airflow.task.hooks.airflow.providers.oracle.hooks.oracle.OracleHook","filename":"sql.py","lineno":879}
{"timestamp":"2026-07-08T14:12:08.136355Z","level":"info","event":"Poking: SELECT COUNT(*) FROM demo_user.client_b_load_status\nWHERE status = 'COMPLETE' AND processed = 0 (with parameters None)","logger":"airflow.task.operators.airflow.providers.common.sql.sensors.sql.SqlSensor","filename":"sql.py","lineno":100}
{"timestamp":"2026-07-08T14:12:08.181372Z","level":"info","event":"Running statement: SELECT COUNT(*) FROM demo_user.client_b_load_status\nWHERE status = 'COMPLETE' AND processed = 0, parameters: None","logger":"airflow.task.hooks.airflow.providers.oracle.hooks.oracle.OracleHook","filename":"sql.py","lineno":861}
{"timestamp":"2026-07-08T14:12:08.182263Z","level":"info","event":"Rows affected: 0","logger":"airflow.task.hooks.airflow.providers.oracle.hooks.oracle.OracleHook","filename":"sql.py","lineno":879}
{"timestamp":"2026-07-08T14:12:18.204502Z","level":"info","event":"Poking: SELECT COUNT(*) FROM demo_user.client_b_load_status\nWHERE status = 'COMPLETE' AND processed = 0 (with parameters None)","logger":"airflow.task.operators.airflow.providers.common.sql.sensors.sql.SqlSensor","filename":"sql.py","lineno":100}
{"timestamp":"2026-07-08T14:12:18.243102Z","level":"info","event":"Running statement: SELECT COUNT(*) FROM demo_user.client_b_load_status\nWHERE status = 'COMPLETE' AND processed = 0, parameters: None","logger":"airflow.task.hooks.airflow.providers.oracle.hooks.oracle.OracleHook","filename":"sql.py","lineno":861}
{"timestamp":"2026-07-08T14:12:18.243812Z","level":"info","event":"Rows affected: 0","logger":"airflow.task.hooks.airflow.providers.oracle.hooks.oracle.OracleHook","filename":"sql.py","lineno":879}
{"timestamp":"2026-07-08T14:12:28.264866Z","level":"info","event":"Poking: SELECT COUNT(*) FROM demo_user.client_b_load_status\nWHERE status = 'COMPLETE' AND processed = 0 (with parameters None)","logger":"airflow.task.operators.airflow.providers.common.sql.sensors.sql.SqlSensor","filename":"sql.py","lineno":100}
{"timestamp":"2026-07-08T14:12:28.302927Z","level":"info","event":"Running statement: SELECT COUNT(*) FROM demo_user.client_b_load_status\nWHERE status = 'COMPLETE' AND processed = 0, parameters: None","logger":"airflow.task.hooks.airflow.providers.oracle.hooks.oracle.OracleHook","filename":"sql.py","lineno":861}
{"timestamp":"2026-07-08T14:12:28.303801Z","level":"info","event":"Rows affected: 0","logger":"airflow.task.hooks.airflow.providers.oracle.hooks.oracle.OracleHook","filename":"sql.py","lineno":879}
{"timestamp":"2026-07-08T14:12:38.328582Z","level":"info","event":"Poking: SELECT COUNT(*) FROM demo_user.client_b_load_status\nWHERE status = 'COMPLETE' AND processed = 0 (with parameters None)","logger":"airflow.task.operators.airflow.providers.common.sql.sensors.sql.SqlSensor","filename":"sql.py","lineno":100}
{"timestamp":"2026-07-08T14:12:38.369657Z","level":"info","event":"Running statement: SELECT COUNT(*) FROM demo_user.client_b_load_status\nWHERE status = 'COMPLETE' AND processed = 0, parameters: None","logger":"airflow.task.hooks.airflow.providers.oracle.hooks.oracle.OracleHook","filename":"sql.py","lineno":861}
{"timestamp":"2026-07-08T14:12:38.370715Z","level":"info","event":"Rows affected: 0","logger":"airflow.task.hooks.airflow.providers.oracle.hooks.oracle.OracleHook","filename":"sql.py","lineno":879}
{"timestamp":"2026-07-08T14:12:48.403351Z","level":"info","event":"Poking: SELECT COUNT(*) FROM demo_user.client_b_load_status\nWHERE status = 'COMPLETE' AND processed = 0 (with parameters None)","logger":"airflow.task.operators.airflow.providers.common.sql.sensors.sql.SqlSensor","filename":"sql.py","lineno":100}
{"timestamp":"2026-07-08T14:12:48.444035Z","level":"info","event":"Running statement: SELECT COUNT(*) FROM demo_user.client_b_load_status\nWHERE status = 'COMPLETE' AND processed = 0, parameters: None","logger":"airflow.task.hooks.airflow.providers.oracle.hooks.oracle.OracleHook","filename":"sql.py","lineno":861}
{"timestamp":"2026-07-08T14:12:48.444994Z","level":"info","event":"Rows affected: 0","logger":"airflow.task.hooks.airflow.providers.oracle.hooks.oracle.OracleHook","filename":"sql.py","lineno":879}
{"timestamp":"2026-07-08T14:12:58.470582Z","level":"info","event":"Poking: SELECT COUNT(*) FROM demo_user.client_b_load_status\nWHERE status = 'COMPLETE' AND processed = 0 (with parameters None)","logger":"airflow.task.operators.airflow.providers.common.sql.sensors.sql.SqlSensor","filename":"sql.py","lineno":100}
{"timestamp":"2026-07-08T14:12:58.503992Z","level":"info","event":"Running statement: SELECT COUNT(*) FROM demo_user.client_b_load_status\nWHERE status = 'COMPLETE' AND processed = 0, parameters: None","logger":"airflow.task.hooks.airflow.providers.oracle.hooks.oracle.OracleHook","filename":"sql.py","lineno":861}
{"timestamp":"2026-07-08T14:12:58.504874Z","level":"info","event":"Rows affected: 0","logger":"airflow.task.hooks.airflow.providers.oracle.hooks.oracle.OracleHook","filename":"sql.py","lineno":879}
{"timestamp":"2026-07-08T14:13:08.528412Z","level":"info","event":"Poking: SELECT COUNT(*) FROM demo_user.client_b_load_status\nWHERE status = 'COMPLETE' AND processed = 0 (with parameters None)","logger":"airflow.task.operators.airflow.providers.common.sql.sensors.sql.SqlSensor","filename":"sql.py","lineno":100}
{"timestamp":"2026-07-08T14:13:08.571366Z","level":"info","event":"Running statement: SELECT COUNT(*) FROM demo_user.client_b_load_status\nWHERE status = 'COMPLETE' AND processed = 0, parameters: None","logger":"airflow.task.hooks.airflow.providers.oracle.hooks.oracle.OracleHook","filename":"sql.py","lineno":861}
{"timestamp":"2026-07-08T14:13:08.572407Z","level":"info","event":"Rows affected: 0","logger":"airflow.task.hooks.airflow.providers.oracle.hooks.oracle.OracleHook","filename":"sql.py","lineno":879}
{"timestamp":"2026-07-08T14:13:18.599241Z","level":"info","event":"Poking: SELECT COUNT(*) FROM demo_user.client_b_load_status\nWHERE status = 'COMPLETE' AND processed = 0 (with parameters None)","logger":"airflow.task.operators.airflow.providers.common.sql.sensors.sql.SqlSensor","filename":"sql.py","lineno":100}
{"timestamp":"2026-07-08T14:13:18.638802Z","level":"info","event":"Running statement: SELECT COUNT(*) FROM demo_user.client_b_load_status\nWHERE status = 'COMPLETE' AND processed = 0, parameters: None","logger":"airflow.task.hooks.airflow.providers.oracle.hooks.oracle.OracleHook","filename":"sql.py","lineno":861}
{"timestamp":"2026-07-08T14:13:18.639892Z","level":"info","event":"Rows affected: 0","logger":"airflow.task.hooks.airflow.providers.oracle.hooks.oracle.OracleHook","filename":"sql.py","lineno":879}
{"timestamp":"2026-07-08T14:13:28.669591Z","level":"info","event":"Poking: SELECT COUNT(*) FROM demo_user.client_b_load_status\nWHERE status = 'COMPLETE' AND processed = 0 (with parameters None)","logger":"airflow.task.operators.airflow.providers.common.sql.sensors.sql.SqlSensor","filename":"sql.py","lineno":100}
{"timestamp":"2026-07-08T14:13:28.707717Z","level":"info","event":"Running statement: SELECT COUNT(*) FROM demo_user.client_b_load_status\nWHERE status = 'COMPLETE' AND processed = 0, parameters: None","logger":"airflow.task.hooks.airflow.providers.oracle.hooks.oracle.OracleHook","filename":"sql.py","lineno":861}
{"timestamp":"2026-07-08T14:13:28.708503Z","level":"info","event":"Rows affected: 0","logger":"airflow.task.hooks.airflow.providers.oracle.hooks.oracle.OracleHook","filename":"sql.py","lineno":879}
{"timestamp":"2026-07-08T14:13:38.738294Z","level":"info","event":"Poking: SELECT COUNT(*) FROM demo_user.client_b_load_status\nWHERE status = 'COMPLETE' AND processed = 0 (with parameters None)","logger":"airflow.task.operators.airflow.providers.common.sql.sensors.sql.SqlSensor","filename":"sql.py","lineno":100}
{"timestamp":"2026-07-08T14:13:38.771381Z","level":"info","event":"Running statement: SELECT COUNT(*) FROM demo_user.client_b_load_status\nWHERE status = 'COMPLETE' AND processed = 0, parameters: None","logger":"airflow.task.hooks.airflow.providers.oracle.hooks.oracle.OracleHook","filename":"sql.py","lineno":861}
{"timestamp":"2026-07-08T14:13:38.772002Z","level":"info","event":"Rows affected: 0","logger":"airflow.task.hooks.airflow.providers.oracle.hooks.oracle.OracleHook","filename":"sql.py","lineno":879}
{"timestamp":"2026-07-08T14:13:48.792578Z","level":"info","event":"Poking: SELECT COUNT(*) FROM demo_user.client_b_load_status\nWHERE status = 'COMPLETE' AND processed = 0 (with parameters None)","logger":"airflow.task.operators.airflow.providers.common.sql.sensors.sql.SqlSensor","filename":"sql.py","lineno":100}
{"timestamp":"2026-07-08T14:13:48.828864Z","level":"info","event":"Running statement: SELECT COUNT(*) FROM demo_user.client_b_load_status\nWHERE status = 'COMPLETE' AND processed = 0, parameters: None","logger":"airflow.task.hooks.airflow.providers.oracle.hooks.oracle.OracleHook","filename":"sql.py","lineno":861}
{"timestamp":"2026-07-08T14:13:48.829619Z","level":"info","event":"Rows affected: 0","logger":"airflow.task.hooks.airflow.providers.oracle.hooks.oracle.OracleHook","filename":"sql.py","lineno":879}
{"timestamp":"2026-07-08T14:13:58.847130Z","level":"info","event":"Poking: SELECT COUNT(*) FROM demo_user.client_b_load_status\nWHERE status = 'COMPLETE' AND processed = 0 (with parameters None)","logger":"airflow.task.operators.airflow.providers.common.sql.sensors.sql.SqlSensor","filename":"sql.py","lineno":100}
{"timestamp":"2026-07-08T14:13:58.884324Z","level":"info","event":"Running statement: SELECT COUNT(*) FROM demo_user.client_b_load_status\nWHERE status = 'COMPLETE' AND processed = 0, parameters: None","logger":"airflow.task.hooks.airflow.providers.oracle.hooks.oracle.OracleHook","filename":"sql.py","lineno":861}
{"timestamp":"2026-07-08T14:13:58.885048Z","level":"info","event":"Rows affected: 0","logger":"airflow.task.hooks.airflow.providers.oracle.hooks.oracle.OracleHook","filename":"sql.py","lineno":879}
{"timestamp":"2026-07-08T14:14:08.967372Z","level":"info","event":"Poking: SELECT COUNT(*) FROM demo_user.client_b_load_status\nWHERE status = 'COMPLETE' AND processed = 0 (with parameters None)","logger":"airflow.task.operators.airflow.providers.common.sql.sensors.sql.SqlSensor","filename":"sql.py","lineno":100}
{"timestamp":"2026-07-08T14:14:09.057817Z","level":"info","event":"Running statement: SELECT COUNT(*) FROM demo_user.client_b_load_status\nWHERE status = 'COMPLETE' AND processed = 0, parameters: None","logger":"airflow.task.hooks.airflow.providers.oracle.hooks.oracle.OracleHook","filename":"sql.py","lineno":861}
{"timestamp":"2026-07-08T14:14:09.059342Z","level":"info","event":"Rows affected: 0","logger":"airflow.task.hooks.airflow.providers.oracle.hooks.oracle.OracleHook","filename":"sql.py","lineno":879}
{"timestamp":"2026-07-08T14:14:19.088010Z","level":"info","event":"Poking: SELECT COUNT(*) FROM demo_user.client_b_load_status\nWHERE status = 'COMPLETE' AND processed = 0 (with parameters None)","logger":"airflow.task.operators.airflow.providers.common.sql.sensors.sql.SqlSensor","filename":"sql.py","lineno":100}
{"timestamp":"2026-07-08T14:14:19.121618Z","level":"info","event":"Running statement: SELECT COUNT(*) FROM demo_user.client_b_load_status\nWHERE status = 'COMPLETE' AND processed = 0, parameters: None","logger":"airflow.task.hooks.airflow.providers.oracle.hooks.oracle.OracleHook","filename":"sql.py","lineno":861}
{"timestamp":"2026-07-08T14:14:19.122445Z","level":"info","event":"Rows affected: 0","logger":"airflow.task.hooks.airflow.providers.oracle.hooks.oracle.OracleHook","filename":"sql.py","lineno":879}
{"timestamp":"2026-07-08T14:14:29.146787Z","level":"info","event":"Poking: SELECT COUNT(*) FROM demo_user.client_b_load_status\nWHERE status = 'COMPLETE' AND processed = 0 (with parameters None)","logger":"airflow.task.operators.airflow.providers.common.sql.sensors.sql.SqlSensor","filename":"sql.py","lineno":100}
{"timestamp":"2026-07-08T14:14:29.185704Z","level":"info","event":"Running statement: SELECT COUNT(*) FROM demo_user.client_b_load_status\nWHERE status = 'COMPLETE' AND processed = 0, parameters: None","logger":"airflow.task.hooks.airflow.providers.oracle.hooks.oracle.OracleHook","filename":"sql.py","lineno":861}
{"timestamp":"2026-07-08T14:14:29.186463Z","level":"info","event":"Rows affected: 0","logger":"airflow.task.hooks.airflow.providers.oracle.hooks.oracle.OracleHook","filename":"sql.py","lineno":879}
{"timestamp":"2026-07-08T14:14:39.221461Z","level":"info","event":"Poking: SELECT COUNT(*) FROM demo_user.client_b_load_status\nWHERE status = 'COMPLETE' AND processed = 0 (with parameters None)","logger":"airflow.task.operators.airflow.providers.common.sql.sensors.sql.SqlSensor","filename":"sql.py","lineno":100}
{"timestamp":"2026-07-08T14:14:39.259975Z","level":"info","event":"Running statement: SELECT COUNT(*) FROM demo_user.client_b_load_status\nWHERE status = 'COMPLETE' AND processed = 0, parameters: None","logger":"airflow.task.hooks.airflow.providers.oracle.hooks.oracle.OracleHook","filename":"sql.py","lineno":861}
{"timestamp":"2026-07-08T14:14:39.260591Z","level":"info","event":"Rows affected: 0","logger":"airflow.task.hooks.airflow.providers.oracle.hooks.oracle.OracleHook","filename":"sql.py","lineno":879}
{"timestamp":"2026-07-08T14:14:49.291840Z","level":"info","event":"Poking: SELECT COUNT(*) FROM demo_user.client_b_load_status\nWHERE status = 'COMPLETE' AND processed = 0 (with parameters None)","logger":"airflow.task.operators.airflow.providers.common.sql.sensors.sql.SqlSensor","filename":"sql.py","lineno":100}
{"timestamp":"2026-07-08T14:14:49.327860Z","level":"info","event":"Running statement: SELECT COUNT(*) FROM demo_user.client_b_load_status\nWHERE status = 'COMPLETE' AND processed = 0, parameters: None","logger":"airflow.task.hooks.airflow.providers.oracle.hooks.oracle.OracleHook","filename":"sql.py","lineno":861}
{"timestamp":"2026-07-08T14:14:49.328586Z","level":"info","event":"Rows affected: 0","logger":"airflow.task.hooks.airflow.providers.oracle.hooks.oracle.OracleHook","filename":"sql.py","lineno":879}
{"timestamp":"2026-07-08T14:14:59.349237Z","level":"info","event":"Poking: SELECT COUNT(*) FROM demo_user.client_b_load_status\nWHERE status = 'COMPLETE' AND processed = 0 (with parameters None)","logger":"airflow.task.operators.airflow.providers.common.sql.sensors.sql.SqlSensor","filename":"sql.py","lineno":100}
{"timestamp":"2026-07-08T14:14:59.385383Z","level":"info","event":"Running statement: SELECT COUNT(*) FROM demo_user.client_b_load_status\nWHERE status = 'COMPLETE' AND processed = 0, parameters: None","logger":"airflow.task.hooks.airflow.providers.oracle.hooks.oracle.OracleHook","filename":"sql.py","lineno":861}
{"timestamp":"2026-07-08T14:14:59.386171Z","level":"info","event":"Rows affected: 0","logger":"airflow.task.hooks.airflow.providers.oracle.hooks.oracle.OracleHook","filename":"sql.py","lineno":879}
{"timestamp":"2026-07-08T14:15:09.419671Z","level":"info","event":"Poking: SELECT COUNT(*) FROM demo_user.client_b_load_status\nWHERE status = 'COMPLETE' AND processed = 0 (with parameters None)","logger":"airflow.task.operators.airflow.providers.common.sql.sensors.sql.SqlSensor","filename":"sql.py","lineno":100}
{"timestamp":"2026-07-08T14:15:09.459758Z","level":"info","event":"Running statement: SELECT COUNT(*) FROM demo_user.client_b_load_status\nWHERE status = 'COMPLETE' AND processed = 0, parameters: None","logger":"airflow.task.hooks.airflow.providers.oracle.hooks.oracle.OracleHook","filename":"sql.py","lineno":861}
{"timestamp":"2026-07-08T14:15:09.460558Z","level":"info","event":"Rows affected: 0","logger":"airflow.task.hooks.airflow.providers.oracle.hooks.oracle.OracleHook","filename":"sql.py","lineno":879}
{"timestamp":"2026-07-08T14:15:19.481282Z","level":"info","event":"Poking: SELECT COUNT(*) FROM demo_user.client_b_load_status\nWHERE status = 'COMPLETE' AND processed = 0 (with parameters None)","logger":"airflow.task.operators.airflow.providers.common.sql.sensors.sql.SqlSensor","filename":"sql.py","lineno":100}
{"timestamp":"2026-07-08T14:15:19.515331Z","level":"info","event":"Running statement: SELECT COUNT(*) FROM demo_user.client_b_load_status\nWHERE status = 'COMPLETE' AND processed = 0, parameters: None","logger":"airflow.task.hooks.airflow.providers.oracle.hooks.oracle.OracleHook","filename":"sql.py","lineno":861}
{"timestamp":"2026-07-08T14:15:19.516087Z","level":"info","event":"Rows affected: 0","logger":"airflow.task.hooks.airflow.providers.oracle.hooks.oracle.OracleHook","filename":"sql.py","lineno":879}
{"timestamp":"2026-07-08T14:15:29.538804Z","level":"info","event":"Poking: SELECT COUNT(*) FROM demo_user.client_b_load_status\nWHERE status = 'COMPLETE' AND processed = 0 (with parameters None)","logger":"airflow.task.operators.airflow.providers.common.sql.sensors.sql.SqlSensor","filename":"sql.py","lineno":100}
{"timestamp":"2026-07-08T14:15:29.579634Z","level":"info","event":"Running statement: SELECT COUNT(*) FROM demo_user.client_b_load_status\nWHERE status = 'COMPLETE' AND processed = 0, parameters: None","logger":"airflow.task.hooks.airflow.providers.oracle.hooks.oracle.OracleHook","filename":"sql.py","lineno":861}
{"timestamp":"2026-07-08T14:15:29.580539Z","level":"info","event":"Rows affected: 0","logger":"airflow.task.hooks.airflow.providers.oracle.hooks.oracle.OracleHook","filename":"sql.py","lineno":879}
{"timestamp":"2026-07-08T14:15:39.605435Z","level":"info","event":"Poking: SELECT COUNT(*) FROM demo_user.client_b_load_status\nWHERE status = 'COMPLETE' AND processed = 0 (with parameters None)","logger":"airflow.task.operators.airflow.providers.common.sql.sensors.sql.SqlSensor","filename":"sql.py","lineno":100}
{"timestamp":"2026-07-08T14:15:39.642854Z","level":"info","event":"Running statement: SELECT COUNT(*) FROM demo_user.client_b_load_status\nWHERE status = 'COMPLETE' AND processed = 0, parameters: None","logger":"airflow.task.hooks.airflow.providers.oracle.hooks.oracle.OracleHook","filename":"sql.py","lineno":861}
{"timestamp":"2026-07-08T14:15:39.643553Z","level":"info","event":"Rows affected: 0","logger":"airflow.task.hooks.airflow.providers.oracle.hooks.oracle.OracleHook","filename":"sql.py","lineno":879}
{"timestamp":"2026-07-08T14:15:49.664638Z","level":"info","event":"Poking: SELECT COUNT(*) FROM demo_user.client_b_load_status\nWHERE status = 'COMPLETE' AND processed = 0 (with parameters None)","logger":"airflow.task.operators.airflow.providers.common.sql.sensors.sql.SqlSensor","filename":"sql.py","lineno":100}
{"timestamp":"2026-07-08T14:15:49.700886Z","level":"info","event":"Running statement: SELECT COUNT(*) FROM demo_user.client_b_load_status\nWHERE status = 'COMPLETE' AND processed = 0, parameters: None","logger":"airflow.task.hooks.airflow.providers.oracle.hooks.oracle.OracleHook","filename":"sql.py","lineno":861}
{"timestamp":"2026-07-08T14:15:49.701618Z","level":"info","event":"Rows affected: 0","logger":"airflow.task.hooks.airflow.providers.oracle.hooks.oracle.OracleHook","filename":"sql.py","lineno":879}
{"timestamp":"2026-07-08T14:15:59.732349Z","level":"info","event":"Poking: SELECT COUNT(*) FROM demo_user.client_b_load_status\nWHERE status = 'COMPLETE' AND processed = 0 (with parameters None)","logger":"airflow.task.operators.airflow.providers.common.sql.sensors.sql.SqlSensor","filename":"sql.py","lineno":100}
{"timestamp":"2026-07-08T14:15:59.774517Z","level":"info","event":"Running statement: SELECT COUNT(*) FROM demo_user.client_b_load_status\nWHERE status = 'COMPLETE' AND processed = 0, parameters: None","logger":"airflow.task.hooks.airflow.providers.oracle.hooks.oracle.OracleHook","filename":"sql.py","lineno":861}
{"timestamp":"2026-07-08T14:15:59.775464Z","level":"info","event":"Rows affected: 0","logger":"airflow.task.hooks.airflow.providers.oracle.hooks.oracle.OracleHook","filename":"sql.py","lineno":879}
{"timestamp":"2026-07-08T14:16:09.804733Z","level":"info","event":"Poking: SELECT COUNT(*) FROM demo_user.client_b_load_status\nWHERE status = 'COMPLETE' AND processed = 0 (with parameters None)","logger":"airflow.task.operators.airflow.providers.common.sql.sensors.sql.SqlSensor","filename":"sql.py","lineno":100}
{"timestamp":"2026-07-08T14:16:09.841265Z","level":"info","event":"Running statement: SELECT COUNT(*) FROM demo_user.client_b_load_status\nWHERE status = 'COMPLETE' AND processed = 0, parameters: None","logger":"airflow.task.hooks.airflow.providers.oracle.hooks.oracle.OracleHook","filename":"sql.py","lineno":861}
{"timestamp":"2026-07-08T14:16:09.841991Z","level":"info","event":"Rows affected: 0","logger":"airflow.task.hooks.airflow.providers.oracle.hooks.oracle.OracleHook","filename":"sql.py","lineno":879}
{"timestamp":"2026-07-08T14:16:19.857871Z","level":"info","event":"Poking: SELECT COUNT(*) FROM demo_user.client_b_load_status\nWHERE status = 'COMPLETE' AND processed = 0 (with parameters None)","logger":"airflow.task.operators.airflow.providers.common.sql.sensors.sql.SqlSensor","filename":"sql.py","lineno":100}
{"timestamp":"2026-07-08T14:16:19.893513Z","level":"info","event":"Running statement: SELECT COUNT(*) FROM demo_user.client_b_load_status\nWHERE status = 'COMPLETE' AND processed = 0, parameters: None","logger":"airflow.task.hooks.airflow.providers.oracle.hooks.oracle.OracleHook","filename":"sql.py","lineno":861}
{"timestamp":"2026-07-08T14:16:19.894287Z","level":"info","event":"Rows affected: 0","logger":"airflow.task.hooks.airflow.providers.oracle.hooks.oracle.OracleHook","filename":"sql.py","lineno":879}
{"timestamp":"2026-07-08T14:16:29.918171Z","level":"info","event":"Poking: SELECT COUNT(*) FROM demo_user.client_b_load_status\nWHERE status = 'COMPLETE' AND processed = 0 (with parameters None)","logger":"airflow.task.operators.airflow.providers.common.sql.sensors.sql.SqlSensor","filename":"sql.py","lineno":100}
{"timestamp":"2026-07-08T14:16:29.950951Z","level":"info","event":"Running statement: SELECT COUNT(*) FROM demo_user.client_b_load_status\nWHERE status = 'COMPLETE' AND processed = 0, parameters: None","logger":"airflow.task.hooks.airflow.providers.oracle.hooks.oracle.OracleHook","filename":"sql.py","lineno":861}
{"timestamp":"2026-07-08T14:16:29.951670Z","level":"info","event":"Rows affected: 0","logger":"airflow.task.hooks.airflow.providers.oracle.hooks.oracle.OracleHook","filename":"sql.py","lineno":879}
{"timestamp":"2026-07-08T14:16:39.969784Z","level":"info","event":"Poking: SELECT COUNT(*) FROM demo_user.client_b_load_status\nWHERE status = 'COMPLETE' AND processed = 0 (with parameters None)","logger":"airflow.task.operators.airflow.providers.common.sql.sensors.sql.SqlSensor","filename":"sql.py","lineno":100}
{"timestamp":"2026-07-08T14:16:39.999461Z","level":"info","event":"Running statement: SELECT COUNT(*) FROM demo_user.client_b_load_status\nWHERE status = 'COMPLETE' AND processed = 0, parameters: None","logger":"airflow.task.hooks.airflow.providers.oracle.hooks.oracle.OracleHook","filename":"sql.py","lineno":861}
{"timestamp":"2026-07-08T14:16:40.000218Z","level":"info","event":"Rows affected: 0","logger":"airflow.task.hooks.airflow.providers.oracle.hooks.oracle.OracleHook","filename":"sql.py","lineno":879}
{"timestamp":"2026-07-08T14:16:50.029521Z","level":"info","event":"Poking: SELECT COUNT(*) FROM demo_user.client_b_load_status\nWHERE status = 'COMPLETE' AND processed = 0 (with parameters None)","logger":"airflow.task.operators.airflow.providers.common.sql.sensors.sql.SqlSensor","filename":"sql.py","lineno":100}
{"timestamp":"2026-07-08T14:16:50.064753Z","level":"info","event":"Running statement: SELECT COUNT(*) FROM demo_user.client_b_load_status\nWHERE status = 'COMPLETE' AND processed = 0, parameters: None","logger":"airflow.task.hooks.airflow.providers.oracle.hooks.oracle.OracleHook","filename":"sql.py","lineno":861}
{"timestamp":"2026-07-08T14:16:50.065550Z","level":"info","event":"Rows affected: 0","logger":"airflow.task.hooks.airflow.providers.oracle.hooks.oracle.OracleHook","filename":"sql.py","lineno":879}
{"timestamp":"2026-07-08T14:17:00.084861Z","level":"info","event":"Poking: SELECT COUNT(*) FROM demo_user.client_b_load_status\nWHERE status = 'COMPLETE' AND processed = 0 (with parameters None)","logger":"airflow.task.operators.airflow.providers.common.sql.sensors.sql.SqlSensor","filename":"sql.py","lineno":100}
{"timestamp":"2026-07-08T14:17:00.124531Z","level":"info","event":"Running statement: SELECT COUNT(*) FROM demo_user.client_b_load_status\nWHERE status = 'COMPLETE' AND processed = 0, parameters: None","logger":"airflow.task.hooks.airflow.providers.oracle.hooks.oracle.OracleHook","filename":"sql.py","lineno":861}
{"timestamp":"2026-07-08T14:17:00.125636Z","level":"info","event":"Rows affected: 0","logger":"airflow.task.hooks.airflow.providers.oracle.hooks.oracle.OracleHook","filename":"sql.py","lineno":879}
{"timestamp":"2026-07-08T14:17:10.156162Z","level":"info","event":"Poking: SELECT COUNT(*) FROM demo_user.client_b_load_status\nWHERE status = 'COMPLETE' AND processed = 0 (with parameters None)","logger":"airflow.task.operators.airflow.providers.common.sql.sensors.sql.SqlSensor","filename":"sql.py","lineno":100}
{"timestamp":"2026-07-08T14:17:10.191261Z","level":"info","event":"Running statement: SELECT COUNT(*) FROM demo_user.client_b_load_status\nWHERE status = 'COMPLETE' AND processed = 0, parameters: None","logger":"airflow.task.hooks.airflow.providers.oracle.hooks.oracle.OracleHook","filename":"sql.py","lineno":861}
{"timestamp":"2026-07-08T14:17:10.192083Z","level":"info","event":"Rows affected: 0","logger":"airflow.task.hooks.airflow.providers.oracle.hooks.oracle.OracleHook","filename":"sql.py","lineno":879}
{"timestamp":"2026-07-08T14:17:20.225180Z","level":"info","event":"Poking: SELECT COUNT(*) FROM demo_user.client_b_load_status\nWHERE status = 'COMPLETE' AND processed = 0 (with parameters None)","logger":"airflow.task.operators.airflow.providers.common.sql.sensors.sql.SqlSensor","filename":"sql.py","lineno":100}
{"timestamp":"2026-07-08T14:17:20.261642Z","level":"info","event":"Running statement: SELECT COUNT(*) FROM demo_user.client_b_load_status\nWHERE status = 'COMPLETE' AND processed = 0, parameters: None","logger":"airflow.task.hooks.airflow.providers.oracle.hooks.oracle.OracleHook","filename":"sql.py","lineno":861}
{"timestamp":"2026-07-08T14:17:20.262351Z","level":"info","event":"Rows affected: 0","logger":"airflow.task.hooks.airflow.providers.oracle.hooks.oracle.OracleHook","filename":"sql.py","lineno":879}
{"timestamp":"2026-07-08T14:17:30.275997Z","level":"info","event":"Poking: SELECT COUNT(*) FROM demo_user.client_b_load_status\nWHERE status = 'COMPLETE' AND processed = 0 (with parameters None)","logger":"airflow.task.operators.airflow.providers.common.sql.sensors.sql.SqlSensor","filename":"sql.py","lineno":100}
{"timestamp":"2026-07-08T14:17:30.321108Z","level":"info","event":"Running statement: SELECT COUNT(*) FROM demo_user.client_b_load_status\nWHERE status = 'COMPLETE' AND processed = 0, parameters: None","logger":"airflow.task.hooks.airflow.providers.oracle.hooks.oracle.OracleHook","filename":"sql.py","lineno":861}
{"timestamp":"2026-07-08T14:17:30.321929Z","level":"info","event":"Rows affected: 0","logger":"airflow.task.hooks.airflow.providers.oracle.hooks.oracle.OracleHook","filename":"sql.py","lineno":879}
{"timestamp":"2026-07-08T14:17:40.346434Z","level":"info","event":"Poking: SELECT COUNT(*) FROM demo_user.client_b_load_status\nWHERE status = 'COMPLETE' AND processed = 0 (with parameters None)","logger":"airflow.task.operators.airflow.providers.common.sql.sensors.sql.SqlSensor","filename":"sql.py","lineno":100}
{"timestamp":"2026-07-08T14:17:40.382908Z","level":"info","event":"Running statement: SELECT COUNT(*) FROM demo_user.client_b_load_status\nWHERE status = 'COMPLETE' AND processed = 0, parameters: None","logger":"airflow.task.hooks.airflow.providers.oracle.hooks.oracle.OracleHook","filename":"sql.py","lineno":861}
{"timestamp":"2026-07-08T14:17:40.383676Z","level":"info","event":"Rows affected: 0","logger":"airflow.task.hooks.airflow.providers.oracle.hooks.oracle.OracleHook","filename":"sql.py","lineno":879}
{"timestamp":"2026-07-08T14:17:50.412923Z","level":"info","event":"Poking: SELECT COUNT(*) FROM demo_user.client_b_load_status\nWHERE status = 'COMPLETE' AND processed = 0 (with parameters None)","logger":"airflow.task.operators.airflow.providers.common.sql.sensors.sql.SqlSensor","filename":"sql.py","lineno":100}
{"timestamp":"2026-07-08T14:17:50.457196Z","level":"info","event":"Running statement: SELECT COUNT(*) FROM demo_user.client_b_load_status\nWHERE status = 'COMPLETE' AND processed = 0, parameters: None","logger":"airflow.task.hooks.airflow.providers.oracle.hooks.oracle.OracleHook","filename":"sql.py","lineno":861}
{"timestamp":"2026-07-08T14:17:50.457787Z","level":"info","event":"Rows affected: 0","logger":"airflow.task.hooks.airflow.providers.oracle.hooks.oracle.OracleHook","filename":"sql.py","lineno":879}
{"timestamp":"2026-07-08T14:18:00.477009Z","level":"info","event":"Poking: SELECT COUNT(*) FROM demo_user.client_b_load_status\nWHERE status = 'COMPLETE' AND processed = 0 (with parameters None)","logger":"airflow.task.operators.airflow.providers.common.sql.sensors.sql.SqlSensor","filename":"sql.py","lineno":100}
{"timestamp":"2026-07-08T14:18:00.518071Z","level":"info","event":"Running statement: SELECT COUNT(*) FROM demo_user.client_b_load_status\nWHERE status = 'COMPLETE' AND processed = 0, parameters: None","logger":"airflow.task.hooks.airflow.providers.oracle.hooks.oracle.OracleHook","filename":"sql.py","lineno":861}
{"timestamp":"2026-07-08T14:18:00.519168Z","level":"info","event":"Rows affected: 0","logger":"airflow.task.hooks.airflow.providers.oracle.hooks.oracle.OracleHook","filename":"sql.py","lineno":879}
{"timestamp":"2026-07-08T14:18:10.555804Z","level":"info","event":"Poking: SELECT COUNT(*) FROM demo_user.client_b_load_status\nWHERE status = 'COMPLETE' AND processed = 0 (with parameters None)","logger":"airflow.task.operators.airflow.providers.common.sql.sensors.sql.SqlSensor","filename":"sql.py","lineno":100}
{"timestamp":"2026-07-08T14:18:10.593669Z","level":"info","event":"Running statement: SELECT COUNT(*) FROM demo_user.client_b_load_status\nWHERE status = 'COMPLETE' AND processed = 0, parameters: None","logger":"airflow.task.hooks.airflow.providers.oracle.hooks.oracle.OracleHook","filename":"sql.py","lineno":861}
{"timestamp":"2026-07-08T14:18:10.594487Z","level":"info","event":"Rows affected: 0","logger":"airflow.task.hooks.airflow.providers.oracle.hooks.oracle.OracleHook","filename":"sql.py","lineno":879}
{"timestamp":"2026-07-08T14:18:20.623771Z","level":"info","event":"Poking: SELECT COUNT(*) FROM demo_user.client_b_load_status\nWHERE status = 'COMPLETE' AND processed = 0 (with parameters None)","logger":"airflow.task.operators.airflow.providers.common.sql.sensors.sql.SqlSensor","filename":"sql.py","lineno":100}
{"timestamp":"2026-07-08T14:18:20.661544Z","level":"info","event":"Running statement: SELECT COUNT(*) FROM demo_user.client_b_load_status\nWHERE status = 'COMPLETE' AND processed = 0, parameters: None","logger":"airflow.task.hooks.airflow.providers.oracle.hooks.oracle.OracleHook","filename":"sql.py","lineno":861}
{"timestamp":"2026-07-08T14:18:20.662349Z","level":"info","event":"Rows affected: 0","logger":"airflow.task.hooks.airflow.providers.oracle.hooks.oracle.OracleHook","filename":"sql.py","lineno":879}
{"timestamp":"2026-07-08T14:18:30.682774Z","level":"info","event":"Poking: SELECT COUNT(*) FROM demo_user.client_b_load_status\nWHERE status = 'COMPLETE' AND processed = 0 (with parameters None)","logger":"airflow.task.operators.airflow.providers.common.sql.sensors.sql.SqlSensor","filename":"sql.py","lineno":100}
{"timestamp":"2026-07-08T14:18:30.720675Z","level":"info","event":"Running statement: SELECT COUNT(*) FROM demo_user.client_b_load_status\nWHERE status = 'COMPLETE' AND processed = 0, parameters: None","logger":"airflow.task.hooks.airflow.providers.oracle.hooks.oracle.OracleHook","filename":"sql.py","lineno":861}
{"timestamp":"2026-07-08T14:18:30.721317Z","level":"info","event":"Rows affected: 0","logger":"airflow.task.hooks.airflow.providers.oracle.hooks.oracle.OracleHook","filename":"sql.py","lineno":879}
{"timestamp":"2026-07-08T14:18:40.750281Z","level":"info","event":"Poking: SELECT COUNT(*) FROM demo_user.client_b_load_status\nWHERE status = 'COMPLETE' AND processed = 0 (with parameters None)","logger":"airflow.task.operators.airflow.providers.common.sql.sensors.sql.SqlSensor","filename":"sql.py","lineno":100}
{"timestamp":"2026-07-08T14:18:40.787994Z","level":"info","event":"Running statement: SELECT COUNT(*) FROM demo_user.client_b_load_status\nWHERE status = 'COMPLETE' AND processed = 0, parameters: None","logger":"airflow.task.hooks.airflow.providers.oracle.hooks.oracle.OracleHook","filename":"sql.py","lineno":861}
{"timestamp":"2026-07-08T14:18:40.788636Z","level":"info","event":"Rows affected: 0","logger":"airflow.task.hooks.airflow.providers.oracle.hooks.oracle.OracleHook","filename":"sql.py","lineno":879}
{"timestamp":"2026-07-08T14:18:50.815474Z","level":"info","event":"Poking: SELECT COUNT(*) FROM demo_user.client_b_load_status\nWHERE status = 'COMPLETE' AND processed = 0 (with parameters None)","logger":"airflow.task.operators.airflow.providers.common.sql.sensors.sql.SqlSensor","filename":"sql.py","lineno":100}
{"timestamp":"2026-07-08T14:18:50.851945Z","level":"info","event":"Running statement: SELECT COUNT(*) FROM demo_user.client_b_load_status\nWHERE status = 'COMPLETE' AND processed = 0, parameters: None","logger":"airflow.task.hooks.airflow.providers.oracle.hooks.oracle.OracleHook","filename":"sql.py","lineno":861}
{"timestamp":"2026-07-08T14:18:50.852692Z","level":"info","event":"Rows affected: 0","logger":"airflow.task.hooks.airflow.providers.oracle.hooks.oracle.OracleHook","filename":"sql.py","lineno":879}
{"timestamp":"2026-07-08T14:19:00.885505Z","level":"info","event":"Poking: SELECT COUNT(*) FROM demo_user.client_b_load_status\nWHERE status = 'COMPLETE' AND processed = 0 (with parameters None)","logger":"airflow.task.operators.airflow.providers.common.sql.sensors.sql.SqlSensor","filename":"sql.py","lineno":100}
{"timestamp":"2026-07-08T14:19:00.921182Z","level":"info","event":"Running statement: SELECT COUNT(*) FROM demo_user.client_b_load_status\nWHERE status = 'COMPLETE' AND processed = 0, parameters: None","logger":"airflow.task.hooks.airflow.providers.oracle.hooks.oracle.OracleHook","filename":"sql.py","lineno":861}
{"timestamp":"2026-07-08T14:19:00.921969Z","level":"info","event":"Rows affected: 0","logger":"airflow.task.hooks.airflow.providers.oracle.hooks.oracle.OracleHook","filename":"sql.py","lineno":879}
{"timestamp":"2026-07-08T14:19:10.943176Z","level":"info","event":"Poking: SELECT COUNT(*) FROM demo_user.client_b_load_status\nWHERE status = 'COMPLETE' AND processed = 0 (with parameters None)","logger":"airflow.task.operators.airflow.providers.common.sql.sensors.sql.SqlSensor","filename":"sql.py","lineno":100}
{"timestamp":"2026-07-08T14:19:10.980268Z","level":"info","event":"Running statement: SELECT COUNT(*) FROM demo_user.client_b_load_status\nWHERE status = 'COMPLETE' AND processed = 0, parameters: None","logger":"airflow.task.hooks.airflow.providers.oracle.hooks.oracle.OracleHook","filename":"sql.py","lineno":861}
{"timestamp":"2026-07-08T14:19:10.981089Z","level":"info","event":"Rows affected: 0","logger":"airflow.task.hooks.airflow.providers.oracle.hooks.oracle.OracleHook","filename":"sql.py","lineno":879}
{"timestamp":"2026-07-08T14:19:21.014233Z","level":"info","event":"Poking: SELECT COUNT(*) FROM demo_user.client_b_load_status\nWHERE status = 'COMPLETE' AND processed = 0 (with parameters None)","logger":"airflow.task.operators.airflow.providers.common.sql.sensors.sql.SqlSensor","filename":"sql.py","lineno":100}
{"timestamp":"2026-07-08T14:19:21.054456Z","level":"info","event":"Running statement: SELECT COUNT(*) FROM demo_user.client_b_load_status\nWHERE status = 'COMPLETE' AND processed = 0, parameters: None","logger":"airflow.task.hooks.airflow.providers.oracle.hooks.oracle.OracleHook","filename":"sql.py","lineno":861}
{"timestamp":"2026-07-08T14:19:21.055040Z","level":"info","event":"Rows affected: 0","logger":"airflow.task.hooks.airflow.providers.oracle.hooks.oracle.OracleHook","filename":"sql.py","lineno":879}
{"timestamp":"2026-07-08T14:19:31.088866Z","level":"info","event":"Poking: SELECT COUNT(*) FROM demo_user.client_b_load_status\nWHERE status = 'COMPLETE' AND processed = 0 (with parameters None)","logger":"airflow.task.operators.airflow.providers.common.sql.sensors.sql.SqlSensor","filename":"sql.py","lineno":100}
{"timestamp":"2026-07-08T14:19:31.124907Z","level":"info","event":"Running statement: SELECT COUNT(*) FROM demo_user.client_b_load_status\nWHERE status = 'COMPLETE' AND processed = 0, parameters: None","logger":"airflow.task.hooks.airflow.providers.oracle.hooks.oracle.OracleHook","filename":"sql.py","lineno":861}
{"timestamp":"2026-07-08T14:19:31.125589Z","level":"info","event":"Rows affected: 0","logger":"airflow.task.hooks.airflow.providers.oracle.hooks.oracle.OracleHook","filename":"sql.py","lineno":879}
{"timestamp":"2026-07-08T14:19:41.149028Z","level":"info","event":"Poking: SELECT COUNT(*) FROM demo_user.client_b_load_status\nWHERE status = 'COMPLETE' AND processed = 0 (with parameters None)","logger":"airflow.task.operators.airflow.providers.common.sql.sensors.sql.SqlSensor","filename":"sql.py","lineno":100}
{"timestamp":"2026-07-08T14:19:41.189739Z","level":"info","event":"Running statement: SELECT COUNT(*) FROM demo_user.client_b_load_status\nWHERE status = 'COMPLETE' AND processed = 0, parameters: None","logger":"airflow.task.hooks.airflow.providers.oracle.hooks.oracle.OracleHook","filename":"sql.py","lineno":861}
{"timestamp":"2026-07-08T14:19:41.190669Z","level":"info","event":"Rows affected: 0","logger":"airflow.task.hooks.airflow.providers.oracle.hooks.oracle.OracleHook","filename":"sql.py","lineno":879}
{"timestamp":"2026-07-08T14:19:51.218090Z","level":"info","event":"Poking: SELECT COUNT(*) FROM demo_user.client_b_load_status\nWHERE status = 'COMPLETE' AND processed = 0 (with parameters None)","logger":"airflow.task.operators.airflow.providers.common.sql.sensors.sql.SqlSensor","filename":"sql.py","lineno":100}
{"timestamp":"2026-07-08T14:19:51.253738Z","level":"info","event":"Running statement: SELECT COUNT(*) FROM demo_user.client_b_load_status\nWHERE status = 'COMPLETE' AND processed = 0, parameters: None","logger":"airflow.task.hooks.airflow.providers.oracle.hooks.oracle.OracleHook","filename":"sql.py","lineno":861}
{"timestamp":"2026-07-08T14:19:51.254372Z","level":"info","event":"Rows affected: 0","logger":"airflow.task.hooks.airflow.providers.oracle.hooks.oracle.OracleHook","filename":"sql.py","lineno":879}
{"timestamp":"2026-07-08T14:20:01.281750Z","level":"info","event":"Poking: SELECT COUNT(*) FROM demo_user.client_b_load_status\nWHERE status = 'COMPLETE' AND processed = 0 (with parameters None)","logger":"airflow.task.operators.airflow.providers.common.sql.sensors.sql.SqlSensor","filename":"sql.py","lineno":100}
{"timestamp":"2026-07-08T14:20:01.319583Z","level":"info","event":"Running statement: SELECT COUNT(*) FROM demo_user.client_b_load_status\nWHERE status = 'COMPLETE' AND processed = 0, parameters: None","logger":"airflow.task.hooks.airflow.providers.oracle.hooks.oracle.OracleHook","filename":"sql.py","lineno":861}
{"timestamp":"2026-07-08T14:20:01.320293Z","level":"info","event":"Rows affected: 0","logger":"airflow.task.hooks.airflow.providers.oracle.hooks.oracle.OracleHook","filename":"sql.py","lineno":879}
{"timestamp":"2026-07-08T14:20:11.343045Z","level":"info","event":"Poking: SELECT COUNT(*) FROM demo_user.client_b_load_status\nWHERE status = 'COMPLETE' AND processed = 0 (with parameters None)","logger":"airflow.task.operators.airflow.providers.common.sql.sensors.sql.SqlSensor","filename":"sql.py","lineno":100}
{"timestamp":"2026-07-08T14:20:11.378113Z","level":"info","event":"Running statement: SELECT COUNT(*) FROM demo_user.client_b_load_status\nWHERE status = 'COMPLETE' AND processed = 0, parameters: None","logger":"airflow.task.hooks.airflow.providers.oracle.hooks.oracle.OracleHook","filename":"sql.py","lineno":861}
{"timestamp":"2026-07-08T14:20:11.378843Z","level":"info","event":"Rows affected: 0","logger":"airflow.task.hooks.airflow.providers.oracle.hooks.oracle.OracleHook","filename":"sql.py","lineno":879}
{"timestamp":"2026-07-08T14:20:21.412838Z","level":"info","event":"Poking: SELECT COUNT(*) FROM demo_user.client_b_load_status\nWHERE status = 'COMPLETE' AND processed = 0 (with parameters None)","logger":"airflow.task.operators.airflow.providers.common.sql.sensors.sql.SqlSensor","filename":"sql.py","lineno":100}
{"timestamp":"2026-07-08T14:20:21.452869Z","level":"info","event":"Running statement: SELECT COUNT(*) FROM demo_user.client_b_load_status\nWHERE status = 'COMPLETE' AND processed = 0, parameters: None","logger":"airflow.task.hooks.airflow.providers.oracle.hooks.oracle.OracleHook","filename":"sql.py","lineno":861}
{"timestamp":"2026-07-08T14:20:21.453751Z","level":"info","event":"Rows affected: 0","logger":"airflow.task.hooks.airflow.providers.oracle.hooks.oracle.OracleHook","filename":"sql.py","lineno":879}
{"timestamp":"2026-07-08T14:20:31.484935Z","level":"info","event":"Poking: SELECT COUNT(*) FROM demo_user.client_b_load_status\nWHERE status = 'COMPLETE' AND processed = 0 (with parameters None)","logger":"airflow.task.operators.airflow.providers.common.sql.sensors.sql.SqlSensor","filename":"sql.py","lineno":100}
{"timestamp":"2026-07-08T14:20:31.517845Z","level":"info","event":"Running statement: SELECT COUNT(*) FROM demo_user.client_b_load_status\nWHERE status = 'COMPLETE' AND processed = 0, parameters: None","logger":"airflow.task.hooks.airflow.providers.oracle.hooks.oracle.OracleHook","filename":"sql.py","lineno":861}
{"timestamp":"2026-07-08T14:20:31.518409Z","level":"info","event":"Rows affected: 0","logger":"airflow.task.hooks.airflow.providers.oracle.hooks.oracle.OracleHook","filename":"sql.py","lineno":879}
{"timestamp":"2026-07-08T14:20:41.543138Z","level":"info","event":"Poking: SELECT COUNT(*) FROM demo_user.client_b_load_status\nWHERE status = 'COMPLETE' AND processed = 0 (with parameters None)","logger":"airflow.task.operators.airflow.providers.common.sql.sensors.sql.SqlSensor","filename":"sql.py","lineno":100}
{"timestamp":"2026-07-08T14:20:41.588797Z","level":"info","event":"Running statement: SELECT COUNT(*) FROM demo_user.client_b_load_status\nWHERE status = 'COMPLETE' AND processed = 0, parameters: None","logger":"airflow.task.hooks.airflow.providers.oracle.hooks.oracle.OracleHook","filename":"sql.py","lineno":861}
{"timestamp":"2026-07-08T14:20:41.590291Z","level":"info","event":"Rows affected: 0","logger":"airflow.task.hooks.airflow.providers.oracle.hooks.oracle.OracleHook","filename":"sql.py","lineno":879}
{"timestamp":"2026-07-08T14:20:51.616269Z","level":"info","event":"Poking: SELECT COUNT(*) FROM demo_user.client_b_load_status\nWHERE status = 'COMPLETE' AND processed = 0 (with parameters None)","logger":"airflow.task.operators.airflow.providers.common.sql.sensors.sql.SqlSensor","filename":"sql.py","lineno":100}
{"timestamp":"2026-07-08T14:20:51.651406Z","level":"info","event":"Running statement: SELECT COUNT(*) FROM demo_user.client_b_load_status\nWHERE status = 'COMPLETE' AND processed = 0, parameters: None","logger":"airflow.task.hooks.airflow.providers.oracle.hooks.oracle.OracleHook","filename":"sql.py","lineno":861}
{"timestamp":"2026-07-08T14:20:51.652074Z","level":"info","event":"Rows affected: 0","logger":"airflow.task.hooks.airflow.providers.oracle.hooks.oracle.OracleHook","filename":"sql.py","lineno":879}
{"timestamp":"2026-07-08T14:21:01.685090Z","level":"info","event":"Poking: SELECT COUNT(*) FROM demo_user.client_b_load_status\nWHERE status = 'COMPLETE' AND processed = 0 (with parameters None)","logger":"airflow.task.operators.airflow.providers.common.sql.sensors.sql.SqlSensor","filename":"sql.py","lineno":100}
{"timestamp":"2026-07-08T14:21:01.727958Z","level":"info","event":"Running statement: SELECT COUNT(*) FROM demo_user.client_b_load_status\nWHERE status = 'COMPLETE' AND processed = 0, parameters: None","logger":"airflow.task.hooks.airflow.providers.oracle.hooks.oracle.OracleHook","filename":"sql.py","lineno":861}
{"timestamp":"2026-07-08T14:21:01.728660Z","level":"info","event":"Rows affected: 0","logger":"airflow.task.hooks.airflow.providers.oracle.hooks.oracle.OracleHook","filename":"sql.py","lineno":879}
{"timestamp":"2026-07-08T14:21:11.756315Z","level":"info","event":"Poking: SELECT COUNT(*) FROM demo_user.client_b_load_status\nWHERE status = 'COMPLETE' AND processed = 0 (with parameters None)","logger":"airflow.task.operators.airflow.providers.common.sql.sensors.sql.SqlSensor","filename":"sql.py","lineno":100}
{"timestamp":"2026-07-08T14:21:11.793011Z","level":"info","event":"Running statement: SELECT COUNT(*) FROM demo_user.client_b_load_status\nWHERE status = 'COMPLETE' AND processed = 0, parameters: None","logger":"airflow.task.hooks.airflow.providers.oracle.hooks.oracle.OracleHook","filename":"sql.py","lineno":861}
{"timestamp":"2026-07-08T14:21:11.793914Z","level":"info","event":"Rows affected: 0","logger":"airflow.task.hooks.airflow.providers.oracle.hooks.oracle.OracleHook","filename":"sql.py","lineno":879}
{"timestamp":"2026-07-08T14:21:21.813291Z","level":"info","event":"Poking: SELECT COUNT(*) FROM demo_user.client_b_load_status\nWHERE status = 'COMPLETE' AND processed = 0 (with parameters None)","logger":"airflow.task.operators.airflow.providers.common.sql.sensors.sql.SqlSensor","filename":"sql.py","lineno":100}
{"timestamp":"2026-07-08T14:21:21.847020Z","level":"info","event":"Running statement: SELECT COUNT(*) FROM demo_user.client_b_load_status\nWHERE status = 'COMPLETE' AND processed = 0, parameters: None","logger":"airflow.task.hooks.airflow.providers.oracle.hooks.oracle.OracleHook","filename":"sql.py","lineno":861}
{"timestamp":"2026-07-08T14:21:21.847695Z","level":"info","event":"Rows affected: 0","logger":"airflow.task.hooks.airflow.providers.oracle.hooks.oracle.OracleHook","filename":"sql.py","lineno":879}
{"timestamp":"2026-07-08T14:21:31.865981Z","level":"info","event":"Poking: SELECT COUNT(*) FROM demo_user.client_b_load_status\nWHERE status = 'COMPLETE' AND processed = 0 (with parameters None)","logger":"airflow.task.operators.airflow.providers.common.sql.sensors.sql.SqlSensor","filename":"sql.py","lineno":100}
{"timestamp":"2026-07-08T14:21:31.903814Z","level":"info","event":"Running statement: SELECT COUNT(*) FROM demo_user.client_b_load_status\nWHERE status = 'COMPLETE' AND processed = 0, parameters: None","logger":"airflow.task.hooks.airflow.providers.oracle.hooks.oracle.OracleHook","filename":"sql.py","lineno":861}
{"timestamp":"2026-07-08T14:21:31.904721Z","level":"info","event":"Rows affected: 0","logger":"airflow.task.hooks.airflow.providers.oracle.hooks.oracle.OracleHook","filename":"sql.py","lineno":879}
{"timestamp":"2026-07-08T14:21:41.931915Z","level":"info","event":"Poking: SELECT COUNT(*) FROM demo_user.client_b_load_status\nWHERE status = 'COMPLETE' AND processed = 0 (with parameters None)","logger":"airflow.task.operators.airflow.providers.common.sql.sensors.sql.SqlSensor","filename":"sql.py","lineno":100}
{"timestamp":"2026-07-08T14:21:41.969613Z","level":"info","event":"Running statement: SELECT COUNT(*) FROM demo_user.client_b_load_status\nWHERE status = 'COMPLETE' AND processed = 0, parameters: None","logger":"airflow.task.hooks.airflow.providers.oracle.hooks.oracle.OracleHook","filename":"sql.py","lineno":861}
{"timestamp":"2026-07-08T14:21:41.970248Z","level":"info","event":"Rows affected: 0","logger":"airflow.task.hooks.airflow.providers.oracle.hooks.oracle.OracleHook","filename":"sql.py","lineno":879}
{"timestamp":"2026-07-08T14:21:51.998876Z","level":"info","event":"Poking: SELECT COUNT(*) FROM demo_user.client_b_load_status\nWHERE status = 'COMPLETE' AND processed = 0 (with parameters None)","logger":"airflow.task.operators.airflow.providers.common.sql.sensors.sql.SqlSensor","filename":"sql.py","lineno":100}
{"timestamp":"2026-07-08T14:21:52.033478Z","level":"info","event":"Running statement: SELECT COUNT(*) FROM demo_user.client_b_load_status\nWHERE status = 'COMPLETE' AND processed = 0, parameters: None","logger":"airflow.task.hooks.airflow.providers.oracle.hooks.oracle.OracleHook","filename":"sql.py","lineno":861}
{"timestamp":"2026-07-08T14:21:52.034181Z","level":"info","event":"Rows affected: 0","logger":"airflow.task.hooks.airflow.providers.oracle.hooks.oracle.OracleHook","filename":"sql.py","lineno":879}
{"timestamp":"2026-07-08T14:22:02.059765Z","level":"info","event":"Poking: SELECT COUNT(*) FROM demo_user.client_b_load_status\nWHERE status = 'COMPLETE' AND processed = 0 (with parameters None)","logger":"airflow.task.operators.airflow.providers.common.sql.sensors.sql.SqlSensor","filename":"sql.py","lineno":100}
{"timestamp":"2026-07-08T14:22:02.097656Z","level":"info","event":"Running statement: SELECT COUNT(*) FROM demo_user.client_b_load_status\nWHERE status = 'COMPLETE' AND processed = 0, parameters: None","logger":"airflow.task.hooks.airflow.providers.oracle.hooks.oracle.OracleHook","filename":"sql.py","lineno":861}
{"timestamp":"2026-07-08T14:22:02.098542Z","level":"info","event":"Rows affected: 0","logger":"airflow.task.hooks.airflow.providers.oracle.hooks.oracle.OracleHook","filename":"sql.py","lineno":879}
{"timestamp":"2026-07-08T14:22:12.124143Z","level":"info","event":"Poking: SELECT COUNT(*) FROM demo_user.client_b_load_status\nWHERE status = 'COMPLETE' AND processed = 0 (with parameters None)","logger":"airflow.task.operators.airflow.providers.common.sql.sensors.sql.SqlSensor","filename":"sql.py","lineno":100}
{"timestamp":"2026-07-08T14:22:12.160385Z","level":"info","event":"Running statement: SELECT COUNT(*) FROM demo_user.client_b_load_status\nWHERE status = 'COMPLETE' AND processed = 0, parameters: None","logger":"airflow.task.hooks.airflow.providers.oracle.hooks.oracle.OracleHook","filename":"sql.py","lineno":861}
{"timestamp":"2026-07-08T14:22:12.161047Z","level":"info","event":"Rows affected: 0","logger":"airflow.task.hooks.airflow.providers.oracle.hooks.oracle.OracleHook","filename":"sql.py","lineno":879}
{"timestamp":"2026-07-08T14:22:22.185568Z","level":"info","event":"Poking: SELECT COUNT(*) FROM demo_user.client_b_load_status\nWHERE status = 'COMPLETE' AND processed = 0 (with parameters None)","logger":"airflow.task.operators.airflow.providers.common.sql.sensors.sql.SqlSensor","filename":"sql.py","lineno":100}
{"timestamp":"2026-07-08T14:22:22.220432Z","level":"info","event":"Running statement: SELECT COUNT(*) FROM demo_user.client_b_load_status\nWHERE status = 'COMPLETE' AND processed = 0, parameters: None","logger":"airflow.task.hooks.airflow.providers.oracle.hooks.oracle.OracleHook","filename":"sql.py","lineno":861}
{"timestamp":"2026-07-08T14:22:22.221117Z","level":"info","event":"Rows affected: 0","logger":"airflow.task.hooks.airflow.providers.oracle.hooks.oracle.OracleHook","filename":"sql.py","lineno":879}
{"timestamp":"2026-07-08T14:22:32.245945Z","level":"info","event":"Poking: SELECT COUNT(*) FROM demo_user.client_b_load_status\nWHERE status = 'COMPLETE' AND processed = 0 (with parameters None)","logger":"airflow.task.operators.airflow.providers.common.sql.sensors.sql.SqlSensor","filename":"sql.py","lineno":100}
{"timestamp":"2026-07-08T14:22:32.281563Z","level":"info","event":"Running statement: SELECT COUNT(*) FROM demo_user.client_b_load_status\nWHERE status = 'COMPLETE' AND processed = 0, parameters: None","logger":"airflow.task.hooks.airflow.providers.oracle.hooks.oracle.OracleHook","filename":"sql.py","lineno":861}
{"timestamp":"2026-07-08T14:22:32.282143Z","level":"info","event":"Rows affected: 0","logger":"airflow.task.hooks.airflow.providers.oracle.hooks.oracle.OracleHook","filename":"sql.py","lineno":879}
{"timestamp":"2026-07-08T14:22:42.308875Z","level":"info","event":"Poking: SELECT COUNT(*) FROM demo_user.client_b_load_status\nWHERE status = 'COMPLETE' AND processed = 0 (with parameters None)","logger":"airflow.task.operators.airflow.providers.common.sql.sensors.sql.SqlSensor","filename":"sql.py","lineno":100}
{"timestamp":"2026-07-08T14:22:42.346066Z","level":"info","event":"Running statement: SELECT COUNT(*) FROM demo_user.client_b_load_status\nWHERE status = 'COMPLETE' AND processed = 0, parameters: None","logger":"airflow.task.hooks.airflow.providers.oracle.hooks.oracle.OracleHook","filename":"sql.py","lineno":861}
{"timestamp":"2026-07-08T14:22:42.346943Z","level":"info","event":"Rows affected: 0","logger":"airflow.task.hooks.airflow.providers.oracle.hooks.oracle.OracleHook","filename":"sql.py","lineno":879}
{"timestamp":"2026-07-08T14:22:52.373631Z","level":"info","event":"Poking: SELECT COUNT(*) FROM demo_user.client_b_load_status\nWHERE status = 'COMPLETE' AND processed = 0 (with parameters None)","logger":"airflow.task.operators.airflow.providers.common.sql.sensors.sql.SqlSensor","filename":"sql.py","lineno":100}
{"timestamp":"2026-07-08T14:22:52.416317Z","level":"info","event":"Running statement: SELECT COUNT(*) FROM demo_user.client_b_load_status\nWHERE status = 'COMPLETE' AND processed = 0, parameters: None","logger":"airflow.task.hooks.airflow.providers.oracle.hooks.oracle.OracleHook","filename":"sql.py","lineno":861}
{"timestamp":"2026-07-08T14:22:52.417152Z","level":"info","event":"Rows affected: 0","logger":"airflow.task.hooks.airflow.providers.oracle.hooks.oracle.OracleHook","filename":"sql.py","lineno":879}
{"timestamp":"2026-07-08T14:23:02.438730Z","level":"info","event":"Poking: SELECT COUNT(*) FROM demo_user.client_b_load_status\nWHERE status = 'COMPLETE' AND processed = 0 (with parameters None)","logger":"airflow.task.operators.airflow.providers.common.sql.sensors.sql.SqlSensor","filename":"sql.py","lineno":100}
{"timestamp":"2026-07-08T14:23:02.477889Z","level":"info","event":"Running statement: SELECT COUNT(*) FROM demo_user.client_b_load_status\nWHERE status = 'COMPLETE' AND processed = 0, parameters: None","logger":"airflow.task.hooks.airflow.providers.oracle.hooks.oracle.OracleHook","filename":"sql.py","lineno":861}
{"timestamp":"2026-07-08T14:23:02.478682Z","level":"info","event":"Rows affected: 0","logger":"airflow.task.hooks.airflow.providers.oracle.hooks.oracle.OracleHook","filename":"sql.py","lineno":879}
{"timestamp":"2026-07-08T14:23:12.509474Z","level":"info","event":"Poking: SELECT COUNT(*) FROM demo_user.client_b_load_status\nWHERE status = 'COMPLETE' AND processed = 0 (with parameters None)","logger":"airflow.task.operators.airflow.providers.common.sql.sensors.sql.SqlSensor","filename":"sql.py","lineno":100}
{"timestamp":"2026-07-08T14:23:12.548150Z","level":"info","event":"Running statement: SELECT COUNT(*) FROM demo_user.client_b_load_status\nWHERE status = 'COMPLETE' AND processed = 0, parameters: None","logger":"airflow.task.hooks.airflow.providers.oracle.hooks.oracle.OracleHook","filename":"sql.py","lineno":861}
{"timestamp":"2026-07-08T14:23:12.548774Z","level":"info","event":"Rows affected: 0","logger":"airflow.task.hooks.airflow.providers.oracle.hooks.oracle.OracleHook","filename":"sql.py","lineno":879}
{"timestamp":"2026-07-08T14:23:22.576996Z","level":"info","event":"Poking: SELECT COUNT(*) FROM demo_user.client_b_load_status\nWHERE status = 'COMPLETE' AND processed = 0 (with parameters None)","logger":"airflow.task.operators.airflow.providers.common.sql.sensors.sql.SqlSensor","filename":"sql.py","lineno":100}
{"timestamp":"2026-07-08T14:23:22.612979Z","level":"info","event":"Running statement: SELECT COUNT(*) FROM demo_user.client_b_load_status\nWHERE status = 'COMPLETE' AND processed = 0, parameters: None","logger":"airflow.task.hooks.airflow.providers.oracle.hooks.oracle.OracleHook","filename":"sql.py","lineno":861}
{"timestamp":"2026-07-08T14:23:22.613844Z","level":"info","event":"Rows affected: 0","logger":"airflow.task.hooks.airflow.providers.oracle.hooks.oracle.OracleHook","filename":"sql.py","lineno":879}
{"timestamp":"2026-07-08T14:23:32.632321Z","level":"info","event":"Poking: SELECT COUNT(*) FROM demo_user.client_b_load_status\nWHERE status = 'COMPLETE' AND processed = 0 (with parameters None)","logger":"airflow.task.operators.airflow.providers.common.sql.sensors.sql.SqlSensor","filename":"sql.py","lineno":100}
{"timestamp":"2026-07-08T14:23:32.663467Z","level":"info","event":"Running statement: SELECT COUNT(*) FROM demo_user.client_b_load_status\nWHERE status = 'COMPLETE' AND processed = 0, parameters: None","logger":"airflow.task.hooks.airflow.providers.oracle.hooks.oracle.OracleHook","filename":"sql.py","lineno":861}
{"timestamp":"2026-07-08T14:23:32.664251Z","level":"info","event":"Rows affected: 0","logger":"airflow.task.hooks.airflow.providers.oracle.hooks.oracle.OracleHook","filename":"sql.py","lineno":879}
{"timestamp":"2026-07-08T14:23:42.682204Z","level":"info","event":"Poking: SELECT COUNT(*) FROM demo_user.client_b_load_status\nWHERE status = 'COMPLETE' AND processed = 0 (with parameters None)","logger":"airflow.task.operators.airflow.providers.common.sql.sensors.sql.SqlSensor","filename":"sql.py","lineno":100}
{"timestamp":"2026-07-08T14:23:42.717073Z","level":"info","event":"Running statement: SELECT COUNT(*) FROM demo_user.client_b_load_status\nWHERE status = 'COMPLETE' AND processed = 0, parameters: None","logger":"airflow.task.hooks.airflow.providers.oracle.hooks.oracle.OracleHook","filename":"sql.py","lineno":861}
{"timestamp":"2026-07-08T14:23:42.717757Z","level":"info","event":"Rows affected: 0","logger":"airflow.task.hooks.airflow.providers.oracle.hooks.oracle.OracleHook","filename":"sql.py","lineno":879}
{"timestamp":"2026-07-08T14:23:52.747350Z","level":"info","event":"Poking: SELECT COUNT(*) FROM demo_user.client_b_load_status\nWHERE status = 'COMPLETE' AND processed = 0 (with parameters None)","logger":"airflow.task.operators.airflow.providers.common.sql.sensors.sql.SqlSensor","filename":"sql.py","lineno":100}
{"timestamp":"2026-07-08T14:23:52.781896Z","level":"info","event":"Running statement: SELECT COUNT(*) FROM demo_user.client_b_load_status\nWHERE status = 'COMPLETE' AND processed = 0, parameters: None","logger":"airflow.task.hooks.airflow.providers.oracle.hooks.oracle.OracleHook","filename":"sql.py","lineno":861}
{"timestamp":"2026-07-08T14:23:52.782573Z","level":"info","event":"Rows affected: 0","logger":"airflow.task.hooks.airflow.providers.oracle.hooks.oracle.OracleHook","filename":"sql.py","lineno":879}
{"timestamp":"2026-07-08T14:24:02.804948Z","level":"info","event":"Poking: SELECT COUNT(*) FROM demo_user.client_b_load_status\nWHERE status = 'COMPLETE' AND processed = 0 (with parameters None)","logger":"airflow.task.operators.airflow.providers.common.sql.sensors.sql.SqlSensor","filename":"sql.py","lineno":100}
{"timestamp":"2026-07-08T14:24:02.838679Z","level":"info","event":"Running statement: SELECT COUNT(*) FROM demo_user.client_b_load_status\nWHERE status = 'COMPLETE' AND processed = 0, parameters: None","logger":"airflow.task.hooks.airflow.providers.oracle.hooks.oracle.OracleHook","filename":"sql.py","lineno":861}
{"timestamp":"2026-07-08T14:24:02.839526Z","level":"info","event":"Rows affected: 0","logger":"airflow.task.hooks.airflow.providers.oracle.hooks.oracle.OracleHook","filename":"sql.py","lineno":879}
{"timestamp":"2026-07-08T14:24:12.859733Z","level":"info","event":"Poking: SELECT COUNT(*) FROM demo_user.client_b_load_status\nWHERE status = 'COMPLETE' AND processed = 0 (with parameters None)","logger":"airflow.task.operators.airflow.providers.common.sql.sensors.sql.SqlSensor","filename":"sql.py","lineno":100}
{"timestamp":"2026-07-08T14:24:12.891543Z","level":"info","event":"Running statement: SELECT COUNT(*) FROM demo_user.client_b_load_status\nWHERE status = 'COMPLETE' AND processed = 0, parameters: None","logger":"airflow.task.hooks.airflow.providers.oracle.hooks.oracle.OracleHook","filename":"sql.py","lineno":861}
{"timestamp":"2026-07-08T14:24:12.892117Z","level":"info","event":"Rows affected: 0","logger":"airflow.task.hooks.airflow.providers.oracle.hooks.oracle.OracleHook","filename":"sql.py","lineno":879}
{"timestamp":"2026-07-08T14:24:22.924845Z","level":"info","event":"Poking: SELECT COUNT(*) FROM demo_user.client_b_load_status\nWHERE status = 'COMPLETE' AND processed = 0 (with parameters None)","logger":"airflow.task.operators.airflow.providers.common.sql.sensors.sql.SqlSensor","filename":"sql.py","lineno":100}
{"timestamp":"2026-07-08T14:24:22.959635Z","level":"info","event":"Running statement: SELECT COUNT(*) FROM demo_user.client_b_load_status\nWHERE status = 'COMPLETE' AND processed = 0, parameters: None","logger":"airflow.task.hooks.airflow.providers.oracle.hooks.oracle.OracleHook","filename":"sql.py","lineno":861}
{"timestamp":"2026-07-08T14:24:22.960304Z","level":"info","event":"Rows affected: 0","logger":"airflow.task.hooks.airflow.providers.oracle.hooks.oracle.OracleHook","filename":"sql.py","lineno":879}
{"timestamp":"2026-07-08T14:24:32.987940Z","level":"info","event":"Poking: SELECT COUNT(*) FROM demo_user.client_b_load_status\nWHERE status = 'COMPLETE' AND processed = 0 (with parameters None)","logger":"airflow.task.operators.airflow.providers.common.sql.sensors.sql.SqlSensor","filename":"sql.py","lineno":100}
{"timestamp":"2026-07-08T14:24:33.027185Z","level":"info","event":"Running statement: SELECT COUNT(*) FROM demo_user.client_b_load_status\nWHERE status = 'COMPLETE' AND processed = 0, parameters: None","logger":"airflow.task.hooks.airflow.providers.oracle.hooks.oracle.OracleHook","filename":"sql.py","lineno":861}
{"timestamp":"2026-07-08T14:24:33.027994Z","level":"info","event":"Rows affected: 0","logger":"airflow.task.hooks.airflow.providers.oracle.hooks.oracle.OracleHook","filename":"sql.py","lineno":879}
{"timestamp":"2026-07-08T14:24:43.050193Z","level":"info","event":"Poking: SELECT COUNT(*) FROM demo_user.client_b_load_status\nWHERE status = 'COMPLETE' AND processed = 0 (with parameters None)","logger":"airflow.task.operators.airflow.providers.common.sql.sensors.sql.SqlSensor","filename":"sql.py","lineno":100}
{"timestamp":"2026-07-08T14:24:43.089693Z","level":"info","event":"Running statement: SELECT COUNT(*) FROM demo_user.client_b_load_status\nWHERE status = 'COMPLETE' AND processed = 0, parameters: None","logger":"airflow.task.hooks.airflow.providers.oracle.hooks.oracle.OracleHook","filename":"sql.py","lineno":861}
{"timestamp":"2026-07-08T14:24:43.090553Z","level":"info","event":"Rows affected: 0","logger":"airflow.task.hooks.airflow.providers.oracle.hooks.oracle.OracleHook","filename":"sql.py","lineno":879}
{"timestamp":"2026-07-08T14:24:53.111085Z","level":"info","event":"Poking: SELECT COUNT(*) FROM demo_user.client_b_load_status\nWHERE status = 'COMPLETE' AND processed = 0 (with parameters None)","logger":"airflow.task.operators.airflow.providers.common.sql.sensors.sql.SqlSensor","filename":"sql.py","lineno":100}
{"timestamp":"2026-07-08T14:24:53.144022Z","level":"info","event":"Running statement: SELECT COUNT(*) FROM demo_user.client_b_load_status\nWHERE status = 'COMPLETE' AND processed = 0, parameters: None","logger":"airflow.task.hooks.airflow.providers.oracle.hooks.oracle.OracleHook","filename":"sql.py","lineno":861}
{"timestamp":"2026-07-08T14:24:53.144760Z","level":"info","event":"Rows affected: 0","logger":"airflow.task.hooks.airflow.providers.oracle.hooks.oracle.OracleHook","filename":"sql.py","lineno":879}
{"timestamp":"2026-07-08T14:25:03.165846Z","level":"info","event":"Poking: SELECT COUNT(*) FROM demo_user.client_b_load_status\nWHERE status = 'COMPLETE' AND processed = 0 (with parameters None)","logger":"airflow.task.operators.airflow.providers.common.sql.sensors.sql.SqlSensor","filename":"sql.py","lineno":100}
{"timestamp":"2026-07-08T14:25:03.212635Z","level":"info","event":"Running statement: SELECT COUNT(*) FROM demo_user.client_b_load_status\nWHERE status = 'COMPLETE' AND processed = 0, parameters: None","logger":"airflow.task.hooks.airflow.providers.oracle.hooks.oracle.OracleHook","filename":"sql.py","lineno":861}
{"timestamp":"2026-07-08T14:25:03.213655Z","level":"info","event":"Rows affected: 0","logger":"airflow.task.hooks.airflow.providers.oracle.hooks.oracle.OracleHook","filename":"sql.py","lineno":879}
{"timestamp":"2026-07-08T14:25:13.227426Z","level":"info","event":"Poking: SELECT COUNT(*) FROM demo_user.client_b_load_status\nWHERE status = 'COMPLETE' AND processed = 0 (with parameters None)","logger":"airflow.task.operators.airflow.providers.common.sql.sensors.sql.SqlSensor","filename":"sql.py","lineno":100}
{"timestamp":"2026-07-08T14:25:13.258005Z","level":"info","event":"Running statement: SELECT COUNT(*) FROM demo_user.client_b_load_status\nWHERE status = 'COMPLETE' AND processed = 0, parameters: None","logger":"airflow.task.hooks.airflow.providers.oracle.hooks.oracle.OracleHook","filename":"sql.py","lineno":861}
{"timestamp":"2026-07-08T14:25:13.258859Z","level":"info","event":"Rows affected: 0","logger":"airflow.task.hooks.airflow.providers.oracle.hooks.oracle.OracleHook","filename":"sql.py","lineno":879}
{"timestamp":"2026-07-08T14:25:23.286494Z","level":"info","event":"Poking: SELECT COUNT(*) FROM demo_user.client_b_load_status\nWHERE status = 'COMPLETE' AND processed = 0 (with parameters None)","logger":"airflow.task.operators.airflow.providers.common.sql.sensors.sql.SqlSensor","filename":"sql.py","lineno":100}
{"timestamp":"2026-07-08T14:25:23.319437Z","level":"info","event":"Running statement: SELECT COUNT(*) FROM demo_user.client_b_load_status\nWHERE status = 'COMPLETE' AND processed = 0, parameters: None","logger":"airflow.task.hooks.airflow.providers.oracle.hooks.oracle.OracleHook","filename":"sql.py","lineno":861}
{"timestamp":"2026-07-08T14:25:23.320260Z","level":"info","event":"Rows affected: 0","logger":"airflow.task.hooks.airflow.providers.oracle.hooks.oracle.OracleHook","filename":"sql.py","lineno":879}
{"timestamp":"2026-07-08T14:25:33.348554Z","level":"info","event":"Poking: SELECT COUNT(*) FROM demo_user.client_b_load_status\nWHERE status = 'COMPLETE' AND processed = 0 (with parameters None)","logger":"airflow.task.operators.airflow.providers.common.sql.sensors.sql.SqlSensor","filename":"sql.py","lineno":100}
{"timestamp":"2026-07-08T14:25:33.392943Z","level":"info","event":"Running statement: SELECT COUNT(*) FROM demo_user.client_b_load_status\nWHERE status = 'COMPLETE' AND processed = 0, parameters: None","logger":"airflow.task.hooks.airflow.providers.oracle.hooks.oracle.OracleHook","filename":"sql.py","lineno":861}
{"timestamp":"2026-07-08T14:25:33.394020Z","level":"info","event":"Rows affected: 0","logger":"airflow.task.hooks.airflow.providers.oracle.hooks.oracle.OracleHook","filename":"sql.py","lineno":879}
{"timestamp":"2026-07-08T14:25:43.423520Z","level":"info","event":"Poking: SELECT COUNT(*) FROM demo_user.client_b_load_status\nWHERE status = 'COMPLETE' AND processed = 0 (with parameters None)","logger":"airflow.task.operators.airflow.providers.common.sql.sensors.sql.SqlSensor","filename":"sql.py","lineno":100}
{"timestamp":"2026-07-08T14:25:43.464872Z","level":"info","event":"Running statement: SELECT COUNT(*) FROM demo_user.client_b_load_status\nWHERE status = 'COMPLETE' AND processed = 0, parameters: None","logger":"airflow.task.hooks.airflow.providers.oracle.hooks.oracle.OracleHook","filename":"sql.py","lineno":861}
{"timestamp":"2026-07-08T14:25:43.465649Z","level":"info","event":"Rows affected: 0","logger":"airflow.task.hooks.airflow.providers.oracle.hooks.oracle.OracleHook","filename":"sql.py","lineno":879}
{"timestamp":"2026-07-08T14:25:53.492365Z","level":"info","event":"Poking: SELECT COUNT(*) FROM demo_user.client_b_load_status\nWHERE status = 'COMPLETE' AND processed = 0 (with parameters None)","logger":"airflow.task.operators.airflow.providers.common.sql.sensors.sql.SqlSensor","filename":"sql.py","lineno":100}
{"timestamp":"2026-07-08T14:25:53.525307Z","level":"info","event":"Running statement: SELECT COUNT(*) FROM demo_user.client_b_load_status\nWHERE status = 'COMPLETE' AND processed = 0, parameters: None","logger":"airflow.task.hooks.airflow.providers.oracle.hooks.oracle.OracleHook","filename":"sql.py","lineno":861}
{"timestamp":"2026-07-08T14:25:53.526163Z","level":"info","event":"Rows affected: 0","logger":"airflow.task.hooks.airflow.providers.oracle.hooks.oracle.OracleHook","filename":"sql.py","lineno":879}
{"timestamp":"2026-07-08T14:26:03.552373Z","level":"info","event":"Poking: SELECT COUNT(*) FROM demo_user.client_b_load_status\nWHERE status = 'COMPLETE' AND processed = 0 (with parameters None)","logger":"airflow.task.operators.airflow.providers.common.sql.sensors.sql.SqlSensor","filename":"sql.py","lineno":100}
{"timestamp":"2026-07-08T14:26:03.588233Z","level":"info","event":"Running statement: SELECT COUNT(*) FROM demo_user.client_b_load_status\nWHERE status = 'COMPLETE' AND processed = 0, parameters: None","logger":"airflow.task.hooks.airflow.providers.oracle.hooks.oracle.OracleHook","filename":"sql.py","lineno":861}
{"timestamp":"2026-07-08T14:26:03.588960Z","level":"info","event":"Rows affected: 0","logger":"airflow.task.hooks.airflow.providers.oracle.hooks.oracle.OracleHook","filename":"sql.py","lineno":879}
{"timestamp":"2026-07-08T14:26:13.627493Z","level":"info","event":"Poking: SELECT COUNT(*) FROM demo_user.client_b_load_status\nWHERE status = 'COMPLETE' AND processed = 0 (with parameters None)","logger":"airflow.task.operators.airflow.providers.common.sql.sensors.sql.SqlSensor","filename":"sql.py","lineno":100}
{"timestamp":"2026-07-08T14:26:13.665263Z","level":"info","event":"Running statement: SELECT COUNT(*) FROM demo_user.client_b_load_status\nWHERE status = 'COMPLETE' AND processed = 0, parameters: None","logger":"airflow.task.hooks.airflow.providers.oracle.hooks.oracle.OracleHook","filename":"sql.py","lineno":861}
{"timestamp":"2026-07-08T14:26:13.666420Z","level":"info","event":"Rows affected: 0","logger":"airflow.task.hooks.airflow.providers.oracle.hooks.oracle.OracleHook","filename":"sql.py","lineno":879}
{"timestamp":"2026-07-08T14:26:23.693245Z","level":"info","event":"Poking: SELECT COUNT(*) FROM demo_user.client_b_load_status\nWHERE status = 'COMPLETE' AND processed = 0 (with parameters None)","logger":"airflow.task.operators.airflow.providers.common.sql.sensors.sql.SqlSensor","filename":"sql.py","lineno":100}
{"timestamp":"2026-07-08T14:26:23.725571Z","level":"info","event":"Running statement: SELECT COUNT(*) FROM demo_user.client_b_load_status\nWHERE status = 'COMPLETE' AND processed = 0, parameters: None","logger":"airflow.task.hooks.airflow.providers.oracle.hooks.oracle.OracleHook","filename":"sql.py","lineno":861}
{"timestamp":"2026-07-08T14:26:23.726492Z","level":"info","event":"Rows affected: 0","logger":"airflow.task.hooks.airflow.providers.oracle.hooks.oracle.OracleHook","filename":"sql.py","lineno":879}
{"timestamp":"2026-07-08T14:26:33.746514Z","level":"info","event":"Poking: SELECT COUNT(*) FROM demo_user.client_b_load_status\nWHERE status = 'COMPLETE' AND processed = 0 (with parameters None)","logger":"airflow.task.operators.airflow.providers.common.sql.sensors.sql.SqlSensor","filename":"sql.py","lineno":100}
{"timestamp":"2026-07-08T14:26:33.785608Z","level":"info","event":"Running statement: SELECT COUNT(*) FROM demo_user.client_b_load_status\nWHERE status = 'COMPLETE' AND processed = 0, parameters: None","logger":"airflow.task.hooks.airflow.providers.oracle.hooks.oracle.OracleHook","filename":"sql.py","lineno":861}
{"timestamp":"2026-07-08T14:26:33.786454Z","level":"info","event":"Rows affected: 0","logger":"airflow.task.hooks.airflow.providers.oracle.hooks.oracle.OracleHook","filename":"sql.py","lineno":879}
{"timestamp":"2026-07-08T14:26:43.814674Z","level":"info","event":"Poking: SELECT COUNT(*) FROM demo_user.client_b_load_status\nWHERE status = 'COMPLETE' AND processed = 0 (with parameters None)","logger":"airflow.task.operators.airflow.providers.common.sql.sensors.sql.SqlSensor","filename":"sql.py","lineno":100}
{"timestamp":"2026-07-08T14:26:43.852629Z","level":"info","event":"Running statement: SELECT COUNT(*) FROM demo_user.client_b_load_status\nWHERE status = 'COMPLETE' AND processed = 0, parameters: None","logger":"airflow.task.hooks.airflow.providers.oracle.hooks.oracle.OracleHook","filename":"sql.py","lineno":861}
{"timestamp":"2026-07-08T14:26:43.853391Z","level":"info","event":"Rows affected: 0","logger":"airflow.task.hooks.airflow.providers.oracle.hooks.oracle.OracleHook","filename":"sql.py","lineno":879}
{"timestamp":"2026-07-08T14:26:53.881904Z","level":"info","event":"Poking: SELECT COUNT(*) FROM demo_user.client_b_load_status\nWHERE status = 'COMPLETE' AND processed = 0 (with parameters None)","logger":"airflow.task.operators.airflow.providers.common.sql.sensors.sql.SqlSensor","filename":"sql.py","lineno":100}
{"timestamp":"2026-07-08T14:26:53.918223Z","level":"info","event":"Running statement: SELECT COUNT(*) FROM demo_user.client_b_load_status\nWHERE status = 'COMPLETE' AND processed = 0, parameters: None","logger":"airflow.task.hooks.airflow.providers.oracle.hooks.oracle.OracleHook","filename":"sql.py","lineno":861}
{"timestamp":"2026-07-08T14:26:53.919056Z","level":"info","event":"Rows affected: 0","logger":"airflow.task.hooks.airflow.providers.oracle.hooks.oracle.OracleHook","filename":"sql.py","lineno":879}
{"timestamp":"2026-07-08T14:27:03.947189Z","level":"info","event":"Poking: SELECT COUNT(*) FROM demo_user.client_b_load_status\nWHERE status = 'COMPLETE' AND processed = 0 (with parameters None)","logger":"airflow.task.operators.airflow.providers.common.sql.sensors.sql.SqlSensor","filename":"sql.py","lineno":100}
{"timestamp":"2026-07-08T14:27:03.983641Z","level":"info","event":"Running statement: SELECT COUNT(*) FROM demo_user.client_b_load_status\nWHERE status = 'COMPLETE' AND processed = 0, parameters: None","logger":"airflow.task.hooks.airflow.providers.oracle.hooks.oracle.OracleHook","filename":"sql.py","lineno":861}
{"timestamp":"2026-07-08T14:27:03.984677Z","level":"info","event":"Rows affected: 0","logger":"airflow.task.hooks.airflow.providers.oracle.hooks.oracle.OracleHook","filename":"sql.py","lineno":879}
{"timestamp":"2026-07-08T14:27:14.025786Z","level":"info","event":"Poking: SELECT COUNT(*) FROM demo_user.client_b_load_status\nWHERE status = 'COMPLETE' AND processed = 0 (with parameters None)","logger":"airflow.task.operators.airflow.providers.common.sql.sensors.sql.SqlSensor","filename":"sql.py","lineno":100}
{"timestamp":"2026-07-08T14:27:14.068179Z","level":"info","event":"Running statement: SELECT COUNT(*) FROM demo_user.client_b_load_status\nWHERE status = 'COMPLETE' AND processed = 0, parameters: None","logger":"airflow.task.hooks.airflow.providers.oracle.hooks.oracle.OracleHook","filename":"sql.py","lineno":861}
{"timestamp":"2026-07-08T14:27:14.068879Z","level":"info","event":"Rows affected: 0","logger":"airflow.task.hooks.airflow.providers.oracle.hooks.oracle.OracleHook","filename":"sql.py","lineno":879}
{"timestamp":"2026-07-08T14:27:24.095025Z","level":"info","event":"Poking: SELECT COUNT(*) FROM demo_user.client_b_load_status\nWHERE status = 'COMPLETE' AND processed = 0 (with parameters None)","logger":"airflow.task.operators.airflow.providers.common.sql.sensors.sql.SqlSensor","filename":"sql.py","lineno":100}
{"timestamp":"2026-07-08T14:27:24.129087Z","level":"info","event":"Running statement: SELECT COUNT(*) FROM demo_user.client_b_load_status\nWHERE status = 'COMPLETE' AND processed = 0, parameters: None","logger":"airflow.task.hooks.airflow.providers.oracle.hooks.oracle.OracleHook","filename":"sql.py","lineno":861}
{"timestamp":"2026-07-08T14:27:24.129785Z","level":"info","event":"Rows affected: 0","logger":"airflow.task.hooks.airflow.providers.oracle.hooks.oracle.OracleHook","filename":"sql.py","lineno":879}
{"timestamp":"2026-07-08T14:27:34.157824Z","level":"info","event":"Poking: SELECT COUNT(*) FROM demo_user.client_b_load_status\nWHERE status = 'COMPLETE' AND processed = 0 (with parameters None)","logger":"airflow.task.operators.airflow.providers.common.sql.sensors.sql.SqlSensor","filename":"sql.py","lineno":100}
{"timestamp":"2026-07-08T14:27:34.208807Z","level":"info","event":"Running statement: SELECT COUNT(*) FROM demo_user.client_b_load_status\nWHERE status = 'COMPLETE' AND processed = 0, parameters: None","logger":"airflow.task.hooks.airflow.providers.oracle.hooks.oracle.OracleHook","filename":"sql.py","lineno":861}
{"timestamp":"2026-07-08T14:27:34.209611Z","level":"info","event":"Rows affected: 0","logger":"airflow.task.hooks.airflow.providers.oracle.hooks.oracle.OracleHook","filename":"sql.py","lineno":879}
{"timestamp":"2026-07-08T14:27:44.226184Z","level":"info","event":"Poking: SELECT COUNT(*) FROM demo_user.client_b_load_status\nWHERE status = 'COMPLETE' AND processed = 0 (with parameters None)","logger":"airflow.task.operators.airflow.providers.common.sql.sensors.sql.SqlSensor","filename":"sql.py","lineno":100}
{"timestamp":"2026-07-08T14:27:44.259573Z","level":"info","event":"Running statement: SELECT COUNT(*) FROM demo_user.client_b_load_status\nWHERE status = 'COMPLETE' AND processed = 0, parameters: None","logger":"airflow.task.hooks.airflow.providers.oracle.hooks.oracle.OracleHook","filename":"sql.py","lineno":861}
{"timestamp":"2026-07-08T14:27:44.260247Z","level":"info","event":"Rows affected: 0","logger":"airflow.task.hooks.airflow.providers.oracle.hooks.oracle.OracleHook","filename":"sql.py","lineno":879}
{"timestamp":"2026-07-08T14:27:54.292004Z","level":"info","event":"Poking: SELECT COUNT(*) FROM demo_user.client_b_load_status\nWHERE status = 'COMPLETE' AND processed = 0 (with parameters None)","logger":"airflow.task.operators.airflow.providers.common.sql.sensors.sql.SqlSensor","filename":"sql.py","lineno":100}
{"timestamp":"2026-07-08T14:27:54.327204Z","level":"info","event":"Running statement: SELECT COUNT(*) FROM demo_user.client_b_load_status\nWHERE status = 'COMPLETE' AND processed = 0, parameters: None","logger":"airflow.task.hooks.airflow.providers.oracle.hooks.oracle.OracleHook","filename":"sql.py","lineno":861}
{"timestamp":"2026-07-08T14:27:54.327819Z","level":"info","event":"Rows affected: 0","logger":"airflow.task.hooks.airflow.providers.oracle.hooks.oracle.OracleHook","filename":"sql.py","lineno":879}
{"timestamp":"2026-07-08T14:28:04.343771Z","level":"info","event":"Poking: SELECT COUNT(*) FROM demo_user.client_b_load_status\nWHERE status = 'COMPLETE' AND processed = 0 (with parameters None)","logger":"airflow.task.operators.airflow.providers.common.sql.sensors.sql.SqlSensor","filename":"sql.py","lineno":100}
{"timestamp":"2026-07-08T14:28:04.379203Z","level":"info","event":"Running statement: SELECT COUNT(*) FROM demo_user.client_b_load_status\nWHERE status = 'COMPLETE' AND processed = 0, parameters: None","logger":"airflow.task.hooks.airflow.providers.oracle.hooks.oracle.OracleHook","filename":"sql.py","lineno":861}
{"timestamp":"2026-07-08T14:28:04.379941Z","level":"info","event":"Rows affected: 0","logger":"airflow.task.hooks.airflow.providers.oracle.hooks.oracle.OracleHook","filename":"sql.py","lineno":879}
{"timestamp":"2026-07-08T14:28:14.405526Z","level":"info","event":"Poking: SELECT COUNT(*) FROM demo_user.client_b_load_status\nWHERE status = 'COMPLETE' AND processed = 0 (with parameters None)","logger":"airflow.task.operators.airflow.providers.common.sql.sensors.sql.SqlSensor","filename":"sql.py","lineno":100}
{"timestamp":"2026-07-08T14:28:14.437470Z","level":"info","event":"Running statement: SELECT COUNT(*) FROM demo_user.client_b_load_status\nWHERE status = 'COMPLETE' AND processed = 0, parameters: None","logger":"airflow.task.hooks.airflow.providers.oracle.hooks.oracle.OracleHook","filename":"sql.py","lineno":861}
{"timestamp":"2026-07-08T14:28:14.438163Z","level":"info","event":"Rows affected: 0","logger":"airflow.task.hooks.airflow.providers.oracle.hooks.oracle.OracleHook","filename":"sql.py","lineno":879}
{"timestamp":"2026-07-08T14:28:24.467585Z","level":"info","event":"Poking: SELECT COUNT(*) FROM demo_user.client_b_load_status\nWHERE status = 'COMPLETE' AND processed = 0 (with parameters None)","logger":"airflow.task.operators.airflow.providers.common.sql.sensors.sql.SqlSensor","filename":"sql.py","lineno":100}
{"timestamp":"2026-07-08T14:28:24.505386Z","level":"info","event":"Running statement: SELECT COUNT(*) FROM demo_user.client_b_load_status\nWHERE status = 'COMPLETE' AND processed = 0, parameters: None","logger":"airflow.task.hooks.airflow.providers.oracle.hooks.oracle.OracleHook","filename":"sql.py","lineno":861}
{"timestamp":"2026-07-08T14:28:24.506096Z","level":"info","event":"Rows affected: 0","logger":"airflow.task.hooks.airflow.providers.oracle.hooks.oracle.OracleHook","filename":"sql.py","lineno":879}
{"timestamp":"2026-07-08T14:28:34.527001Z","level":"info","event":"Poking: SELECT COUNT(*) FROM demo_user.client_b_load_status\nWHERE status = 'COMPLETE' AND processed = 0 (with parameters None)","logger":"airflow.task.operators.airflow.providers.common.sql.sensors.sql.SqlSensor","filename":"sql.py","lineno":100}
{"timestamp":"2026-07-08T14:28:34.566413Z","level":"info","event":"Running statement: SELECT COUNT(*) FROM demo_user.client_b_load_status\nWHERE status = 'COMPLETE' AND processed = 0, parameters: None","logger":"airflow.task.hooks.airflow.providers.oracle.hooks.oracle.OracleHook","filename":"sql.py","lineno":861}
{"timestamp":"2026-07-08T14:28:34.567054Z","level":"info","event":"Rows affected: 0","logger":"airflow.task.hooks.airflow.providers.oracle.hooks.oracle.OracleHook","filename":"sql.py","lineno":879}
{"timestamp":"2026-07-08T14:28:44.590720Z","level":"info","event":"Poking: SELECT COUNT(*) FROM demo_user.client_b_load_status\nWHERE status = 'COMPLETE' AND processed = 0 (with parameters None)","logger":"airflow.task.operators.airflow.providers.common.sql.sensors.sql.SqlSensor","filename":"sql.py","lineno":100}
{"timestamp":"2026-07-08T14:28:44.625181Z","level":"info","event":"Running statement: SELECT COUNT(*) FROM demo_user.client_b_load_status\nWHERE status = 'COMPLETE' AND processed = 0, parameters: None","logger":"airflow.task.hooks.airflow.providers.oracle.hooks.oracle.OracleHook","filename":"sql.py","lineno":861}
{"timestamp":"2026-07-08T14:28:44.625895Z","level":"info","event":"Rows affected: 0","logger":"airflow.task.hooks.airflow.providers.oracle.hooks.oracle.OracleHook","filename":"sql.py","lineno":879}
{"timestamp":"2026-07-08T14:28:54.658018Z","level":"info","event":"Poking: SELECT COUNT(*) FROM demo_user.client_b_load_status\nWHERE status = 'COMPLETE' AND processed = 0 (with parameters None)","logger":"airflow.task.operators.airflow.providers.common.sql.sensors.sql.SqlSensor","filename":"sql.py","lineno":100}
{"timestamp":"2026-07-08T14:28:54.696921Z","level":"info","event":"Running statement: SELECT COUNT(*) FROM demo_user.client_b_load_status\nWHERE status = 'COMPLETE' AND processed = 0, parameters: None","logger":"airflow.task.hooks.airflow.providers.oracle.hooks.oracle.OracleHook","filename":"sql.py","lineno":861}
{"timestamp":"2026-07-08T14:28:54.697754Z","level":"info","event":"Rows affected: 0","logger":"airflow.task.hooks.airflow.providers.oracle.hooks.oracle.OracleHook","filename":"sql.py","lineno":879}
{"timestamp":"2026-07-08T14:29:04.724463Z","level":"info","event":"Poking: SELECT COUNT(*) FROM demo_user.client_b_load_status\nWHERE status = 'COMPLETE' AND processed = 0 (with parameters None)","logger":"airflow.task.operators.airflow.providers.common.sql.sensors.sql.SqlSensor","filename":"sql.py","lineno":100}
{"timestamp":"2026-07-08T14:29:04.759190Z","level":"info","event":"Running statement: SELECT COUNT(*) FROM demo_user.client_b_load_status\nWHERE status = 'COMPLETE' AND processed = 0, parameters: None","logger":"airflow.task.hooks.airflow.providers.oracle.hooks.oracle.OracleHook","filename":"sql.py","lineno":861}
{"timestamp":"2026-07-08T14:29:04.760579Z","level":"info","event":"Rows affected: 0","logger":"airflow.task.hooks.airflow.providers.oracle.hooks.oracle.OracleHook","filename":"sql.py","lineno":879}
{"timestamp":"2026-07-08T14:29:14.794813Z","level":"info","event":"Poking: SELECT COUNT(*) FROM demo_user.client_b_load_status\nWHERE status = 'COMPLETE' AND processed = 0 (with parameters None)","logger":"airflow.task.operators.airflow.providers.common.sql.sensors.sql.SqlSensor","filename":"sql.py","lineno":100}
{"timestamp":"2026-07-08T14:29:14.832694Z","level":"info","event":"Running statement: SELECT COUNT(*) FROM demo_user.client_b_load_status\nWHERE status = 'COMPLETE' AND processed = 0, parameters: None","logger":"airflow.task.hooks.airflow.providers.oracle.hooks.oracle.OracleHook","filename":"sql.py","lineno":861}
{"timestamp":"2026-07-08T14:29:14.833394Z","level":"info","event":"Rows affected: 0","logger":"airflow.task.hooks.airflow.providers.oracle.hooks.oracle.OracleHook","filename":"sql.py","lineno":879}
{"timestamp":"2026-07-08T14:29:24.859154Z","level":"info","event":"Poking: SELECT COUNT(*) FROM demo_user.client_b_load_status\nWHERE status = 'COMPLETE' AND processed = 0 (with parameters None)","logger":"airflow.task.operators.airflow.providers.common.sql.sensors.sql.SqlSensor","filename":"sql.py","lineno":100}
{"timestamp":"2026-07-08T14:29:24.895656Z","level":"info","event":"Running statement: SELECT COUNT(*) FROM demo_user.client_b_load_status\nWHERE status = 'COMPLETE' AND processed = 0, parameters: None","logger":"airflow.task.hooks.airflow.providers.oracle.hooks.oracle.OracleHook","filename":"sql.py","lineno":861}
{"timestamp":"2026-07-08T14:29:24.896548Z","level":"info","event":"Rows affected: 0","logger":"airflow.task.hooks.airflow.providers.oracle.hooks.oracle.OracleHook","filename":"sql.py","lineno":879}
{"timestamp":"2026-07-08T14:29:34.918356Z","level":"info","event":"Poking: SELECT COUNT(*) FROM demo_user.client_b_load_status\nWHERE status = 'COMPLETE' AND processed = 0 (with parameters None)","logger":"airflow.task.operators.airflow.providers.common.sql.sensors.sql.SqlSensor","filename":"sql.py","lineno":100}
{"timestamp":"2026-07-08T14:29:34.950241Z","level":"info","event":"Running statement: SELECT COUNT(*) FROM demo_user.client_b_load_status\nWHERE status = 'COMPLETE' AND processed = 0, parameters: None","logger":"airflow.task.hooks.airflow.providers.oracle.hooks.oracle.OracleHook","filename":"sql.py","lineno":861}
{"timestamp":"2026-07-08T14:29:34.951043Z","level":"info","event":"Rows affected: 0","logger":"airflow.task.hooks.airflow.providers.oracle.hooks.oracle.OracleHook","filename":"sql.py","lineno":879}
{"timestamp":"2026-07-08T14:29:44.982053Z","level":"info","event":"Poking: SELECT COUNT(*) FROM demo_user.client_b_load_status\nWHERE status = 'COMPLETE' AND processed = 0 (with parameters None)","logger":"airflow.task.operators.airflow.providers.common.sql.sensors.sql.SqlSensor","filename":"sql.py","lineno":100}
{"timestamp":"2026-07-08T14:29:45.020374Z","level":"info","event":"Running statement: SELECT COUNT(*) FROM demo_user.client_b_load_status\nWHERE status = 'COMPLETE' AND processed = 0, parameters: None","logger":"airflow.task.hooks.airflow.providers.oracle.hooks.oracle.OracleHook","filename":"sql.py","lineno":861}
{"timestamp":"2026-07-08T14:29:45.021338Z","level":"info","event":"Rows affected: 0","logger":"airflow.task.hooks.airflow.providers.oracle.hooks.oracle.OracleHook","filename":"sql.py","lineno":879}
{"timestamp":"2026-07-08T14:29:55.052857Z","level":"info","event":"Poking: SELECT COUNT(*) FROM demo_user.client_b_load_status\nWHERE status = 'COMPLETE' AND processed = 0 (with parameters None)","logger":"airflow.task.operators.airflow.providers.common.sql.sensors.sql.SqlSensor","filename":"sql.py","lineno":100}
{"timestamp":"2026-07-08T14:29:55.092662Z","level":"info","event":"Running statement: SELECT COUNT(*) FROM demo_user.client_b_load_status\nWHERE status = 'COMPLETE' AND processed = 0, parameters: None","logger":"airflow.task.hooks.airflow.providers.oracle.hooks.oracle.OracleHook","filename":"sql.py","lineno":861}
{"timestamp":"2026-07-08T14:29:55.093354Z","level":"info","event":"Rows affected: 0","logger":"airflow.task.hooks.airflow.providers.oracle.hooks.oracle.OracleHook","filename":"sql.py","lineno":879}
{"timestamp":"2026-07-08T14:30:05.117600Z","level":"info","event":"Poking: SELECT COUNT(*) FROM demo_user.client_b_load_status\nWHERE status = 'COMPLETE' AND processed = 0 (with parameters None)","logger":"airflow.task.operators.airflow.providers.common.sql.sensors.sql.SqlSensor","filename":"sql.py","lineno":100}
{"timestamp":"2026-07-08T14:30:05.155403Z","level":"info","event":"Running statement: SELECT COUNT(*) FROM demo_user.client_b_load_status\nWHERE status = 'COMPLETE' AND processed = 0, parameters: None","logger":"airflow.task.hooks.airflow.providers.oracle.hooks.oracle.OracleHook","filename":"sql.py","lineno":861}
{"timestamp":"2026-07-08T14:30:05.156064Z","level":"info","event":"Rows affected: 0","logger":"airflow.task.hooks.airflow.providers.oracle.hooks.oracle.OracleHook","filename":"sql.py","lineno":879}
{"timestamp":"2026-07-08T14:30:15.187503Z","level":"info","event":"Poking: SELECT COUNT(*) FROM demo_user.client_b_load_status\nWHERE status = 'COMPLETE' AND processed = 0 (with parameters None)","logger":"airflow.task.operators.airflow.providers.common.sql.sensors.sql.SqlSensor","filename":"sql.py","lineno":100}
{"timestamp":"2026-07-08T14:30:15.226746Z","level":"info","event":"Running statement: SELECT COUNT(*) FROM demo_user.client_b_load_status\nWHERE status = 'COMPLETE' AND processed = 0, parameters: None","logger":"airflow.task.hooks.airflow.providers.oracle.hooks.oracle.OracleHook","filename":"sql.py","lineno":861}
{"timestamp":"2026-07-08T14:30:15.227943Z","level":"info","event":"Rows affected: 0","logger":"airflow.task.hooks.airflow.providers.oracle.hooks.oracle.OracleHook","filename":"sql.py","lineno":879}
{"timestamp":"2026-07-08T14:30:25.248523Z","level":"info","event":"Poking: SELECT COUNT(*) FROM demo_user.client_b_load_status\nWHERE status = 'COMPLETE' AND processed = 0 (with parameters None)","logger":"airflow.task.operators.airflow.providers.common.sql.sensors.sql.SqlSensor","filename":"sql.py","lineno":100}
{"timestamp":"2026-07-08T14:30:25.282032Z","level":"info","event":"Running statement: SELECT COUNT(*) FROM demo_user.client_b_load_status\nWHERE status = 'COMPLETE' AND processed = 0, parameters: None","logger":"airflow.task.hooks.airflow.providers.oracle.hooks.oracle.OracleHook","filename":"sql.py","lineno":861}
{"timestamp":"2026-07-08T14:30:25.282648Z","level":"info","event":"Rows affected: 0","logger":"airflow.task.hooks.airflow.providers.oracle.hooks.oracle.OracleHook","filename":"sql.py","lineno":879}
{"timestamp":"2026-07-08T14:30:35.308971Z","level":"info","event":"Poking: SELECT COUNT(*) FROM demo_user.client_b_load_status\nWHERE status = 'COMPLETE' AND processed = 0 (with parameters None)","logger":"airflow.task.operators.airflow.providers.common.sql.sensors.sql.SqlSensor","filename":"sql.py","lineno":100}
{"timestamp":"2026-07-08T14:30:35.345708Z","level":"info","event":"Running statement: SELECT COUNT(*) FROM demo_user.client_b_load_status\nWHERE status = 'COMPLETE' AND processed = 0, parameters: None","logger":"airflow.task.hooks.airflow.providers.oracle.hooks.oracle.OracleHook","filename":"sql.py","lineno":861}
{"timestamp":"2026-07-08T14:30:35.346493Z","level":"info","event":"Rows affected: 0","logger":"airflow.task.hooks.airflow.providers.oracle.hooks.oracle.OracleHook","filename":"sql.py","lineno":879}
{"timestamp":"2026-07-08T14:30:45.377912Z","level":"info","event":"Poking: SELECT COUNT(*) FROM demo_user.client_b_load_status\nWHERE status = 'COMPLETE' AND processed = 0 (with parameters None)","logger":"airflow.task.operators.airflow.providers.common.sql.sensors.sql.SqlSensor","filename":"sql.py","lineno":100}
{"timestamp":"2026-07-08T14:30:45.412362Z","level":"info","event":"Running statement: SELECT COUNT(*) FROM demo_user.client_b_load_status\nWHERE status = 'COMPLETE' AND processed = 0, parameters: None","logger":"airflow.task.hooks.airflow.providers.oracle.hooks.oracle.OracleHook","filename":"sql.py","lineno":861}
{"timestamp":"2026-07-08T14:30:45.413006Z","level":"info","event":"Rows affected: 0","logger":"airflow.task.hooks.airflow.providers.oracle.hooks.oracle.OracleHook","filename":"sql.py","lineno":879}
{"timestamp":"2026-07-08T14:30:55.449348Z","level":"info","event":"Poking: SELECT COUNT(*) FROM demo_user.client_b_load_status\nWHERE status = 'COMPLETE' AND processed = 0 (with parameters None)","logger":"airflow.task.operators.airflow.providers.common.sql.sensors.sql.SqlSensor","filename":"sql.py","lineno":100}
{"timestamp":"2026-07-08T14:30:55.492019Z","level":"info","event":"Running statement: SELECT COUNT(*) FROM demo_user.client_b_load_status\nWHERE status = 'COMPLETE' AND processed = 0, parameters: None","logger":"airflow.task.hooks.airflow.providers.oracle.hooks.oracle.OracleHook","filename":"sql.py","lineno":861}
{"timestamp":"2026-07-08T14:30:55.493478Z","level":"info","event":"Rows affected: 0","logger":"airflow.task.hooks.airflow.providers.oracle.hooks.oracle.OracleHook","filename":"sql.py","lineno":879}
{"timestamp":"2026-07-08T14:31:05.512471Z","level":"info","event":"Poking: SELECT COUNT(*) FROM demo_user.client_b_load_status\nWHERE status = 'COMPLETE' AND processed = 0 (with parameters None)","logger":"airflow.task.operators.airflow.providers.common.sql.sensors.sql.SqlSensor","filename":"sql.py","lineno":100}
{"timestamp":"2026-07-08T14:31:05.551090Z","level":"info","event":"Running statement: SELECT COUNT(*) FROM demo_user.client_b_load_status\nWHERE status = 'COMPLETE' AND processed = 0, parameters: None","logger":"airflow.task.hooks.airflow.providers.oracle.hooks.oracle.OracleHook","filename":"sql.py","lineno":861}
{"timestamp":"2026-07-08T14:31:05.551855Z","level":"info","event":"Rows affected: 0","logger":"airflow.task.hooks.airflow.providers.oracle.hooks.oracle.OracleHook","filename":"sql.py","lineno":879}
{"timestamp":"2026-07-08T14:31:15.569744Z","level":"info","event":"Poking: SELECT COUNT(*) FROM demo_user.client_b_load_status\nWHERE status = 'COMPLETE' AND processed = 0 (with parameters None)","logger":"airflow.task.operators.airflow.providers.common.sql.sensors.sql.SqlSensor","filename":"sql.py","lineno":100}
{"timestamp":"2026-07-08T14:31:15.603979Z","level":"info","event":"Running statement: SELECT COUNT(*) FROM demo_user.client_b_load_status\nWHERE status = 'COMPLETE' AND processed = 0, parameters: None","logger":"airflow.task.hooks.airflow.providers.oracle.hooks.oracle.OracleHook","filename":"sql.py","lineno":861}
{"timestamp":"2026-07-08T14:31:15.604786Z","level":"info","event":"Rows affected: 0","logger":"airflow.task.hooks.airflow.providers.oracle.hooks.oracle.OracleHook","filename":"sql.py","lineno":879}
{"timestamp":"2026-07-08T14:31:25.623469Z","level":"info","event":"Poking: SELECT COUNT(*) FROM demo_user.client_b_load_status\nWHERE status = 'COMPLETE' AND processed = 0 (with parameters None)","logger":"airflow.task.operators.airflow.providers.common.sql.sensors.sql.SqlSensor","filename":"sql.py","lineno":100}
{"timestamp":"2026-07-08T14:31:25.667956Z","level":"info","event":"Running statement: SELECT COUNT(*) FROM demo_user.client_b_load_status\nWHERE status = 'COMPLETE' AND processed = 0, parameters: None","logger":"airflow.task.hooks.airflow.providers.oracle.hooks.oracle.OracleHook","filename":"sql.py","lineno":861}
{"timestamp":"2026-07-08T14:31:25.668799Z","level":"info","event":"Rows affected: 0","logger":"airflow.task.hooks.airflow.providers.oracle.hooks.oracle.OracleHook","filename":"sql.py","lineno":879}
{"timestamp":"2026-07-08T14:31:35.689201Z","level":"info","event":"Poking: SELECT COUNT(*) FROM demo_user.client_b_load_status\nWHERE status = 'COMPLETE' AND processed = 0 (with parameters None)","logger":"airflow.task.operators.airflow.providers.common.sql.sensors.sql.SqlSensor","filename":"sql.py","lineno":100}
{"timestamp":"2026-07-08T14:31:35.741417Z","level":"info","event":"Running statement: SELECT COUNT(*) FROM demo_user.client_b_load_status\nWHERE status = 'COMPLETE' AND processed = 0, parameters: None","logger":"airflow.task.hooks.airflow.providers.oracle.hooks.oracle.OracleHook","filename":"sql.py","lineno":861}
{"timestamp":"2026-07-08T14:31:35.742483Z","level":"info","event":"Rows affected: 0","logger":"airflow.task.hooks.airflow.providers.oracle.hooks.oracle.OracleHook","filename":"sql.py","lineno":879}
{"timestamp":"2026-07-08T14:31:45.768168Z","level":"info","event":"Poking: SELECT COUNT(*) FROM demo_user.client_b_load_status\nWHERE status = 'COMPLETE' AND processed = 0 (with parameters None)","logger":"airflow.task.operators.airflow.providers.common.sql.sensors.sql.SqlSensor","filename":"sql.py","lineno":100}
{"timestamp":"2026-07-08T14:31:45.814579Z","level":"info","event":"Running statement: SELECT COUNT(*) FROM demo_user.client_b_load_status\nWHERE status = 'COMPLETE' AND processed = 0, parameters: None","logger":"airflow.task.hooks.airflow.providers.oracle.hooks.oracle.OracleHook","filename":"sql.py","lineno":861}
{"timestamp":"2026-07-08T14:31:45.815801Z","level":"info","event":"Rows affected: 0","logger":"airflow.task.hooks.airflow.providers.oracle.hooks.oracle.OracleHook","filename":"sql.py","lineno":879}
{"timestamp":"2026-07-08T14:31:55.844355Z","level":"info","event":"Poking: SELECT COUNT(*) FROM demo_user.client_b_load_status\nWHERE status = 'COMPLETE' AND processed = 0 (with parameters None)","logger":"airflow.task.operators.airflow.providers.common.sql.sensors.sql.SqlSensor","filename":"sql.py","lineno":100}
{"timestamp":"2026-07-08T14:31:55.879610Z","level":"info","event":"Running statement: SELECT COUNT(*) FROM demo_user.client_b_load_status\nWHERE status = 'COMPLETE' AND processed = 0, parameters: None","logger":"airflow.task.hooks.airflow.providers.oracle.hooks.oracle.OracleHook","filename":"sql.py","lineno":861}
{"timestamp":"2026-07-08T14:31:55.880557Z","level":"info","event":"Rows affected: 0","logger":"airflow.task.hooks.airflow.providers.oracle.hooks.oracle.OracleHook","filename":"sql.py","lineno":879}
{"timestamp":"2026-07-08T14:32:05.906624Z","level":"info","event":"Poking: SELECT COUNT(*) FROM demo_user.client_b_load_status\nWHERE status = 'COMPLETE' AND processed = 0 (with parameters None)","logger":"airflow.task.operators.airflow.providers.common.sql.sensors.sql.SqlSensor","filename":"sql.py","lineno":100}
{"timestamp":"2026-07-08T14:32:05.938526Z","level":"info","event":"Running statement: SELECT COUNT(*) FROM demo_user.client_b_load_status\nWHERE status = 'COMPLETE' AND processed = 0, parameters: None","logger":"airflow.task.hooks.airflow.providers.oracle.hooks.oracle.OracleHook","filename":"sql.py","lineno":861}
{"timestamp":"2026-07-08T14:32:05.939432Z","level":"info","event":"Rows affected: 0","logger":"airflow.task.hooks.airflow.providers.oracle.hooks.oracle.OracleHook","filename":"sql.py","lineno":879}
{"timestamp":"2026-07-08T14:32:15.969103Z","level":"info","event":"Poking: SELECT COUNT(*) FROM demo_user.client_b_load_status\nWHERE status = 'COMPLETE' AND processed = 0 (with parameters None)","logger":"airflow.task.operators.airflow.providers.common.sql.sensors.sql.SqlSensor","filename":"sql.py","lineno":100}
{"timestamp":"2026-07-08T14:32:16.006105Z","level":"info","event":"Running statement: SELECT COUNT(*) FROM demo_user.client_b_load_status\nWHERE status = 'COMPLETE' AND processed = 0, parameters: None","logger":"airflow.task.hooks.airflow.providers.oracle.hooks.oracle.OracleHook","filename":"sql.py","lineno":861}
{"timestamp":"2026-07-08T14:32:16.006949Z","level":"info","event":"Rows affected: 0","logger":"airflow.task.hooks.airflow.providers.oracle.hooks.oracle.OracleHook","filename":"sql.py","lineno":879}
{"timestamp":"2026-07-08T14:32:26.039989Z","level":"info","event":"Poking: SELECT COUNT(*) FROM demo_user.client_b_load_status\nWHERE status = 'COMPLETE' AND processed = 0 (with parameters None)","logger":"airflow.task.operators.airflow.providers.common.sql.sensors.sql.SqlSensor","filename":"sql.py","lineno":100}
{"timestamp":"2026-07-08T14:32:26.081237Z","level":"info","event":"Running statement: SELECT COUNT(*) FROM demo_user.client_b_load_status\nWHERE status = 'COMPLETE' AND processed = 0, parameters: None","logger":"airflow.task.hooks.airflow.providers.oracle.hooks.oracle.OracleHook","filename":"sql.py","lineno":861}
{"timestamp":"2026-07-08T14:32:26.081876Z","level":"info","event":"Rows affected: 0","logger":"airflow.task.hooks.airflow.providers.oracle.hooks.oracle.OracleHook","filename":"sql.py","lineno":879}
{"timestamp":"2026-07-08T14:32:36.112626Z","level":"info","event":"Poking: SELECT COUNT(*) FROM demo_user.client_b_load_status\nWHERE status = 'COMPLETE' AND processed = 0 (with parameters None)","logger":"airflow.task.operators.airflow.providers.common.sql.sensors.sql.SqlSensor","filename":"sql.py","lineno":100}
{"timestamp":"2026-07-08T14:32:36.153047Z","level":"info","event":"Running statement: SELECT COUNT(*) FROM demo_user.client_b_load_status\nWHERE status = 'COMPLETE' AND processed = 0, parameters: None","logger":"airflow.task.hooks.airflow.providers.oracle.hooks.oracle.OracleHook","filename":"sql.py","lineno":861}
{"timestamp":"2026-07-08T14:32:36.153953Z","level":"info","event":"Rows affected: 0","logger":"airflow.task.hooks.airflow.providers.oracle.hooks.oracle.OracleHook","filename":"sql.py","lineno":879}
{"timestamp":"2026-07-08T14:32:46.180781Z","level":"info","event":"Poking: SELECT COUNT(*) FROM demo_user.client_b_load_status\nWHERE status = 'COMPLETE' AND processed = 0 (with parameters None)","logger":"airflow.task.operators.airflow.providers.common.sql.sensors.sql.SqlSensor","filename":"sql.py","lineno":100}
{"timestamp":"2026-07-08T14:32:46.217010Z","level":"info","event":"Running statement: SELECT COUNT(*) FROM demo_user.client_b_load_status\nWHERE status = 'COMPLETE' AND processed = 0, parameters: None","logger":"airflow.task.hooks.airflow.providers.oracle.hooks.oracle.OracleHook","filename":"sql.py","lineno":861}
{"timestamp":"2026-07-08T14:32:46.217794Z","level":"info","event":"Rows affected: 0","logger":"airflow.task.hooks.airflow.providers.oracle.hooks.oracle.OracleHook","filename":"sql.py","lineno":879}
{"timestamp":"2026-07-08T14:32:56.251175Z","level":"info","event":"Poking: SELECT COUNT(*) FROM demo_user.client_b_load_status\nWHERE status = 'COMPLETE' AND processed = 0 (with parameters None)","logger":"airflow.task.operators.airflow.providers.common.sql.sensors.sql.SqlSensor","filename":"sql.py","lineno":100}
{"timestamp":"2026-07-08T14:32:56.292826Z","level":"info","event":"Running statement: SELECT COUNT(*) FROM demo_user.client_b_load_status\nWHERE status = 'COMPLETE' AND processed = 0, parameters: None","logger":"airflow.task.hooks.airflow.providers.oracle.hooks.oracle.OracleHook","filename":"sql.py","lineno":861}
{"timestamp":"2026-07-08T14:32:56.293601Z","level":"info","event":"Rows affected: 0","logger":"airflow.task.hooks.airflow.providers.oracle.hooks.oracle.OracleHook","filename":"sql.py","lineno":879}
{"timestamp":"2026-07-08T14:33:06.315358Z","level":"info","event":"Poking: SELECT COUNT(*) FROM demo_user.client_b_load_status\nWHERE status = 'COMPLETE' AND processed = 0 (with parameters None)","logger":"airflow.task.operators.airflow.providers.common.sql.sensors.sql.SqlSensor","filename":"sql.py","lineno":100}
{"timestamp":"2026-07-08T14:33:06.350911Z","level":"info","event":"Running statement: SELECT COUNT(*) FROM demo_user.client_b_load_status\nWHERE status = 'COMPLETE' AND processed = 0, parameters: None","logger":"airflow.task.hooks.airflow.providers.oracle.hooks.oracle.OracleHook","filename":"sql.py","lineno":861}
{"timestamp":"2026-07-08T14:33:06.351556Z","level":"info","event":"Rows affected: 0","logger":"airflow.task.hooks.airflow.providers.oracle.hooks.oracle.OracleHook","filename":"sql.py","lineno":879}
{"timestamp":"2026-07-08T14:33:16.373810Z","level":"info","event":"Poking: SELECT COUNT(*) FROM demo_user.client_b_load_status\nWHERE status = 'COMPLETE' AND processed = 0 (with parameters None)","logger":"airflow.task.operators.airflow.providers.common.sql.sensors.sql.SqlSensor","filename":"sql.py","lineno":100}
{"timestamp":"2026-07-08T14:33:16.407026Z","level":"info","event":"Running statement: SELECT COUNT(*) FROM demo_user.client_b_load_status\nWHERE status = 'COMPLETE' AND processed = 0, parameters: None","logger":"airflow.task.hooks.airflow.providers.oracle.hooks.oracle.OracleHook","filename":"sql.py","lineno":861}
{"timestamp":"2026-07-08T14:33:16.408027Z","level":"info","event":"Rows affected: 0","logger":"airflow.task.hooks.airflow.providers.oracle.hooks.oracle.OracleHook","filename":"sql.py","lineno":879}
{"timestamp":"2026-07-08T14:33:26.436566Z","level":"info","event":"Poking: SELECT COUNT(*) FROM demo_user.client_b_load_status\nWHERE status = 'COMPLETE' AND processed = 0 (with parameters None)","logger":"airflow.task.operators.airflow.providers.common.sql.sensors.sql.SqlSensor","filename":"sql.py","lineno":100}
{"timestamp":"2026-07-08T14:33:26.469876Z","level":"info","event":"Running statement: SELECT COUNT(*) FROM demo_user.client_b_load_status\nWHERE status = 'COMPLETE' AND processed = 0, parameters: None","logger":"airflow.task.hooks.airflow.providers.oracle.hooks.oracle.OracleHook","filename":"sql.py","lineno":861}
{"timestamp":"2026-07-08T14:33:26.470489Z","level":"info","event":"Rows affected: 0","logger":"airflow.task.hooks.airflow.providers.oracle.hooks.oracle.OracleHook","filename":"sql.py","lineno":879}
{"timestamp":"2026-07-08T14:33:36.495199Z","level":"info","event":"Poking: SELECT COUNT(*) FROM demo_user.client_b_load_status\nWHERE status = 'COMPLETE' AND processed = 0 (with parameters None)","logger":"airflow.task.operators.airflow.providers.common.sql.sensors.sql.SqlSensor","filename":"sql.py","lineno":100}
{"timestamp":"2026-07-08T14:33:36.540180Z","level":"info","event":"Running statement: SELECT COUNT(*) FROM demo_user.client_b_load_status\nWHERE status = 'COMPLETE' AND processed = 0, parameters: None","logger":"airflow.task.hooks.airflow.providers.oracle.hooks.oracle.OracleHook","filename":"sql.py","lineno":861}
{"timestamp":"2026-07-08T14:33:36.540987Z","level":"info","event":"Rows affected: 0","logger":"airflow.task.hooks.airflow.providers.oracle.hooks.oracle.OracleHook","filename":"sql.py","lineno":879}
{"timestamp":"2026-07-08T14:33:46.570484Z","level":"info","event":"Poking: SELECT COUNT(*) FROM demo_user.client_b_load_status\nWHERE status = 'COMPLETE' AND processed = 0 (with parameters None)","logger":"airflow.task.operators.airflow.providers.common.sql.sensors.sql.SqlSensor","filename":"sql.py","lineno":100}
{"timestamp":"2026-07-08T14:33:46.636038Z","level":"info","event":"Running statement: SELECT COUNT(*) FROM demo_user.client_b_load_status\nWHERE status = 'COMPLETE' AND processed = 0, parameters: None","logger":"airflow.task.hooks.airflow.providers.oracle.hooks.oracle.OracleHook","filename":"sql.py","lineno":861}
{"timestamp":"2026-07-08T14:33:46.637585Z","level":"info","event":"Rows affected: 0","logger":"airflow.task.hooks.airflow.providers.oracle.hooks.oracle.OracleHook","filename":"sql.py","lineno":879}
{"timestamp":"2026-07-08T14:33:56.661702Z","level":"info","event":"Poking: SELECT COUNT(*) FROM demo_user.client_b_load_status\nWHERE status = 'COMPLETE' AND processed = 0 (with parameters None)","logger":"airflow.task.operators.airflow.providers.common.sql.sensors.sql.SqlSensor","filename":"sql.py","lineno":100}
{"timestamp":"2026-07-08T14:33:56.694094Z","level":"info","event":"Running statement: SELECT COUNT(*) FROM demo_user.client_b_load_status\nWHERE status = 'COMPLETE' AND processed = 0, parameters: None","logger":"airflow.task.hooks.airflow.providers.oracle.hooks.oracle.OracleHook","filename":"sql.py","lineno":861}
{"timestamp":"2026-07-08T14:33:56.694857Z","level":"info","event":"Rows affected: 0","logger":"airflow.task.hooks.airflow.providers.oracle.hooks.oracle.OracleHook","filename":"sql.py","lineno":879}
{"timestamp":"2026-07-08T14:34:06.727054Z","level":"info","event":"Poking: SELECT COUNT(*) FROM demo_user.client_b_load_status\nWHERE status = 'COMPLETE' AND processed = 0 (with parameters None)","logger":"airflow.task.operators.airflow.providers.common.sql.sensors.sql.SqlSensor","filename":"sql.py","lineno":100}
{"timestamp":"2026-07-08T14:34:06.767162Z","level":"info","event":"Running statement: SELECT COUNT(*) FROM demo_user.client_b_load_status\nWHERE status = 'COMPLETE' AND processed = 0, parameters: None","logger":"airflow.task.hooks.airflow.providers.oracle.hooks.oracle.OracleHook","filename":"sql.py","lineno":861}
{"timestamp":"2026-07-08T14:34:06.767888Z","level":"info","event":"Rows affected: 0","logger":"airflow.task.hooks.airflow.providers.oracle.hooks.oracle.OracleHook","filename":"sql.py","lineno":879}
{"timestamp":"2026-07-08T14:34:16.792430Z","level":"info","event":"Poking: SELECT COUNT(*) FROM demo_user.client_b_load_status\nWHERE status = 'COMPLETE' AND processed = 0 (with parameters None)","logger":"airflow.task.operators.airflow.providers.common.sql.sensors.sql.SqlSensor","filename":"sql.py","lineno":100}
{"timestamp":"2026-07-08T14:34:16.829295Z","level":"info","event":"Running statement: SELECT COUNT(*) FROM demo_user.client_b_load_status\nWHERE status = 'COMPLETE' AND processed = 0, parameters: None","logger":"airflow.task.hooks.airflow.providers.oracle.hooks.oracle.OracleHook","filename":"sql.py","lineno":861}
{"timestamp":"2026-07-08T14:34:16.830375Z","level":"info","event":"Rows affected: 0","logger":"airflow.task.hooks.airflow.providers.oracle.hooks.oracle.OracleHook","filename":"sql.py","lineno":879}
{"timestamp":"2026-07-08T14:34:26.871434Z","level":"info","event":"Poking: SELECT COUNT(*) FROM demo_user.client_b_load_status\nWHERE status = 'COMPLETE' AND processed = 0 (with parameters None)","logger":"airflow.task.operators.airflow.providers.common.sql.sensors.sql.SqlSensor","filename":"sql.py","lineno":100}
{"timestamp":"2026-07-08T14:34:26.917292Z","level":"info","event":"Running statement: SELECT COUNT(*) FROM demo_user.client_b_load_status\nWHERE status = 'COMPLETE' AND processed = 0, parameters: None","logger":"airflow.task.hooks.airflow.providers.oracle.hooks.oracle.OracleHook","filename":"sql.py","lineno":861}
{"timestamp":"2026-07-08T14:34:26.918154Z","level":"info","event":"Rows affected: 0","logger":"airflow.task.hooks.airflow.providers.oracle.hooks.oracle.OracleHook","filename":"sql.py","lineno":879}
{"timestamp":"2026-07-08T14:34:36.941213Z","level":"info","event":"Poking: SELECT COUNT(*) FROM demo_user.client_b_load_status\nWHERE status = 'COMPLETE' AND processed = 0 (with parameters None)","logger":"airflow.task.operators.airflow.providers.common.sql.sensors.sql.SqlSensor","filename":"sql.py","lineno":100}
{"timestamp":"2026-07-08T14:34:36.973579Z","level":"info","event":"Running statement: SELECT COUNT(*) FROM demo_user.client_b_load_status\nWHERE status = 'COMPLETE' AND processed = 0, parameters: None","logger":"airflow.task.hooks.airflow.providers.oracle.hooks.oracle.OracleHook","filename":"sql.py","lineno":861}
{"timestamp":"2026-07-08T14:34:36.974371Z","level":"info","event":"Rows affected: 0","logger":"airflow.task.hooks.airflow.providers.oracle.hooks.oracle.OracleHook","filename":"sql.py","lineno":879}
{"timestamp":"2026-07-08T14:34:46.998795Z","level":"info","event":"Poking: SELECT COUNT(*) FROM demo_user.client_b_load_status\nWHERE status = 'COMPLETE' AND processed = 0 (with parameters None)","logger":"airflow.task.operators.airflow.providers.common.sql.sensors.sql.SqlSensor","filename":"sql.py","lineno":100}
{"timestamp":"2026-07-08T14:34:47.037371Z","level":"info","event":"Running statement: SELECT COUNT(*) FROM demo_user.client_b_load_status\nWHERE status = 'COMPLETE' AND processed = 0, parameters: None","logger":"airflow.task.hooks.airflow.providers.oracle.hooks.oracle.OracleHook","filename":"sql.py","lineno":861}
{"timestamp":"2026-07-08T14:34:47.038293Z","level":"info","event":"Rows affected: 0","logger":"airflow.task.hooks.airflow.providers.oracle.hooks.oracle.OracleHook","filename":"sql.py","lineno":879}
{"timestamp":"2026-07-08T14:34:57.064869Z","level":"info","event":"Poking: SELECT COUNT(*) FROM demo_user.client_b_load_status\nWHERE status = 'COMPLETE' AND processed = 0 (with parameters None)","logger":"airflow.task.operators.airflow.providers.common.sql.sensors.sql.SqlSensor","filename":"sql.py","lineno":100}
{"timestamp":"2026-07-08T14:34:57.100397Z","level":"info","event":"Running statement: SELECT COUNT(*) FROM demo_user.client_b_load_status\nWHERE status = 'COMPLETE' AND processed = 0, parameters: None","logger":"airflow.task.hooks.airflow.providers.oracle.hooks.oracle.OracleHook","filename":"sql.py","lineno":861}
{"timestamp":"2026-07-08T14:34:57.101298Z","level":"info","event":"Rows affected: 0","logger":"airflow.task.hooks.airflow.providers.oracle.hooks.oracle.OracleHook","filename":"sql.py","lineno":879}
{"timestamp":"2026-07-08T14:35:07.119643Z","level":"info","event":"Poking: SELECT COUNT(*) FROM demo_user.client_b_load_status\nWHERE status = 'COMPLETE' AND processed = 0 (with parameters None)","logger":"airflow.task.operators.airflow.providers.common.sql.sensors.sql.SqlSensor","filename":"sql.py","lineno":100}
{"timestamp":"2026-07-08T14:35:07.153384Z","level":"info","event":"Running statement: SELECT COUNT(*) FROM demo_user.client_b_load_status\nWHERE status = 'COMPLETE' AND processed = 0, parameters: None","logger":"airflow.task.hooks.airflow.providers.oracle.hooks.oracle.OracleHook","filename":"sql.py","lineno":861}
{"timestamp":"2026-07-08T14:35:07.154316Z","level":"info","event":"Rows affected: 0","logger":"airflow.task.hooks.airflow.providers.oracle.hooks.oracle.OracleHook","filename":"sql.py","lineno":879}
{"timestamp":"2026-07-08T14:35:17.180310Z","level":"info","event":"Poking: SELECT COUNT(*) FROM demo_user.client_b_load_status\nWHERE status = 'COMPLETE' AND processed = 0 (with parameters None)","logger":"airflow.task.operators.airflow.providers.common.sql.sensors.sql.SqlSensor","filename":"sql.py","lineno":100}
{"timestamp":"2026-07-08T14:35:17.215086Z","level":"info","event":"Running statement: SELECT COUNT(*) FROM demo_user.client_b_load_status\nWHERE status = 'COMPLETE' AND processed = 0, parameters: None","logger":"airflow.task.hooks.airflow.providers.oracle.hooks.oracle.OracleHook","filename":"sql.py","lineno":861}
{"timestamp":"2026-07-08T14:35:17.215749Z","level":"info","event":"Rows affected: 0","logger":"airflow.task.hooks.airflow.providers.oracle.hooks.oracle.OracleHook","filename":"sql.py","lineno":879}
{"timestamp":"2026-07-08T14:35:27.246213Z","level":"info","event":"Poking: SELECT COUNT(*) FROM demo_user.client_b_load_status\nWHERE status = 'COMPLETE' AND processed = 0 (with parameters None)","logger":"airflow.task.operators.airflow.providers.common.sql.sensors.sql.SqlSensor","filename":"sql.py","lineno":100}
{"timestamp":"2026-07-08T14:35:27.286216Z","level":"info","event":"Running statement: SELECT COUNT(*) FROM demo_user.client_b_load_status\nWHERE status = 'COMPLETE' AND processed = 0, parameters: None","logger":"airflow.task.hooks.airflow.providers.oracle.hooks.oracle.OracleHook","filename":"sql.py","lineno":861}
{"timestamp":"2026-07-08T14:35:27.287010Z","level":"info","event":"Rows affected: 0","logger":"airflow.task.hooks.airflow.providers.oracle.hooks.oracle.OracleHook","filename":"sql.py","lineno":879}
{"timestamp":"2026-07-08T14:35:37.316658Z","level":"info","event":"Poking: SELECT COUNT(*) FROM demo_user.client_b_load_status\nWHERE status = 'COMPLETE' AND processed = 0 (with parameters None)","logger":"airflow.task.operators.airflow.providers.common.sql.sensors.sql.SqlSensor","filename":"sql.py","lineno":100}
{"timestamp":"2026-07-08T14:35:37.352868Z","level":"info","event":"Running statement: SELECT COUNT(*) FROM demo_user.client_b_load_status\nWHERE status = 'COMPLETE' AND processed = 0, parameters: None","logger":"airflow.task.hooks.airflow.providers.oracle.hooks.oracle.OracleHook","filename":"sql.py","lineno":861}
{"timestamp":"2026-07-08T14:35:37.353612Z","level":"info","event":"Rows affected: 0","logger":"airflow.task.hooks.airflow.providers.oracle.hooks.oracle.OracleHook","filename":"sql.py","lineno":879}
{"timestamp":"2026-07-08T14:35:47.382094Z","level":"info","event":"Poking: SELECT COUNT(*) FROM demo_user.client_b_load_status\nWHERE status = 'COMPLETE' AND processed = 0 (with parameters None)","logger":"airflow.task.operators.airflow.providers.common.sql.sensors.sql.SqlSensor","filename":"sql.py","lineno":100}
{"timestamp":"2026-07-08T14:35:47.421769Z","level":"info","event":"Running statement: SELECT COUNT(*) FROM demo_user.client_b_load_status\nWHERE status = 'COMPLETE' AND processed = 0, parameters: None","logger":"airflow.task.hooks.airflow.providers.oracle.hooks.oracle.OracleHook","filename":"sql.py","lineno":861}
{"timestamp":"2026-07-08T14:35:47.422641Z","level":"info","event":"Rows affected: 0","logger":"airflow.task.hooks.airflow.providers.oracle.hooks.oracle.OracleHook","filename":"sql.py","lineno":879}
{"timestamp":"2026-07-08T14:35:57.454192Z","level":"info","event":"Poking: SELECT COUNT(*) FROM demo_user.client_b_load_status\nWHERE status = 'COMPLETE' AND processed = 0 (with parameters None)","logger":"airflow.task.operators.airflow.providers.common.sql.sensors.sql.SqlSensor","filename":"sql.py","lineno":100}
{"timestamp":"2026-07-08T14:35:57.491236Z","level":"info","event":"Running statement: SELECT COUNT(*) FROM demo_user.client_b_load_status\nWHERE status = 'COMPLETE' AND processed = 0, parameters: None","logger":"airflow.task.hooks.airflow.providers.oracle.hooks.oracle.OracleHook","filename":"sql.py","lineno":861}
{"timestamp":"2026-07-08T14:35:57.492012Z","level":"info","event":"Rows affected: 0","logger":"airflow.task.hooks.airflow.providers.oracle.hooks.oracle.OracleHook","filename":"sql.py","lineno":879}
{"timestamp":"2026-07-08T14:36:07.518911Z","level":"info","event":"Poking: SELECT COUNT(*) FROM demo_user.client_b_load_status\nWHERE status = 'COMPLETE' AND processed = 0 (with parameters None)","logger":"airflow.task.operators.airflow.providers.common.sql.sensors.sql.SqlSensor","filename":"sql.py","lineno":100}
{"timestamp":"2026-07-08T14:36:07.557299Z","level":"info","event":"Running statement: SELECT COUNT(*) FROM demo_user.client_b_load_status\nWHERE status = 'COMPLETE' AND processed = 0, parameters: None","logger":"airflow.task.hooks.airflow.providers.oracle.hooks.oracle.OracleHook","filename":"sql.py","lineno":861}
{"timestamp":"2026-07-08T14:36:07.558272Z","level":"info","event":"Rows affected: 0","logger":"airflow.task.hooks.airflow.providers.oracle.hooks.oracle.OracleHook","filename":"sql.py","lineno":879}
{"timestamp":"2026-07-08T14:36:17.582500Z","level":"info","event":"Poking: SELECT COUNT(*) FROM demo_user.client_b_load_status\nWHERE status = 'COMPLETE' AND processed = 0 (with parameters None)","logger":"airflow.task.operators.airflow.providers.common.sql.sensors.sql.SqlSensor","filename":"sql.py","lineno":100}
{"timestamp":"2026-07-08T14:36:17.615616Z","level":"info","event":"Running statement: SELECT COUNT(*) FROM demo_user.client_b_load_status\nWHERE status = 'COMPLETE' AND processed = 0, parameters: None","logger":"airflow.task.hooks.airflow.providers.oracle.hooks.oracle.OracleHook","filename":"sql.py","lineno":861}
{"timestamp":"2026-07-08T14:36:17.616325Z","level":"info","event":"Rows affected: 0","logger":"airflow.task.hooks.airflow.providers.oracle.hooks.oracle.OracleHook","filename":"sql.py","lineno":879}
{"timestamp":"2026-07-08T14:36:27.642265Z","level":"info","event":"Poking: SELECT COUNT(*) FROM demo_user.client_b_load_status\nWHERE status = 'COMPLETE' AND processed = 0 (with parameters None)","logger":"airflow.task.operators.airflow.providers.common.sql.sensors.sql.SqlSensor","filename":"sql.py","lineno":100}
{"timestamp":"2026-07-08T14:36:27.682691Z","level":"info","event":"Running statement: SELECT COUNT(*) FROM demo_user.client_b_load_status\nWHERE status = 'COMPLETE' AND processed = 0, parameters: None","logger":"airflow.task.hooks.airflow.providers.oracle.hooks.oracle.OracleHook","filename":"sql.py","lineno":861}
{"timestamp":"2026-07-08T14:36:27.683446Z","level":"info","event":"Rows affected: 0","logger":"airflow.task.hooks.airflow.providers.oracle.hooks.oracle.OracleHook","filename":"sql.py","lineno":879}
{"timestamp":"2026-07-08T14:36:37.714998Z","level":"info","event":"Poking: SELECT COUNT(*) FROM demo_user.client_b_load_status\nWHERE status = 'COMPLETE' AND processed = 0 (with parameters None)","logger":"airflow.task.operators.airflow.providers.common.sql.sensors.sql.SqlSensor","filename":"sql.py","lineno":100}
{"timestamp":"2026-07-08T14:36:37.761935Z","level":"info","event":"Running statement: SELECT COUNT(*) FROM demo_user.client_b_load_status\nWHERE status = 'COMPLETE' AND processed = 0, parameters: None","logger":"airflow.task.hooks.airflow.providers.oracle.hooks.oracle.OracleHook","filename":"sql.py","lineno":861}
{"timestamp":"2026-07-08T14:36:37.762849Z","level":"info","event":"Rows affected: 0","logger":"airflow.task.hooks.airflow.providers.oracle.hooks.oracle.OracleHook","filename":"sql.py","lineno":879}
{"timestamp":"2026-07-08T14:36:47.798858Z","level":"info","event":"Poking: SELECT COUNT(*) FROM demo_user.client_b_load_status\nWHERE status = 'COMPLETE' AND processed = 0 (with parameters None)","logger":"airflow.task.operators.airflow.providers.common.sql.sensors.sql.SqlSensor","filename":"sql.py","lineno":100}
{"timestamp":"2026-07-08T14:36:47.842144Z","level":"info","event":"Running statement: SELECT COUNT(*) FROM demo_user.client_b_load_status\nWHERE status = 'COMPLETE' AND processed = 0, parameters: None","logger":"airflow.task.hooks.airflow.providers.oracle.hooks.oracle.OracleHook","filename":"sql.py","lineno":861}
{"timestamp":"2026-07-08T14:36:47.843109Z","level":"info","event":"Rows affected: 0","logger":"airflow.task.hooks.airflow.providers.oracle.hooks.oracle.OracleHook","filename":"sql.py","lineno":879}
{"timestamp":"2026-07-08T14:36:57.868606Z","level":"info","event":"Poking: SELECT COUNT(*) FROM demo_user.client_b_load_status\nWHERE status = 'COMPLETE' AND processed = 0 (with parameters None)","logger":"airflow.task.operators.airflow.providers.common.sql.sensors.sql.SqlSensor","filename":"sql.py","lineno":100}
{"timestamp":"2026-07-08T14:36:57.912935Z","level":"info","event":"Running statement: SELECT COUNT(*) FROM demo_user.client_b_load_status\nWHERE status = 'COMPLETE' AND processed = 0, parameters: None","logger":"airflow.task.hooks.airflow.providers.oracle.hooks.oracle.OracleHook","filename":"sql.py","lineno":861}
{"timestamp":"2026-07-08T14:36:57.914368Z","level":"info","event":"Rows affected: 0","logger":"airflow.task.hooks.airflow.providers.oracle.hooks.oracle.OracleHook","filename":"sql.py","lineno":879}
{"timestamp":"2026-07-08T14:37:07.944300Z","level":"info","event":"Poking: SELECT COUNT(*) FROM demo_user.client_b_load_status\nWHERE status = 'COMPLETE' AND processed = 0 (with parameters None)","logger":"airflow.task.operators.airflow.providers.common.sql.sensors.sql.SqlSensor","filename":"sql.py","lineno":100}
{"timestamp":"2026-07-08T14:37:07.978982Z","level":"info","event":"Running statement: SELECT COUNT(*) FROM demo_user.client_b_load_status\nWHERE status = 'COMPLETE' AND processed = 0, parameters: None","logger":"airflow.task.hooks.airflow.providers.oracle.hooks.oracle.OracleHook","filename":"sql.py","lineno":861}
{"timestamp":"2026-07-08T14:37:07.979875Z","level":"info","event":"Rows affected: 0","logger":"airflow.task.hooks.airflow.providers.oracle.hooks.oracle.OracleHook","filename":"sql.py","lineno":879}
{"timestamp":"2026-07-08T14:37:18.008441Z","level":"info","event":"Poking: SELECT COUNT(*) FROM demo_user.client_b_load_status\nWHERE status = 'COMPLETE' AND processed = 0 (with parameters None)","logger":"airflow.task.operators.airflow.providers.common.sql.sensors.sql.SqlSensor","filename":"sql.py","lineno":100}
{"timestamp":"2026-07-08T14:37:18.050064Z","level":"info","event":"Running statement: SELECT COUNT(*) FROM demo_user.client_b_load_status\nWHERE status = 'COMPLETE' AND processed = 0, parameters: None","logger":"airflow.task.hooks.airflow.providers.oracle.hooks.oracle.OracleHook","filename":"sql.py","lineno":861}
{"timestamp":"2026-07-08T14:37:18.051369Z","level":"info","event":"Rows affected: 0","logger":"airflow.task.hooks.airflow.providers.oracle.hooks.oracle.OracleHook","filename":"sql.py","lineno":879}
{"timestamp":"2026-07-08T14:37:28.078241Z","level":"info","event":"Poking: SELECT COUNT(*) FROM demo_user.client_b_load_status\nWHERE status = 'COMPLETE' AND processed = 0 (with parameters None)","logger":"airflow.task.operators.airflow.providers.common.sql.sensors.sql.SqlSensor","filename":"sql.py","lineno":100}
{"timestamp":"2026-07-08T14:37:28.111934Z","level":"info","event":"Running statement: SELECT COUNT(*) FROM demo_user.client_b_load_status\nWHERE status = 'COMPLETE' AND processed = 0, parameters: None","logger":"airflow.task.hooks.airflow.providers.oracle.hooks.oracle.OracleHook","filename":"sql.py","lineno":861}
{"timestamp":"2026-07-08T14:37:28.113058Z","level":"info","event":"Rows affected: 0","logger":"airflow.task.hooks.airflow.providers.oracle.hooks.oracle.OracleHook","filename":"sql.py","lineno":879}
{"timestamp":"2026-07-08T14:37:38.144631Z","level":"info","event":"Poking: SELECT COUNT(*) FROM demo_user.client_b_load_status\nWHERE status = 'COMPLETE' AND processed = 0 (with parameters None)","logger":"airflow.task.operators.airflow.providers.common.sql.sensors.sql.SqlSensor","filename":"sql.py","lineno":100}
{"timestamp":"2026-07-08T14:37:38.187787Z","level":"info","event":"Running statement: SELECT COUNT(*) FROM demo_user.client_b_load_status\nWHERE status = 'COMPLETE' AND processed = 0, parameters: None","logger":"airflow.task.hooks.airflow.providers.oracle.hooks.oracle.OracleHook","filename":"sql.py","lineno":861}
{"timestamp":"2026-07-08T14:37:38.189126Z","level":"info","event":"Rows affected: 0","logger":"airflow.task.hooks.airflow.providers.oracle.hooks.oracle.OracleHook","filename":"sql.py","lineno":879}
{"timestamp":"2026-07-08T14:37:48.222703Z","level":"info","event":"Poking: SELECT COUNT(*) FROM demo_user.client_b_load_status\nWHERE status = 'COMPLETE' AND processed = 0 (with parameters None)","logger":"airflow.task.operators.airflow.providers.common.sql.sensors.sql.SqlSensor","filename":"sql.py","lineno":100}
{"timestamp":"2026-07-08T14:37:48.267716Z","level":"info","event":"Running statement: SELECT COUNT(*) FROM demo_user.client_b_load_status\nWHERE status = 'COMPLETE' AND processed = 0, parameters: None","logger":"airflow.task.hooks.airflow.providers.oracle.hooks.oracle.OracleHook","filename":"sql.py","lineno":861}
{"timestamp":"2026-07-08T14:37:48.268538Z","level":"info","event":"Rows affected: 0","logger":"airflow.task.hooks.airflow.providers.oracle.hooks.oracle.OracleHook","filename":"sql.py","lineno":879}
{"timestamp":"2026-07-08T14:37:58.303448Z","level":"info","event":"Poking: SELECT COUNT(*) FROM demo_user.client_b_load_status\nWHERE status = 'COMPLETE' AND processed = 0 (with parameters None)","logger":"airflow.task.operators.airflow.providers.common.sql.sensors.sql.SqlSensor","filename":"sql.py","lineno":100}
{"timestamp":"2026-07-08T14:37:58.344193Z","level":"info","event":"Running statement: SELECT COUNT(*) FROM demo_user.client_b_load_status\nWHERE status = 'COMPLETE' AND processed = 0, parameters: None","logger":"airflow.task.hooks.airflow.providers.oracle.hooks.oracle.OracleHook","filename":"sql.py","lineno":861}
{"timestamp":"2026-07-08T14:37:58.345381Z","level":"info","event":"Rows affected: 0","logger":"airflow.task.hooks.airflow.providers.oracle.hooks.oracle.OracleHook","filename":"sql.py","lineno":879}
{"timestamp":"2026-07-08T14:38:08.365424Z","level":"info","event":"Poking: SELECT COUNT(*) FROM demo_user.client_b_load_status\nWHERE status = 'COMPLETE' AND processed = 0 (with parameters None)","logger":"airflow.task.operators.airflow.providers.common.sql.sensors.sql.SqlSensor","filename":"sql.py","lineno":100}
{"timestamp":"2026-07-08T14:38:08.399726Z","level":"info","event":"Running statement: SELECT COUNT(*) FROM demo_user.client_b_load_status\nWHERE status = 'COMPLETE' AND processed = 0, parameters: None","logger":"airflow.task.hooks.airflow.providers.oracle.hooks.oracle.OracleHook","filename":"sql.py","lineno":861}
{"timestamp":"2026-07-08T14:38:08.400444Z","level":"info","event":"Rows affected: 0","logger":"airflow.task.hooks.airflow.providers.oracle.hooks.oracle.OracleHook","filename":"sql.py","lineno":879}
{"timestamp":"2026-07-08T14:38:18.427568Z","level":"info","event":"Poking: SELECT COUNT(*) FROM demo_user.client_b_load_status\nWHERE status = 'COMPLETE' AND processed = 0 (with parameters None)","logger":"airflow.task.operators.airflow.providers.common.sql.sensors.sql.SqlSensor","filename":"sql.py","lineno":100}
{"timestamp":"2026-07-08T14:38:18.465062Z","level":"info","event":"Running statement: SELECT COUNT(*) FROM demo_user.client_b_load_status\nWHERE status = 'COMPLETE' AND processed = 0, parameters: None","logger":"airflow.task.hooks.airflow.providers.oracle.hooks.oracle.OracleHook","filename":"sql.py","lineno":861}
{"timestamp":"2026-07-08T14:38:18.465806Z","level":"info","event":"Rows affected: 0","logger":"airflow.task.hooks.airflow.providers.oracle.hooks.oracle.OracleHook","filename":"sql.py","lineno":879}
{"timestamp":"2026-07-08T14:38:28.494104Z","level":"info","event":"Poking: SELECT COUNT(*) FROM demo_user.client_b_load_status\nWHERE status = 'COMPLETE' AND processed = 0 (with parameters None)","logger":"airflow.task.operators.airflow.providers.common.sql.sensors.sql.SqlSensor","filename":"sql.py","lineno":100}
{"timestamp":"2026-07-08T14:38:28.533486Z","level":"info","event":"Running statement: SELECT COUNT(*) FROM demo_user.client_b_load_status\nWHERE status = 'COMPLETE' AND processed = 0, parameters: None","logger":"airflow.task.hooks.airflow.providers.oracle.hooks.oracle.OracleHook","filename":"sql.py","lineno":861}
{"timestamp":"2026-07-08T14:38:28.534293Z","level":"info","event":"Rows affected: 0","logger":"airflow.task.hooks.airflow.providers.oracle.hooks.oracle.OracleHook","filename":"sql.py","lineno":879}
{"timestamp":"2026-07-08T14:38:38.555710Z","level":"info","event":"Poking: SELECT COUNT(*) FROM demo_user.client_b_load_status\nWHERE status = 'COMPLETE' AND processed = 0 (with parameters None)","logger":"airflow.task.operators.airflow.providers.common.sql.sensors.sql.SqlSensor","filename":"sql.py","lineno":100}
{"timestamp":"2026-07-08T14:38:38.596102Z","level":"info","event":"Running statement: SELECT COUNT(*) FROM demo_user.client_b_load_status\nWHERE status = 'COMPLETE' AND processed = 0, parameters: None","logger":"airflow.task.hooks.airflow.providers.oracle.hooks.oracle.OracleHook","filename":"sql.py","lineno":861}
{"timestamp":"2026-07-08T14:38:38.596941Z","level":"info","event":"Rows affected: 0","logger":"airflow.task.hooks.airflow.providers.oracle.hooks.oracle.OracleHook","filename":"sql.py","lineno":879}
{"timestamp":"2026-07-08T14:38:48.622216Z","level":"info","event":"Poking: SELECT COUNT(*) FROM demo_user.client_b_load_status\nWHERE status = 'COMPLETE' AND processed = 0 (with parameters None)","logger":"airflow.task.operators.airflow.providers.common.sql.sensors.sql.SqlSensor","filename":"sql.py","lineno":100}
{"timestamp":"2026-07-08T14:38:48.661388Z","level":"info","event":"Running statement: SELECT COUNT(*) FROM demo_user.client_b_load_status\nWHERE status = 'COMPLETE' AND processed = 0, parameters: None","logger":"airflow.task.hooks.airflow.providers.oracle.hooks.oracle.OracleHook","filename":"sql.py","lineno":861}
{"timestamp":"2026-07-08T14:38:48.662222Z","level":"info","event":"Rows affected: 0","logger":"airflow.task.hooks.airflow.providers.oracle.hooks.oracle.OracleHook","filename":"sql.py","lineno":879}
{"timestamp":"2026-07-08T14:38:58.685568Z","level":"info","event":"Poking: SELECT COUNT(*) FROM demo_user.client_b_load_status\nWHERE status = 'COMPLETE' AND processed = 0 (with parameters None)","logger":"airflow.task.operators.airflow.providers.common.sql.sensors.sql.SqlSensor","filename":"sql.py","lineno":100}
{"timestamp":"2026-07-08T14:38:58.720183Z","level":"info","event":"Running statement: SELECT COUNT(*) FROM demo_user.client_b_load_status\nWHERE status = 'COMPLETE' AND processed = 0, parameters: None","logger":"airflow.task.hooks.airflow.providers.oracle.hooks.oracle.OracleHook","filename":"sql.py","lineno":861}
{"timestamp":"2026-07-08T14:38:58.721051Z","level":"info","event":"Rows affected: 0","logger":"airflow.task.hooks.airflow.providers.oracle.hooks.oracle.OracleHook","filename":"sql.py","lineno":879}
{"timestamp":"2026-07-08T14:39:08.747042Z","level":"info","event":"Poking: SELECT COUNT(*) FROM demo_user.client_b_load_status\nWHERE status = 'COMPLETE' AND processed = 0 (with parameters None)","logger":"airflow.task.operators.airflow.providers.common.sql.sensors.sql.SqlSensor","filename":"sql.py","lineno":100}
{"timestamp":"2026-07-08T14:39:08.791931Z","level":"info","event":"Running statement: SELECT COUNT(*) FROM demo_user.client_b_load_status\nWHERE status = 'COMPLETE' AND processed = 0, parameters: None","logger":"airflow.task.hooks.airflow.providers.oracle.hooks.oracle.OracleHook","filename":"sql.py","lineno":861}
{"timestamp":"2026-07-08T14:39:08.792741Z","level":"info","event":"Rows affected: 0","logger":"airflow.task.hooks.airflow.providers.oracle.hooks.oracle.OracleHook","filename":"sql.py","lineno":879}
{"timestamp":"2026-07-08T14:39:18.824776Z","level":"info","event":"Poking: SELECT COUNT(*) FROM demo_user.client_b_load_status\nWHERE status = 'COMPLETE' AND processed = 0 (with parameters None)","logger":"airflow.task.operators.airflow.providers.common.sql.sensors.sql.SqlSensor","filename":"sql.py","lineno":100}
{"timestamp":"2026-07-08T14:39:18.863398Z","level":"info","event":"Running statement: SELECT COUNT(*) FROM demo_user.client_b_load_status\nWHERE status = 'COMPLETE' AND processed = 0, parameters: None","logger":"airflow.task.hooks.airflow.providers.oracle.hooks.oracle.OracleHook","filename":"sql.py","lineno":861}
{"timestamp":"2026-07-08T14:39:18.864216Z","level":"info","event":"Rows affected: 0","logger":"airflow.task.hooks.airflow.providers.oracle.hooks.oracle.OracleHook","filename":"sql.py","lineno":879}
{"timestamp":"2026-07-08T14:39:28.884083Z","level":"info","event":"Poking: SELECT COUNT(*) FROM demo_user.client_b_load_status\nWHERE status = 'COMPLETE' AND processed = 0 (with parameters None)","logger":"airflow.task.operators.airflow.providers.common.sql.sensors.sql.SqlSensor","filename":"sql.py","lineno":100}
{"timestamp":"2026-07-08T14:39:28.916214Z","level":"info","event":"Running statement: SELECT COUNT(*) FROM demo_user.client_b_load_status\nWHERE status = 'COMPLETE' AND processed = 0, parameters: None","logger":"airflow.task.hooks.airflow.providers.oracle.hooks.oracle.OracleHook","filename":"sql.py","lineno":861}
{"timestamp":"2026-07-08T14:39:28.916855Z","level":"info","event":"Rows affected: 0","logger":"airflow.task.hooks.airflow.providers.oracle.hooks.oracle.OracleHook","filename":"sql.py","lineno":879}
{"timestamp":"2026-07-08T14:39:38.936122Z","level":"info","event":"Poking: SELECT COUNT(*) FROM demo_user.client_b_load_status\nWHERE status = 'COMPLETE' AND processed = 0 (with parameters None)","logger":"airflow.task.operators.airflow.providers.common.sql.sensors.sql.SqlSensor","filename":"sql.py","lineno":100}
{"timestamp":"2026-07-08T14:39:38.969414Z","level":"info","event":"Running statement: SELECT COUNT(*) FROM demo_user.client_b_load_status\nWHERE status = 'COMPLETE' AND processed = 0, parameters: None","logger":"airflow.task.hooks.airflow.providers.oracle.hooks.oracle.OracleHook","filename":"sql.py","lineno":861}
{"timestamp":"2026-07-08T14:39:38.970075Z","level":"info","event":"Rows affected: 0","logger":"airflow.task.hooks.airflow.providers.oracle.hooks.oracle.OracleHook","filename":"sql.py","lineno":879}
{"timestamp":"2026-07-08T14:39:49.004038Z","level":"info","event":"Poking: SELECT COUNT(*) FROM demo_user.client_b_load_status\nWHERE status = 'COMPLETE' AND processed = 0 (with parameters None)","logger":"airflow.task.operators.airflow.providers.common.sql.sensors.sql.SqlSensor","filename":"sql.py","lineno":100}
{"timestamp":"2026-07-08T14:39:49.042851Z","level":"info","event":"Running statement: SELECT COUNT(*) FROM demo_user.client_b_load_status\nWHERE status = 'COMPLETE' AND processed = 0, parameters: None","logger":"airflow.task.hooks.airflow.providers.oracle.hooks.oracle.OracleHook","filename":"sql.py","lineno":861}
{"timestamp":"2026-07-08T14:39:49.044034Z","level":"info","event":"Rows affected: 0","logger":"airflow.task.hooks.airflow.providers.oracle.hooks.oracle.OracleHook","filename":"sql.py","lineno":879}
{"timestamp":"2026-07-08T14:39:59.077476Z","level":"info","event":"Poking: SELECT COUNT(*) FROM demo_user.client_b_load_status\nWHERE status = 'COMPLETE' AND processed = 0 (with parameters None)","logger":"airflow.task.operators.airflow.providers.common.sql.sensors.sql.SqlSensor","filename":"sql.py","lineno":100}
{"timestamp":"2026-07-08T14:39:59.112257Z","level":"info","event":"Running statement: SELECT COUNT(*) FROM demo_user.client_b_load_status\nWHERE status = 'COMPLETE' AND processed = 0, parameters: None","logger":"airflow.task.hooks.airflow.providers.oracle.hooks.oracle.OracleHook","filename":"sql.py","lineno":861}
{"timestamp":"2026-07-08T14:39:59.113229Z","level":"info","event":"Rows affected: 0","logger":"airflow.task.hooks.airflow.providers.oracle.hooks.oracle.OracleHook","filename":"sql.py","lineno":879}
{"timestamp":"2026-07-08T14:40:09.145338Z","level":"info","event":"Poking: SELECT COUNT(*) FROM demo_user.client_b_load_status\nWHERE status = 'COMPLETE' AND processed = 0 (with parameters None)","logger":"airflow.task.operators.airflow.providers.common.sql.sensors.sql.SqlSensor","filename":"sql.py","lineno":100}
{"timestamp":"2026-07-08T14:40:09.186142Z","level":"info","event":"Running statement: SELECT COUNT(*) FROM demo_user.client_b_load_status\nWHERE status = 'COMPLETE' AND processed = 0, parameters: None","logger":"airflow.task.hooks.airflow.providers.oracle.hooks.oracle.OracleHook","filename":"sql.py","lineno":861}
{"timestamp":"2026-07-08T14:40:09.186739Z","level":"info","event":"Rows affected: 0","logger":"airflow.task.hooks.airflow.providers.oracle.hooks.oracle.OracleHook","filename":"sql.py","lineno":879}
{"timestamp":"2026-07-08T14:40:19.209466Z","level":"info","event":"Poking: SELECT COUNT(*) FROM demo_user.client_b_load_status\nWHERE status = 'COMPLETE' AND processed = 0 (with parameters None)","logger":"airflow.task.operators.airflow.providers.common.sql.sensors.sql.SqlSensor","filename":"sql.py","lineno":100}
{"timestamp":"2026-07-08T14:40:19.244643Z","level":"info","event":"Running statement: SELECT COUNT(*) FROM demo_user.client_b_load_status\nWHERE status = 'COMPLETE' AND processed = 0, parameters: None","logger":"airflow.task.hooks.airflow.providers.oracle.hooks.oracle.OracleHook","filename":"sql.py","lineno":861}
{"timestamp":"2026-07-08T14:40:19.245715Z","level":"info","event":"Rows affected: 0","logger":"airflow.task.hooks.airflow.providers.oracle.hooks.oracle.OracleHook","filename":"sql.py","lineno":879}
{"timestamp":"2026-07-08T14:40:29.267006Z","level":"info","event":"Poking: SELECT COUNT(*) FROM demo_user.client_b_load_status\nWHERE status = 'COMPLETE' AND processed = 0 (with parameters None)","logger":"airflow.task.operators.airflow.providers.common.sql.sensors.sql.SqlSensor","filename":"sql.py","lineno":100}
{"timestamp":"2026-07-08T14:40:29.303698Z","level":"info","event":"Running statement: SELECT COUNT(*) FROM demo_user.client_b_load_status\nWHERE status = 'COMPLETE' AND processed = 0, parameters: None","logger":"airflow.task.hooks.airflow.providers.oracle.hooks.oracle.OracleHook","filename":"sql.py","lineno":861}
{"timestamp":"2026-07-08T14:40:29.304480Z","level":"info","event":"Rows affected: 0","logger":"airflow.task.hooks.airflow.providers.oracle.hooks.oracle.OracleHook","filename":"sql.py","lineno":879}
{"timestamp":"2026-07-08T14:40:39.331674Z","level":"info","event":"Poking: SELECT COUNT(*) FROM demo_user.client_b_load_status\nWHERE status = 'COMPLETE' AND processed = 0 (with parameters None)","logger":"airflow.task.operators.airflow.providers.common.sql.sensors.sql.SqlSensor","filename":"sql.py","lineno":100}
{"timestamp":"2026-07-08T14:40:39.373674Z","level":"info","event":"Running statement: SELECT COUNT(*) FROM demo_user.client_b_load_status\nWHERE status = 'COMPLETE' AND processed = 0, parameters: None","logger":"airflow.task.hooks.airflow.providers.oracle.hooks.oracle.OracleHook","filename":"sql.py","lineno":861}
{"timestamp":"2026-07-08T14:40:39.374529Z","level":"info","event":"Rows affected: 0","logger":"airflow.task.hooks.airflow.providers.oracle.hooks.oracle.OracleHook","filename":"sql.py","lineno":879}
{"timestamp":"2026-07-08T14:40:49.405926Z","level":"info","event":"Poking: SELECT COUNT(*) FROM demo_user.client_b_load_status\nWHERE status = 'COMPLETE' AND processed = 0 (with parameters None)","logger":"airflow.task.operators.airflow.providers.common.sql.sensors.sql.SqlSensor","filename":"sql.py","lineno":100}
{"timestamp":"2026-07-08T14:40:49.453646Z","level":"info","event":"Running statement: SELECT COUNT(*) FROM demo_user.client_b_load_status\nWHERE status = 'COMPLETE' AND processed = 0, parameters: None","logger":"airflow.task.hooks.airflow.providers.oracle.hooks.oracle.OracleHook","filename":"sql.py","lineno":861}
{"timestamp":"2026-07-08T14:40:49.454589Z","level":"info","event":"Rows affected: 0","logger":"airflow.task.hooks.airflow.providers.oracle.hooks.oracle.OracleHook","filename":"sql.py","lineno":879}
{"timestamp":"2026-07-08T14:40:59.476122Z","level":"info","event":"Poking: SELECT COUNT(*) FROM demo_user.client_b_load_status\nWHERE status = 'COMPLETE' AND processed = 0 (with parameters None)","logger":"airflow.task.operators.airflow.providers.common.sql.sensors.sql.SqlSensor","filename":"sql.py","lineno":100}
{"timestamp":"2026-07-08T14:40:59.509485Z","level":"info","event":"Running statement: SELECT COUNT(*) FROM demo_user.client_b_load_status\nWHERE status = 'COMPLETE' AND processed = 0, parameters: None","logger":"airflow.task.hooks.airflow.providers.oracle.hooks.oracle.OracleHook","filename":"sql.py","lineno":861}
{"timestamp":"2026-07-08T14:40:59.510327Z","level":"info","event":"Rows affected: 0","logger":"airflow.task.hooks.airflow.providers.oracle.hooks.oracle.OracleHook","filename":"sql.py","lineno":879}
{"timestamp":"2026-07-08T14:41:09.535162Z","level":"info","event":"Poking: SELECT COUNT(*) FROM demo_user.client_b_load_status\nWHERE status = 'COMPLETE' AND processed = 0 (with parameters None)","logger":"airflow.task.operators.airflow.providers.common.sql.sensors.sql.SqlSensor","filename":"sql.py","lineno":100}
{"timestamp":"2026-07-08T14:41:09.573060Z","level":"info","event":"Running statement: SELECT COUNT(*) FROM demo_user.client_b_load_status\nWHERE status = 'COMPLETE' AND processed = 0, parameters: None","logger":"airflow.task.hooks.airflow.providers.oracle.hooks.oracle.OracleHook","filename":"sql.py","lineno":861}
{"timestamp":"2026-07-08T14:41:09.573777Z","level":"info","event":"Rows affected: 0","logger":"airflow.task.hooks.airflow.providers.oracle.hooks.oracle.OracleHook","filename":"sql.py","lineno":879}
{"timestamp":"2026-07-08T14:41:19.589559Z","level":"info","event":"Poking: SELECT COUNT(*) FROM demo_user.client_b_load_status\nWHERE status = 'COMPLETE' AND processed = 0 (with parameters None)","logger":"airflow.task.operators.airflow.providers.common.sql.sensors.sql.SqlSensor","filename":"sql.py","lineno":100}
{"timestamp":"2026-07-08T14:41:19.632934Z","level":"info","event":"Running statement: SELECT COUNT(*) FROM demo_user.client_b_load_status\nWHERE status = 'COMPLETE' AND processed = 0, parameters: None","logger":"airflow.task.hooks.airflow.providers.oracle.hooks.oracle.OracleHook","filename":"sql.py","lineno":861}
{"timestamp":"2026-07-08T14:41:19.633691Z","level":"info","event":"Rows affected: 0","logger":"airflow.task.hooks.airflow.providers.oracle.hooks.oracle.OracleHook","filename":"sql.py","lineno":879}
{"timestamp":"2026-07-08T14:41:29.669060Z","level":"info","event":"Poking: SELECT COUNT(*) FROM demo_user.client_b_load_status\nWHERE status = 'COMPLETE' AND processed = 0 (with parameters None)","logger":"airflow.task.operators.airflow.providers.common.sql.sensors.sql.SqlSensor","filename":"sql.py","lineno":100}
{"timestamp":"2026-07-08T14:41:29.716749Z","level":"info","event":"Running statement: SELECT COUNT(*) FROM demo_user.client_b_load_status\nWHERE status = 'COMPLETE' AND processed = 0, parameters: None","logger":"airflow.task.hooks.airflow.providers.oracle.hooks.oracle.OracleHook","filename":"sql.py","lineno":861}
{"timestamp":"2026-07-08T14:41:29.717693Z","level":"info","event":"Rows affected: 0","logger":"airflow.task.hooks.airflow.providers.oracle.hooks.oracle.OracleHook","filename":"sql.py","lineno":879}
{"timestamp":"2026-07-08T14:41:39.746341Z","level":"info","event":"Poking: SELECT COUNT(*) FROM demo_user.client_b_load_status\nWHERE status = 'COMPLETE' AND processed = 0 (with parameters None)","logger":"airflow.task.operators.airflow.providers.common.sql.sensors.sql.SqlSensor","filename":"sql.py","lineno":100}
{"timestamp":"2026-07-08T14:41:39.791335Z","level":"info","event":"Running statement: SELECT COUNT(*) FROM demo_user.client_b_load_status\nWHERE status = 'COMPLETE' AND processed = 0, parameters: None","logger":"airflow.task.hooks.airflow.providers.oracle.hooks.oracle.OracleHook","filename":"sql.py","lineno":861}
{"timestamp":"2026-07-08T14:41:39.792783Z","level":"info","event":"Rows affected: 0","logger":"airflow.task.hooks.airflow.providers.oracle.hooks.oracle.OracleHook","filename":"sql.py","lineno":879}
{"timestamp":"2026-07-08T14:41:49.817146Z","level":"info","event":"Poking: SELECT COUNT(*) FROM demo_user.client_b_load_status\nWHERE status = 'COMPLETE' AND processed = 0 (with parameters None)","logger":"airflow.task.operators.airflow.providers.common.sql.sensors.sql.SqlSensor","filename":"sql.py","lineno":100}
{"timestamp":"2026-07-08T14:41:49.863957Z","level":"info","event":"Running statement: SELECT COUNT(*) FROM demo_user.client_b_load_status\nWHERE status = 'COMPLETE' AND processed = 0, parameters: None","logger":"airflow.task.hooks.airflow.providers.oracle.hooks.oracle.OracleHook","filename":"sql.py","lineno":861}
{"timestamp":"2026-07-08T14:41:49.864897Z","level":"info","event":"Rows affected: 0","logger":"airflow.task.hooks.airflow.providers.oracle.hooks.oracle.OracleHook","filename":"sql.py","lineno":879}
{"timestamp":"2026-07-08T14:41:59.894284Z","level":"info","event":"Poking: SELECT COUNT(*) FROM demo_user.client_b_load_status\nWHERE status = 'COMPLETE' AND processed = 0 (with parameters None)","logger":"airflow.task.operators.airflow.providers.common.sql.sensors.sql.SqlSensor","filename":"sql.py","lineno":100}
{"timestamp":"2026-07-08T14:41:59.942429Z","level":"info","event":"Running statement: SELECT COUNT(*) FROM demo_user.client_b_load_status\nWHERE status = 'COMPLETE' AND processed = 0, parameters: None","logger":"airflow.task.hooks.airflow.providers.oracle.hooks.oracle.OracleHook","filename":"sql.py","lineno":861}
{"timestamp":"2026-07-08T14:41:59.943312Z","level":"info","event":"Rows affected: 0","logger":"airflow.task.hooks.airflow.providers.oracle.hooks.oracle.OracleHook","filename":"sql.py","lineno":879}
{"timestamp":"2026-07-08T14:42:09.971333Z","level":"info","event":"Poking: SELECT COUNT(*) FROM demo_user.client_b_load_status\nWHERE status = 'COMPLETE' AND processed = 0 (with parameters None)","logger":"airflow.task.operators.airflow.providers.common.sql.sensors.sql.SqlSensor","filename":"sql.py","lineno":100}
{"timestamp":"2026-07-08T14:42:10.008299Z","level":"info","event":"Running statement: SELECT COUNT(*) FROM demo_user.client_b_load_status\nWHERE status = 'COMPLETE' AND processed = 0, parameters: None","logger":"airflow.task.hooks.airflow.providers.oracle.hooks.oracle.OracleHook","filename":"sql.py","lineno":861}
{"timestamp":"2026-07-08T14:42:10.009278Z","level":"info","event":"Rows affected: 0","logger":"airflow.task.hooks.airflow.providers.oracle.hooks.oracle.OracleHook","filename":"sql.py","lineno":879}
{"timestamp":"2026-07-08T14:42:20.045902Z","level":"info","event":"Poking: SELECT COUNT(*) FROM demo_user.client_b_load_status\nWHERE status = 'COMPLETE' AND processed = 0 (with parameters None)","logger":"airflow.task.operators.airflow.providers.common.sql.sensors.sql.SqlSensor","filename":"sql.py","lineno":100}
{"timestamp":"2026-07-08T14:42:20.093463Z","level":"info","event":"Running statement: SELECT COUNT(*) FROM demo_user.client_b_load_status\nWHERE status = 'COMPLETE' AND processed = 0, parameters: None","logger":"airflow.task.hooks.airflow.providers.oracle.hooks.oracle.OracleHook","filename":"sql.py","lineno":861}
{"timestamp":"2026-07-08T14:42:20.094351Z","level":"info","event":"Rows affected: 0","logger":"airflow.task.hooks.airflow.providers.oracle.hooks.oracle.OracleHook","filename":"sql.py","lineno":879}
{"timestamp":"2026-07-08T14:42:30.117286Z","level":"info","event":"Poking: SELECT COUNT(*) FROM demo_user.client_b_load_status\nWHERE status = 'COMPLETE' AND processed = 0 (with parameters None)","logger":"airflow.task.operators.airflow.providers.common.sql.sensors.sql.SqlSensor","filename":"sql.py","lineno":100}
{"timestamp":"2026-07-08T14:42:30.156255Z","level":"info","event":"Running statement: SELECT COUNT(*) FROM demo_user.client_b_load_status\nWHERE status = 'COMPLETE' AND processed = 0, parameters: None","logger":"airflow.task.hooks.airflow.providers.oracle.hooks.oracle.OracleHook","filename":"sql.py","lineno":861}
{"timestamp":"2026-07-08T14:42:30.157276Z","level":"info","event":"Rows affected: 0","logger":"airflow.task.hooks.airflow.providers.oracle.hooks.oracle.OracleHook","filename":"sql.py","lineno":879}
{"timestamp":"2026-07-08T14:42:40.213168Z","level":"info","event":"Poking: SELECT COUNT(*) FROM demo_user.client_b_load_status\nWHERE status = 'COMPLETE' AND processed = 0 (with parameters None)","logger":"airflow.task.operators.airflow.providers.common.sql.sensors.sql.SqlSensor","filename":"sql.py","lineno":100}
{"timestamp":"2026-07-08T14:42:40.291712Z","level":"info","event":"Running statement: SELECT COUNT(*) FROM demo_user.client_b_load_status\nWHERE status = 'COMPLETE' AND processed = 0, parameters: None","logger":"airflow.task.hooks.airflow.providers.oracle.hooks.oracle.OracleHook","filename":"sql.py","lineno":861}
{"timestamp":"2026-07-08T14:42:40.292378Z","level":"info","event":"Rows affected: 0","logger":"airflow.task.hooks.airflow.providers.oracle.hooks.oracle.OracleHook","filename":"sql.py","lineno":879}
{"timestamp":"2026-07-08T14:42:50.314282Z","level":"info","event":"Poking: SELECT COUNT(*) FROM demo_user.client_b_load_status\nWHERE status = 'COMPLETE' AND processed = 0 (with parameters None)","logger":"airflow.task.operators.airflow.providers.common.sql.sensors.sql.SqlSensor","filename":"sql.py","lineno":100}
{"timestamp":"2026-07-08T14:42:50.349297Z","level":"info","event":"Running statement: SELECT COUNT(*) FROM demo_user.client_b_load_status\nWHERE status = 'COMPLETE' AND processed = 0, parameters: None","logger":"airflow.task.hooks.airflow.providers.oracle.hooks.oracle.OracleHook","filename":"sql.py","lineno":861}
{"timestamp":"2026-07-08T14:42:50.350112Z","level":"info","event":"Rows affected: 0","logger":"airflow.task.hooks.airflow.providers.oracle.hooks.oracle.OracleHook","filename":"sql.py","lineno":879}
{"timestamp":"2026-07-08T14:43:00.374632Z","level":"info","event":"Poking: SELECT COUNT(*) FROM demo_user.client_b_load_status\nWHERE status = 'COMPLETE' AND processed = 0 (with parameters None)","logger":"airflow.task.operators.airflow.providers.common.sql.sensors.sql.SqlSensor","filename":"sql.py","lineno":100}
{"timestamp":"2026-07-08T14:43:00.412548Z","level":"info","event":"Running statement: SELECT COUNT(*) FROM demo_user.client_b_load_status\nWHERE status = 'COMPLETE' AND processed = 0, parameters: None","logger":"airflow.task.hooks.airflow.providers.oracle.hooks.oracle.OracleHook","filename":"sql.py","lineno":861}
{"timestamp":"2026-07-08T14:43:00.413418Z","level":"info","event":"Rows affected: 0","logger":"airflow.task.hooks.airflow.providers.oracle.hooks.oracle.OracleHook","filename":"sql.py","lineno":879}
{"timestamp":"2026-07-08T14:43:10.440628Z","level":"info","event":"Poking: SELECT COUNT(*) FROM demo_user.client_b_load_status\nWHERE status = 'COMPLETE' AND processed = 0 (with parameters None)","logger":"airflow.task.operators.airflow.providers.common.sql.sensors.sql.SqlSensor","filename":"sql.py","lineno":100}
{"timestamp":"2026-07-08T14:43:10.476978Z","level":"info","event":"Running statement: SELECT COUNT(*) FROM demo_user.client_b_load_status\nWHERE status = 'COMPLETE' AND processed = 0, parameters: None","logger":"airflow.task.hooks.airflow.providers.oracle.hooks.oracle.OracleHook","filename":"sql.py","lineno":861}
{"timestamp":"2026-07-08T14:43:10.477669Z","level":"info","event":"Rows affected: 0","logger":"airflow.task.hooks.airflow.providers.oracle.hooks.oracle.OracleHook","filename":"sql.py","lineno":879}
{"timestamp":"2026-07-08T14:43:20.546560Z","level":"info","event":"Poking: SELECT COUNT(*) FROM demo_user.client_b_load_status\nWHERE status = 'COMPLETE' AND processed = 0 (with parameters None)","logger":"airflow.task.operators.airflow.providers.common.sql.sensors.sql.SqlSensor","filename":"sql.py","lineno":100}
{"timestamp":"2026-07-08T14:43:20.617602Z","level":"info","event":"Running statement: SELECT COUNT(*) FROM demo_user.client_b_load_status\nWHERE status = 'COMPLETE' AND processed = 0, parameters: None","logger":"airflow.task.hooks.airflow.providers.oracle.hooks.oracle.OracleHook","filename":"sql.py","lineno":861}
{"timestamp":"2026-07-08T14:43:20.618466Z","level":"info","event":"Rows affected: 0","logger":"airflow.task.hooks.airflow.providers.oracle.hooks.oracle.OracleHook","filename":"sql.py","lineno":879}
{"timestamp":"2026-07-08T14:43:30.639348Z","level":"info","event":"Poking: SELECT COUNT(*) FROM demo_user.client_b_load_status\nWHERE status = 'COMPLETE' AND processed = 0 (with parameters None)","logger":"airflow.task.operators.airflow.providers.common.sql.sensors.sql.SqlSensor","filename":"sql.py","lineno":100}
{"timestamp":"2026-07-08T14:43:30.672357Z","level":"info","event":"Running statement: SELECT COUNT(*) FROM demo_user.client_b_load_status\nWHERE status = 'COMPLETE' AND processed = 0, parameters: None","logger":"airflow.task.hooks.airflow.providers.oracle.hooks.oracle.OracleHook","filename":"sql.py","lineno":861}
{"timestamp":"2026-07-08T14:43:30.673080Z","level":"info","event":"Rows affected: 0","logger":"airflow.task.hooks.airflow.providers.oracle.hooks.oracle.OracleHook","filename":"sql.py","lineno":879}
{"timestamp":"2026-07-08T14:43:40.695087Z","level":"info","event":"Poking: SELECT COUNT(*) FROM demo_user.client_b_load_status\nWHERE status = 'COMPLETE' AND processed = 0 (with parameters None)","logger":"airflow.task.operators.airflow.providers.common.sql.sensors.sql.SqlSensor","filename":"sql.py","lineno":100}
{"timestamp":"2026-07-08T14:43:40.741703Z","level":"info","event":"Running statement: SELECT COUNT(*) FROM demo_user.client_b_load_status\nWHERE status = 'COMPLETE' AND processed = 0, parameters: None","logger":"airflow.task.hooks.airflow.providers.oracle.hooks.oracle.OracleHook","filename":"sql.py","lineno":861}
{"timestamp":"2026-07-08T14:43:40.742422Z","level":"info","event":"Rows affected: 0","logger":"airflow.task.hooks.airflow.providers.oracle.hooks.oracle.OracleHook","filename":"sql.py","lineno":879}
{"timestamp":"2026-07-08T14:43:50.765448Z","level":"info","event":"Poking: SELECT COUNT(*) FROM demo_user.client_b_load_status\nWHERE status = 'COMPLETE' AND processed = 0 (with parameters None)","logger":"airflow.task.operators.airflow.providers.common.sql.sensors.sql.SqlSensor","filename":"sql.py","lineno":100}
{"timestamp":"2026-07-08T14:43:50.813222Z","level":"info","event":"Running statement: SELECT COUNT(*) FROM demo_user.client_b_load_status\nWHERE status = 'COMPLETE' AND processed = 0, parameters: None","logger":"airflow.task.hooks.airflow.providers.oracle.hooks.oracle.OracleHook","filename":"sql.py","lineno":861}
{"timestamp":"2026-07-08T14:43:50.814262Z","level":"info","event":"Rows affected: 0","logger":"airflow.task.hooks.airflow.providers.oracle.hooks.oracle.OracleHook","filename":"sql.py","lineno":879}
{"timestamp":"2026-07-08T14:44:00.841762Z","level":"info","event":"Poking: SELECT COUNT(*) FROM demo_user.client_b_load_status\nWHERE status = 'COMPLETE' AND processed = 0 (with parameters None)","logger":"airflow.task.operators.airflow.providers.common.sql.sensors.sql.SqlSensor","filename":"sql.py","lineno":100}
{"timestamp":"2026-07-08T14:44:00.873950Z","level":"info","event":"Running statement: SELECT COUNT(*) FROM demo_user.client_b_load_status\nWHERE status = 'COMPLETE' AND processed = 0, parameters: None","logger":"airflow.task.hooks.airflow.providers.oracle.hooks.oracle.OracleHook","filename":"sql.py","lineno":861}
{"timestamp":"2026-07-08T14:44:00.874685Z","level":"info","event":"Rows affected: 0","logger":"airflow.task.hooks.airflow.providers.oracle.hooks.oracle.OracleHook","filename":"sql.py","lineno":879}
{"timestamp":"2026-07-08T14:44:10.906066Z","level":"info","event":"Poking: SELECT COUNT(*) FROM demo_user.client_b_load_status\nWHERE status = 'COMPLETE' AND processed = 0 (with parameters None)","logger":"airflow.task.operators.airflow.providers.common.sql.sensors.sql.SqlSensor","filename":"sql.py","lineno":100}
{"timestamp":"2026-07-08T14:44:10.956530Z","level":"info","event":"Running statement: SELECT COUNT(*) FROM demo_user.client_b_load_status\nWHERE status = 'COMPLETE' AND processed = 0, parameters: None","logger":"airflow.task.hooks.airflow.providers.oracle.hooks.oracle.OracleHook","filename":"sql.py","lineno":861}
{"timestamp":"2026-07-08T14:44:10.957314Z","level":"info","event":"Rows affected: 0","logger":"airflow.task.hooks.airflow.providers.oracle.hooks.oracle.OracleHook","filename":"sql.py","lineno":879}
{"timestamp":"2026-07-08T14:44:20.988934Z","level":"info","event":"Poking: SELECT COUNT(*) FROM demo_user.client_b_load_status\nWHERE status = 'COMPLETE' AND processed = 0 (with parameters None)","logger":"airflow.task.operators.airflow.providers.common.sql.sensors.sql.SqlSensor","filename":"sql.py","lineno":100}
{"timestamp":"2026-07-08T14:44:21.025918Z","level":"info","event":"Running statement: SELECT COUNT(*) FROM demo_user.client_b_load_status\nWHERE status = 'COMPLETE' AND processed = 0, parameters: None","logger":"airflow.task.hooks.airflow.providers.oracle.hooks.oracle.OracleHook","filename":"sql.py","lineno":861}
{"timestamp":"2026-07-08T14:44:21.026667Z","level":"info","event":"Rows affected: 0","logger":"airflow.task.hooks.airflow.providers.oracle.hooks.oracle.OracleHook","filename":"sql.py","lineno":879}
{"timestamp":"2026-07-08T14:44:31.059980Z","level":"info","event":"Poking: SELECT COUNT(*) FROM demo_user.client_b_load_status\nWHERE status = 'COMPLETE' AND processed = 0 (with parameters None)","logger":"airflow.task.operators.airflow.providers.common.sql.sensors.sql.SqlSensor","filename":"sql.py","lineno":100}
{"timestamp":"2026-07-08T14:44:31.097544Z","level":"info","event":"Running statement: SELECT COUNT(*) FROM demo_user.client_b_load_status\nWHERE status = 'COMPLETE' AND processed = 0, parameters: None","logger":"airflow.task.hooks.airflow.providers.oracle.hooks.oracle.OracleHook","filename":"sql.py","lineno":861}
{"timestamp":"2026-07-08T14:44:31.098169Z","level":"info","event":"Rows affected: 0","logger":"airflow.task.hooks.airflow.providers.oracle.hooks.oracle.OracleHook","filename":"sql.py","lineno":879}
{"timestamp":"2026-07-08T14:44:41.121050Z","level":"info","event":"Poking: SELECT COUNT(*) FROM demo_user.client_b_load_status\nWHERE status = 'COMPLETE' AND processed = 0 (with parameters None)","logger":"airflow.task.operators.airflow.providers.common.sql.sensors.sql.SqlSensor","filename":"sql.py","lineno":100}
{"timestamp":"2026-07-08T14:44:41.164718Z","level":"info","event":"Running statement: SELECT COUNT(*) FROM demo_user.client_b_load_status\nWHERE status = 'COMPLETE' AND processed = 0, parameters: None","logger":"airflow.task.hooks.airflow.providers.oracle.hooks.oracle.OracleHook","filename":"sql.py","lineno":861}
{"timestamp":"2026-07-08T14:44:41.165510Z","level":"info","event":"Rows affected: 0","logger":"airflow.task.hooks.airflow.providers.oracle.hooks.oracle.OracleHook","filename":"sql.py","lineno":879}
{"timestamp":"2026-07-08T14:44:51.213530Z","level":"info","event":"Poking: SELECT COUNT(*) FROM demo_user.client_b_load_status\nWHERE status = 'COMPLETE' AND processed = 0 (with parameters None)","logger":"airflow.task.operators.airflow.providers.common.sql.sensors.sql.SqlSensor","filename":"sql.py","lineno":100}
{"timestamp":"2026-07-08T14:44:51.259278Z","level":"info","event":"Running statement: SELECT COUNT(*) FROM demo_user.client_b_load_status\nWHERE status = 'COMPLETE' AND processed = 0, parameters: None","logger":"airflow.task.hooks.airflow.providers.oracle.hooks.oracle.OracleHook","filename":"sql.py","lineno":861}
{"timestamp":"2026-07-08T14:44:51.260303Z","level":"info","event":"Rows affected: 0","logger":"airflow.task.hooks.airflow.providers.oracle.hooks.oracle.OracleHook","filename":"sql.py","lineno":879}
{"timestamp":"2026-07-08T14:45:01.288080Z","level":"info","event":"Poking: SELECT COUNT(*) FROM demo_user.client_b_load_status\nWHERE status = 'COMPLETE' AND processed = 0 (with parameters None)","logger":"airflow.task.operators.airflow.providers.common.sql.sensors.sql.SqlSensor","filename":"sql.py","lineno":100}
{"timestamp":"2026-07-08T14:45:01.323432Z","level":"info","event":"Running statement: SELECT COUNT(*) FROM demo_user.client_b_load_status\nWHERE status = 'COMPLETE' AND processed = 0, parameters: None","logger":"airflow.task.hooks.airflow.providers.oracle.hooks.oracle.OracleHook","filename":"sql.py","lineno":861}
{"timestamp":"2026-07-08T14:45:01.324215Z","level":"info","event":"Rows affected: 0","logger":"airflow.task.hooks.airflow.providers.oracle.hooks.oracle.OracleHook","filename":"sql.py","lineno":879}
{"timestamp":"2026-07-08T14:45:11.352309Z","level":"info","event":"Poking: SELECT COUNT(*) FROM demo_user.client_b_load_status\nWHERE status = 'COMPLETE' AND processed = 0 (with parameters None)","logger":"airflow.task.operators.airflow.providers.common.sql.sensors.sql.SqlSensor","filename":"sql.py","lineno":100}
{"timestamp":"2026-07-08T14:45:11.394804Z","level":"info","event":"Running statement: SELECT COUNT(*) FROM demo_user.client_b_load_status\nWHERE status = 'COMPLETE' AND processed = 0, parameters: None","logger":"airflow.task.hooks.airflow.providers.oracle.hooks.oracle.OracleHook","filename":"sql.py","lineno":861}
{"timestamp":"2026-07-08T14:45:11.395578Z","level":"info","event":"Rows affected: 0","logger":"airflow.task.hooks.airflow.providers.oracle.hooks.oracle.OracleHook","filename":"sql.py","lineno":879}
{"timestamp":"2026-07-08T14:45:21.421428Z","level":"info","event":"Poking: SELECT COUNT(*) FROM demo_user.client_b_load_status\nWHERE status = 'COMPLETE' AND processed = 0 (with parameters None)","logger":"airflow.task.operators.airflow.providers.common.sql.sensors.sql.SqlSensor","filename":"sql.py","lineno":100}
{"timestamp":"2026-07-08T14:45:21.455402Z","level":"info","event":"Running statement: SELECT COUNT(*) FROM demo_user.client_b_load_status\nWHERE status = 'COMPLETE' AND processed = 0, parameters: None","logger":"airflow.task.hooks.airflow.providers.oracle.hooks.oracle.OracleHook","filename":"sql.py","lineno":861}
{"timestamp":"2026-07-08T14:45:21.456098Z","level":"info","event":"Rows affected: 0","logger":"airflow.task.hooks.airflow.providers.oracle.hooks.oracle.OracleHook","filename":"sql.py","lineno":879}
{"timestamp":"2026-07-08T14:45:31.478245Z","level":"info","event":"Poking: SELECT COUNT(*) FROM demo_user.client_b_load_status\nWHERE status = 'COMPLETE' AND processed = 0 (with parameters None)","logger":"airflow.task.operators.airflow.providers.common.sql.sensors.sql.SqlSensor","filename":"sql.py","lineno":100}
{"timestamp":"2026-07-08T14:45:31.518113Z","level":"info","event":"Running statement: SELECT COUNT(*) FROM demo_user.client_b_load_status\nWHERE status = 'COMPLETE' AND processed = 0, parameters: None","logger":"airflow.task.hooks.airflow.providers.oracle.hooks.oracle.OracleHook","filename":"sql.py","lineno":861}
{"timestamp":"2026-07-08T14:45:31.519277Z","level":"info","event":"Rows affected: 0","logger":"airflow.task.hooks.airflow.providers.oracle.hooks.oracle.OracleHook","filename":"sql.py","lineno":879}
{"timestamp":"2026-07-08T14:45:41.544625Z","level":"info","event":"Poking: SELECT COUNT(*) FROM demo_user.client_b_load_status\nWHERE status = 'COMPLETE' AND processed = 0 (with parameters None)","logger":"airflow.task.operators.airflow.providers.common.sql.sensors.sql.SqlSensor","filename":"sql.py","lineno":100}
{"timestamp":"2026-07-08T14:45:41.581283Z","level":"info","event":"Running statement: SELECT COUNT(*) FROM demo_user.client_b_load_status\nWHERE status = 'COMPLETE' AND processed = 0, parameters: None","logger":"airflow.task.hooks.airflow.providers.oracle.hooks.oracle.OracleHook","filename":"sql.py","lineno":861}
{"timestamp":"2026-07-08T14:45:41.581901Z","level":"info","event":"Rows affected: 0","logger":"airflow.task.hooks.airflow.providers.oracle.hooks.oracle.OracleHook","filename":"sql.py","lineno":879}
{"timestamp":"2026-07-08T14:45:51.603821Z","level":"info","event":"Poking: SELECT COUNT(*) FROM demo_user.client_b_load_status\nWHERE status = 'COMPLETE' AND processed = 0 (with parameters None)","logger":"airflow.task.operators.airflow.providers.common.sql.sensors.sql.SqlSensor","filename":"sql.py","lineno":100}
{"timestamp":"2026-07-08T14:45:51.646065Z","level":"info","event":"Running statement: SELECT COUNT(*) FROM demo_user.client_b_load_status\nWHERE status = 'COMPLETE' AND processed = 0, parameters: None","logger":"airflow.task.hooks.airflow.providers.oracle.hooks.oracle.OracleHook","filename":"sql.py","lineno":861}
{"timestamp":"2026-07-08T14:45:51.646771Z","level":"info","event":"Rows affected: 0","logger":"airflow.task.hooks.airflow.providers.oracle.hooks.oracle.OracleHook","filename":"sql.py","lineno":879}
{"timestamp":"2026-07-08T14:46:01.665344Z","level":"info","event":"Poking: SELECT COUNT(*) FROM demo_user.client_b_load_status\nWHERE status = 'COMPLETE' AND processed = 0 (with parameters None)","logger":"airflow.task.operators.airflow.providers.common.sql.sensors.sql.SqlSensor","filename":"sql.py","lineno":100}
{"timestamp":"2026-07-08T14:46:01.699157Z","level":"info","event":"Running statement: SELECT COUNT(*) FROM demo_user.client_b_load_status\nWHERE status = 'COMPLETE' AND processed = 0, parameters: None","logger":"airflow.task.hooks.airflow.providers.oracle.hooks.oracle.OracleHook","filename":"sql.py","lineno":861}
{"timestamp":"2026-07-08T14:46:01.699922Z","level":"info","event":"Rows affected: 0","logger":"airflow.task.hooks.airflow.providers.oracle.hooks.oracle.OracleHook","filename":"sql.py","lineno":879}
{"timestamp":"2026-07-08T14:46:11.724781Z","level":"info","event":"Poking: SELECT COUNT(*) FROM demo_user.client_b_load_status\nWHERE status = 'COMPLETE' AND processed = 0 (with parameters None)","logger":"airflow.task.operators.airflow.providers.common.sql.sensors.sql.SqlSensor","filename":"sql.py","lineno":100}
{"timestamp":"2026-07-08T14:46:11.757879Z","level":"info","event":"Running statement: SELECT COUNT(*) FROM demo_user.client_b_load_status\nWHERE status = 'COMPLETE' AND processed = 0, parameters: None","logger":"airflow.task.hooks.airflow.providers.oracle.hooks.oracle.OracleHook","filename":"sql.py","lineno":861}
{"timestamp":"2026-07-08T14:46:11.758627Z","level":"info","event":"Rows affected: 0","logger":"airflow.task.hooks.airflow.providers.oracle.hooks.oracle.OracleHook","filename":"sql.py","lineno":879}
{"timestamp":"2026-07-08T14:46:21.785073Z","level":"info","event":"Poking: SELECT COUNT(*) FROM demo_user.client_b_load_status\nWHERE status = 'COMPLETE' AND processed = 0 (with parameters None)","logger":"airflow.task.operators.airflow.providers.common.sql.sensors.sql.SqlSensor","filename":"sql.py","lineno":100}
{"timestamp":"2026-07-08T14:46:21.825880Z","level":"info","event":"Running statement: SELECT COUNT(*) FROM demo_user.client_b_load_status\nWHERE status = 'COMPLETE' AND processed = 0, parameters: None","logger":"airflow.task.hooks.airflow.providers.oracle.hooks.oracle.OracleHook","filename":"sql.py","lineno":861}
{"timestamp":"2026-07-08T14:46:21.826651Z","level":"info","event":"Rows affected: 0","logger":"airflow.task.hooks.airflow.providers.oracle.hooks.oracle.OracleHook","filename":"sql.py","lineno":879}
{"timestamp":"2026-07-08T14:46:31.851994Z","level":"info","event":"Poking: SELECT COUNT(*) FROM demo_user.client_b_load_status\nWHERE status = 'COMPLETE' AND processed = 0 (with parameters None)","logger":"airflow.task.operators.airflow.providers.common.sql.sensors.sql.SqlSensor","filename":"sql.py","lineno":100}
{"timestamp":"2026-07-08T14:46:31.902178Z","level":"info","event":"Running statement: SELECT COUNT(*) FROM demo_user.client_b_load_status\nWHERE status = 'COMPLETE' AND processed = 0, parameters: None","logger":"airflow.task.hooks.airflow.providers.oracle.hooks.oracle.OracleHook","filename":"sql.py","lineno":861}
{"timestamp":"2026-07-08T14:46:31.903148Z","level":"info","event":"Rows affected: 0","logger":"airflow.task.hooks.airflow.providers.oracle.hooks.oracle.OracleHook","filename":"sql.py","lineno":879}
{"timestamp":"2026-07-08T14:46:41.929099Z","level":"info","event":"Poking: SELECT COUNT(*) FROM demo_user.client_b_load_status\nWHERE status = 'COMPLETE' AND processed = 0 (with parameters None)","logger":"airflow.task.operators.airflow.providers.common.sql.sensors.sql.SqlSensor","filename":"sql.py","lineno":100}
{"timestamp":"2026-07-08T14:46:41.968068Z","level":"info","event":"Running statement: SELECT COUNT(*) FROM demo_user.client_b_load_status\nWHERE status = 'COMPLETE' AND processed = 0, parameters: None","logger":"airflow.task.hooks.airflow.providers.oracle.hooks.oracle.OracleHook","filename":"sql.py","lineno":861}
{"timestamp":"2026-07-08T14:46:41.968924Z","level":"info","event":"Rows affected: 0","logger":"airflow.task.hooks.airflow.providers.oracle.hooks.oracle.OracleHook","filename":"sql.py","lineno":879}
{"timestamp":"2026-07-08T14:46:52.003585Z","level":"info","event":"Poking: SELECT COUNT(*) FROM demo_user.client_b_load_status\nWHERE status = 'COMPLETE' AND processed = 0 (with parameters None)","logger":"airflow.task.operators.airflow.providers.common.sql.sensors.sql.SqlSensor","filename":"sql.py","lineno":100}
{"timestamp":"2026-07-08T14:46:52.045877Z","level":"info","event":"Running statement: SELECT COUNT(*) FROM demo_user.client_b_load_status\nWHERE status = 'COMPLETE' AND processed = 0, parameters: None","logger":"airflow.task.hooks.airflow.providers.oracle.hooks.oracle.OracleHook","filename":"sql.py","lineno":861}
{"timestamp":"2026-07-08T14:46:52.046895Z","level":"info","event":"Rows affected: 0","logger":"airflow.task.hooks.airflow.providers.oracle.hooks.oracle.OracleHook","filename":"sql.py","lineno":879}
{"timestamp":"2026-07-08T14:47:02.074578Z","level":"info","event":"Poking: SELECT COUNT(*) FROM demo_user.client_b_load_status\nWHERE status = 'COMPLETE' AND processed = 0 (with parameters None)","logger":"airflow.task.operators.airflow.providers.common.sql.sensors.sql.SqlSensor","filename":"sql.py","lineno":100}
{"timestamp":"2026-07-08T14:47:02.109714Z","level":"info","event":"Running statement: SELECT COUNT(*) FROM demo_user.client_b_load_status\nWHERE status = 'COMPLETE' AND processed = 0, parameters: None","logger":"airflow.task.hooks.airflow.providers.oracle.hooks.oracle.OracleHook","filename":"sql.py","lineno":861}
{"timestamp":"2026-07-08T14:47:02.110413Z","level":"info","event":"Rows affected: 0","logger":"airflow.task.hooks.airflow.providers.oracle.hooks.oracle.OracleHook","filename":"sql.py","lineno":879}
{"timestamp":"2026-07-08T14:47:12.128394Z","level":"info","event":"Poking: SELECT COUNT(*) FROM demo_user.client_b_load_status\nWHERE status = 'COMPLETE' AND processed = 0 (with parameters None)","logger":"airflow.task.operators.airflow.providers.common.sql.sensors.sql.SqlSensor","filename":"sql.py","lineno":100}
{"timestamp":"2026-07-08T14:47:12.159420Z","level":"info","event":"Running statement: SELECT COUNT(*) FROM demo_user.client_b_load_status\nWHERE status = 'COMPLETE' AND processed = 0, parameters: None","logger":"airflow.task.hooks.airflow.providers.oracle.hooks.oracle.OracleHook","filename":"sql.py","lineno":861}
{"timestamp":"2026-07-08T14:47:12.160214Z","level":"info","event":"Rows affected: 0","logger":"airflow.task.hooks.airflow.providers.oracle.hooks.oracle.OracleHook","filename":"sql.py","lineno":879}
{"timestamp":"2026-07-08T14:47:22.187688Z","level":"info","event":"Poking: SELECT COUNT(*) FROM demo_user.client_b_load_status\nWHERE status = 'COMPLETE' AND processed = 0 (with parameters None)","logger":"airflow.task.operators.airflow.providers.common.sql.sensors.sql.SqlSensor","filename":"sql.py","lineno":100}
{"timestamp":"2026-07-08T14:47:22.229128Z","level":"info","event":"Running statement: SELECT COUNT(*) FROM demo_user.client_b_load_status\nWHERE status = 'COMPLETE' AND processed = 0, parameters: None","logger":"airflow.task.hooks.airflow.providers.oracle.hooks.oracle.OracleHook","filename":"sql.py","lineno":861}
{"timestamp":"2026-07-08T14:47:22.229977Z","level":"info","event":"Rows affected: 0","logger":"airflow.task.hooks.airflow.providers.oracle.hooks.oracle.OracleHook","filename":"sql.py","lineno":879}
{"timestamp":"2026-07-08T14:47:32.260001Z","level":"info","event":"Poking: SELECT COUNT(*) FROM demo_user.client_b_load_status\nWHERE status = 'COMPLETE' AND processed = 0 (with parameters None)","logger":"airflow.task.operators.airflow.providers.common.sql.sensors.sql.SqlSensor","filename":"sql.py","lineno":100}
{"timestamp":"2026-07-08T14:47:32.298664Z","level":"info","event":"Running statement: SELECT COUNT(*) FROM demo_user.client_b_load_status\nWHERE status = 'COMPLETE' AND processed = 0, parameters: None","logger":"airflow.task.hooks.airflow.providers.oracle.hooks.oracle.OracleHook","filename":"sql.py","lineno":861}
{"timestamp":"2026-07-08T14:47:32.299510Z","level":"info","event":"Rows affected: 0","logger":"airflow.task.hooks.airflow.providers.oracle.hooks.oracle.OracleHook","filename":"sql.py","lineno":879}
{"timestamp":"2026-07-08T14:47:42.322636Z","level":"info","event":"Poking: SELECT COUNT(*) FROM demo_user.client_b_load_status\nWHERE status = 'COMPLETE' AND processed = 0 (with parameters None)","logger":"airflow.task.operators.airflow.providers.common.sql.sensors.sql.SqlSensor","filename":"sql.py","lineno":100}
{"timestamp":"2026-07-08T14:47:42.357364Z","level":"info","event":"Running statement: SELECT COUNT(*) FROM demo_user.client_b_load_status\nWHERE status = 'COMPLETE' AND processed = 0, parameters: None","logger":"airflow.task.hooks.airflow.providers.oracle.hooks.oracle.OracleHook","filename":"sql.py","lineno":861}
{"timestamp":"2026-07-08T14:47:42.358136Z","level":"info","event":"Rows affected: 0","logger":"airflow.task.hooks.airflow.providers.oracle.hooks.oracle.OracleHook","filename":"sql.py","lineno":879}
{"timestamp":"2026-07-08T14:47:52.375374Z","level":"info","event":"Poking: SELECT COUNT(*) FROM demo_user.client_b_load_status\nWHERE status = 'COMPLETE' AND processed = 0 (with parameters None)","logger":"airflow.task.operators.airflow.providers.common.sql.sensors.sql.SqlSensor","filename":"sql.py","lineno":100}
{"timestamp":"2026-07-08T14:47:52.417370Z","level":"info","event":"Running statement: SELECT COUNT(*) FROM demo_user.client_b_load_status\nWHERE status = 'COMPLETE' AND processed = 0, parameters: None","logger":"airflow.task.hooks.airflow.providers.oracle.hooks.oracle.OracleHook","filename":"sql.py","lineno":861}
{"timestamp":"2026-07-08T14:47:52.418627Z","level":"info","event":"Rows affected: 0","logger":"airflow.task.hooks.airflow.providers.oracle.hooks.oracle.OracleHook","filename":"sql.py","lineno":879}
{"timestamp":"2026-07-08T14:48:02.448837Z","level":"info","event":"Poking: SELECT COUNT(*) FROM demo_user.client_b_load_status\nWHERE status = 'COMPLETE' AND processed = 0 (with parameters None)","logger":"airflow.task.operators.airflow.providers.common.sql.sensors.sql.SqlSensor","filename":"sql.py","lineno":100}
{"timestamp":"2026-07-08T14:48:02.491937Z","level":"info","event":"Running statement: SELECT COUNT(*) FROM demo_user.client_b_load_status\nWHERE status = 'COMPLETE' AND processed = 0, parameters: None","logger":"airflow.task.hooks.airflow.providers.oracle.hooks.oracle.OracleHook","filename":"sql.py","lineno":861}
{"timestamp":"2026-07-08T14:48:02.492583Z","level":"info","event":"Rows affected: 0","logger":"airflow.task.hooks.airflow.providers.oracle.hooks.oracle.OracleHook","filename":"sql.py","lineno":879}
{"timestamp":"2026-07-08T14:48:12.510978Z","level":"info","event":"Poking: SELECT COUNT(*) FROM demo_user.client_b_load_status\nWHERE status = 'COMPLETE' AND processed = 0 (with parameters None)","logger":"airflow.task.operators.airflow.providers.common.sql.sensors.sql.SqlSensor","filename":"sql.py","lineno":100}
{"timestamp":"2026-07-08T14:48:12.545223Z","level":"info","event":"Running statement: SELECT COUNT(*) FROM demo_user.client_b_load_status\nWHERE status = 'COMPLETE' AND processed = 0, parameters: None","logger":"airflow.task.hooks.airflow.providers.oracle.hooks.oracle.OracleHook","filename":"sql.py","lineno":861}
{"timestamp":"2026-07-08T14:48:12.545810Z","level":"info","event":"Rows affected: 0","logger":"airflow.task.hooks.airflow.providers.oracle.hooks.oracle.OracleHook","filename":"sql.py","lineno":879}
{"timestamp":"2026-07-08T14:48:22.571101Z","level":"info","event":"Poking: SELECT COUNT(*) FROM demo_user.client_b_load_status\nWHERE status = 'COMPLETE' AND processed = 0 (with parameters None)","logger":"airflow.task.operators.airflow.providers.common.sql.sensors.sql.SqlSensor","filename":"sql.py","lineno":100}
{"timestamp":"2026-07-08T14:48:22.613087Z","level":"info","event":"Running statement: SELECT COUNT(*) FROM demo_user.client_b_load_status\nWHERE status = 'COMPLETE' AND processed = 0, parameters: None","logger":"airflow.task.hooks.airflow.providers.oracle.hooks.oracle.OracleHook","filename":"sql.py","lineno":861}
{"timestamp":"2026-07-08T14:48:22.613805Z","level":"info","event":"Rows affected: 0","logger":"airflow.task.hooks.airflow.providers.oracle.hooks.oracle.OracleHook","filename":"sql.py","lineno":879}
{"timestamp":"2026-07-08T14:48:32.642114Z","level":"info","event":"Poking: SELECT COUNT(*) FROM demo_user.client_b_load_status\nWHERE status = 'COMPLETE' AND processed = 0 (with parameters None)","logger":"airflow.task.operators.airflow.providers.common.sql.sensors.sql.SqlSensor","filename":"sql.py","lineno":100}
{"timestamp":"2026-07-08T14:48:32.679297Z","level":"info","event":"Running statement: SELECT COUNT(*) FROM demo_user.client_b_load_status\nWHERE status = 'COMPLETE' AND processed = 0, parameters: None","logger":"airflow.task.hooks.airflow.providers.oracle.hooks.oracle.OracleHook","filename":"sql.py","lineno":861}
{"timestamp":"2026-07-08T14:48:32.680036Z","level":"info","event":"Rows affected: 0","logger":"airflow.task.hooks.airflow.providers.oracle.hooks.oracle.OracleHook","filename":"sql.py","lineno":879}
{"timestamp":"2026-07-08T14:48:42.700718Z","level":"info","event":"Poking: SELECT COUNT(*) FROM demo_user.client_b_load_status\nWHERE status = 'COMPLETE' AND processed = 0 (with parameters None)","logger":"airflow.task.operators.airflow.providers.common.sql.sensors.sql.SqlSensor","filename":"sql.py","lineno":100}
{"timestamp":"2026-07-08T14:48:42.739464Z","level":"info","event":"Running statement: SELECT COUNT(*) FROM demo_user.client_b_load_status\nWHERE status = 'COMPLETE' AND processed = 0, parameters: None","logger":"airflow.task.hooks.airflow.providers.oracle.hooks.oracle.OracleHook","filename":"sql.py","lineno":861}
{"timestamp":"2026-07-08T14:48:42.740313Z","level":"info","event":"Rows affected: 0","logger":"airflow.task.hooks.airflow.providers.oracle.hooks.oracle.OracleHook","filename":"sql.py","lineno":879}
{"timestamp":"2026-07-08T14:48:52.763778Z","level":"info","event":"Poking: SELECT COUNT(*) FROM demo_user.client_b_load_status\nWHERE status = 'COMPLETE' AND processed = 0 (with parameters None)","logger":"airflow.task.operators.airflow.providers.common.sql.sensors.sql.SqlSensor","filename":"sql.py","lineno":100}
{"timestamp":"2026-07-08T14:48:52.802493Z","level":"info","event":"Running statement: SELECT COUNT(*) FROM demo_user.client_b_load_status\nWHERE status = 'COMPLETE' AND processed = 0, parameters: None","logger":"airflow.task.hooks.airflow.providers.oracle.hooks.oracle.OracleHook","filename":"sql.py","lineno":861}
{"timestamp":"2026-07-08T14:48:52.803386Z","level":"info","event":"Rows affected: 0","logger":"airflow.task.hooks.airflow.providers.oracle.hooks.oracle.OracleHook","filename":"sql.py","lineno":879}
{"timestamp":"2026-07-08T14:49:02.836514Z","level":"info","event":"Poking: SELECT COUNT(*) FROM demo_user.client_b_load_status\nWHERE status = 'COMPLETE' AND processed = 0 (with parameters None)","logger":"airflow.task.operators.airflow.providers.common.sql.sensors.sql.SqlSensor","filename":"sql.py","lineno":100}
{"timestamp":"2026-07-08T14:49:02.878685Z","level":"info","event":"Running statement: SELECT COUNT(*) FROM demo_user.client_b_load_status\nWHERE status = 'COMPLETE' AND processed = 0, parameters: None","logger":"airflow.task.hooks.airflow.providers.oracle.hooks.oracle.OracleHook","filename":"sql.py","lineno":861}
{"timestamp":"2026-07-08T14:49:02.879347Z","level":"info","event":"Rows affected: 0","logger":"airflow.task.hooks.airflow.providers.oracle.hooks.oracle.OracleHook","filename":"sql.py","lineno":879}
{"timestamp":"2026-07-08T14:49:12.896904Z","level":"info","event":"Poking: SELECT COUNT(*) FROM demo_user.client_b_load_status\nWHERE status = 'COMPLETE' AND processed = 0 (with parameters None)","logger":"airflow.task.operators.airflow.providers.common.sql.sensors.sql.SqlSensor","filename":"sql.py","lineno":100}
{"timestamp":"2026-07-08T14:49:12.934357Z","level":"info","event":"Running statement: SELECT COUNT(*) FROM demo_user.client_b_load_status\nWHERE status = 'COMPLETE' AND processed = 0, parameters: None","logger":"airflow.task.hooks.airflow.providers.oracle.hooks.oracle.OracleHook","filename":"sql.py","lineno":861}
{"timestamp":"2026-07-08T14:49:12.935235Z","level":"info","event":"Rows affected: 0","logger":"airflow.task.hooks.airflow.providers.oracle.hooks.oracle.OracleHook","filename":"sql.py","lineno":879}
{"timestamp":"2026-07-08T14:49:22.964118Z","level":"info","event":"Poking: SELECT COUNT(*) FROM demo_user.client_b_load_status\nWHERE status = 'COMPLETE' AND processed = 0 (with parameters None)","logger":"airflow.task.operators.airflow.providers.common.sql.sensors.sql.SqlSensor","filename":"sql.py","lineno":100}
{"timestamp":"2026-07-08T14:49:23.007372Z","level":"info","event":"Running statement: SELECT COUNT(*) FROM demo_user.client_b_load_status\nWHERE status = 'COMPLETE' AND processed = 0, parameters: None","logger":"airflow.task.hooks.airflow.providers.oracle.hooks.oracle.OracleHook","filename":"sql.py","lineno":861}
{"timestamp":"2026-07-08T14:49:23.008155Z","level":"info","event":"Rows affected: 0","logger":"airflow.task.hooks.airflow.providers.oracle.hooks.oracle.OracleHook","filename":"sql.py","lineno":879}
{"timestamp":"2026-07-08T14:49:33.042247Z","level":"info","event":"Poking: SELECT COUNT(*) FROM demo_user.client_b_load_status\nWHERE status = 'COMPLETE' AND processed = 0 (with parameters None)","logger":"airflow.task.operators.airflow.providers.common.sql.sensors.sql.SqlSensor","filename":"sql.py","lineno":100}
{"timestamp":"2026-07-08T14:49:33.079387Z","level":"info","event":"Running statement: SELECT COUNT(*) FROM demo_user.client_b_load_status\nWHERE status = 'COMPLETE' AND processed = 0, parameters: None","logger":"airflow.task.hooks.airflow.providers.oracle.hooks.oracle.OracleHook","filename":"sql.py","lineno":861}
{"timestamp":"2026-07-08T14:49:33.080093Z","level":"info","event":"Rows affected: 0","logger":"airflow.task.hooks.airflow.providers.oracle.hooks.oracle.OracleHook","filename":"sql.py","lineno":879}
{"timestamp":"2026-07-08T14:49:43.099180Z","level":"info","event":"Poking: SELECT COUNT(*) FROM demo_user.client_b_load_status\nWHERE status = 'COMPLETE' AND processed = 0 (with parameters None)","logger":"airflow.task.operators.airflow.providers.common.sql.sensors.sql.SqlSensor","filename":"sql.py","lineno":100}
{"timestamp":"2026-07-08T14:49:43.139725Z","level":"info","event":"Running statement: SELECT COUNT(*) FROM demo_user.client_b_load_status\nWHERE status = 'COMPLETE' AND processed = 0, parameters: None","logger":"airflow.task.hooks.airflow.providers.oracle.hooks.oracle.OracleHook","filename":"sql.py","lineno":861}
{"timestamp":"2026-07-08T14:49:43.140474Z","level":"info","event":"Rows affected: 0","logger":"airflow.task.hooks.airflow.providers.oracle.hooks.oracle.OracleHook","filename":"sql.py","lineno":879}
{"timestamp":"2026-07-08T14:49:53.172007Z","level":"info","event":"Poking: SELECT COUNT(*) FROM demo_user.client_b_load_status\nWHERE status = 'COMPLETE' AND processed = 0 (with parameters None)","logger":"airflow.task.operators.airflow.providers.common.sql.sensors.sql.SqlSensor","filename":"sql.py","lineno":100}
{"timestamp":"2026-07-08T14:49:53.215654Z","level":"info","event":"Running statement: SELECT COUNT(*) FROM demo_user.client_b_load_status\nWHERE status = 'COMPLETE' AND processed = 0, parameters: None","logger":"airflow.task.hooks.airflow.providers.oracle.hooks.oracle.OracleHook","filename":"sql.py","lineno":861}
{"timestamp":"2026-07-08T14:49:53.216614Z","level":"info","event":"Rows affected: 0","logger":"airflow.task.hooks.airflow.providers.oracle.hooks.oracle.OracleHook","filename":"sql.py","lineno":879}
{"timestamp":"2026-07-08T14:50:03.246654Z","level":"info","event":"Poking: SELECT COUNT(*) FROM demo_user.client_b_load_status\nWHERE status = 'COMPLETE' AND processed = 0 (with parameters None)","logger":"airflow.task.operators.airflow.providers.common.sql.sensors.sql.SqlSensor","filename":"sql.py","lineno":100}
{"timestamp":"2026-07-08T14:50:03.284942Z","level":"info","event":"Running statement: SELECT COUNT(*) FROM demo_user.client_b_load_status\nWHERE status = 'COMPLETE' AND processed = 0, parameters: None","logger":"airflow.task.hooks.airflow.providers.oracle.hooks.oracle.OracleHook","filename":"sql.py","lineno":861}
{"timestamp":"2026-07-08T14:50:03.285704Z","level":"info","event":"Rows affected: 0","logger":"airflow.task.hooks.airflow.providers.oracle.hooks.oracle.OracleHook","filename":"sql.py","lineno":879}
{"timestamp":"2026-07-08T14:50:13.313780Z","level":"info","event":"Poking: SELECT COUNT(*) FROM demo_user.client_b_load_status\nWHERE status = 'COMPLETE' AND processed = 0 (with parameters None)","logger":"airflow.task.operators.airflow.providers.common.sql.sensors.sql.SqlSensor","filename":"sql.py","lineno":100}
{"timestamp":"2026-07-08T14:50:13.357400Z","level":"info","event":"Running statement: SELECT COUNT(*) FROM demo_user.client_b_load_status\nWHERE status = 'COMPLETE' AND processed = 0, parameters: None","logger":"airflow.task.hooks.airflow.providers.oracle.hooks.oracle.OracleHook","filename":"sql.py","lineno":861}
{"timestamp":"2026-07-08T14:50:13.358472Z","level":"info","event":"Rows affected: 0","logger":"airflow.task.hooks.airflow.providers.oracle.hooks.oracle.OracleHook","filename":"sql.py","lineno":879}
{"timestamp":"2026-07-08T14:50:23.387932Z","level":"info","event":"Poking: SELECT COUNT(*) FROM demo_user.client_b_load_status\nWHERE status = 'COMPLETE' AND processed = 0 (with parameters None)","logger":"airflow.task.operators.airflow.providers.common.sql.sensors.sql.SqlSensor","filename":"sql.py","lineno":100}
{"timestamp":"2026-07-08T14:50:23.422309Z","level":"info","event":"Running statement: SELECT COUNT(*) FROM demo_user.client_b_load_status\nWHERE status = 'COMPLETE' AND processed = 0, parameters: None","logger":"airflow.task.hooks.airflow.providers.oracle.hooks.oracle.OracleHook","filename":"sql.py","lineno":861}
{"timestamp":"2026-07-08T14:50:23.423020Z","level":"info","event":"Rows affected: 0","logger":"airflow.task.hooks.airflow.providers.oracle.hooks.oracle.OracleHook","filename":"sql.py","lineno":879}
{"timestamp":"2026-07-08T14:50:33.455325Z","level":"info","event":"Poking: SELECT COUNT(*) FROM demo_user.client_b_load_status\nWHERE status = 'COMPLETE' AND processed = 0 (with parameters None)","logger":"airflow.task.operators.airflow.providers.common.sql.sensors.sql.SqlSensor","filename":"sql.py","lineno":100}
{"timestamp":"2026-07-08T14:50:33.495036Z","level":"info","event":"Running statement: SELECT COUNT(*) FROM demo_user.client_b_load_status\nWHERE status = 'COMPLETE' AND processed = 0, parameters: None","logger":"airflow.task.hooks.airflow.providers.oracle.hooks.oracle.OracleHook","filename":"sql.py","lineno":861}
{"timestamp":"2026-07-08T14:50:33.495801Z","level":"info","event":"Rows affected: 0","logger":"airflow.task.hooks.airflow.providers.oracle.hooks.oracle.OracleHook","filename":"sql.py","lineno":879}
{"timestamp":"2026-07-08T14:50:43.519176Z","level":"info","event":"Poking: SELECT COUNT(*) FROM demo_user.client_b_load_status\nWHERE status = 'COMPLETE' AND processed = 0 (with parameters None)","logger":"airflow.task.operators.airflow.providers.common.sql.sensors.sql.SqlSensor","filename":"sql.py","lineno":100}
{"timestamp":"2026-07-08T14:50:43.562739Z","level":"info","event":"Running statement: SELECT COUNT(*) FROM demo_user.client_b_load_status\nWHERE status = 'COMPLETE' AND processed = 0, parameters: None","logger":"airflow.task.hooks.airflow.providers.oracle.hooks.oracle.OracleHook","filename":"sql.py","lineno":861}
{"timestamp":"2026-07-08T14:50:43.563528Z","level":"info","event":"Rows affected: 0","logger":"airflow.task.hooks.airflow.providers.oracle.hooks.oracle.OracleHook","filename":"sql.py","lineno":879}
{"timestamp":"2026-07-08T14:50:53.603785Z","level":"info","event":"Poking: SELECT COUNT(*) FROM demo_user.client_b_load_status\nWHERE status = 'COMPLETE' AND processed = 0 (with parameters None)","logger":"airflow.task.operators.airflow.providers.common.sql.sensors.sql.SqlSensor","filename":"sql.py","lineno":100}
{"timestamp":"2026-07-08T14:50:53.664313Z","level":"info","event":"Running statement: SELECT COUNT(*) FROM demo_user.client_b_load_status\nWHERE status = 'COMPLETE' AND processed = 0, parameters: None","logger":"airflow.task.hooks.airflow.providers.oracle.hooks.oracle.OracleHook","filename":"sql.py","lineno":861}
{"timestamp":"2026-07-08T14:50:53.665242Z","level":"info","event":"Rows affected: 0","logger":"airflow.task.hooks.airflow.providers.oracle.hooks.oracle.OracleHook","filename":"sql.py","lineno":879}
{"timestamp":"2026-07-08T14:51:03.712931Z","level":"info","event":"Poking: SELECT COUNT(*) FROM demo_user.client_b_load_status\nWHERE status = 'COMPLETE' AND processed = 0 (with parameters None)","logger":"airflow.task.operators.airflow.providers.common.sql.sensors.sql.SqlSensor","filename":"sql.py","lineno":100}
{"timestamp":"2026-07-08T14:51:03.760351Z","level":"info","event":"Running statement: SELECT COUNT(*) FROM demo_user.client_b_load_status\nWHERE status = 'COMPLETE' AND processed = 0, parameters: None","logger":"airflow.task.hooks.airflow.providers.oracle.hooks.oracle.OracleHook","filename":"sql.py","lineno":861}
{"timestamp":"2026-07-08T14:51:03.761174Z","level":"info","event":"Rows affected: 0","logger":"airflow.task.hooks.airflow.providers.oracle.hooks.oracle.OracleHook","filename":"sql.py","lineno":879}
{"timestamp":"2026-07-08T14:51:13.787404Z","level":"info","event":"Poking: SELECT COUNT(*) FROM demo_user.client_b_load_status\nWHERE status = 'COMPLETE' AND processed = 0 (with parameters None)","logger":"airflow.task.operators.airflow.providers.common.sql.sensors.sql.SqlSensor","filename":"sql.py","lineno":100}
{"timestamp":"2026-07-08T14:51:13.832708Z","level":"info","event":"Running statement: SELECT COUNT(*) FROM demo_user.client_b_load_status\nWHERE status = 'COMPLETE' AND processed = 0, parameters: None","logger":"airflow.task.hooks.airflow.providers.oracle.hooks.oracle.OracleHook","filename":"sql.py","lineno":861}
{"timestamp":"2026-07-08T14:51:13.833532Z","level":"info","event":"Rows affected: 0","logger":"airflow.task.hooks.airflow.providers.oracle.hooks.oracle.OracleHook","filename":"sql.py","lineno":879}
{"timestamp":"2026-07-08T14:51:23.843347Z","level":"info","event":"Poking: SELECT COUNT(*) FROM demo_user.client_b_load_status\nWHERE status = 'COMPLETE' AND processed = 0 (with parameters None)","logger":"airflow.task.operators.airflow.providers.common.sql.sensors.sql.SqlSensor","filename":"sql.py","lineno":100}
{"timestamp":"2026-07-08T14:51:23.898366Z","level":"info","event":"Running statement: SELECT COUNT(*) FROM demo_user.client_b_load_status\nWHERE status = 'COMPLETE' AND processed = 0, parameters: None","logger":"airflow.task.hooks.airflow.providers.oracle.hooks.oracle.OracleHook","filename":"sql.py","lineno":861}
{"timestamp":"2026-07-08T14:51:23.899431Z","level":"info","event":"Rows affected: 0","logger":"airflow.task.hooks.airflow.providers.oracle.hooks.oracle.OracleHook","filename":"sql.py","lineno":879}
{"timestamp":"2026-07-08T14:51:33.915236Z","level":"info","event":"Poking: SELECT COUNT(*) FROM demo_user.client_b_load_status\nWHERE status = 'COMPLETE' AND processed = 0 (with parameters None)","logger":"airflow.task.operators.airflow.providers.common.sql.sensors.sql.SqlSensor","filename":"sql.py","lineno":100}
{"timestamp":"2026-07-08T14:51:33.951628Z","level":"info","event":"Running statement: SELECT COUNT(*) FROM demo_user.client_b_load_status\nWHERE status = 'COMPLETE' AND processed = 0, parameters: None","logger":"airflow.task.hooks.airflow.providers.oracle.hooks.oracle.OracleHook","filename":"sql.py","lineno":861}
{"timestamp":"2026-07-08T14:51:33.952317Z","level":"info","event":"Rows affected: 0","logger":"airflow.task.hooks.airflow.providers.oracle.hooks.oracle.OracleHook","filename":"sql.py","lineno":879}
{"timestamp":"2026-07-08T14:51:43.974734Z","level":"info","event":"Poking: SELECT COUNT(*) FROM demo_user.client_b_load_status\nWHERE status = 'COMPLETE' AND processed = 0 (with parameters None)","logger":"airflow.task.operators.airflow.providers.common.sql.sensors.sql.SqlSensor","filename":"sql.py","lineno":100}
{"timestamp":"2026-07-08T14:51:44.015312Z","level":"info","event":"Running statement: SELECT COUNT(*) FROM demo_user.client_b_load_status\nWHERE status = 'COMPLETE' AND processed = 0, parameters: None","logger":"airflow.task.hooks.airflow.providers.oracle.hooks.oracle.OracleHook","filename":"sql.py","lineno":861}
{"timestamp":"2026-07-08T14:51:44.016182Z","level":"info","event":"Rows affected: 0","logger":"airflow.task.hooks.airflow.providers.oracle.hooks.oracle.OracleHook","filename":"sql.py","lineno":879}
{"timestamp":"2026-07-08T14:51:54.042930Z","level":"info","event":"Poking: SELECT COUNT(*) FROM demo_user.client_b_load_status\nWHERE status = 'COMPLETE' AND processed = 0 (with parameters None)","logger":"airflow.task.operators.airflow.providers.common.sql.sensors.sql.SqlSensor","filename":"sql.py","lineno":100}
{"timestamp":"2026-07-08T14:51:54.081591Z","level":"info","event":"Running statement: SELECT COUNT(*) FROM demo_user.client_b_load_status\nWHERE status = 'COMPLETE' AND processed = 0, parameters: None","logger":"airflow.task.hooks.airflow.providers.oracle.hooks.oracle.OracleHook","filename":"sql.py","lineno":861}
{"timestamp":"2026-07-08T14:51:54.082207Z","level":"info","event":"Rows affected: 0","logger":"airflow.task.hooks.airflow.providers.oracle.hooks.oracle.OracleHook","filename":"sql.py","lineno":879}
{"timestamp":"2026-07-08T14:52:04.101466Z","level":"info","event":"Poking: SELECT COUNT(*) FROM demo_user.client_b_load_status\nWHERE status = 'COMPLETE' AND processed = 0 (with parameters None)","logger":"airflow.task.operators.airflow.providers.common.sql.sensors.sql.SqlSensor","filename":"sql.py","lineno":100}
{"timestamp":"2026-07-08T14:52:04.134761Z","level":"info","event":"Running statement: SELECT COUNT(*) FROM demo_user.client_b_load_status\nWHERE status = 'COMPLETE' AND processed = 0, parameters: None","logger":"airflow.task.hooks.airflow.providers.oracle.hooks.oracle.OracleHook","filename":"sql.py","lineno":861}
{"timestamp":"2026-07-08T14:52:04.135587Z","level":"info","event":"Rows affected: 0","logger":"airflow.task.hooks.airflow.providers.oracle.hooks.oracle.OracleHook","filename":"sql.py","lineno":879}
{"timestamp":"2026-07-08T14:52:14.158421Z","level":"info","event":"Poking: SELECT COUNT(*) FROM demo_user.client_b_load_status\nWHERE status = 'COMPLETE' AND processed = 0 (with parameters None)","logger":"airflow.task.operators.airflow.providers.common.sql.sensors.sql.SqlSensor","filename":"sql.py","lineno":100}
{"timestamp":"2026-07-08T14:52:14.195914Z","level":"info","event":"Running statement: SELECT COUNT(*) FROM demo_user.client_b_load_status\nWHERE status = 'COMPLETE' AND processed = 0, parameters: None","logger":"airflow.task.hooks.airflow.providers.oracle.hooks.oracle.OracleHook","filename":"sql.py","lineno":861}
{"timestamp":"2026-07-08T14:52:14.196773Z","level":"info","event":"Rows affected: 0","logger":"airflow.task.hooks.airflow.providers.oracle.hooks.oracle.OracleHook","filename":"sql.py","lineno":879}
{"timestamp":"2026-07-08T14:52:24.224371Z","level":"info","event":"Poking: SELECT COUNT(*) FROM demo_user.client_b_load_status\nWHERE status = 'COMPLETE' AND processed = 0 (with parameters None)","logger":"airflow.task.operators.airflow.providers.common.sql.sensors.sql.SqlSensor","filename":"sql.py","lineno":100}
{"timestamp":"2026-07-08T14:52:24.262079Z","level":"info","event":"Running statement: SELECT COUNT(*) FROM demo_user.client_b_load_status\nWHERE status = 'COMPLETE' AND processed = 0, parameters: None","logger":"airflow.task.hooks.airflow.providers.oracle.hooks.oracle.OracleHook","filename":"sql.py","lineno":861}
{"timestamp":"2026-07-08T14:52:24.262902Z","level":"info","event":"Rows affected: 0","logger":"airflow.task.hooks.airflow.providers.oracle.hooks.oracle.OracleHook","filename":"sql.py","lineno":879}
{"timestamp":"2026-07-08T14:52:34.295623Z","level":"info","event":"Poking: SELECT COUNT(*) FROM demo_user.client_b_load_status\nWHERE status = 'COMPLETE' AND processed = 0 (with parameters None)","logger":"airflow.task.operators.airflow.providers.common.sql.sensors.sql.SqlSensor","filename":"sql.py","lineno":100}
{"timestamp":"2026-07-08T14:52:34.349748Z","level":"info","event":"Running statement: SELECT COUNT(*) FROM demo_user.client_b_load_status\nWHERE status = 'COMPLETE' AND processed = 0, parameters: None","logger":"airflow.task.hooks.airflow.providers.oracle.hooks.oracle.OracleHook","filename":"sql.py","lineno":861}
{"timestamp":"2026-07-08T14:52:34.350648Z","level":"info","event":"Rows affected: 0","logger":"airflow.task.hooks.airflow.providers.oracle.hooks.oracle.OracleHook","filename":"sql.py","lineno":879}
{"timestamp":"2026-07-08T14:52:44.381049Z","level":"info","event":"Poking: SELECT COUNT(*) FROM demo_user.client_b_load_status\nWHERE status = 'COMPLETE' AND processed = 0 (with parameters None)","logger":"airflow.task.operators.airflow.providers.common.sql.sensors.sql.SqlSensor","filename":"sql.py","lineno":100}
{"timestamp":"2026-07-08T14:52:44.418635Z","level":"info","event":"Running statement: SELECT COUNT(*) FROM demo_user.client_b_load_status\nWHERE status = 'COMPLETE' AND processed = 0, parameters: None","logger":"airflow.task.hooks.airflow.providers.oracle.hooks.oracle.OracleHook","filename":"sql.py","lineno":861}
{"timestamp":"2026-07-08T14:52:44.419548Z","level":"info","event":"Rows affected: 0","logger":"airflow.task.hooks.airflow.providers.oracle.hooks.oracle.OracleHook","filename":"sql.py","lineno":879}
{"timestamp":"2026-07-08T14:52:54.443087Z","level":"info","event":"Poking: SELECT COUNT(*) FROM demo_user.client_b_load_status\nWHERE status = 'COMPLETE' AND processed = 0 (with parameters None)","logger":"airflow.task.operators.airflow.providers.common.sql.sensors.sql.SqlSensor","filename":"sql.py","lineno":100}
{"timestamp":"2026-07-08T14:52:54.476624Z","level":"info","event":"Running statement: SELECT COUNT(*) FROM demo_user.client_b_load_status\nWHERE status = 'COMPLETE' AND processed = 0, parameters: None","logger":"airflow.task.hooks.airflow.providers.oracle.hooks.oracle.OracleHook","filename":"sql.py","lineno":861}
{"timestamp":"2026-07-08T14:52:54.477477Z","level":"info","event":"Rows affected: 0","logger":"airflow.task.hooks.airflow.providers.oracle.hooks.oracle.OracleHook","filename":"sql.py","lineno":879}
{"timestamp":"2026-07-08T14:53:04.494553Z","level":"info","event":"Poking: SELECT COUNT(*) FROM demo_user.client_b_load_status\nWHERE status = 'COMPLETE' AND processed = 0 (with parameters None)","logger":"airflow.task.operators.airflow.providers.common.sql.sensors.sql.SqlSensor","filename":"sql.py","lineno":100}
{"timestamp":"2026-07-08T14:53:04.529235Z","level":"info","event":"Running statement: SELECT COUNT(*) FROM demo_user.client_b_load_status\nWHERE status = 'COMPLETE' AND processed = 0, parameters: None","logger":"airflow.task.hooks.airflow.providers.oracle.hooks.oracle.OracleHook","filename":"sql.py","lineno":861}
{"timestamp":"2026-07-08T14:53:04.530324Z","level":"info","event":"Rows affected: 0","logger":"airflow.task.hooks.airflow.providers.oracle.hooks.oracle.OracleHook","filename":"sql.py","lineno":879}
{"timestamp":"2026-07-08T14:53:14.556832Z","level":"info","event":"Poking: SELECT COUNT(*) FROM demo_user.client_b_load_status\nWHERE status = 'COMPLETE' AND processed = 0 (with parameters None)","logger":"airflow.task.operators.airflow.providers.common.sql.sensors.sql.SqlSensor","filename":"sql.py","lineno":100}
{"timestamp":"2026-07-08T14:53:14.591404Z","level":"info","event":"Running statement: SELECT COUNT(*) FROM demo_user.client_b_load_status\nWHERE status = 'COMPLETE' AND processed = 0, parameters: None","logger":"airflow.task.hooks.airflow.providers.oracle.hooks.oracle.OracleHook","filename":"sql.py","lineno":861}
{"timestamp":"2026-07-08T14:53:14.592381Z","level":"info","event":"Rows affected: 0","logger":"airflow.task.hooks.airflow.providers.oracle.hooks.oracle.OracleHook","filename":"sql.py","lineno":879}
{"timestamp":"2026-07-08T14:53:24.618610Z","level":"info","event":"Poking: SELECT COUNT(*) FROM demo_user.client_b_load_status\nWHERE status = 'COMPLETE' AND processed = 0 (with parameters None)","logger":"airflow.task.operators.airflow.providers.common.sql.sensors.sql.SqlSensor","filename":"sql.py","lineno":100}
{"timestamp":"2026-07-08T14:53:24.646721Z","level":"info","event":"Running statement: SELECT COUNT(*) FROM demo_user.client_b_load_status\nWHERE status = 'COMPLETE' AND processed = 0, parameters: None","logger":"airflow.task.hooks.airflow.providers.oracle.hooks.oracle.OracleHook","filename":"sql.py","lineno":861}
{"timestamp":"2026-07-08T14:53:24.647252Z","level":"info","event":"Rows affected: 0","logger":"airflow.task.hooks.airflow.providers.oracle.hooks.oracle.OracleHook","filename":"sql.py","lineno":879}
{"timestamp":"2026-07-08T14:53:34.697302Z","level":"info","event":"Poking: SELECT COUNT(*) FROM demo_user.client_b_load_status\nWHERE status = 'COMPLETE' AND processed = 0 (with parameters None)","logger":"airflow.task.operators.airflow.providers.common.sql.sensors.sql.SqlSensor","filename":"sql.py","lineno":100}
{"timestamp":"2026-07-08T14:53:34.742679Z","level":"info","event":"Running statement: SELECT COUNT(*) FROM demo_user.client_b_load_status\nWHERE status = 'COMPLETE' AND processed = 0, parameters: None","logger":"airflow.task.hooks.airflow.providers.oracle.hooks.oracle.OracleHook","filename":"sql.py","lineno":861}
{"timestamp":"2026-07-08T14:53:34.745162Z","level":"info","event":"Rows affected: 0","logger":"airflow.task.hooks.airflow.providers.oracle.hooks.oracle.OracleHook","filename":"sql.py","lineno":879}
{"timestamp":"2026-07-08T14:53:44.767903Z","level":"info","event":"Poking: SELECT COUNT(*) FROM demo_user.client_b_load_status\nWHERE status = 'COMPLETE' AND processed = 0 (with parameters None)","logger":"airflow.task.operators.airflow.providers.common.sql.sensors.sql.SqlSensor","filename":"sql.py","lineno":100}
{"timestamp":"2026-07-08T14:53:44.810950Z","level":"info","event":"Running statement: SELECT COUNT(*) FROM demo_user.client_b_load_status\nWHERE status = 'COMPLETE' AND processed = 0, parameters: None","logger":"airflow.task.hooks.airflow.providers.oracle.hooks.oracle.OracleHook","filename":"sql.py","lineno":861}
{"timestamp":"2026-07-08T14:53:44.811861Z","level":"info","event":"Rows affected: 0","logger":"airflow.task.hooks.airflow.providers.oracle.hooks.oracle.OracleHook","filename":"sql.py","lineno":879}
{"timestamp":"2026-07-08T14:53:54.835312Z","level":"info","event":"Poking: SELECT COUNT(*) FROM demo_user.client_b_load_status\nWHERE status = 'COMPLETE' AND processed = 0 (with parameters None)","logger":"airflow.task.operators.airflow.providers.common.sql.sensors.sql.SqlSensor","filename":"sql.py","lineno":100}
{"timestamp":"2026-07-08T14:53:54.872585Z","level":"info","event":"Running statement: SELECT COUNT(*) FROM demo_user.client_b_load_status\nWHERE status = 'COMPLETE' AND processed = 0, parameters: None","logger":"airflow.task.hooks.airflow.providers.oracle.hooks.oracle.OracleHook","filename":"sql.py","lineno":861}
{"timestamp":"2026-07-08T14:53:54.873338Z","level":"info","event":"Rows affected: 0","logger":"airflow.task.hooks.airflow.providers.oracle.hooks.oracle.OracleHook","filename":"sql.py","lineno":879}
{"timestamp":"2026-07-08T14:54:04.902129Z","level":"info","event":"Poking: SELECT COUNT(*) FROM demo_user.client_b_load_status\nWHERE status = 'COMPLETE' AND processed = 0 (with parameters None)","logger":"airflow.task.operators.airflow.providers.common.sql.sensors.sql.SqlSensor","filename":"sql.py","lineno":100}
{"timestamp":"2026-07-08T14:54:04.970000Z","level":"info","event":"Running statement: SELECT COUNT(*) FROM demo_user.client_b_load_status\nWHERE status = 'COMPLETE' AND processed = 0, parameters: None","logger":"airflow.task.hooks.airflow.providers.oracle.hooks.oracle.OracleHook","filename":"sql.py","lineno":861}
{"timestamp":"2026-07-08T14:54:04.971565Z","level":"info","event":"Rows affected: 0","logger":"airflow.task.hooks.airflow.providers.oracle.hooks.oracle.OracleHook","filename":"sql.py","lineno":879}
{"timestamp":"2026-07-08T14:54:14.997658Z","level":"info","event":"Poking: SELECT COUNT(*) FROM demo_user.client_b_load_status\nWHERE status = 'COMPLETE' AND processed = 0 (with parameters None)","logger":"airflow.task.operators.airflow.providers.common.sql.sensors.sql.SqlSensor","filename":"sql.py","lineno":100}
{"timestamp":"2026-07-08T14:54:15.038983Z","level":"info","event":"Running statement: SELECT COUNT(*) FROM demo_user.client_b_load_status\nWHERE status = 'COMPLETE' AND processed = 0, parameters: None","logger":"airflow.task.hooks.airflow.providers.oracle.hooks.oracle.OracleHook","filename":"sql.py","lineno":861}
{"timestamp":"2026-07-08T14:54:15.039665Z","level":"info","event":"Rows affected: 0","logger":"airflow.task.hooks.airflow.providers.oracle.hooks.oracle.OracleHook","filename":"sql.py","lineno":879}
{"timestamp":"2026-07-08T14:54:25.063993Z","level":"info","event":"Poking: SELECT COUNT(*) FROM demo_user.client_b_load_status\nWHERE status = 'COMPLETE' AND processed = 0 (with parameters None)","logger":"airflow.task.operators.airflow.providers.common.sql.sensors.sql.SqlSensor","filename":"sql.py","lineno":100}
{"timestamp":"2026-07-08T14:54:25.110780Z","level":"info","event":"Running statement: SELECT COUNT(*) FROM demo_user.client_b_load_status\nWHERE status = 'COMPLETE' AND processed = 0, parameters: None","logger":"airflow.task.hooks.airflow.providers.oracle.hooks.oracle.OracleHook","filename":"sql.py","lineno":861}
{"timestamp":"2026-07-08T14:54:25.111706Z","level":"info","event":"Rows affected: 0","logger":"airflow.task.hooks.airflow.providers.oracle.hooks.oracle.OracleHook","filename":"sql.py","lineno":879}
{"timestamp":"2026-07-08T14:54:35.152752Z","level":"info","event":"Poking: SELECT COUNT(*) FROM demo_user.client_b_load_status\nWHERE status = 'COMPLETE' AND processed = 0 (with parameters None)","logger":"airflow.task.operators.airflow.providers.common.sql.sensors.sql.SqlSensor","filename":"sql.py","lineno":100}
{"timestamp":"2026-07-08T14:54:35.189765Z","level":"info","event":"Running statement: SELECT COUNT(*) FROM demo_user.client_b_load_status\nWHERE status = 'COMPLETE' AND processed = 0, parameters: None","logger":"airflow.task.hooks.airflow.providers.oracle.hooks.oracle.OracleHook","filename":"sql.py","lineno":861}
{"timestamp":"2026-07-08T14:54:35.190612Z","level":"info","event":"Rows affected: 0","logger":"airflow.task.hooks.airflow.providers.oracle.hooks.oracle.OracleHook","filename":"sql.py","lineno":879}
{"timestamp":"2026-07-08T14:54:45.222226Z","level":"info","event":"Poking: SELECT COUNT(*) FROM demo_user.client_b_load_status\nWHERE status = 'COMPLETE' AND processed = 0 (with parameters None)","logger":"airflow.task.operators.airflow.providers.common.sql.sensors.sql.SqlSensor","filename":"sql.py","lineno":100}
{"timestamp":"2026-07-08T14:54:45.261634Z","level":"info","event":"Running statement: SELECT COUNT(*) FROM demo_user.client_b_load_status\nWHERE status = 'COMPLETE' AND processed = 0, parameters: None","logger":"airflow.task.hooks.airflow.providers.oracle.hooks.oracle.OracleHook","filename":"sql.py","lineno":861}
{"timestamp":"2026-07-08T14:54:45.262366Z","level":"info","event":"Rows affected: 0","logger":"airflow.task.hooks.airflow.providers.oracle.hooks.oracle.OracleHook","filename":"sql.py","lineno":879}
{"timestamp":"2026-07-08T14:54:55.290129Z","level":"info","event":"Poking: SELECT COUNT(*) FROM demo_user.client_b_load_status\nWHERE status = 'COMPLETE' AND processed = 0 (with parameters None)","logger":"airflow.task.operators.airflow.providers.common.sql.sensors.sql.SqlSensor","filename":"sql.py","lineno":100}
{"timestamp":"2026-07-08T14:54:55.326424Z","level":"info","event":"Running statement: SELECT COUNT(*) FROM demo_user.client_b_load_status\nWHERE status = 'COMPLETE' AND processed = 0, parameters: None","logger":"airflow.task.hooks.airflow.providers.oracle.hooks.oracle.OracleHook","filename":"sql.py","lineno":861}
{"timestamp":"2026-07-08T14:54:55.327244Z","level":"info","event":"Rows affected: 0","logger":"airflow.task.hooks.airflow.providers.oracle.hooks.oracle.OracleHook","filename":"sql.py","lineno":879}
{"timestamp":"2026-07-08T14:55:05.353310Z","level":"info","event":"Poking: SELECT COUNT(*) FROM demo_user.client_b_load_status\nWHERE status = 'COMPLETE' AND processed = 0 (with parameters None)","logger":"airflow.task.operators.airflow.providers.common.sql.sensors.sql.SqlSensor","filename":"sql.py","lineno":100}
{"timestamp":"2026-07-08T14:55:05.388680Z","level":"info","event":"Running statement: SELECT COUNT(*) FROM demo_user.client_b_load_status\nWHERE status = 'COMPLETE' AND processed = 0, parameters: None","logger":"airflow.task.hooks.airflow.providers.oracle.hooks.oracle.OracleHook","filename":"sql.py","lineno":861}
{"timestamp":"2026-07-08T14:55:05.389496Z","level":"info","event":"Rows affected: 0","logger":"airflow.task.hooks.airflow.providers.oracle.hooks.oracle.OracleHook","filename":"sql.py","lineno":879}
{"timestamp":"2026-07-08T14:55:15.422396Z","level":"info","event":"Poking: SELECT COUNT(*) FROM demo_user.client_b_load_status\nWHERE status = 'COMPLETE' AND processed = 0 (with parameters None)","logger":"airflow.task.operators.airflow.providers.common.sql.sensors.sql.SqlSensor","filename":"sql.py","lineno":100}
{"timestamp":"2026-07-08T14:55:15.463063Z","level":"info","event":"Running statement: SELECT COUNT(*) FROM demo_user.client_b_load_status\nWHERE status = 'COMPLETE' AND processed = 0, parameters: None","logger":"airflow.task.hooks.airflow.providers.oracle.hooks.oracle.OracleHook","filename":"sql.py","lineno":861}
{"timestamp":"2026-07-08T14:55:15.465342Z","level":"info","event":"Rows affected: 0","logger":"airflow.task.hooks.airflow.providers.oracle.hooks.oracle.OracleHook","filename":"sql.py","lineno":879}
{"timestamp":"2026-07-08T14:55:25.480347Z","level":"info","event":"Poking: SELECT COUNT(*) FROM demo_user.client_b_load_status\nWHERE status = 'COMPLETE' AND processed = 0 (with parameters None)","logger":"airflow.task.operators.airflow.providers.common.sql.sensors.sql.SqlSensor","filename":"sql.py","lineno":100}
{"timestamp":"2026-07-08T14:55:25.513899Z","level":"info","event":"Running statement: SELECT COUNT(*) FROM demo_user.client_b_load_status\nWHERE status = 'COMPLETE' AND processed = 0, parameters: None","logger":"airflow.task.hooks.airflow.providers.oracle.hooks.oracle.OracleHook","filename":"sql.py","lineno":861}
{"timestamp":"2026-07-08T14:55:25.514775Z","level":"info","event":"Rows affected: 0","logger":"airflow.task.hooks.airflow.providers.oracle.hooks.oracle.OracleHook","filename":"sql.py","lineno":879}
{"timestamp":"2026-07-08T14:55:35.540579Z","level":"info","event":"Poking: SELECT COUNT(*) FROM demo_user.client_b_load_status\nWHERE status = 'COMPLETE' AND processed = 0 (with parameters None)","logger":"airflow.task.operators.airflow.providers.common.sql.sensors.sql.SqlSensor","filename":"sql.py","lineno":100}
{"timestamp":"2026-07-08T14:55:35.574179Z","level":"info","event":"Running statement: SELECT COUNT(*) FROM demo_user.client_b_load_status\nWHERE status = 'COMPLETE' AND processed = 0, parameters: None","logger":"airflow.task.hooks.airflow.providers.oracle.hooks.oracle.OracleHook","filename":"sql.py","lineno":861}
{"timestamp":"2026-07-08T14:55:35.574825Z","level":"info","event":"Rows affected: 0","logger":"airflow.task.hooks.airflow.providers.oracle.hooks.oracle.OracleHook","filename":"sql.py","lineno":879}
{"timestamp":"2026-07-08T14:55:45.604136Z","level":"info","event":"Poking: SELECT COUNT(*) FROM demo_user.client_b_load_status\nWHERE status = 'COMPLETE' AND processed = 0 (with parameters None)","logger":"airflow.task.operators.airflow.providers.common.sql.sensors.sql.SqlSensor","filename":"sql.py","lineno":100}
{"timestamp":"2026-07-08T14:55:45.641941Z","level":"info","event":"Running statement: SELECT COUNT(*) FROM demo_user.client_b_load_status\nWHERE status = 'COMPLETE' AND processed = 0, parameters: None","logger":"airflow.task.hooks.airflow.providers.oracle.hooks.oracle.OracleHook","filename":"sql.py","lineno":861}
{"timestamp":"2026-07-08T14:55:45.642754Z","level":"info","event":"Rows affected: 0","logger":"airflow.task.hooks.airflow.providers.oracle.hooks.oracle.OracleHook","filename":"sql.py","lineno":879}
{"timestamp":"2026-07-08T14:55:55.666395Z","level":"info","event":"Poking: SELECT COUNT(*) FROM demo_user.client_b_load_status\nWHERE status = 'COMPLETE' AND processed = 0 (with parameters None)","logger":"airflow.task.operators.airflow.providers.common.sql.sensors.sql.SqlSensor","filename":"sql.py","lineno":100}
{"timestamp":"2026-07-08T14:55:55.701231Z","level":"info","event":"Running statement: SELECT COUNT(*) FROM demo_user.client_b_load_status\nWHERE status = 'COMPLETE' AND processed = 0, parameters: None","logger":"airflow.task.hooks.airflow.providers.oracle.hooks.oracle.OracleHook","filename":"sql.py","lineno":861}
{"timestamp":"2026-07-08T14:55:55.702082Z","level":"info","event":"Rows affected: 0","logger":"airflow.task.hooks.airflow.providers.oracle.hooks.oracle.OracleHook","filename":"sql.py","lineno":879}
{"timestamp":"2026-07-08T14:56:05.733488Z","level":"info","event":"Poking: SELECT COUNT(*) FROM demo_user.client_b_load_status\nWHERE status = 'COMPLETE' AND processed = 0 (with parameters None)","logger":"airflow.task.operators.airflow.providers.common.sql.sensors.sql.SqlSensor","filename":"sql.py","lineno":100}
{"timestamp":"2026-07-08T14:56:05.785553Z","level":"info","event":"Running statement: SELECT COUNT(*) FROM demo_user.client_b_load_status\nWHERE status = 'COMPLETE' AND processed = 0, parameters: None","logger":"airflow.task.hooks.airflow.providers.oracle.hooks.oracle.OracleHook","filename":"sql.py","lineno":861}
{"timestamp":"2026-07-08T14:56:05.787242Z","level":"info","event":"Rows affected: 0","logger":"airflow.task.hooks.airflow.providers.oracle.hooks.oracle.OracleHook","filename":"sql.py","lineno":879}
{"timestamp":"2026-07-08T14:56:15.814058Z","level":"info","event":"Poking: SELECT COUNT(*) FROM demo_user.client_b_load_status\nWHERE status = 'COMPLETE' AND processed = 0 (with parameters None)","logger":"airflow.task.operators.airflow.providers.common.sql.sensors.sql.SqlSensor","filename":"sql.py","lineno":100}
{"timestamp":"2026-07-08T14:56:15.865762Z","level":"info","event":"Running statement: SELECT COUNT(*) FROM demo_user.client_b_load_status\nWHERE status = 'COMPLETE' AND processed = 0, parameters: None","logger":"airflow.task.hooks.airflow.providers.oracle.hooks.oracle.OracleHook","filename":"sql.py","lineno":861}
{"timestamp":"2026-07-08T14:56:15.867403Z","level":"info","event":"Rows affected: 0","logger":"airflow.task.hooks.airflow.providers.oracle.hooks.oracle.OracleHook","filename":"sql.py","lineno":879}
{"timestamp":"2026-07-08T14:56:25.892271Z","level":"info","event":"Poking: SELECT COUNT(*) FROM demo_user.client_b_load_status\nWHERE status = 'COMPLETE' AND processed = 0 (with parameters None)","logger":"airflow.task.operators.airflow.providers.common.sql.sensors.sql.SqlSensor","filename":"sql.py","lineno":100}
{"timestamp":"2026-07-08T14:56:25.935663Z","level":"info","event":"Running statement: SELECT COUNT(*) FROM demo_user.client_b_load_status\nWHERE status = 'COMPLETE' AND processed = 0, parameters: None","logger":"airflow.task.hooks.airflow.providers.oracle.hooks.oracle.OracleHook","filename":"sql.py","lineno":861}
{"timestamp":"2026-07-08T14:56:25.936712Z","level":"info","event":"Rows affected: 0","logger":"airflow.task.hooks.airflow.providers.oracle.hooks.oracle.OracleHook","filename":"sql.py","lineno":879}
{"timestamp":"2026-07-08T14:56:35.961930Z","level":"info","event":"Poking: SELECT COUNT(*) FROM demo_user.client_b_load_status\nWHERE status = 'COMPLETE' AND processed = 0 (with parameters None)","logger":"airflow.task.operators.airflow.providers.common.sql.sensors.sql.SqlSensor","filename":"sql.py","lineno":100}
{"timestamp":"2026-07-08T14:56:35.998009Z","level":"info","event":"Running statement: SELECT COUNT(*) FROM demo_user.client_b_load_status\nWHERE status = 'COMPLETE' AND processed = 0, parameters: None","logger":"airflow.task.hooks.airflow.providers.oracle.hooks.oracle.OracleHook","filename":"sql.py","lineno":861}
{"timestamp":"2026-07-08T14:56:35.998878Z","level":"info","event":"Rows affected: 0","logger":"airflow.task.hooks.airflow.providers.oracle.hooks.oracle.OracleHook","filename":"sql.py","lineno":879}
{"timestamp":"2026-07-08T14:56:46.033446Z","level":"info","event":"Poking: SELECT COUNT(*) FROM demo_user.client_b_load_status\nWHERE status = 'COMPLETE' AND processed = 0 (with parameters None)","logger":"airflow.task.operators.airflow.providers.common.sql.sensors.sql.SqlSensor","filename":"sql.py","lineno":100}
{"timestamp":"2026-07-08T14:56:46.071468Z","level":"info","event":"Running statement: SELECT COUNT(*) FROM demo_user.client_b_load_status\nWHERE status = 'COMPLETE' AND processed = 0, parameters: None","logger":"airflow.task.hooks.airflow.providers.oracle.hooks.oracle.OracleHook","filename":"sql.py","lineno":861}
{"timestamp":"2026-07-08T14:56:46.072175Z","level":"info","event":"Rows affected: 0","logger":"airflow.task.hooks.airflow.providers.oracle.hooks.oracle.OracleHook","filename":"sql.py","lineno":879}
{"timestamp":"2026-07-08T14:56:56.106956Z","level":"info","event":"Poking: SELECT COUNT(*) FROM demo_user.client_b_load_status\nWHERE status = 'COMPLETE' AND processed = 0 (with parameters None)","logger":"airflow.task.operators.airflow.providers.common.sql.sensors.sql.SqlSensor","filename":"sql.py","lineno":100}
{"timestamp":"2026-07-08T14:56:56.145244Z","level":"info","event":"Running statement: SELECT COUNT(*) FROM demo_user.client_b_load_status\nWHERE status = 'COMPLETE' AND processed = 0, parameters: None","logger":"airflow.task.hooks.airflow.providers.oracle.hooks.oracle.OracleHook","filename":"sql.py","lineno":861}
{"timestamp":"2026-07-08T14:56:56.146149Z","level":"info","event":"Rows affected: 0","logger":"airflow.task.hooks.airflow.providers.oracle.hooks.oracle.OracleHook","filename":"sql.py","lineno":879}
{"timestamp":"2026-07-08T14:57:06.174866Z","level":"info","event":"Poking: SELECT COUNT(*) FROM demo_user.client_b_load_status\nWHERE status = 'COMPLETE' AND processed = 0 (with parameters None)","logger":"airflow.task.operators.airflow.providers.common.sql.sensors.sql.SqlSensor","filename":"sql.py","lineno":100}
{"timestamp":"2026-07-08T14:57:06.213871Z","level":"info","event":"Running statement: SELECT COUNT(*) FROM demo_user.client_b_load_status\nWHERE status = 'COMPLETE' AND processed = 0, parameters: None","logger":"airflow.task.hooks.airflow.providers.oracle.hooks.oracle.OracleHook","filename":"sql.py","lineno":861}
{"timestamp":"2026-07-08T14:57:06.214881Z","level":"info","event":"Rows affected: 0","logger":"airflow.task.hooks.airflow.providers.oracle.hooks.oracle.OracleHook","filename":"sql.py","lineno":879}
{"timestamp":"2026-07-08T14:57:16.237464Z","level":"info","event":"Poking: SELECT COUNT(*) FROM demo_user.client_b_load_status\nWHERE status = 'COMPLETE' AND processed = 0 (with parameters None)","logger":"airflow.task.operators.airflow.providers.common.sql.sensors.sql.SqlSensor","filename":"sql.py","lineno":100}
{"timestamp":"2026-07-08T14:57:16.272067Z","level":"info","event":"Running statement: SELECT COUNT(*) FROM demo_user.client_b_load_status\nWHERE status = 'COMPLETE' AND processed = 0, parameters: None","logger":"airflow.task.hooks.airflow.providers.oracle.hooks.oracle.OracleHook","filename":"sql.py","lineno":861}
{"timestamp":"2026-07-08T14:57:16.272751Z","level":"info","event":"Rows affected: 0","logger":"airflow.task.hooks.airflow.providers.oracle.hooks.oracle.OracleHook","filename":"sql.py","lineno":879}
{"timestamp":"2026-07-08T14:57:26.297209Z","level":"info","event":"Poking: SELECT COUNT(*) FROM demo_user.client_b_load_status\nWHERE status = 'COMPLETE' AND processed = 0 (with parameters None)","logger":"airflow.task.operators.airflow.providers.common.sql.sensors.sql.SqlSensor","filename":"sql.py","lineno":100}
{"timestamp":"2026-07-08T14:57:26.334569Z","level":"info","event":"Running statement: SELECT COUNT(*) FROM demo_user.client_b_load_status\nWHERE status = 'COMPLETE' AND processed = 0, parameters: None","logger":"airflow.task.hooks.airflow.providers.oracle.hooks.oracle.OracleHook","filename":"sql.py","lineno":861}
{"timestamp":"2026-07-08T14:57:26.335416Z","level":"info","event":"Rows affected: 0","logger":"airflow.task.hooks.airflow.providers.oracle.hooks.oracle.OracleHook","filename":"sql.py","lineno":879}
{"timestamp":"2026-07-08T14:57:36.353287Z","level":"info","event":"Poking: SELECT COUNT(*) FROM demo_user.client_b_load_status\nWHERE status = 'COMPLETE' AND processed = 0 (with parameters None)","logger":"airflow.task.operators.airflow.providers.common.sql.sensors.sql.SqlSensor","filename":"sql.py","lineno":100}
{"timestamp":"2026-07-08T14:57:36.387965Z","level":"info","event":"Running statement: SELECT COUNT(*) FROM demo_user.client_b_load_status\nWHERE status = 'COMPLETE' AND processed = 0, parameters: None","logger":"airflow.task.hooks.airflow.providers.oracle.hooks.oracle.OracleHook","filename":"sql.py","lineno":861}
{"timestamp":"2026-07-08T14:57:36.388684Z","level":"info","event":"Rows affected: 0","logger":"airflow.task.hooks.airflow.providers.oracle.hooks.oracle.OracleHook","filename":"sql.py","lineno":879}
{"timestamp":"2026-07-08T14:57:46.421846Z","level":"info","event":"Poking: SELECT COUNT(*) FROM demo_user.client_b_load_status\nWHERE status = 'COMPLETE' AND processed = 0 (with parameters None)","logger":"airflow.task.operators.airflow.providers.common.sql.sensors.sql.SqlSensor","filename":"sql.py","lineno":100}
{"timestamp":"2026-07-08T14:57:46.454560Z","level":"info","event":"Running statement: SELECT COUNT(*) FROM demo_user.client_b_load_status\nWHERE status = 'COMPLETE' AND processed = 0, parameters: None","logger":"airflow.task.hooks.airflow.providers.oracle.hooks.oracle.OracleHook","filename":"sql.py","lineno":861}
{"timestamp":"2026-07-08T14:57:46.455443Z","level":"info","event":"Rows affected: 0","logger":"airflow.task.hooks.airflow.providers.oracle.hooks.oracle.OracleHook","filename":"sql.py","lineno":879}
{"timestamp":"2026-07-08T14:57:56.486587Z","level":"info","event":"Poking: SELECT COUNT(*) FROM demo_user.client_b_load_status\nWHERE status = 'COMPLETE' AND processed = 0 (with parameters None)","logger":"airflow.task.operators.airflow.providers.common.sql.sensors.sql.SqlSensor","filename":"sql.py","lineno":100}
{"timestamp":"2026-07-08T14:57:56.522808Z","level":"info","event":"Running statement: SELECT COUNT(*) FROM demo_user.client_b_load_status\nWHERE status = 'COMPLETE' AND processed = 0, parameters: None","logger":"airflow.task.hooks.airflow.providers.oracle.hooks.oracle.OracleHook","filename":"sql.py","lineno":861}
{"timestamp":"2026-07-08T14:57:56.523596Z","level":"info","event":"Rows affected: 0","logger":"airflow.task.hooks.airflow.providers.oracle.hooks.oracle.OracleHook","filename":"sql.py","lineno":879}
{"timestamp":"2026-07-08T14:58:06.549671Z","level":"info","event":"Poking: SELECT COUNT(*) FROM demo_user.client_b_load_status\nWHERE status = 'COMPLETE' AND processed = 0 (with parameters None)","logger":"airflow.task.operators.airflow.providers.common.sql.sensors.sql.SqlSensor","filename":"sql.py","lineno":100}
{"timestamp":"2026-07-08T14:58:06.590867Z","level":"info","event":"Running statement: SELECT COUNT(*) FROM demo_user.client_b_load_status\nWHERE status = 'COMPLETE' AND processed = 0, parameters: None","logger":"airflow.task.hooks.airflow.providers.oracle.hooks.oracle.OracleHook","filename":"sql.py","lineno":861}
{"timestamp":"2026-07-08T14:58:06.591780Z","level":"info","event":"Rows affected: 0","logger":"airflow.task.hooks.airflow.providers.oracle.hooks.oracle.OracleHook","filename":"sql.py","lineno":879}
{"timestamp":"2026-07-08T14:58:16.620069Z","level":"info","event":"Poking: SELECT COUNT(*) FROM demo_user.client_b_load_status\nWHERE status = 'COMPLETE' AND processed = 0 (with parameters None)","logger":"airflow.task.operators.airflow.providers.common.sql.sensors.sql.SqlSensor","filename":"sql.py","lineno":100}
{"timestamp":"2026-07-08T14:58:16.662348Z","level":"info","event":"Running statement: SELECT COUNT(*) FROM demo_user.client_b_load_status\nWHERE status = 'COMPLETE' AND processed = 0, parameters: None","logger":"airflow.task.hooks.airflow.providers.oracle.hooks.oracle.OracleHook","filename":"sql.py","lineno":861}
{"timestamp":"2026-07-08T14:58:16.663135Z","level":"info","event":"Rows affected: 0","logger":"airflow.task.hooks.airflow.providers.oracle.hooks.oracle.OracleHook","filename":"sql.py","lineno":879}
{"timestamp":"2026-07-08T14:58:26.686647Z","level":"info","event":"Poking: SELECT COUNT(*) FROM demo_user.client_b_load_status\nWHERE status = 'COMPLETE' AND processed = 0 (with parameters None)","logger":"airflow.task.operators.airflow.providers.common.sql.sensors.sql.SqlSensor","filename":"sql.py","lineno":100}
{"timestamp":"2026-07-08T14:58:26.731922Z","level":"info","event":"Running statement: SELECT COUNT(*) FROM demo_user.client_b_load_status\nWHERE status = 'COMPLETE' AND processed = 0, parameters: None","logger":"airflow.task.hooks.airflow.providers.oracle.hooks.oracle.OracleHook","filename":"sql.py","lineno":861}
{"timestamp":"2026-07-08T14:58:26.733258Z","level":"info","event":"Rows affected: 0","logger":"airflow.task.hooks.airflow.providers.oracle.hooks.oracle.OracleHook","filename":"sql.py","lineno":879}
{"timestamp":"2026-07-08T14:58:36.756066Z","level":"info","event":"Poking: SELECT COUNT(*) FROM demo_user.client_b_load_status\nWHERE status = 'COMPLETE' AND processed = 0 (with parameters None)","logger":"airflow.task.operators.airflow.providers.common.sql.sensors.sql.SqlSensor","filename":"sql.py","lineno":100}
{"timestamp":"2026-07-08T14:58:36.790089Z","level":"info","event":"Running statement: SELECT COUNT(*) FROM demo_user.client_b_load_status\nWHERE status = 'COMPLETE' AND processed = 0, parameters: None","logger":"airflow.task.hooks.airflow.providers.oracle.hooks.oracle.OracleHook","filename":"sql.py","lineno":861}
{"timestamp":"2026-07-08T14:58:36.790764Z","level":"info","event":"Rows affected: 0","logger":"airflow.task.hooks.airflow.providers.oracle.hooks.oracle.OracleHook","filename":"sql.py","lineno":879}
{"timestamp":"2026-07-08T14:58:46.817715Z","level":"info","event":"Poking: SELECT COUNT(*) FROM demo_user.client_b_load_status\nWHERE status = 'COMPLETE' AND processed = 0 (with parameters None)","logger":"airflow.task.operators.airflow.providers.common.sql.sensors.sql.SqlSensor","filename":"sql.py","lineno":100}
{"timestamp":"2026-07-08T14:58:46.855385Z","level":"info","event":"Running statement: SELECT COUNT(*) FROM demo_user.client_b_load_status\nWHERE status = 'COMPLETE' AND processed = 0, parameters: None","logger":"airflow.task.hooks.airflow.providers.oracle.hooks.oracle.OracleHook","filename":"sql.py","lineno":861}
{"timestamp":"2026-07-08T14:58:46.856230Z","level":"info","event":"Rows affected: 0","logger":"airflow.task.hooks.airflow.providers.oracle.hooks.oracle.OracleHook","filename":"sql.py","lineno":879}
{"timestamp":"2026-07-08T14:58:56.876803Z","level":"info","event":"Poking: SELECT COUNT(*) FROM demo_user.client_b_load_status\nWHERE status = 'COMPLETE' AND processed = 0 (with parameters None)","logger":"airflow.task.operators.airflow.providers.common.sql.sensors.sql.SqlSensor","filename":"sql.py","lineno":100}
{"timestamp":"2026-07-08T14:58:56.912994Z","level":"info","event":"Running statement: SELECT COUNT(*) FROM demo_user.client_b_load_status\nWHERE status = 'COMPLETE' AND processed = 0, parameters: None","logger":"airflow.task.hooks.airflow.providers.oracle.hooks.oracle.OracleHook","filename":"sql.py","lineno":861}
{"timestamp":"2026-07-08T14:58:56.914367Z","level":"info","event":"Rows affected: 0","logger":"airflow.task.hooks.airflow.providers.oracle.hooks.oracle.OracleHook","filename":"sql.py","lineno":879}
{"timestamp":"2026-07-08T14:59:06.930363Z","level":"info","event":"Poking: SELECT COUNT(*) FROM demo_user.client_b_load_status\nWHERE status = 'COMPLETE' AND processed = 0 (with parameters None)","logger":"airflow.task.operators.airflow.providers.common.sql.sensors.sql.SqlSensor","filename":"sql.py","lineno":100}
{"timestamp":"2026-07-08T14:59:06.971065Z","level":"info","event":"Running statement: SELECT COUNT(*) FROM demo_user.client_b_load_status\nWHERE status = 'COMPLETE' AND processed = 0, parameters: None","logger":"airflow.task.hooks.airflow.providers.oracle.hooks.oracle.OracleHook","filename":"sql.py","lineno":861}
{"timestamp":"2026-07-08T14:59:06.971909Z","level":"info","event":"Rows affected: 0","logger":"airflow.task.hooks.airflow.providers.oracle.hooks.oracle.OracleHook","filename":"sql.py","lineno":879}
{"timestamp":"2026-07-08T14:59:16.994027Z","level":"info","event":"Poking: SELECT COUNT(*) FROM demo_user.client_b_load_status\nWHERE status = 'COMPLETE' AND processed = 0 (with parameters None)","logger":"airflow.task.operators.airflow.providers.common.sql.sensors.sql.SqlSensor","filename":"sql.py","lineno":100}
{"timestamp":"2026-07-08T14:59:17.028584Z","level":"info","event":"Running statement: SELECT COUNT(*) FROM demo_user.client_b_load_status\nWHERE status = 'COMPLETE' AND processed = 0, parameters: None","logger":"airflow.task.hooks.airflow.providers.oracle.hooks.oracle.OracleHook","filename":"sql.py","lineno":861}
{"timestamp":"2026-07-08T14:59:17.029545Z","level":"info","event":"Rows affected: 0","logger":"airflow.task.hooks.airflow.providers.oracle.hooks.oracle.OracleHook","filename":"sql.py","lineno":879}
{"timestamp":"2026-07-08T14:59:27.065045Z","level":"info","event":"Poking: SELECT COUNT(*) FROM demo_user.client_b_load_status\nWHERE status = 'COMPLETE' AND processed = 0 (with parameters None)","logger":"airflow.task.operators.airflow.providers.common.sql.sensors.sql.SqlSensor","filename":"sql.py","lineno":100}
{"timestamp":"2026-07-08T14:59:27.106528Z","level":"info","event":"Running statement: SELECT COUNT(*) FROM demo_user.client_b_load_status\nWHERE status = 'COMPLETE' AND processed = 0, parameters: None","logger":"airflow.task.hooks.airflow.providers.oracle.hooks.oracle.OracleHook","filename":"sql.py","lineno":861}
{"timestamp":"2026-07-08T14:59:27.107538Z","level":"info","event":"Rows affected: 0","logger":"airflow.task.hooks.airflow.providers.oracle.hooks.oracle.OracleHook","filename":"sql.py","lineno":879}
{"timestamp":"2026-07-08T14:59:37.126273Z","level":"info","event":"Poking: SELECT COUNT(*) FROM demo_user.client_b_load_status\nWHERE status = 'COMPLETE' AND processed = 0 (with parameters None)","logger":"airflow.task.operators.airflow.providers.common.sql.sensors.sql.SqlSensor","filename":"sql.py","lineno":100}
{"timestamp":"2026-07-08T14:59:37.162451Z","level":"info","event":"Running statement: SELECT COUNT(*) FROM demo_user.client_b_load_status\nWHERE status = 'COMPLETE' AND processed = 0, parameters: None","logger":"airflow.task.hooks.airflow.providers.oracle.hooks.oracle.OracleHook","filename":"sql.py","lineno":861}
{"timestamp":"2026-07-08T14:59:37.163340Z","level":"info","event":"Rows affected: 0","logger":"airflow.task.hooks.airflow.providers.oracle.hooks.oracle.OracleHook","filename":"sql.py","lineno":879}
{"timestamp":"2026-07-08T14:59:47.182127Z","level":"info","event":"Poking: SELECT COUNT(*) FROM demo_user.client_b_load_status\nWHERE status = 'COMPLETE' AND processed = 0 (with parameters None)","logger":"airflow.task.operators.airflow.providers.common.sql.sensors.sql.SqlSensor","filename":"sql.py","lineno":100}
{"timestamp":"2026-07-08T14:59:47.212156Z","level":"info","event":"Running statement: SELECT COUNT(*) FROM demo_user.client_b_load_status\nWHERE status = 'COMPLETE' AND processed = 0, parameters: None","logger":"airflow.task.hooks.airflow.providers.oracle.hooks.oracle.OracleHook","filename":"sql.py","lineno":861}
{"timestamp":"2026-07-08T14:59:47.212796Z","level":"info","event":"Rows affected: 0","logger":"airflow.task.hooks.airflow.providers.oracle.hooks.oracle.OracleHook","filename":"sql.py","lineno":879}
{"timestamp":"2026-07-08T14:59:57.242633Z","level":"info","event":"Poking: SELECT COUNT(*) FROM demo_user.client_b_load_status\nWHERE status = 'COMPLETE' AND processed = 0 (with parameters None)","logger":"airflow.task.operators.airflow.providers.common.sql.sensors.sql.SqlSensor","filename":"sql.py","lineno":100}
{"timestamp":"2026-07-08T14:59:57.286836Z","level":"info","event":"Running statement: SELECT COUNT(*) FROM demo_user.client_b_load_status\nWHERE status = 'COMPLETE' AND processed = 0, parameters: None","logger":"airflow.task.hooks.airflow.providers.oracle.hooks.oracle.OracleHook","filename":"sql.py","lineno":861}
{"timestamp":"2026-07-08T14:59:57.288028Z","level":"info","event":"Rows affected: 0","logger":"airflow.task.hooks.airflow.providers.oracle.hooks.oracle.OracleHook","filename":"sql.py","lineno":879}
{"timestamp":"2026-07-08T15:00:07.308800Z","level":"info","event":"Poking: SELECT COUNT(*) FROM demo_user.client_b_load_status\nWHERE status = 'COMPLETE' AND processed = 0 (with parameters None)","logger":"airflow.task.operators.airflow.providers.common.sql.sensors.sql.SqlSensor","filename":"sql.py","lineno":100}
{"timestamp":"2026-07-08T15:00:07.346723Z","level":"info","event":"Running statement: SELECT COUNT(*) FROM demo_user.client_b_load_status\nWHERE status = 'COMPLETE' AND processed = 0, parameters: None","logger":"airflow.task.hooks.airflow.providers.oracle.hooks.oracle.OracleHook","filename":"sql.py","lineno":861}
{"timestamp":"2026-07-08T15:00:07.347746Z","level":"info","event":"Rows affected: 0","logger":"airflow.task.hooks.airflow.providers.oracle.hooks.oracle.OracleHook","filename":"sql.py","lineno":879}
{"timestamp":"2026-07-08T15:00:17.383043Z","level":"info","event":"Poking: SELECT COUNT(*) FROM demo_user.client_b_load_status\nWHERE status = 'COMPLETE' AND processed = 0 (with parameters None)","logger":"airflow.task.operators.airflow.providers.common.sql.sensors.sql.SqlSensor","filename":"sql.py","lineno":100}
{"timestamp":"2026-07-08T15:00:17.417541Z","level":"info","event":"Running statement: SELECT COUNT(*) FROM demo_user.client_b_load_status\nWHERE status = 'COMPLETE' AND processed = 0, parameters: None","logger":"airflow.task.hooks.airflow.providers.oracle.hooks.oracle.OracleHook","filename":"sql.py","lineno":861}
{"timestamp":"2026-07-08T15:00:17.418304Z","level":"info","event":"Rows affected: 0","logger":"airflow.task.hooks.airflow.providers.oracle.hooks.oracle.OracleHook","filename":"sql.py","lineno":879}
{"timestamp":"2026-07-08T15:00:27.445530Z","level":"info","event":"Poking: SELECT COUNT(*) FROM demo_user.client_b_load_status\nWHERE status = 'COMPLETE' AND processed = 0 (with parameters None)","logger":"airflow.task.operators.airflow.providers.common.sql.sensors.sql.SqlSensor","filename":"sql.py","lineno":100}
{"timestamp":"2026-07-08T15:00:27.486561Z","level":"info","event":"Running statement: SELECT COUNT(*) FROM demo_user.client_b_load_status\nWHERE status = 'COMPLETE' AND processed = 0, parameters: None","logger":"airflow.task.hooks.airflow.providers.oracle.hooks.oracle.OracleHook","filename":"sql.py","lineno":861}
{"timestamp":"2026-07-08T15:00:27.487408Z","level":"info","event":"Rows affected: 0","logger":"airflow.task.hooks.airflow.providers.oracle.hooks.oracle.OracleHook","filename":"sql.py","lineno":879}
{"timestamp":"2026-07-08T15:00:37.524334Z","level":"info","event":"Poking: SELECT COUNT(*) FROM demo_user.client_b_load_status\nWHERE status = 'COMPLETE' AND processed = 0 (with parameters None)","logger":"airflow.task.operators.airflow.providers.common.sql.sensors.sql.SqlSensor","filename":"sql.py","lineno":100}
{"timestamp":"2026-07-08T15:00:37.590218Z","level":"info","event":"Running statement: SELECT COUNT(*) FROM demo_user.client_b_load_status\nWHERE status = 'COMPLETE' AND processed = 0, parameters: None","logger":"airflow.task.hooks.airflow.providers.oracle.hooks.oracle.OracleHook","filename":"sql.py","lineno":861}
{"timestamp":"2026-07-08T15:00:37.591336Z","level":"info","event":"Rows affected: 0","logger":"airflow.task.hooks.airflow.providers.oracle.hooks.oracle.OracleHook","filename":"sql.py","lineno":879}
{"timestamp":"2026-07-08T15:00:47.623457Z","level":"info","event":"Poking: SELECT COUNT(*) FROM demo_user.client_b_load_status\nWHERE status = 'COMPLETE' AND processed = 0 (with parameters None)","logger":"airflow.task.operators.airflow.providers.common.sql.sensors.sql.SqlSensor","filename":"sql.py","lineno":100}
{"timestamp":"2026-07-08T15:00:47.661259Z","level":"info","event":"Running statement: SELECT COUNT(*) FROM demo_user.client_b_load_status\nWHERE status = 'COMPLETE' AND processed = 0, parameters: None","logger":"airflow.task.hooks.airflow.providers.oracle.hooks.oracle.OracleHook","filename":"sql.py","lineno":861}
{"timestamp":"2026-07-08T15:00:47.662307Z","level":"info","event":"Rows affected: 0","logger":"airflow.task.hooks.airflow.providers.oracle.hooks.oracle.OracleHook","filename":"sql.py","lineno":879}
{"timestamp":"2026-07-08T15:00:57.684051Z","level":"info","event":"Poking: SELECT COUNT(*) FROM demo_user.client_b_load_status\nWHERE status = 'COMPLETE' AND processed = 0 (with parameters None)","logger":"airflow.task.operators.airflow.providers.common.sql.sensors.sql.SqlSensor","filename":"sql.py","lineno":100}
{"timestamp":"2026-07-08T15:00:57.719716Z","level":"info","event":"Running statement: SELECT COUNT(*) FROM demo_user.client_b_load_status\nWHERE status = 'COMPLETE' AND processed = 0, parameters: None","logger":"airflow.task.hooks.airflow.providers.oracle.hooks.oracle.OracleHook","filename":"sql.py","lineno":861}
{"timestamp":"2026-07-08T15:00:57.720832Z","level":"info","event":"Rows affected: 0","logger":"airflow.task.hooks.airflow.providers.oracle.hooks.oracle.OracleHook","filename":"sql.py","lineno":879}
{"timestamp":"2026-07-08T15:01:07.746643Z","level":"info","event":"Poking: SELECT COUNT(*) FROM demo_user.client_b_load_status\nWHERE status = 'COMPLETE' AND processed = 0 (with parameters None)","logger":"airflow.task.operators.airflow.providers.common.sql.sensors.sql.SqlSensor","filename":"sql.py","lineno":100}
{"timestamp":"2026-07-08T15:01:07.792088Z","level":"info","event":"Running statement: SELECT COUNT(*) FROM demo_user.client_b_load_status\nWHERE status = 'COMPLETE' AND processed = 0, parameters: None","logger":"airflow.task.hooks.airflow.providers.oracle.hooks.oracle.OracleHook","filename":"sql.py","lineno":861}
{"timestamp":"2026-07-08T15:01:07.792720Z","level":"info","event":"Rows affected: 0","logger":"airflow.task.hooks.airflow.providers.oracle.hooks.oracle.OracleHook","filename":"sql.py","lineno":879}
{"timestamp":"2026-07-08T15:01:17.817076Z","level":"info","event":"Poking: SELECT COUNT(*) FROM demo_user.client_b_load_status\nWHERE status = 'COMPLETE' AND processed = 0 (with parameters None)","logger":"airflow.task.operators.airflow.providers.common.sql.sensors.sql.SqlSensor","filename":"sql.py","lineno":100}
{"timestamp":"2026-07-08T15:01:17.853571Z","level":"info","event":"Running statement: SELECT COUNT(*) FROM demo_user.client_b_load_status\nWHERE status = 'COMPLETE' AND processed = 0, parameters: None","logger":"airflow.task.hooks.airflow.providers.oracle.hooks.oracle.OracleHook","filename":"sql.py","lineno":861}
{"timestamp":"2026-07-08T15:01:17.854575Z","level":"info","event":"Rows affected: 0","logger":"airflow.task.hooks.airflow.providers.oracle.hooks.oracle.OracleHook","filename":"sql.py","lineno":879}
{"timestamp":"2026-07-08T15:01:27.883869Z","level":"info","event":"Poking: SELECT COUNT(*) FROM demo_user.client_b_load_status\nWHERE status = 'COMPLETE' AND processed = 0 (with parameters None)","logger":"airflow.task.operators.airflow.providers.common.sql.sensors.sql.SqlSensor","filename":"sql.py","lineno":100}
{"timestamp":"2026-07-08T15:01:27.918456Z","level":"info","event":"Running statement: SELECT COUNT(*) FROM demo_user.client_b_load_status\nWHERE status = 'COMPLETE' AND processed = 0, parameters: None","logger":"airflow.task.hooks.airflow.providers.oracle.hooks.oracle.OracleHook","filename":"sql.py","lineno":861}
{"timestamp":"2026-07-08T15:01:27.919140Z","level":"info","event":"Rows affected: 0","logger":"airflow.task.hooks.airflow.providers.oracle.hooks.oracle.OracleHook","filename":"sql.py","lineno":879}
{"timestamp":"2026-07-08T15:01:37.949129Z","level":"info","event":"Poking: SELECT COUNT(*) FROM demo_user.client_b_load_status\nWHERE status = 'COMPLETE' AND processed = 0 (with parameters None)","logger":"airflow.task.operators.airflow.providers.common.sql.sensors.sql.SqlSensor","filename":"sql.py","lineno":100}
{"timestamp":"2026-07-08T15:01:38.001974Z","level":"info","event":"Running statement: SELECT COUNT(*) FROM demo_user.client_b_load_status\nWHERE status = 'COMPLETE' AND processed = 0, parameters: None","logger":"airflow.task.hooks.airflow.providers.oracle.hooks.oracle.OracleHook","filename":"sql.py","lineno":861}
{"timestamp":"2026-07-08T15:01:38.003026Z","level":"info","event":"Rows affected: 0","logger":"airflow.task.hooks.airflow.providers.oracle.hooks.oracle.OracleHook","filename":"sql.py","lineno":879}
{"timestamp":"2026-07-08T15:01:48.034374Z","level":"info","event":"Poking: SELECT COUNT(*) FROM demo_user.client_b_load_status\nWHERE status = 'COMPLETE' AND processed = 0 (with parameters None)","logger":"airflow.task.operators.airflow.providers.common.sql.sensors.sql.SqlSensor","filename":"sql.py","lineno":100}
{"timestamp":"2026-07-08T15:01:48.083862Z","level":"info","event":"Running statement: SELECT COUNT(*) FROM demo_user.client_b_load_status\nWHERE status = 'COMPLETE' AND processed = 0, parameters: None","logger":"airflow.task.hooks.airflow.providers.oracle.hooks.oracle.OracleHook","filename":"sql.py","lineno":861}
{"timestamp":"2026-07-08T15:01:48.084803Z","level":"info","event":"Rows affected: 0","logger":"airflow.task.hooks.airflow.providers.oracle.hooks.oracle.OracleHook","filename":"sql.py","lineno":879}
{"timestamp":"2026-07-08T15:01:58.107571Z","level":"info","event":"Poking: SELECT COUNT(*) FROM demo_user.client_b_load_status\nWHERE status = 'COMPLETE' AND processed = 0 (with parameters None)","logger":"airflow.task.operators.airflow.providers.common.sql.sensors.sql.SqlSensor","filename":"sql.py","lineno":100}
{"timestamp":"2026-07-08T15:01:58.146019Z","level":"info","event":"Running statement: SELECT COUNT(*) FROM demo_user.client_b_load_status\nWHERE status = 'COMPLETE' AND processed = 0, parameters: None","logger":"airflow.task.hooks.airflow.providers.oracle.hooks.oracle.OracleHook","filename":"sql.py","lineno":861}
{"timestamp":"2026-07-08T15:01:58.147139Z","level":"info","event":"Rows affected: 0","logger":"airflow.task.hooks.airflow.providers.oracle.hooks.oracle.OracleHook","filename":"sql.py","lineno":879}
{"timestamp":"2026-07-08T15:02:08.193775Z","level":"info","event":"Poking: SELECT COUNT(*) FROM demo_user.client_b_load_status\nWHERE status = 'COMPLETE' AND processed = 0 (with parameters None)","logger":"airflow.task.operators.airflow.providers.common.sql.sensors.sql.SqlSensor","filename":"sql.py","lineno":100}
{"timestamp":"2026-07-08T15:02:08.234455Z","level":"info","event":"Running statement: SELECT COUNT(*) FROM demo_user.client_b_load_status\nWHERE status = 'COMPLETE' AND processed = 0, parameters: None","logger":"airflow.task.hooks.airflow.providers.oracle.hooks.oracle.OracleHook","filename":"sql.py","lineno":861}
{"timestamp":"2026-07-08T15:02:08.235233Z","level":"info","event":"Rows affected: 0","logger":"airflow.task.hooks.airflow.providers.oracle.hooks.oracle.OracleHook","filename":"sql.py","lineno":879}
{"timestamp":"2026-07-08T15:02:18.288724Z","level":"info","event":"Poking: SELECT COUNT(*) FROM demo_user.client_b_load_status\nWHERE status = 'COMPLETE' AND processed = 0 (with parameters None)","logger":"airflow.task.operators.airflow.providers.common.sql.sensors.sql.SqlSensor","filename":"sql.py","lineno":100}
{"timestamp":"2026-07-08T15:02:18.324349Z","level":"info","event":"Running statement: SELECT COUNT(*) FROM demo_user.client_b_load_status\nWHERE status = 'COMPLETE' AND processed = 0, parameters: None","logger":"airflow.task.hooks.airflow.providers.oracle.hooks.oracle.OracleHook","filename":"sql.py","lineno":861}
{"timestamp":"2026-07-08T15:02:18.325477Z","level":"info","event":"Rows affected: 0","logger":"airflow.task.hooks.airflow.providers.oracle.hooks.oracle.OracleHook","filename":"sql.py","lineno":879}
{"timestamp":"2026-07-08T15:02:28.354971Z","level":"info","event":"Poking: SELECT COUNT(*) FROM demo_user.client_b_load_status\nWHERE status = 'COMPLETE' AND processed = 0 (with parameters None)","logger":"airflow.task.operators.airflow.providers.common.sql.sensors.sql.SqlSensor","filename":"sql.py","lineno":100}
{"timestamp":"2026-07-08T15:02:28.391769Z","level":"info","event":"Running statement: SELECT COUNT(*) FROM demo_user.client_b_load_status\nWHERE status = 'COMPLETE' AND processed = 0, parameters: None","logger":"airflow.task.hooks.airflow.providers.oracle.hooks.oracle.OracleHook","filename":"sql.py","lineno":861}
{"timestamp":"2026-07-08T15:02:28.392634Z","level":"info","event":"Rows affected: 0","logger":"airflow.task.hooks.airflow.providers.oracle.hooks.oracle.OracleHook","filename":"sql.py","lineno":879}
{"timestamp":"2026-07-08T15:02:38.423832Z","level":"info","event":"Poking: SELECT COUNT(*) FROM demo_user.client_b_load_status\nWHERE status = 'COMPLETE' AND processed = 0 (with parameters None)","logger":"airflow.task.operators.airflow.providers.common.sql.sensors.sql.SqlSensor","filename":"sql.py","lineno":100}
{"timestamp":"2026-07-08T15:02:38.459187Z","level":"info","event":"Running statement: SELECT COUNT(*) FROM demo_user.client_b_load_status\nWHERE status = 'COMPLETE' AND processed = 0, parameters: None","logger":"airflow.task.hooks.airflow.providers.oracle.hooks.oracle.OracleHook","filename":"sql.py","lineno":861}
{"timestamp":"2026-07-08T15:02:38.459927Z","level":"info","event":"Rows affected: 0","logger":"airflow.task.hooks.airflow.providers.oracle.hooks.oracle.OracleHook","filename":"sql.py","lineno":879}
{"timestamp":"2026-07-08T15:02:48.490190Z","level":"info","event":"Poking: SELECT COUNT(*) FROM demo_user.client_b_load_status\nWHERE status = 'COMPLETE' AND processed = 0 (with parameters None)","logger":"airflow.task.operators.airflow.providers.common.sql.sensors.sql.SqlSensor","filename":"sql.py","lineno":100}
{"timestamp":"2026-07-08T15:02:48.533220Z","level":"info","event":"Running statement: SELECT COUNT(*) FROM demo_user.client_b_load_status\nWHERE status = 'COMPLETE' AND processed = 0, parameters: None","logger":"airflow.task.hooks.airflow.providers.oracle.hooks.oracle.OracleHook","filename":"sql.py","lineno":861}
{"timestamp":"2026-07-08T15:02:48.534035Z","level":"info","event":"Rows affected: 0","logger":"airflow.task.hooks.airflow.providers.oracle.hooks.oracle.OracleHook","filename":"sql.py","lineno":879}
{"timestamp":"2026-07-08T15:02:58.556276Z","level":"info","event":"Poking: SELECT COUNT(*) FROM demo_user.client_b_load_status\nWHERE status = 'COMPLETE' AND processed = 0 (with parameters None)","logger":"airflow.task.operators.airflow.providers.common.sql.sensors.sql.SqlSensor","filename":"sql.py","lineno":100}
{"timestamp":"2026-07-08T15:02:58.588456Z","level":"info","event":"Running statement: SELECT COUNT(*) FROM demo_user.client_b_load_status\nWHERE status = 'COMPLETE' AND processed = 0, parameters: None","logger":"airflow.task.hooks.airflow.providers.oracle.hooks.oracle.OracleHook","filename":"sql.py","lineno":861}
{"timestamp":"2026-07-08T15:02:58.589404Z","level":"info","event":"Rows affected: 0","logger":"airflow.task.hooks.airflow.providers.oracle.hooks.oracle.OracleHook","filename":"sql.py","lineno":879}
{"timestamp":"2026-07-08T15:03:08.625042Z","level":"info","event":"Poking: SELECT COUNT(*) FROM demo_user.client_b_load_status\nWHERE status = 'COMPLETE' AND processed = 0 (with parameters None)","logger":"airflow.task.operators.airflow.providers.common.sql.sensors.sql.SqlSensor","filename":"sql.py","lineno":100}
{"timestamp":"2026-07-08T15:03:08.665395Z","level":"info","event":"Running statement: SELECT COUNT(*) FROM demo_user.client_b_load_status\nWHERE status = 'COMPLETE' AND processed = 0, parameters: None","logger":"airflow.task.hooks.airflow.providers.oracle.hooks.oracle.OracleHook","filename":"sql.py","lineno":861}
{"timestamp":"2026-07-08T15:03:08.666107Z","level":"info","event":"Rows affected: 0","logger":"airflow.task.hooks.airflow.providers.oracle.hooks.oracle.OracleHook","filename":"sql.py","lineno":879}
{"timestamp":"2026-07-08T15:03:18.696273Z","level":"info","event":"Poking: SELECT COUNT(*) FROM demo_user.client_b_load_status\nWHERE status = 'COMPLETE' AND processed = 0 (with parameters None)","logger":"airflow.task.operators.airflow.providers.common.sql.sensors.sql.SqlSensor","filename":"sql.py","lineno":100}
{"timestamp":"2026-07-08T15:03:18.733062Z","level":"info","event":"Running statement: SELECT COUNT(*) FROM demo_user.client_b_load_status\nWHERE status = 'COMPLETE' AND processed = 0, parameters: None","logger":"airflow.task.hooks.airflow.providers.oracle.hooks.oracle.OracleHook","filename":"sql.py","lineno":861}
{"timestamp":"2026-07-08T15:03:18.733755Z","level":"info","event":"Rows affected: 0","logger":"airflow.task.hooks.airflow.providers.oracle.hooks.oracle.OracleHook","filename":"sql.py","lineno":879}
{"timestamp":"2026-07-08T15:03:28.758809Z","level":"info","event":"Poking: SELECT COUNT(*) FROM demo_user.client_b_load_status\nWHERE status = 'COMPLETE' AND processed = 0 (with parameters None)","logger":"airflow.task.operators.airflow.providers.common.sql.sensors.sql.SqlSensor","filename":"sql.py","lineno":100}
{"timestamp":"2026-07-08T15:03:28.795831Z","level":"info","event":"Running statement: SELECT COUNT(*) FROM demo_user.client_b_load_status\nWHERE status = 'COMPLETE' AND processed = 0, parameters: None","logger":"airflow.task.hooks.airflow.providers.oracle.hooks.oracle.OracleHook","filename":"sql.py","lineno":861}
{"timestamp":"2026-07-08T15:03:28.796557Z","level":"info","event":"Rows affected: 0","logger":"airflow.task.hooks.airflow.providers.oracle.hooks.oracle.OracleHook","filename":"sql.py","lineno":879}
{"timestamp":"2026-07-08T15:03:38.824534Z","level":"info","event":"Poking: SELECT COUNT(*) FROM demo_user.client_b_load_status\nWHERE status = 'COMPLETE' AND processed = 0 (with parameters None)","logger":"airflow.task.operators.airflow.providers.common.sql.sensors.sql.SqlSensor","filename":"sql.py","lineno":100}
{"timestamp":"2026-07-08T15:03:38.858737Z","level":"info","event":"Running statement: SELECT COUNT(*) FROM demo_user.client_b_load_status\nWHERE status = 'COMPLETE' AND processed = 0, parameters: None","logger":"airflow.task.hooks.airflow.providers.oracle.hooks.oracle.OracleHook","filename":"sql.py","lineno":861}
{"timestamp":"2026-07-08T15:03:38.859438Z","level":"info","event":"Rows affected: 0","logger":"airflow.task.hooks.airflow.providers.oracle.hooks.oracle.OracleHook","filename":"sql.py","lineno":879}
{"timestamp":"2026-07-08T15:03:48.889103Z","level":"info","event":"Poking: SELECT COUNT(*) FROM demo_user.client_b_load_status\nWHERE status = 'COMPLETE' AND processed = 0 (with parameters None)","logger":"airflow.task.operators.airflow.providers.common.sql.sensors.sql.SqlSensor","filename":"sql.py","lineno":100}
{"timestamp":"2026-07-08T15:03:48.925360Z","level":"info","event":"Running statement: SELECT COUNT(*) FROM demo_user.client_b_load_status\nWHERE status = 'COMPLETE' AND processed = 0, parameters: None","logger":"airflow.task.hooks.airflow.providers.oracle.hooks.oracle.OracleHook","filename":"sql.py","lineno":861}
{"timestamp":"2026-07-08T15:03:48.925986Z","level":"info","event":"Rows affected: 0","logger":"airflow.task.hooks.airflow.providers.oracle.hooks.oracle.OracleHook","filename":"sql.py","lineno":879}
{"timestamp":"2026-07-08T15:03:58.953037Z","level":"info","event":"Poking: SELECT COUNT(*) FROM demo_user.client_b_load_status\nWHERE status = 'COMPLETE' AND processed = 0 (with parameters None)","logger":"airflow.task.operators.airflow.providers.common.sql.sensors.sql.SqlSensor","filename":"sql.py","lineno":100}
{"timestamp":"2026-07-08T15:03:58.989139Z","level":"info","event":"Running statement: SELECT COUNT(*) FROM demo_user.client_b_load_status\nWHERE status = 'COMPLETE' AND processed = 0, parameters: None","logger":"airflow.task.hooks.airflow.providers.oracle.hooks.oracle.OracleHook","filename":"sql.py","lineno":861}
{"timestamp":"2026-07-08T15:03:58.989972Z","level":"info","event":"Rows affected: 0","logger":"airflow.task.hooks.airflow.providers.oracle.hooks.oracle.OracleHook","filename":"sql.py","lineno":879}
{"timestamp":"2026-07-08T15:04:09.040934Z","level":"info","event":"Poking: SELECT COUNT(*) FROM demo_user.client_b_load_status\nWHERE status = 'COMPLETE' AND processed = 0 (with parameters None)","logger":"airflow.task.operators.airflow.providers.common.sql.sensors.sql.SqlSensor","filename":"sql.py","lineno":100}
{"timestamp":"2026-07-08T15:04:09.136228Z","level":"info","event":"Running statement: SELECT COUNT(*) FROM demo_user.client_b_load_status\nWHERE status = 'COMPLETE' AND processed = 0, parameters: None","logger":"airflow.task.hooks.airflow.providers.oracle.hooks.oracle.OracleHook","filename":"sql.py","lineno":861}
{"timestamp":"2026-07-08T15:04:09.137416Z","level":"info","event":"Rows affected: 0","logger":"airflow.task.hooks.airflow.providers.oracle.hooks.oracle.OracleHook","filename":"sql.py","lineno":879}
{"timestamp":"2026-07-08T15:04:19.166643Z","level":"info","event":"Poking: SELECT COUNT(*) FROM demo_user.client_b_load_status\nWHERE status = 'COMPLETE' AND processed = 0 (with parameters None)","logger":"airflow.task.operators.airflow.providers.common.sql.sensors.sql.SqlSensor","filename":"sql.py","lineno":100}
{"timestamp":"2026-07-08T15:04:19.208025Z","level":"info","event":"Running statement: SELECT COUNT(*) FROM demo_user.client_b_load_status\nWHERE status = 'COMPLETE' AND processed = 0, parameters: None","logger":"airflow.task.hooks.airflow.providers.oracle.hooks.oracle.OracleHook","filename":"sql.py","lineno":861}
{"timestamp":"2026-07-08T15:04:19.208854Z","level":"info","event":"Rows affected: 0","logger":"airflow.task.hooks.airflow.providers.oracle.hooks.oracle.OracleHook","filename":"sql.py","lineno":879}
{"timestamp":"2026-07-08T15:04:29.237568Z","level":"info","event":"Poking: SELECT COUNT(*) FROM demo_user.client_b_load_status\nWHERE status = 'COMPLETE' AND processed = 0 (with parameters None)","logger":"airflow.task.operators.airflow.providers.common.sql.sensors.sql.SqlSensor","filename":"sql.py","lineno":100}
{"timestamp":"2026-07-08T15:04:29.270339Z","level":"info","event":"Running statement: SELECT COUNT(*) FROM demo_user.client_b_load_status\nWHERE status = 'COMPLETE' AND processed = 0, parameters: None","logger":"airflow.task.hooks.airflow.providers.oracle.hooks.oracle.OracleHook","filename":"sql.py","lineno":861}
{"timestamp":"2026-07-08T15:04:29.270946Z","level":"info","event":"Rows affected: 0","logger":"airflow.task.hooks.airflow.providers.oracle.hooks.oracle.OracleHook","filename":"sql.py","lineno":879}
{"timestamp":"2026-07-08T15:04:39.291507Z","level":"info","event":"Poking: SELECT COUNT(*) FROM demo_user.client_b_load_status\nWHERE status = 'COMPLETE' AND processed = 0 (with parameters None)","logger":"airflow.task.operators.airflow.providers.common.sql.sensors.sql.SqlSensor","filename":"sql.py","lineno":100}
{"timestamp":"2026-07-08T15:04:39.330394Z","level":"info","event":"Running statement: SELECT COUNT(*) FROM demo_user.client_b_load_status\nWHERE status = 'COMPLETE' AND processed = 0, parameters: None","logger":"airflow.task.hooks.airflow.providers.oracle.hooks.oracle.OracleHook","filename":"sql.py","lineno":861}
{"timestamp":"2026-07-08T15:04:39.331089Z","level":"info","event":"Rows affected: 0","logger":"airflow.task.hooks.airflow.providers.oracle.hooks.oracle.OracleHook","filename":"sql.py","lineno":879}
{"timestamp":"2026-07-08T15:04:49.353049Z","level":"info","event":"Poking: SELECT COUNT(*) FROM demo_user.client_b_load_status\nWHERE status = 'COMPLETE' AND processed = 0 (with parameters None)","logger":"airflow.task.operators.airflow.providers.common.sql.sensors.sql.SqlSensor","filename":"sql.py","lineno":100}
{"timestamp":"2026-07-08T15:04:49.394580Z","level":"info","event":"Running statement: SELECT COUNT(*) FROM demo_user.client_b_load_status\nWHERE status = 'COMPLETE' AND processed = 0, parameters: None","logger":"airflow.task.hooks.airflow.providers.oracle.hooks.oracle.OracleHook","filename":"sql.py","lineno":861}
{"timestamp":"2026-07-08T15:04:49.395458Z","level":"info","event":"Rows affected: 0","logger":"airflow.task.hooks.airflow.providers.oracle.hooks.oracle.OracleHook","filename":"sql.py","lineno":879}
{"timestamp":"2026-07-08T15:04:59.429748Z","level":"info","event":"Poking: SELECT COUNT(*) FROM demo_user.client_b_load_status\nWHERE status = 'COMPLETE' AND processed = 0 (with parameters None)","logger":"airflow.task.operators.airflow.providers.common.sql.sensors.sql.SqlSensor","filename":"sql.py","lineno":100}
{"timestamp":"2026-07-08T15:04:59.469917Z","level":"info","event":"Running statement: SELECT COUNT(*) FROM demo_user.client_b_load_status\nWHERE status = 'COMPLETE' AND processed = 0, parameters: None","logger":"airflow.task.hooks.airflow.providers.oracle.hooks.oracle.OracleHook","filename":"sql.py","lineno":861}
{"timestamp":"2026-07-08T15:04:59.470852Z","level":"info","event":"Rows affected: 0","logger":"airflow.task.hooks.airflow.providers.oracle.hooks.oracle.OracleHook","filename":"sql.py","lineno":879}
{"timestamp":"2026-07-08T15:05:09.493700Z","level":"info","event":"Poking: SELECT COUNT(*) FROM demo_user.client_b_load_status\nWHERE status = 'COMPLETE' AND processed = 0 (with parameters None)","logger":"airflow.task.operators.airflow.providers.common.sql.sensors.sql.SqlSensor","filename":"sql.py","lineno":100}
{"timestamp":"2026-07-08T15:05:09.528121Z","level":"info","event":"Running statement: SELECT COUNT(*) FROM demo_user.client_b_load_status\nWHERE status = 'COMPLETE' AND processed = 0, parameters: None","logger":"airflow.task.hooks.airflow.providers.oracle.hooks.oracle.OracleHook","filename":"sql.py","lineno":861}
{"timestamp":"2026-07-08T15:05:09.528864Z","level":"info","event":"Rows affected: 0","logger":"airflow.task.hooks.airflow.providers.oracle.hooks.oracle.OracleHook","filename":"sql.py","lineno":879}
{"timestamp":"2026-07-08T15:05:19.554619Z","level":"info","event":"Poking: SELECT COUNT(*) FROM demo_user.client_b_load_status\nWHERE status = 'COMPLETE' AND processed = 0 (with parameters None)","logger":"airflow.task.operators.airflow.providers.common.sql.sensors.sql.SqlSensor","filename":"sql.py","lineno":100}
{"timestamp":"2026-07-08T15:05:19.589641Z","level":"info","event":"Running statement: SELECT COUNT(*) FROM demo_user.client_b_load_status\nWHERE status = 'COMPLETE' AND processed = 0, parameters: None","logger":"airflow.task.hooks.airflow.providers.oracle.hooks.oracle.OracleHook","filename":"sql.py","lineno":861}
{"timestamp":"2026-07-08T15:05:19.590532Z","level":"info","event":"Rows affected: 0","logger":"airflow.task.hooks.airflow.providers.oracle.hooks.oracle.OracleHook","filename":"sql.py","lineno":879}
{"timestamp":"2026-07-08T15:05:29.612877Z","level":"info","event":"Poking: SELECT COUNT(*) FROM demo_user.client_b_load_status\nWHERE status = 'COMPLETE' AND processed = 0 (with parameters None)","logger":"airflow.task.operators.airflow.providers.common.sql.sensors.sql.SqlSensor","filename":"sql.py","lineno":100}
{"timestamp":"2026-07-08T15:05:29.666353Z","level":"info","event":"Running statement: SELECT COUNT(*) FROM demo_user.client_b_load_status\nWHERE status = 'COMPLETE' AND processed = 0, parameters: None","logger":"airflow.task.hooks.airflow.providers.oracle.hooks.oracle.OracleHook","filename":"sql.py","lineno":861}
{"timestamp":"2026-07-08T15:05:29.667999Z","level":"info","event":"Rows affected: 0","logger":"airflow.task.hooks.airflow.providers.oracle.hooks.oracle.OracleHook","filename":"sql.py","lineno":879}
{"timestamp":"2026-07-08T15:05:39.696503Z","level":"info","event":"Poking: SELECT COUNT(*) FROM demo_user.client_b_load_status\nWHERE status = 'COMPLETE' AND processed = 0 (with parameters None)","logger":"airflow.task.operators.airflow.providers.common.sql.sensors.sql.SqlSensor","filename":"sql.py","lineno":100}
{"timestamp":"2026-07-08T15:05:39.733094Z","level":"info","event":"Running statement: SELECT COUNT(*) FROM demo_user.client_b_load_status\nWHERE status = 'COMPLETE' AND processed = 0, parameters: None","logger":"airflow.task.hooks.airflow.providers.oracle.hooks.oracle.OracleHook","filename":"sql.py","lineno":861}
{"timestamp":"2026-07-08T15:05:39.734202Z","level":"info","event":"Rows affected: 0","logger":"airflow.task.hooks.airflow.providers.oracle.hooks.oracle.OracleHook","filename":"sql.py","lineno":879}
{"timestamp":"2026-07-08T15:05:49.757429Z","level":"info","event":"Poking: SELECT COUNT(*) FROM demo_user.client_b_load_status\nWHERE status = 'COMPLETE' AND processed = 0 (with parameters None)","logger":"airflow.task.operators.airflow.providers.common.sql.sensors.sql.SqlSensor","filename":"sql.py","lineno":100}
{"timestamp":"2026-07-08T15:05:49.798844Z","level":"info","event":"Running statement: SELECT COUNT(*) FROM demo_user.client_b_load_status\nWHERE status = 'COMPLETE' AND processed = 0, parameters: None","logger":"airflow.task.hooks.airflow.providers.oracle.hooks.oracle.OracleHook","filename":"sql.py","lineno":861}
{"timestamp":"2026-07-08T15:05:49.799568Z","level":"info","event":"Rows affected: 0","logger":"airflow.task.hooks.airflow.providers.oracle.hooks.oracle.OracleHook","filename":"sql.py","lineno":879}
{"timestamp":"2026-07-08T15:05:59.832050Z","level":"info","event":"Poking: SELECT COUNT(*) FROM demo_user.client_b_load_status\nWHERE status = 'COMPLETE' AND processed = 0 (with parameters None)","logger":"airflow.task.operators.airflow.providers.common.sql.sensors.sql.SqlSensor","filename":"sql.py","lineno":100}
{"timestamp":"2026-07-08T15:05:59.869280Z","level":"info","event":"Running statement: SELECT COUNT(*) FROM demo_user.client_b_load_status\nWHERE status = 'COMPLETE' AND processed = 0, parameters: None","logger":"airflow.task.hooks.airflow.providers.oracle.hooks.oracle.OracleHook","filename":"sql.py","lineno":861}
{"timestamp":"2026-07-08T15:05:59.870185Z","level":"info","event":"Rows affected: 0","logger":"airflow.task.hooks.airflow.providers.oracle.hooks.oracle.OracleHook","filename":"sql.py","lineno":879}
{"timestamp":"2026-07-08T15:06:09.896556Z","level":"info","event":"Poking: SELECT COUNT(*) FROM demo_user.client_b_load_status\nWHERE status = 'COMPLETE' AND processed = 0 (with parameters None)","logger":"airflow.task.operators.airflow.providers.common.sql.sensors.sql.SqlSensor","filename":"sql.py","lineno":100}
{"timestamp":"2026-07-08T15:06:09.934647Z","level":"info","event":"Running statement: SELECT COUNT(*) FROM demo_user.client_b_load_status\nWHERE status = 'COMPLETE' AND processed = 0, parameters: None","logger":"airflow.task.hooks.airflow.providers.oracle.hooks.oracle.OracleHook","filename":"sql.py","lineno":861}
{"timestamp":"2026-07-08T15:06:09.935464Z","level":"info","event":"Rows affected: 0","logger":"airflow.task.hooks.airflow.providers.oracle.hooks.oracle.OracleHook","filename":"sql.py","lineno":879}
{"timestamp":"2026-07-08T15:06:19.949862Z","level":"info","event":"Poking: SELECT COUNT(*) FROM demo_user.client_b_load_status\nWHERE status = 'COMPLETE' AND processed = 0 (with parameters None)","logger":"airflow.task.operators.airflow.providers.common.sql.sensors.sql.SqlSensor","filename":"sql.py","lineno":100}
{"timestamp":"2026-07-08T15:06:19.983609Z","level":"info","event":"Running statement: SELECT COUNT(*) FROM demo_user.client_b_load_status\nWHERE status = 'COMPLETE' AND processed = 0, parameters: None","logger":"airflow.task.hooks.airflow.providers.oracle.hooks.oracle.OracleHook","filename":"sql.py","lineno":861}
{"timestamp":"2026-07-08T15:06:19.984792Z","level":"info","event":"Rows affected: 0","logger":"airflow.task.hooks.airflow.providers.oracle.hooks.oracle.OracleHook","filename":"sql.py","lineno":879}
{"timestamp":"2026-07-08T15:06:30.003186Z","level":"info","event":"Poking: SELECT COUNT(*) FROM demo_user.client_b_load_status\nWHERE status = 'COMPLETE' AND processed = 0 (with parameters None)","logger":"airflow.task.operators.airflow.providers.common.sql.sensors.sql.SqlSensor","filename":"sql.py","lineno":100}
{"timestamp":"2026-07-08T15:06:30.052669Z","level":"info","event":"Running statement: SELECT COUNT(*) FROM demo_user.client_b_load_status\nWHERE status = 'COMPLETE' AND processed = 0, parameters: None","logger":"airflow.task.hooks.airflow.providers.oracle.hooks.oracle.OracleHook","filename":"sql.py","lineno":861}
{"timestamp":"2026-07-08T15:06:30.053929Z","level":"info","event":"Rows affected: 0","logger":"airflow.task.hooks.airflow.providers.oracle.hooks.oracle.OracleHook","filename":"sql.py","lineno":879}
{"timestamp":"2026-07-08T15:06:40.083868Z","level":"info","event":"Poking: SELECT COUNT(*) FROM demo_user.client_b_load_status\nWHERE status = 'COMPLETE' AND processed = 0 (with parameters None)","logger":"airflow.task.operators.airflow.providers.common.sql.sensors.sql.SqlSensor","filename":"sql.py","lineno":100}
{"timestamp":"2026-07-08T15:06:40.120115Z","level":"info","event":"Running statement: SELECT COUNT(*) FROM demo_user.client_b_load_status\nWHERE status = 'COMPLETE' AND processed = 0, parameters: None","logger":"airflow.task.hooks.airflow.providers.oracle.hooks.oracle.OracleHook","filename":"sql.py","lineno":861}
{"timestamp":"2026-07-08T15:06:40.120886Z","level":"info","event":"Rows affected: 0","logger":"airflow.task.hooks.airflow.providers.oracle.hooks.oracle.OracleHook","filename":"sql.py","lineno":879}
{"timestamp":"2026-07-08T15:06:50.146761Z","level":"info","event":"Poking: SELECT COUNT(*) FROM demo_user.client_b_load_status\nWHERE status = 'COMPLETE' AND processed = 0 (with parameters None)","logger":"airflow.task.operators.airflow.providers.common.sql.sensors.sql.SqlSensor","filename":"sql.py","lineno":100}
{"timestamp":"2026-07-08T15:06:50.182842Z","level":"info","event":"Running statement: SELECT COUNT(*) FROM demo_user.client_b_load_status\nWHERE status = 'COMPLETE' AND processed = 0, parameters: None","logger":"airflow.task.hooks.airflow.providers.oracle.hooks.oracle.OracleHook","filename":"sql.py","lineno":861}
{"timestamp":"2026-07-08T15:06:50.184165Z","level":"info","event":"Rows affected: 0","logger":"airflow.task.hooks.airflow.providers.oracle.hooks.oracle.OracleHook","filename":"sql.py","lineno":879}
{"timestamp":"2026-07-08T15:07:00.218870Z","level":"info","event":"Poking: SELECT COUNT(*) FROM demo_user.client_b_load_status\nWHERE status = 'COMPLETE' AND processed = 0 (with parameters None)","logger":"airflow.task.operators.airflow.providers.common.sql.sensors.sql.SqlSensor","filename":"sql.py","lineno":100}
{"timestamp":"2026-07-08T15:07:00.261915Z","level":"info","event":"Running statement: SELECT COUNT(*) FROM demo_user.client_b_load_status\nWHERE status = 'COMPLETE' AND processed = 0, parameters: None","logger":"airflow.task.hooks.airflow.providers.oracle.hooks.oracle.OracleHook","filename":"sql.py","lineno":861}
{"timestamp":"2026-07-08T15:07:00.262628Z","level":"info","event":"Rows affected: 0","logger":"airflow.task.hooks.airflow.providers.oracle.hooks.oracle.OracleHook","filename":"sql.py","lineno":879}
{"timestamp":"2026-07-08T15:07:10.284585Z","level":"info","event":"Poking: SELECT COUNT(*) FROM demo_user.client_b_load_status\nWHERE status = 'COMPLETE' AND processed = 0 (with parameters None)","logger":"airflow.task.operators.airflow.providers.common.sql.sensors.sql.SqlSensor","filename":"sql.py","lineno":100}
{"timestamp":"2026-07-08T15:07:10.320181Z","level":"info","event":"Running statement: SELECT COUNT(*) FROM demo_user.client_b_load_status\nWHERE status = 'COMPLETE' AND processed = 0, parameters: None","logger":"airflow.task.hooks.airflow.providers.oracle.hooks.oracle.OracleHook","filename":"sql.py","lineno":861}
{"timestamp":"2026-07-08T15:07:10.321009Z","level":"info","event":"Rows affected: 0","logger":"airflow.task.hooks.airflow.providers.oracle.hooks.oracle.OracleHook","filename":"sql.py","lineno":879}
{"timestamp":"2026-07-08T15:07:20.347091Z","level":"info","event":"Poking: SELECT COUNT(*) FROM demo_user.client_b_load_status\nWHERE status = 'COMPLETE' AND processed = 0 (with parameters None)","logger":"airflow.task.operators.airflow.providers.common.sql.sensors.sql.SqlSensor","filename":"sql.py","lineno":100}
{"timestamp":"2026-07-08T15:07:20.383651Z","level":"info","event":"Running statement: SELECT COUNT(*) FROM demo_user.client_b_load_status\nWHERE status = 'COMPLETE' AND processed = 0, parameters: None","logger":"airflow.task.hooks.airflow.providers.oracle.hooks.oracle.OracleHook","filename":"sql.py","lineno":861}
{"timestamp":"2026-07-08T15:07:20.384400Z","level":"info","event":"Rows affected: 0","logger":"airflow.task.hooks.airflow.providers.oracle.hooks.oracle.OracleHook","filename":"sql.py","lineno":879}
{"timestamp":"2026-07-08T15:07:30.414824Z","level":"info","event":"Poking: SELECT COUNT(*) FROM demo_user.client_b_load_status\nWHERE status = 'COMPLETE' AND processed = 0 (with parameters None)","logger":"airflow.task.operators.airflow.providers.common.sql.sensors.sql.SqlSensor","filename":"sql.py","lineno":100}
{"timestamp":"2026-07-08T15:07:30.455103Z","level":"info","event":"Running statement: SELECT COUNT(*) FROM demo_user.client_b_load_status\nWHERE status = 'COMPLETE' AND processed = 0, parameters: None","logger":"airflow.task.hooks.airflow.providers.oracle.hooks.oracle.OracleHook","filename":"sql.py","lineno":861}
{"timestamp":"2026-07-08T15:07:30.455822Z","level":"info","event":"Rows affected: 0","logger":"airflow.task.hooks.airflow.providers.oracle.hooks.oracle.OracleHook","filename":"sql.py","lineno":879}
{"timestamp":"2026-07-08T15:07:40.490826Z","level":"info","event":"Poking: SELECT COUNT(*) FROM demo_user.client_b_load_status\nWHERE status = 'COMPLETE' AND processed = 0 (with parameters None)","logger":"airflow.task.operators.airflow.providers.common.sql.sensors.sql.SqlSensor","filename":"sql.py","lineno":100}
{"timestamp":"2026-07-08T15:07:40.531572Z","level":"info","event":"Running statement: SELECT COUNT(*) FROM demo_user.client_b_load_status\nWHERE status = 'COMPLETE' AND processed = 0, parameters: None","logger":"airflow.task.hooks.airflow.providers.oracle.hooks.oracle.OracleHook","filename":"sql.py","lineno":861}
{"timestamp":"2026-07-08T15:07:40.532279Z","level":"info","event":"Rows affected: 0","logger":"airflow.task.hooks.airflow.providers.oracle.hooks.oracle.OracleHook","filename":"sql.py","lineno":879}
{"timestamp":"2026-07-08T15:07:50.561683Z","level":"info","event":"Poking: SELECT COUNT(*) FROM demo_user.client_b_load_status\nWHERE status = 'COMPLETE' AND processed = 0 (with parameters None)","logger":"airflow.task.operators.airflow.providers.common.sql.sensors.sql.SqlSensor","filename":"sql.py","lineno":100}
{"timestamp":"2026-07-08T15:07:50.616218Z","level":"info","event":"Running statement: SELECT COUNT(*) FROM demo_user.client_b_load_status\nWHERE status = 'COMPLETE' AND processed = 0, parameters: None","logger":"airflow.task.hooks.airflow.providers.oracle.hooks.oracle.OracleHook","filename":"sql.py","lineno":861}
{"timestamp":"2026-07-08T15:07:50.617708Z","level":"info","event":"Rows affected: 0","logger":"airflow.task.hooks.airflow.providers.oracle.hooks.oracle.OracleHook","filename":"sql.py","lineno":879}
{"timestamp":"2026-07-08T15:08:00.639867Z","level":"info","event":"Poking: SELECT COUNT(*) FROM demo_user.client_b_load_status\nWHERE status = 'COMPLETE' AND processed = 0 (with parameters None)","logger":"airflow.task.operators.airflow.providers.common.sql.sensors.sql.SqlSensor","filename":"sql.py","lineno":100}
{"timestamp":"2026-07-08T15:08:00.674675Z","level":"info","event":"Running statement: SELECT COUNT(*) FROM demo_user.client_b_load_status\nWHERE status = 'COMPLETE' AND processed = 0, parameters: None","logger":"airflow.task.hooks.airflow.providers.oracle.hooks.oracle.OracleHook","filename":"sql.py","lineno":861}
{"timestamp":"2026-07-08T15:08:00.675378Z","level":"info","event":"Rows affected: 0","logger":"airflow.task.hooks.airflow.providers.oracle.hooks.oracle.OracleHook","filename":"sql.py","lineno":879}
{"timestamp":"2026-07-08T15:08:10.709426Z","level":"info","event":"Poking: SELECT COUNT(*) FROM demo_user.client_b_load_status\nWHERE status = 'COMPLETE' AND processed = 0 (with parameters None)","logger":"airflow.task.operators.airflow.providers.common.sql.sensors.sql.SqlSensor","filename":"sql.py","lineno":100}
{"timestamp":"2026-07-08T15:08:10.741986Z","level":"info","event":"Running statement: SELECT COUNT(*) FROM demo_user.client_b_load_status\nWHERE status = 'COMPLETE' AND processed = 0, parameters: None","logger":"airflow.task.hooks.airflow.providers.oracle.hooks.oracle.OracleHook","filename":"sql.py","lineno":861}
{"timestamp":"2026-07-08T15:08:10.742842Z","level":"info","event":"Rows affected: 0","logger":"airflow.task.hooks.airflow.providers.oracle.hooks.oracle.OracleHook","filename":"sql.py","lineno":879}
{"timestamp":"2026-07-08T15:08:20.772409Z","level":"info","event":"Poking: SELECT COUNT(*) FROM demo_user.client_b_load_status\nWHERE status = 'COMPLETE' AND processed = 0 (with parameters None)","logger":"airflow.task.operators.airflow.providers.common.sql.sensors.sql.SqlSensor","filename":"sql.py","lineno":100}
{"timestamp":"2026-07-08T15:08:20.809731Z","level":"info","event":"Running statement: SELECT COUNT(*) FROM demo_user.client_b_load_status\nWHERE status = 'COMPLETE' AND processed = 0, parameters: None","logger":"airflow.task.hooks.airflow.providers.oracle.hooks.oracle.OracleHook","filename":"sql.py","lineno":861}
{"timestamp":"2026-07-08T15:08:20.810531Z","level":"info","event":"Rows affected: 0","logger":"airflow.task.hooks.airflow.providers.oracle.hooks.oracle.OracleHook","filename":"sql.py","lineno":879}
{"timestamp":"2026-07-08T15:08:30.836191Z","level":"info","event":"Poking: SELECT COUNT(*) FROM demo_user.client_b_load_status\nWHERE status = 'COMPLETE' AND processed = 0 (with parameters None)","logger":"airflow.task.operators.airflow.providers.common.sql.sensors.sql.SqlSensor","filename":"sql.py","lineno":100}
{"timestamp":"2026-07-08T15:08:30.877469Z","level":"info","event":"Running statement: SELECT COUNT(*) FROM demo_user.client_b_load_status\nWHERE status = 'COMPLETE' AND processed = 0, parameters: None","logger":"airflow.task.hooks.airflow.providers.oracle.hooks.oracle.OracleHook","filename":"sql.py","lineno":861}
{"timestamp":"2026-07-08T15:08:30.878288Z","level":"info","event":"Rows affected: 0","logger":"airflow.task.hooks.airflow.providers.oracle.hooks.oracle.OracleHook","filename":"sql.py","lineno":879}
{"timestamp":"2026-07-08T15:08:40.909636Z","level":"info","event":"Poking: SELECT COUNT(*) FROM demo_user.client_b_load_status\nWHERE status = 'COMPLETE' AND processed = 0 (with parameters None)","logger":"airflow.task.operators.airflow.providers.common.sql.sensors.sql.SqlSensor","filename":"sql.py","lineno":100}
{"timestamp":"2026-07-08T15:08:40.939881Z","level":"info","event":"Running statement: SELECT COUNT(*) FROM demo_user.client_b_load_status\nWHERE status = 'COMPLETE' AND processed = 0, parameters: None","logger":"airflow.task.hooks.airflow.providers.oracle.hooks.oracle.OracleHook","filename":"sql.py","lineno":861}
{"timestamp":"2026-07-08T15:08:40.940617Z","level":"info","event":"Rows affected: 0","logger":"airflow.task.hooks.airflow.providers.oracle.hooks.oracle.OracleHook","filename":"sql.py","lineno":879}
{"timestamp":"2026-07-08T15:08:50.964223Z","level":"info","event":"Poking: SELECT COUNT(*) FROM demo_user.client_b_load_status\nWHERE status = 'COMPLETE' AND processed = 0 (with parameters None)","logger":"airflow.task.operators.airflow.providers.common.sql.sensors.sql.SqlSensor","filename":"sql.py","lineno":100}
{"timestamp":"2026-07-08T15:08:50.996744Z","level":"info","event":"Running statement: SELECT COUNT(*) FROM demo_user.client_b_load_status\nWHERE status = 'COMPLETE' AND processed = 0, parameters: None","logger":"airflow.task.hooks.airflow.providers.oracle.hooks.oracle.OracleHook","filename":"sql.py","lineno":861}
{"timestamp":"2026-07-08T15:08:50.997365Z","level":"info","event":"Rows affected: 0","logger":"airflow.task.hooks.airflow.providers.oracle.hooks.oracle.OracleHook","filename":"sql.py","lineno":879}
{"timestamp":"2026-07-08T15:09:01.023725Z","level":"info","event":"Poking: SELECT COUNT(*) FROM demo_user.client_b_load_status\nWHERE status = 'COMPLETE' AND processed = 0 (with parameters None)","logger":"airflow.task.operators.airflow.providers.common.sql.sensors.sql.SqlSensor","filename":"sql.py","lineno":100}
{"timestamp":"2026-07-08T15:09:01.061124Z","level":"info","event":"Running statement: SELECT COUNT(*) FROM demo_user.client_b_load_status\nWHERE status = 'COMPLETE' AND processed = 0, parameters: None","logger":"airflow.task.hooks.airflow.providers.oracle.hooks.oracle.OracleHook","filename":"sql.py","lineno":861}
{"timestamp":"2026-07-08T15:09:01.062053Z","level":"info","event":"Rows affected: 0","logger":"airflow.task.hooks.airflow.providers.oracle.hooks.oracle.OracleHook","filename":"sql.py","lineno":879}
{"timestamp":"2026-07-08T15:09:11.092380Z","level":"info","event":"Poking: SELECT COUNT(*) FROM demo_user.client_b_load_status\nWHERE status = 'COMPLETE' AND processed = 0 (with parameters None)","logger":"airflow.task.operators.airflow.providers.common.sql.sensors.sql.SqlSensor","filename":"sql.py","lineno":100}
{"timestamp":"2026-07-08T15:09:11.139164Z","level":"info","event":"Running statement: SELECT COUNT(*) FROM demo_user.client_b_load_status\nWHERE status = 'COMPLETE' AND processed = 0, parameters: None","logger":"airflow.task.hooks.airflow.providers.oracle.hooks.oracle.OracleHook","filename":"sql.py","lineno":861}
{"timestamp":"2026-07-08T15:09:11.139900Z","level":"info","event":"Rows affected: 0","logger":"airflow.task.hooks.airflow.providers.oracle.hooks.oracle.OracleHook","filename":"sql.py","lineno":879}
{"timestamp":"2026-07-08T15:09:21.165334Z","level":"info","event":"Poking: SELECT COUNT(*) FROM demo_user.client_b_load_status\nWHERE status = 'COMPLETE' AND processed = 0 (with parameters None)","logger":"airflow.task.operators.airflow.providers.common.sql.sensors.sql.SqlSensor","filename":"sql.py","lineno":100}
{"timestamp":"2026-07-08T15:09:21.200285Z","level":"info","event":"Running statement: SELECT COUNT(*) FROM demo_user.client_b_load_status\nWHERE status = 'COMPLETE' AND processed = 0, parameters: None","logger":"airflow.task.hooks.airflow.providers.oracle.hooks.oracle.OracleHook","filename":"sql.py","lineno":861}
{"timestamp":"2026-07-08T15:09:21.200929Z","level":"info","event":"Rows affected: 0","logger":"airflow.task.hooks.airflow.providers.oracle.hooks.oracle.OracleHook","filename":"sql.py","lineno":879}
{"timestamp":"2026-07-08T15:09:31.216340Z","level":"info","event":"Poking: SELECT COUNT(*) FROM demo_user.client_b_load_status\nWHERE status = 'COMPLETE' AND processed = 0 (with parameters None)","logger":"airflow.task.operators.airflow.providers.common.sql.sensors.sql.SqlSensor","filename":"sql.py","lineno":100}
{"timestamp":"2026-07-08T15:09:31.249822Z","level":"info","event":"Running statement: SELECT COUNT(*) FROM demo_user.client_b_load_status\nWHERE status = 'COMPLETE' AND processed = 0, parameters: None","logger":"airflow.task.hooks.airflow.providers.oracle.hooks.oracle.OracleHook","filename":"sql.py","lineno":861}
{"timestamp":"2026-07-08T15:09:31.250458Z","level":"info","event":"Rows affected: 0","logger":"airflow.task.hooks.airflow.providers.oracle.hooks.oracle.OracleHook","filename":"sql.py","lineno":879}
{"timestamp":"2026-07-08T15:09:41.281998Z","level":"info","event":"Poking: SELECT COUNT(*) FROM demo_user.client_b_load_status\nWHERE status = 'COMPLETE' AND processed = 0 (with parameters None)","logger":"airflow.task.operators.airflow.providers.common.sql.sensors.sql.SqlSensor","filename":"sql.py","lineno":100}
{"timestamp":"2026-07-08T15:09:41.322072Z","level":"info","event":"Running statement: SELECT COUNT(*) FROM demo_user.client_b_load_status\nWHERE status = 'COMPLETE' AND processed = 0, parameters: None","logger":"airflow.task.hooks.airflow.providers.oracle.hooks.oracle.OracleHook","filename":"sql.py","lineno":861}
{"timestamp":"2026-07-08T15:09:41.322801Z","level":"info","event":"Rows affected: 0","logger":"airflow.task.hooks.airflow.providers.oracle.hooks.oracle.OracleHook","filename":"sql.py","lineno":879}
{"timestamp":"2026-07-08T15:09:51.356506Z","level":"info","event":"Poking: SELECT COUNT(*) FROM demo_user.client_b_load_status\nWHERE status = 'COMPLETE' AND processed = 0 (with parameters None)","logger":"airflow.task.operators.airflow.providers.common.sql.sensors.sql.SqlSensor","filename":"sql.py","lineno":100}
{"timestamp":"2026-07-08T15:09:51.398448Z","level":"info","event":"Running statement: SELECT COUNT(*) FROM demo_user.client_b_load_status\nWHERE status = 'COMPLETE' AND processed = 0, parameters: None","logger":"airflow.task.hooks.airflow.providers.oracle.hooks.oracle.OracleHook","filename":"sql.py","lineno":861}
{"timestamp":"2026-07-08T15:09:51.399816Z","level":"info","event":"Rows affected: 0","logger":"airflow.task.hooks.airflow.providers.oracle.hooks.oracle.OracleHook","filename":"sql.py","lineno":879}
{"timestamp":"2026-07-08T15:10:01.421957Z","level":"info","event":"Poking: SELECT COUNT(*) FROM demo_user.client_b_load_status\nWHERE status = 'COMPLETE' AND processed = 0 (with parameters None)","logger":"airflow.task.operators.airflow.providers.common.sql.sensors.sql.SqlSensor","filename":"sql.py","lineno":100}
{"timestamp":"2026-07-08T15:10:01.458935Z","level":"info","event":"Running statement: SELECT COUNT(*) FROM demo_user.client_b_load_status\nWHERE status = 'COMPLETE' AND processed = 0, parameters: None","logger":"airflow.task.hooks.airflow.providers.oracle.hooks.oracle.OracleHook","filename":"sql.py","lineno":861}
{"timestamp":"2026-07-08T15:10:01.459867Z","level":"info","event":"Rows affected: 0","logger":"airflow.task.hooks.airflow.providers.oracle.hooks.oracle.OracleHook","filename":"sql.py","lineno":879}
{"timestamp":"2026-07-08T15:10:11.492004Z","level":"info","event":"Poking: SELECT COUNT(*) FROM demo_user.client_b_load_status\nWHERE status = 'COMPLETE' AND processed = 0 (with parameters None)","logger":"airflow.task.operators.airflow.providers.common.sql.sensors.sql.SqlSensor","filename":"sql.py","lineno":100}
{"timestamp":"2026-07-08T15:10:11.529576Z","level":"info","event":"Running statement: SELECT COUNT(*) FROM demo_user.client_b_load_status\nWHERE status = 'COMPLETE' AND processed = 0, parameters: None","logger":"airflow.task.hooks.airflow.providers.oracle.hooks.oracle.OracleHook","filename":"sql.py","lineno":861}
{"timestamp":"2026-07-08T15:10:11.530576Z","level":"info","event":"Rows affected: 0","logger":"airflow.task.hooks.airflow.providers.oracle.hooks.oracle.OracleHook","filename":"sql.py","lineno":879}
{"timestamp":"2026-07-08T15:10:21.555527Z","level":"info","event":"Poking: SELECT COUNT(*) FROM demo_user.client_b_load_status\nWHERE status = 'COMPLETE' AND processed = 0 (with parameters None)","logger":"airflow.task.operators.airflow.providers.common.sql.sensors.sql.SqlSensor","filename":"sql.py","lineno":100}
{"timestamp":"2026-07-08T15:10:21.595713Z","level":"info","event":"Running statement: SELECT COUNT(*) FROM demo_user.client_b_load_status\nWHERE status = 'COMPLETE' AND processed = 0, parameters: None","logger":"airflow.task.hooks.airflow.providers.oracle.hooks.oracle.OracleHook","filename":"sql.py","lineno":861}
{"timestamp":"2026-07-08T15:10:21.596488Z","level":"info","event":"Rows affected: 0","logger":"airflow.task.hooks.airflow.providers.oracle.hooks.oracle.OracleHook","filename":"sql.py","lineno":879}
{"timestamp":"2026-07-08T15:10:31.619076Z","level":"info","event":"Poking: SELECT COUNT(*) FROM demo_user.client_b_load_status\nWHERE status = 'COMPLETE' AND processed = 0 (with parameters None)","logger":"airflow.task.operators.airflow.providers.common.sql.sensors.sql.SqlSensor","filename":"sql.py","lineno":100}
{"timestamp":"2026-07-08T15:10:31.655462Z","level":"info","event":"Running statement: SELECT COUNT(*) FROM demo_user.client_b_load_status\nWHERE status = 'COMPLETE' AND processed = 0, parameters: None","logger":"airflow.task.hooks.airflow.providers.oracle.hooks.oracle.OracleHook","filename":"sql.py","lineno":861}
{"timestamp":"2026-07-08T15:10:31.656437Z","level":"info","event":"Rows affected: 0","logger":"airflow.task.hooks.airflow.providers.oracle.hooks.oracle.OracleHook","filename":"sql.py","lineno":879}
{"timestamp":"2026-07-08T15:10:41.678249Z","level":"info","event":"Poking: SELECT COUNT(*) FROM demo_user.client_b_load_status\nWHERE status = 'COMPLETE' AND processed = 0 (with parameters None)","logger":"airflow.task.operators.airflow.providers.common.sql.sensors.sql.SqlSensor","filename":"sql.py","lineno":100}
{"timestamp":"2026-07-08T15:10:41.718077Z","level":"info","event":"Running statement: SELECT COUNT(*) FROM demo_user.client_b_load_status\nWHERE status = 'COMPLETE' AND processed = 0, parameters: None","logger":"airflow.task.hooks.airflow.providers.oracle.hooks.oracle.OracleHook","filename":"sql.py","lineno":861}
{"timestamp":"2026-07-08T15:10:41.718750Z","level":"info","event":"Rows affected: 0","logger":"airflow.task.hooks.airflow.providers.oracle.hooks.oracle.OracleHook","filename":"sql.py","lineno":879}
{"timestamp":"2026-07-08T15:10:51.728852Z","level":"info","event":"Poking: SELECT COUNT(*) FROM demo_user.client_b_load_status\nWHERE status = 'COMPLETE' AND processed = 0 (with parameters None)","logger":"airflow.task.operators.airflow.providers.common.sql.sensors.sql.SqlSensor","filename":"sql.py","lineno":100}
{"timestamp":"2026-07-08T15:10:51.772010Z","level":"info","event":"Running statement: SELECT COUNT(*) FROM demo_user.client_b_load_status\nWHERE status = 'COMPLETE' AND processed = 0, parameters: None","logger":"airflow.task.hooks.airflow.providers.oracle.hooks.oracle.OracleHook","filename":"sql.py","lineno":861}
{"timestamp":"2026-07-08T15:10:51.772808Z","level":"info","event":"Rows affected: 0","logger":"airflow.task.hooks.airflow.providers.oracle.hooks.oracle.OracleHook","filename":"sql.py","lineno":879}
{"timestamp":"2026-07-08T15:11:01.806177Z","level":"info","event":"Poking: SELECT COUNT(*) FROM demo_user.client_b_load_status\nWHERE status = 'COMPLETE' AND processed = 0 (with parameters None)","logger":"airflow.task.operators.airflow.providers.common.sql.sensors.sql.SqlSensor","filename":"sql.py","lineno":100}
{"timestamp":"2026-07-08T15:11:01.856972Z","level":"info","event":"Running statement: SELECT COUNT(*) FROM demo_user.client_b_load_status\nWHERE status = 'COMPLETE' AND processed = 0, parameters: None","logger":"airflow.task.hooks.airflow.providers.oracle.hooks.oracle.OracleHook","filename":"sql.py","lineno":861}
{"timestamp":"2026-07-08T15:11:01.858145Z","level":"info","event":"Rows affected: 0","logger":"airflow.task.hooks.airflow.providers.oracle.hooks.oracle.OracleHook","filename":"sql.py","lineno":879}
{"timestamp":"2026-07-08T15:11:11.889531Z","level":"info","event":"Poking: SELECT COUNT(*) FROM demo_user.client_b_load_status\nWHERE status = 'COMPLETE' AND processed = 0 (with parameters None)","logger":"airflow.task.operators.airflow.providers.common.sql.sensors.sql.SqlSensor","filename":"sql.py","lineno":100}
{"timestamp":"2026-07-08T15:11:11.934991Z","level":"info","event":"Running statement: SELECT COUNT(*) FROM demo_user.client_b_load_status\nWHERE status = 'COMPLETE' AND processed = 0, parameters: None","logger":"airflow.task.hooks.airflow.providers.oracle.hooks.oracle.OracleHook","filename":"sql.py","lineno":861}
{"timestamp":"2026-07-08T15:11:11.935972Z","level":"info","event":"Rows affected: 0","logger":"airflow.task.hooks.airflow.providers.oracle.hooks.oracle.OracleHook","filename":"sql.py","lineno":879}
{"timestamp":"2026-07-08T15:11:21.964286Z","level":"info","event":"Poking: SELECT COUNT(*) FROM demo_user.client_b_load_status\nWHERE status = 'COMPLETE' AND processed = 0 (with parameters None)","logger":"airflow.task.operators.airflow.providers.common.sql.sensors.sql.SqlSensor","filename":"sql.py","lineno":100}
{"timestamp":"2026-07-08T15:11:22.002758Z","level":"info","event":"Running statement: SELECT COUNT(*) FROM demo_user.client_b_load_status\nWHERE status = 'COMPLETE' AND processed = 0, parameters: None","logger":"airflow.task.hooks.airflow.providers.oracle.hooks.oracle.OracleHook","filename":"sql.py","lineno":861}
{"timestamp":"2026-07-08T15:11:22.003611Z","level":"info","event":"Rows affected: 0","logger":"airflow.task.hooks.airflow.providers.oracle.hooks.oracle.OracleHook","filename":"sql.py","lineno":879}
{"timestamp":"2026-07-08T15:11:32.028790Z","level":"info","event":"Poking: SELECT COUNT(*) FROM demo_user.client_b_load_status\nWHERE status = 'COMPLETE' AND processed = 0 (with parameters None)","logger":"airflow.task.operators.airflow.providers.common.sql.sensors.sql.SqlSensor","filename":"sql.py","lineno":100}
{"timestamp":"2026-07-08T15:11:32.063372Z","level":"info","event":"Running statement: SELECT COUNT(*) FROM demo_user.client_b_load_status\nWHERE status = 'COMPLETE' AND processed = 0, parameters: None","logger":"airflow.task.hooks.airflow.providers.oracle.hooks.oracle.OracleHook","filename":"sql.py","lineno":861}
{"timestamp":"2026-07-08T15:11:32.064245Z","level":"info","event":"Rows affected: 0","logger":"airflow.task.hooks.airflow.providers.oracle.hooks.oracle.OracleHook","filename":"sql.py","lineno":879}
{"timestamp":"2026-07-08T15:11:42.089066Z","level":"info","event":"Poking: SELECT COUNT(*) FROM demo_user.client_b_load_status\nWHERE status = 'COMPLETE' AND processed = 0 (with parameters None)","logger":"airflow.task.operators.airflow.providers.common.sql.sensors.sql.SqlSensor","filename":"sql.py","lineno":100}
{"timestamp":"2026-07-08T15:11:42.127033Z","level":"info","event":"Running statement: SELECT COUNT(*) FROM demo_user.client_b_load_status\nWHERE status = 'COMPLETE' AND processed = 0, parameters: None","logger":"airflow.task.hooks.airflow.providers.oracle.hooks.oracle.OracleHook","filename":"sql.py","lineno":861}
{"timestamp":"2026-07-08T15:11:42.127712Z","level":"info","event":"Rows affected: 0","logger":"airflow.task.hooks.airflow.providers.oracle.hooks.oracle.OracleHook","filename":"sql.py","lineno":879}
{"timestamp":"2026-07-08T15:11:52.155458Z","level":"info","event":"Poking: SELECT COUNT(*) FROM demo_user.client_b_load_status\nWHERE status = 'COMPLETE' AND processed = 0 (with parameters None)","logger":"airflow.task.operators.airflow.providers.common.sql.sensors.sql.SqlSensor","filename":"sql.py","lineno":100}
{"timestamp":"2026-07-08T15:11:52.188278Z","level":"info","event":"Running statement: SELECT COUNT(*) FROM demo_user.client_b_load_status\nWHERE status = 'COMPLETE' AND processed = 0, parameters: None","logger":"airflow.task.hooks.airflow.providers.oracle.hooks.oracle.OracleHook","filename":"sql.py","lineno":861}
{"timestamp":"2026-07-08T15:11:52.189050Z","level":"info","event":"Rows affected: 0","logger":"airflow.task.hooks.airflow.providers.oracle.hooks.oracle.OracleHook","filename":"sql.py","lineno":879}
{"timestamp":"2026-07-08T15:12:02.211061Z","level":"info","event":"Poking: SELECT COUNT(*) FROM demo_user.client_b_load_status\nWHERE status = 'COMPLETE' AND processed = 0 (with parameters None)","logger":"airflow.task.operators.airflow.providers.common.sql.sensors.sql.SqlSensor","filename":"sql.py","lineno":100}
{"timestamp":"2026-07-08T15:12:02.255306Z","level":"info","event":"Running statement: SELECT COUNT(*) FROM demo_user.client_b_load_status\nWHERE status = 'COMPLETE' AND processed = 0, parameters: None","logger":"airflow.task.hooks.airflow.providers.oracle.hooks.oracle.OracleHook","filename":"sql.py","lineno":861}
{"timestamp":"2026-07-08T15:12:02.256644Z","level":"info","event":"Rows affected: 0","logger":"airflow.task.hooks.airflow.providers.oracle.hooks.oracle.OracleHook","filename":"sql.py","lineno":879}
{"timestamp":"2026-07-08T15:12:12.372109Z","level":"info","event":"Poking: SELECT COUNT(*) FROM demo_user.client_b_load_status\nWHERE status = 'COMPLETE' AND processed = 0 (with parameters None)","logger":"airflow.task.operators.airflow.providers.common.sql.sensors.sql.SqlSensor","filename":"sql.py","lineno":100}
{"timestamp":"2026-07-08T15:12:12.412691Z","level":"info","event":"Running statement: SELECT COUNT(*) FROM demo_user.client_b_load_status\nWHERE status = 'COMPLETE' AND processed = 0, parameters: None","logger":"airflow.task.hooks.airflow.providers.oracle.hooks.oracle.OracleHook","filename":"sql.py","lineno":861}
{"timestamp":"2026-07-08T15:12:12.413804Z","level":"info","event":"Rows affected: 0","logger":"airflow.task.hooks.airflow.providers.oracle.hooks.oracle.OracleHook","filename":"sql.py","lineno":879}
{"timestamp":"2026-07-08T15:12:22.489003Z","level":"info","event":"Poking: SELECT COUNT(*) FROM demo_user.client_b_load_status\nWHERE status = 'COMPLETE' AND processed = 0 (with parameters None)","logger":"airflow.task.operators.airflow.providers.common.sql.sensors.sql.SqlSensor","filename":"sql.py","lineno":100}
{"timestamp":"2026-07-08T15:12:22.531199Z","level":"info","event":"Running statement: SELECT COUNT(*) FROM demo_user.client_b_load_status\nWHERE status = 'COMPLETE' AND processed = 0, parameters: None","logger":"airflow.task.hooks.airflow.providers.oracle.hooks.oracle.OracleHook","filename":"sql.py","lineno":861}
{"timestamp":"2026-07-08T15:12:22.532095Z","level":"info","event":"Rows affected: 0","logger":"airflow.task.hooks.airflow.providers.oracle.hooks.oracle.OracleHook","filename":"sql.py","lineno":879}
{"timestamp":"2026-07-08T15:12:32.551885Z","level":"info","event":"Poking: SELECT COUNT(*) FROM demo_user.client_b_load_status\nWHERE status = 'COMPLETE' AND processed = 0 (with parameters None)","logger":"airflow.task.operators.airflow.providers.common.sql.sensors.sql.SqlSensor","filename":"sql.py","lineno":100}
{"timestamp":"2026-07-08T15:12:32.590193Z","level":"info","event":"Running statement: SELECT COUNT(*) FROM demo_user.client_b_load_status\nWHERE status = 'COMPLETE' AND processed = 0, parameters: None","logger":"airflow.task.hooks.airflow.providers.oracle.hooks.oracle.OracleHook","filename":"sql.py","lineno":861}
{"timestamp":"2026-07-08T15:12:32.591049Z","level":"info","event":"Rows affected: 0","logger":"airflow.task.hooks.airflow.providers.oracle.hooks.oracle.OracleHook","filename":"sql.py","lineno":879}
{"timestamp":"2026-07-08T15:12:42.614660Z","level":"info","event":"Poking: SELECT COUNT(*) FROM demo_user.client_b_load_status\nWHERE status = 'COMPLETE' AND processed = 0 (with parameters None)","logger":"airflow.task.operators.airflow.providers.common.sql.sensors.sql.SqlSensor","filename":"sql.py","lineno":100}
{"timestamp":"2026-07-08T15:12:42.650859Z","level":"info","event":"Running statement: SELECT COUNT(*) FROM demo_user.client_b_load_status\nWHERE status = 'COMPLETE' AND processed = 0, parameters: None","logger":"airflow.task.hooks.airflow.providers.oracle.hooks.oracle.OracleHook","filename":"sql.py","lineno":861}
{"timestamp":"2026-07-08T15:12:42.651673Z","level":"info","event":"Rows affected: 0","logger":"airflow.task.hooks.airflow.providers.oracle.hooks.oracle.OracleHook","filename":"sql.py","lineno":879}
{"timestamp":"2026-07-08T15:12:52.672313Z","level":"info","event":"Poking: SELECT COUNT(*) FROM demo_user.client_b_load_status\nWHERE status = 'COMPLETE' AND processed = 0 (with parameters None)","logger":"airflow.task.operators.airflow.providers.common.sql.sensors.sql.SqlSensor","filename":"sql.py","lineno":100}
{"timestamp":"2026-07-08T15:12:52.706800Z","level":"info","event":"Running statement: SELECT COUNT(*) FROM demo_user.client_b_load_status\nWHERE status = 'COMPLETE' AND processed = 0, parameters: None","logger":"airflow.task.hooks.airflow.providers.oracle.hooks.oracle.OracleHook","filename":"sql.py","lineno":861}
{"timestamp":"2026-07-08T15:12:52.707838Z","level":"info","event":"Rows affected: 0","logger":"airflow.task.hooks.airflow.providers.oracle.hooks.oracle.OracleHook","filename":"sql.py","lineno":879}
{"timestamp":"2026-07-08T15:13:02.731105Z","level":"info","event":"Poking: SELECT COUNT(*) FROM demo_user.client_b_load_status\nWHERE status = 'COMPLETE' AND processed = 0 (with parameters None)","logger":"airflow.task.operators.airflow.providers.common.sql.sensors.sql.SqlSensor","filename":"sql.py","lineno":100}
{"timestamp":"2026-07-08T15:13:02.770301Z","level":"info","event":"Running statement: SELECT COUNT(*) FROM demo_user.client_b_load_status\nWHERE status = 'COMPLETE' AND processed = 0, parameters: None","logger":"airflow.task.hooks.airflow.providers.oracle.hooks.oracle.OracleHook","filename":"sql.py","lineno":861}
{"timestamp":"2026-07-08T15:13:02.771139Z","level":"info","event":"Rows affected: 0","logger":"airflow.task.hooks.airflow.providers.oracle.hooks.oracle.OracleHook","filename":"sql.py","lineno":879}
{"timestamp":"2026-07-08T15:13:12.792156Z","level":"info","event":"Poking: SELECT COUNT(*) FROM demo_user.client_b_load_status\nWHERE status = 'COMPLETE' AND processed = 0 (with parameters None)","logger":"airflow.task.operators.airflow.providers.common.sql.sensors.sql.SqlSensor","filename":"sql.py","lineno":100}
{"timestamp":"2026-07-08T15:13:12.827435Z","level":"info","event":"Running statement: SELECT COUNT(*) FROM demo_user.client_b_load_status\nWHERE status = 'COMPLETE' AND processed = 0, parameters: None","logger":"airflow.task.hooks.airflow.providers.oracle.hooks.oracle.OracleHook","filename":"sql.py","lineno":861}
{"timestamp":"2026-07-08T15:13:12.828371Z","level":"info","event":"Rows affected: 0","logger":"airflow.task.hooks.airflow.providers.oracle.hooks.oracle.OracleHook","filename":"sql.py","lineno":879}
{"timestamp":"2026-07-08T15:13:22.876111Z","level":"info","event":"Poking: SELECT COUNT(*) FROM demo_user.client_b_load_status\nWHERE status = 'COMPLETE' AND processed = 0 (with parameters None)","logger":"airflow.task.operators.airflow.providers.common.sql.sensors.sql.SqlSensor","filename":"sql.py","lineno":100}
{"timestamp":"2026-07-08T15:13:22.927861Z","level":"info","event":"Running statement: SELECT COUNT(*) FROM demo_user.client_b_load_status\nWHERE status = 'COMPLETE' AND processed = 0, parameters: None","logger":"airflow.task.hooks.airflow.providers.oracle.hooks.oracle.OracleHook","filename":"sql.py","lineno":861}
{"timestamp":"2026-07-08T15:13:22.928746Z","level":"info","event":"Rows affected: 0","logger":"airflow.task.hooks.airflow.providers.oracle.hooks.oracle.OracleHook","filename":"sql.py","lineno":879}
{"timestamp":"2026-07-08T15:13:32.949984Z","level":"info","event":"Poking: SELECT COUNT(*) FROM demo_user.client_b_load_status\nWHERE status = 'COMPLETE' AND processed = 0 (with parameters None)","logger":"airflow.task.operators.airflow.providers.common.sql.sensors.sql.SqlSensor","filename":"sql.py","lineno":100}
{"timestamp":"2026-07-08T15:13:32.984288Z","level":"info","event":"Running statement: SELECT COUNT(*) FROM demo_user.client_b_load_status\nWHERE status = 'COMPLETE' AND processed = 0, parameters: None","logger":"airflow.task.hooks.airflow.providers.oracle.hooks.oracle.OracleHook","filename":"sql.py","lineno":861}
{"timestamp":"2026-07-08T15:13:32.985329Z","level":"info","event":"Rows affected: 0","logger":"airflow.task.hooks.airflow.providers.oracle.hooks.oracle.OracleHook","filename":"sql.py","lineno":879}
{"timestamp":"2026-07-08T15:13:43.007580Z","level":"info","event":"Poking: SELECT COUNT(*) FROM demo_user.client_b_load_status\nWHERE status = 'COMPLETE' AND processed = 0 (with parameters None)","logger":"airflow.task.operators.airflow.providers.common.sql.sensors.sql.SqlSensor","filename":"sql.py","lineno":100}
{"timestamp":"2026-07-08T15:13:43.044899Z","level":"info","event":"Running statement: SELECT COUNT(*) FROM demo_user.client_b_load_status\nWHERE status = 'COMPLETE' AND processed = 0, parameters: None","logger":"airflow.task.hooks.airflow.providers.oracle.hooks.oracle.OracleHook","filename":"sql.py","lineno":861}
{"timestamp":"2026-07-08T15:13:43.045927Z","level":"info","event":"Rows affected: 0","logger":"airflow.task.hooks.airflow.providers.oracle.hooks.oracle.OracleHook","filename":"sql.py","lineno":879}
{"timestamp":"2026-07-08T15:13:53.074883Z","level":"info","event":"Poking: SELECT COUNT(*) FROM demo_user.client_b_load_status\nWHERE status = 'COMPLETE' AND processed = 0 (with parameters None)","logger":"airflow.task.operators.airflow.providers.common.sql.sensors.sql.SqlSensor","filename":"sql.py","lineno":100}
{"timestamp":"2026-07-08T15:13:53.111085Z","level":"info","event":"Running statement: SELECT COUNT(*) FROM demo_user.client_b_load_status\nWHERE status = 'COMPLETE' AND processed = 0, parameters: None","logger":"airflow.task.hooks.airflow.providers.oracle.hooks.oracle.OracleHook","filename":"sql.py","lineno":861}
{"timestamp":"2026-07-08T15:13:53.112109Z","level":"info","event":"Rows affected: 0","logger":"airflow.task.hooks.airflow.providers.oracle.hooks.oracle.OracleHook","filename":"sql.py","lineno":879}
{"timestamp":"2026-07-08T15:14:03.139998Z","level":"info","event":"Poking: SELECT COUNT(*) FROM demo_user.client_b_load_status\nWHERE status = 'COMPLETE' AND processed = 0 (with parameters None)","logger":"airflow.task.operators.airflow.providers.common.sql.sensors.sql.SqlSensor","filename":"sql.py","lineno":100}
{"timestamp":"2026-07-08T15:14:03.175058Z","level":"info","event":"Running statement: SELECT COUNT(*) FROM demo_user.client_b_load_status\nWHERE status = 'COMPLETE' AND processed = 0, parameters: None","logger":"airflow.task.hooks.airflow.providers.oracle.hooks.oracle.OracleHook","filename":"sql.py","lineno":861}
{"timestamp":"2026-07-08T15:14:03.175892Z","level":"info","event":"Rows affected: 0","logger":"airflow.task.hooks.airflow.providers.oracle.hooks.oracle.OracleHook","filename":"sql.py","lineno":879}
{"timestamp":"2026-07-08T15:14:13.199182Z","level":"info","event":"Poking: SELECT COUNT(*) FROM demo_user.client_b_load_status\nWHERE status = 'COMPLETE' AND processed = 0 (with parameters None)","logger":"airflow.task.operators.airflow.providers.common.sql.sensors.sql.SqlSensor","filename":"sql.py","lineno":100}
{"timestamp":"2026-07-08T15:14:13.235638Z","level":"info","event":"Running statement: SELECT COUNT(*) FROM demo_user.client_b_load_status\nWHERE status = 'COMPLETE' AND processed = 0, parameters: None","logger":"airflow.task.hooks.airflow.providers.oracle.hooks.oracle.OracleHook","filename":"sql.py","lineno":861}
{"timestamp":"2026-07-08T15:14:13.236416Z","level":"info","event":"Rows affected: 0","logger":"airflow.task.hooks.airflow.providers.oracle.hooks.oracle.OracleHook","filename":"sql.py","lineno":879}
{"timestamp":"2026-07-08T15:14:23.265331Z","level":"info","event":"Poking: SELECT COUNT(*) FROM demo_user.client_b_load_status\nWHERE status = 'COMPLETE' AND processed = 0 (with parameters None)","logger":"airflow.task.operators.airflow.providers.common.sql.sensors.sql.SqlSensor","filename":"sql.py","lineno":100}
{"timestamp":"2026-07-08T15:14:23.306939Z","level":"info","event":"Running statement: SELECT COUNT(*) FROM demo_user.client_b_load_status\nWHERE status = 'COMPLETE' AND processed = 0, parameters: None","logger":"airflow.task.hooks.airflow.providers.oracle.hooks.oracle.OracleHook","filename":"sql.py","lineno":861}
{"timestamp":"2026-07-08T15:14:23.308026Z","level":"info","event":"Rows affected: 0","logger":"airflow.task.hooks.airflow.providers.oracle.hooks.oracle.OracleHook","filename":"sql.py","lineno":879}
{"timestamp":"2026-07-08T15:14:33.332193Z","level":"info","event":"Poking: SELECT COUNT(*) FROM demo_user.client_b_load_status\nWHERE status = 'COMPLETE' AND processed = 0 (with parameters None)","logger":"airflow.task.operators.airflow.providers.common.sql.sensors.sql.SqlSensor","filename":"sql.py","lineno":100}
{"timestamp":"2026-07-08T15:14:33.370396Z","level":"info","event":"Running statement: SELECT COUNT(*) FROM demo_user.client_b_load_status\nWHERE status = 'COMPLETE' AND processed = 0, parameters: None","logger":"airflow.task.hooks.airflow.providers.oracle.hooks.oracle.OracleHook","filename":"sql.py","lineno":861}
{"timestamp":"2026-07-08T15:14:33.371203Z","level":"info","event":"Rows affected: 0","logger":"airflow.task.hooks.airflow.providers.oracle.hooks.oracle.OracleHook","filename":"sql.py","lineno":879}
{"timestamp":"2026-07-08T15:14:43.394271Z","level":"info","event":"Poking: SELECT COUNT(*) FROM demo_user.client_b_load_status\nWHERE status = 'COMPLETE' AND processed = 0 (with parameters None)","logger":"airflow.task.operators.airflow.providers.common.sql.sensors.sql.SqlSensor","filename":"sql.py","lineno":100}
{"timestamp":"2026-07-08T15:14:43.427227Z","level":"info","event":"Running statement: SELECT COUNT(*) FROM demo_user.client_b_load_status\nWHERE status = 'COMPLETE' AND processed = 0, parameters: None","logger":"airflow.task.hooks.airflow.providers.oracle.hooks.oracle.OracleHook","filename":"sql.py","lineno":861}
{"timestamp":"2026-07-08T15:14:43.427915Z","level":"info","event":"Rows affected: 0","logger":"airflow.task.hooks.airflow.providers.oracle.hooks.oracle.OracleHook","filename":"sql.py","lineno":879}
{"timestamp":"2026-07-08T15:14:53.451727Z","level":"info","event":"Poking: SELECT COUNT(*) FROM demo_user.client_b_load_status\nWHERE status = 'COMPLETE' AND processed = 0 (with parameters None)","logger":"airflow.task.operators.airflow.providers.common.sql.sensors.sql.SqlSensor","filename":"sql.py","lineno":100}
{"timestamp":"2026-07-08T15:14:53.486487Z","level":"info","event":"Running statement: SELECT COUNT(*) FROM demo_user.client_b_load_status\nWHERE status = 'COMPLETE' AND processed = 0, parameters: None","logger":"airflow.task.hooks.airflow.providers.oracle.hooks.oracle.OracleHook","filename":"sql.py","lineno":861}
{"timestamp":"2026-07-08T15:14:53.487514Z","level":"info","event":"Rows affected: 0","logger":"airflow.task.hooks.airflow.providers.oracle.hooks.oracle.OracleHook","filename":"sql.py","lineno":879}
{"timestamp":"2026-07-08T15:15:03.513481Z","level":"info","event":"Poking: SELECT COUNT(*) FROM demo_user.client_b_load_status\nWHERE status = 'COMPLETE' AND processed = 0 (with parameters None)","logger":"airflow.task.operators.airflow.providers.common.sql.sensors.sql.SqlSensor","filename":"sql.py","lineno":100}
{"timestamp":"2026-07-08T15:15:03.551343Z","level":"info","event":"Running statement: SELECT COUNT(*) FROM demo_user.client_b_load_status\nWHERE status = 'COMPLETE' AND processed = 0, parameters: None","logger":"airflow.task.hooks.airflow.providers.oracle.hooks.oracle.OracleHook","filename":"sql.py","lineno":861}
{"timestamp":"2026-07-08T15:15:03.552536Z","level":"info","event":"Rows affected: 0","logger":"airflow.task.hooks.airflow.providers.oracle.hooks.oracle.OracleHook","filename":"sql.py","lineno":879}
{"timestamp":"2026-07-08T15:15:13.576855Z","level":"info","event":"Poking: SELECT COUNT(*) FROM demo_user.client_b_load_status\nWHERE status = 'COMPLETE' AND processed = 0 (with parameters None)","logger":"airflow.task.operators.airflow.providers.common.sql.sensors.sql.SqlSensor","filename":"sql.py","lineno":100}
{"timestamp":"2026-07-08T15:15:13.610840Z","level":"info","event":"Running statement: SELECT COUNT(*) FROM demo_user.client_b_load_status\nWHERE status = 'COMPLETE' AND processed = 0, parameters: None","logger":"airflow.task.hooks.airflow.providers.oracle.hooks.oracle.OracleHook","filename":"sql.py","lineno":861}
{"timestamp":"2026-07-08T15:15:13.611526Z","level":"info","event":"Rows affected: 0","logger":"airflow.task.hooks.airflow.providers.oracle.hooks.oracle.OracleHook","filename":"sql.py","lineno":879}
{"timestamp":"2026-07-08T15:15:23.634857Z","level":"info","event":"Poking: SELECT COUNT(*) FROM demo_user.client_b_load_status\nWHERE status = 'COMPLETE' AND processed = 0 (with parameters None)","logger":"airflow.task.operators.airflow.providers.common.sql.sensors.sql.SqlSensor","filename":"sql.py","lineno":100}
{"timestamp":"2026-07-08T15:15:23.671977Z","level":"info","event":"Running statement: SELECT COUNT(*) FROM demo_user.client_b_load_status\nWHERE status = 'COMPLETE' AND processed = 0, parameters: None","logger":"airflow.task.hooks.airflow.providers.oracle.hooks.oracle.OracleHook","filename":"sql.py","lineno":861}
{"timestamp":"2026-07-08T15:15:23.672835Z","level":"info","event":"Rows affected: 0","logger":"airflow.task.hooks.airflow.providers.oracle.hooks.oracle.OracleHook","filename":"sql.py","lineno":879}
{"timestamp":"2026-07-08T15:15:33.696475Z","level":"info","event":"Poking: SELECT COUNT(*) FROM demo_user.client_b_load_status\nWHERE status = 'COMPLETE' AND processed = 0 (with parameters None)","logger":"airflow.task.operators.airflow.providers.common.sql.sensors.sql.SqlSensor","filename":"sql.py","lineno":100}
{"timestamp":"2026-07-08T15:15:33.736231Z","level":"info","event":"Running statement: SELECT COUNT(*) FROM demo_user.client_b_load_status\nWHERE status = 'COMPLETE' AND processed = 0, parameters: None","logger":"airflow.task.hooks.airflow.providers.oracle.hooks.oracle.OracleHook","filename":"sql.py","lineno":861}
{"timestamp":"2026-07-08T15:15:33.737024Z","level":"info","event":"Rows affected: 0","logger":"airflow.task.hooks.airflow.providers.oracle.hooks.oracle.OracleHook","filename":"sql.py","lineno":879}
{"timestamp":"2026-07-08T15:15:43.763238Z","level":"info","event":"Poking: SELECT COUNT(*) FROM demo_user.client_b_load_status\nWHERE status = 'COMPLETE' AND processed = 0 (with parameters None)","logger":"airflow.task.operators.airflow.providers.common.sql.sensors.sql.SqlSensor","filename":"sql.py","lineno":100}
{"timestamp":"2026-07-08T15:15:43.804889Z","level":"info","event":"Running statement: SELECT COUNT(*) FROM demo_user.client_b_load_status\nWHERE status = 'COMPLETE' AND processed = 0, parameters: None","logger":"airflow.task.hooks.airflow.providers.oracle.hooks.oracle.OracleHook","filename":"sql.py","lineno":861}
{"timestamp":"2026-07-08T15:15:43.806162Z","level":"info","event":"Rows affected: 0","logger":"airflow.task.hooks.airflow.providers.oracle.hooks.oracle.OracleHook","filename":"sql.py","lineno":879}
{"timestamp":"2026-07-08T15:15:53.840239Z","level":"info","event":"Poking: SELECT COUNT(*) FROM demo_user.client_b_load_status\nWHERE status = 'COMPLETE' AND processed = 0 (with parameters None)","logger":"airflow.task.operators.airflow.providers.common.sql.sensors.sql.SqlSensor","filename":"sql.py","lineno":100}
{"timestamp":"2026-07-08T15:15:53.906234Z","level":"info","event":"Running statement: SELECT COUNT(*) FROM demo_user.client_b_load_status\nWHERE status = 'COMPLETE' AND processed = 0, parameters: None","logger":"airflow.task.hooks.airflow.providers.oracle.hooks.oracle.OracleHook","filename":"sql.py","lineno":861}
{"timestamp":"2026-07-08T15:15:53.908053Z","level":"info","event":"Rows affected: 0","logger":"airflow.task.hooks.airflow.providers.oracle.hooks.oracle.OracleHook","filename":"sql.py","lineno":879}
{"timestamp":"2026-07-08T15:16:03.927580Z","level":"info","event":"Poking: SELECT COUNT(*) FROM demo_user.client_b_load_status\nWHERE status = 'COMPLETE' AND processed = 0 (with parameters None)","logger":"airflow.task.operators.airflow.providers.common.sql.sensors.sql.SqlSensor","filename":"sql.py","lineno":100}
{"timestamp":"2026-07-08T15:16:03.966969Z","level":"info","event":"Running statement: SELECT COUNT(*) FROM demo_user.client_b_load_status\nWHERE status = 'COMPLETE' AND processed = 0, parameters: None","logger":"airflow.task.hooks.airflow.providers.oracle.hooks.oracle.OracleHook","filename":"sql.py","lineno":861}
{"timestamp":"2026-07-08T15:16:03.967708Z","level":"info","event":"Rows affected: 0","logger":"airflow.task.hooks.airflow.providers.oracle.hooks.oracle.OracleHook","filename":"sql.py","lineno":879}
{"timestamp":"2026-07-08T15:16:13.997623Z","level":"info","event":"Poking: SELECT COUNT(*) FROM demo_user.client_b_load_status\nWHERE status = 'COMPLETE' AND processed = 0 (with parameters None)","logger":"airflow.task.operators.airflow.providers.common.sql.sensors.sql.SqlSensor","filename":"sql.py","lineno":100}
{"timestamp":"2026-07-08T15:16:14.035448Z","level":"info","event":"Running statement: SELECT COUNT(*) FROM demo_user.client_b_load_status\nWHERE status = 'COMPLETE' AND processed = 0, parameters: None","logger":"airflow.task.hooks.airflow.providers.oracle.hooks.oracle.OracleHook","filename":"sql.py","lineno":861}
{"timestamp":"2026-07-08T15:16:14.036172Z","level":"info","event":"Rows affected: 0","logger":"airflow.task.hooks.airflow.providers.oracle.hooks.oracle.OracleHook","filename":"sql.py","lineno":879}
{"timestamp":"2026-07-08T15:16:24.071658Z","level":"info","event":"Poking: SELECT COUNT(*) FROM demo_user.client_b_load_status\nWHERE status = 'COMPLETE' AND processed = 0 (with parameters None)","logger":"airflow.task.operators.airflow.providers.common.sql.sensors.sql.SqlSensor","filename":"sql.py","lineno":100}
{"timestamp":"2026-07-08T15:16:24.152646Z","level":"info","event":"Running statement: SELECT COUNT(*) FROM demo_user.client_b_load_status\nWHERE status = 'COMPLETE' AND processed = 0, parameters: None","logger":"airflow.task.hooks.airflow.providers.oracle.hooks.oracle.OracleHook","filename":"sql.py","lineno":861}
{"timestamp":"2026-07-08T15:16:24.153925Z","level":"info","event":"Rows affected: 0","logger":"airflow.task.hooks.airflow.providers.oracle.hooks.oracle.OracleHook","filename":"sql.py","lineno":879}
{"timestamp":"2026-07-08T15:16:34.183258Z","level":"info","event":"Poking: SELECT COUNT(*) FROM demo_user.client_b_load_status\nWHERE status = 'COMPLETE' AND processed = 0 (with parameters None)","logger":"airflow.task.operators.airflow.providers.common.sql.sensors.sql.SqlSensor","filename":"sql.py","lineno":100}
{"timestamp":"2026-07-08T15:16:34.247854Z","level":"info","event":"Running statement: SELECT COUNT(*) FROM demo_user.client_b_load_status\nWHERE status = 'COMPLETE' AND processed = 0, parameters: None","logger":"airflow.task.hooks.airflow.providers.oracle.hooks.oracle.OracleHook","filename":"sql.py","lineno":861}
{"timestamp":"2026-07-08T15:16:34.249083Z","level":"info","event":"Rows affected: 0","logger":"airflow.task.hooks.airflow.providers.oracle.hooks.oracle.OracleHook","filename":"sql.py","lineno":879}
{"timestamp":"2026-07-08T15:16:44.283716Z","level":"info","event":"Poking: SELECT COUNT(*) FROM demo_user.client_b_load_status\nWHERE status = 'COMPLETE' AND processed = 0 (with parameters None)","logger":"airflow.task.operators.airflow.providers.common.sql.sensors.sql.SqlSensor","filename":"sql.py","lineno":100}
{"timestamp":"2026-07-08T15:16:44.365423Z","level":"info","event":"Running statement: SELECT COUNT(*) FROM demo_user.client_b_load_status\nWHERE status = 'COMPLETE' AND processed = 0, parameters: None","logger":"airflow.task.hooks.airflow.providers.oracle.hooks.oracle.OracleHook","filename":"sql.py","lineno":861}
{"timestamp":"2026-07-08T15:16:44.367029Z","level":"info","event":"Rows affected: 0","logger":"airflow.task.hooks.airflow.providers.oracle.hooks.oracle.OracleHook","filename":"sql.py","lineno":879}
{"timestamp":"2026-07-08T15:16:54.425611Z","level":"info","event":"Poking: SELECT COUNT(*) FROM demo_user.client_b_load_status\nWHERE status = 'COMPLETE' AND processed = 0 (with parameters None)","logger":"airflow.task.operators.airflow.providers.common.sql.sensors.sql.SqlSensor","filename":"sql.py","lineno":100}
{"timestamp":"2026-07-08T15:16:54.499793Z","level":"info","event":"Running statement: SELECT COUNT(*) FROM demo_user.client_b_load_status\nWHERE status = 'COMPLETE' AND processed = 0, parameters: None","logger":"airflow.task.hooks.airflow.providers.oracle.hooks.oracle.OracleHook","filename":"sql.py","lineno":861}
{"timestamp":"2026-07-08T15:16:54.501246Z","level":"info","event":"Rows affected: 0","logger":"airflow.task.hooks.airflow.providers.oracle.hooks.oracle.OracleHook","filename":"sql.py","lineno":879}
{"timestamp":"2026-07-08T15:17:04.541856Z","level":"info","event":"Poking: SELECT COUNT(*) FROM demo_user.client_b_load_status\nWHERE status = 'COMPLETE' AND processed = 0 (with parameters None)","logger":"airflow.task.operators.airflow.providers.common.sql.sensors.sql.SqlSensor","filename":"sql.py","lineno":100}
{"timestamp":"2026-07-08T15:17:04.625284Z","level":"info","event":"Running statement: SELECT COUNT(*) FROM demo_user.client_b_load_status\nWHERE status = 'COMPLETE' AND processed = 0, parameters: None","logger":"airflow.task.hooks.airflow.providers.oracle.hooks.oracle.OracleHook","filename":"sql.py","lineno":861}
{"timestamp":"2026-07-08T15:17:04.626717Z","level":"info","event":"Rows affected: 0","logger":"airflow.task.hooks.airflow.providers.oracle.hooks.oracle.OracleHook","filename":"sql.py","lineno":879}
{"timestamp":"2026-07-08T15:17:14.675273Z","level":"info","event":"Poking: SELECT COUNT(*) FROM demo_user.client_b_load_status\nWHERE status = 'COMPLETE' AND processed = 0 (with parameters None)","logger":"airflow.task.operators.airflow.providers.common.sql.sensors.sql.SqlSensor","filename":"sql.py","lineno":100}
{"timestamp":"2026-07-08T15:17:14.764205Z","level":"info","event":"Running statement: SELECT COUNT(*) FROM demo_user.client_b_load_status\nWHERE status = 'COMPLETE' AND processed = 0, parameters: None","logger":"airflow.task.hooks.airflow.providers.oracle.hooks.oracle.OracleHook","filename":"sql.py","lineno":861}
{"timestamp":"2026-07-08T15:17:14.766327Z","level":"info","event":"Rows affected: 0","logger":"airflow.task.hooks.airflow.providers.oracle.hooks.oracle.OracleHook","filename":"sql.py","lineno":879}
{"timestamp":"2026-07-08T15:17:24.813219Z","level":"info","event":"Poking: SELECT COUNT(*) FROM demo_user.client_b_load_status\nWHERE status = 'COMPLETE' AND processed = 0 (with parameters None)","logger":"airflow.task.operators.airflow.providers.common.sql.sensors.sql.SqlSensor","filename":"sql.py","lineno":100}
{"timestamp":"2026-07-08T15:17:24.888997Z","level":"info","event":"Running statement: SELECT COUNT(*) FROM demo_user.client_b_load_status\nWHERE status = 'COMPLETE' AND processed = 0, parameters: None","logger":"airflow.task.hooks.airflow.providers.oracle.hooks.oracle.OracleHook","filename":"sql.py","lineno":861}
{"timestamp":"2026-07-08T15:17:24.891034Z","level":"info","event":"Rows affected: 0","logger":"airflow.task.hooks.airflow.providers.oracle.hooks.oracle.OracleHook","filename":"sql.py","lineno":879}
{"timestamp":"2026-07-08T15:17:34.988638Z","level":"info","event":"Poking: SELECT COUNT(*) FROM demo_user.client_b_load_status\nWHERE status = 'COMPLETE' AND processed = 0 (with parameters None)","logger":"airflow.task.operators.airflow.providers.common.sql.sensors.sql.SqlSensor","filename":"sql.py","lineno":100}
{"timestamp":"2026-07-08T15:17:35.179981Z","level":"info","event":"Running statement: SELECT COUNT(*) FROM demo_user.client_b_load_status\nWHERE status = 'COMPLETE' AND processed = 0, parameters: None","logger":"airflow.task.hooks.airflow.providers.oracle.hooks.oracle.OracleHook","filename":"sql.py","lineno":861}
{"timestamp":"2026-07-08T15:17:35.182670Z","level":"info","event":"Rows affected: 0","logger":"airflow.task.hooks.airflow.providers.oracle.hooks.oracle.OracleHook","filename":"sql.py","lineno":879}
{"timestamp":"2026-07-08T15:17:45.230042Z","level":"info","event":"Poking: SELECT COUNT(*) FROM demo_user.client_b_load_status\nWHERE status = 'COMPLETE' AND processed = 0 (with parameters None)","logger":"airflow.task.operators.airflow.providers.common.sql.sensors.sql.SqlSensor","filename":"sql.py","lineno":100}
{"timestamp":"2026-07-08T15:17:45.318231Z","level":"info","event":"Running statement: SELECT COUNT(*) FROM demo_user.client_b_load_status\nWHERE status = 'COMPLETE' AND processed = 0, parameters: None","logger":"airflow.task.hooks.airflow.providers.oracle.hooks.oracle.OracleHook","filename":"sql.py","lineno":861}
{"timestamp":"2026-07-08T15:17:45.320907Z","level":"info","event":"Rows affected: 0","logger":"airflow.task.hooks.airflow.providers.oracle.hooks.oracle.OracleHook","filename":"sql.py","lineno":879}
{"timestamp":"2026-07-08T15:17:55.391164Z","level":"info","event":"Poking: SELECT COUNT(*) FROM demo_user.client_b_load_status\nWHERE status = 'COMPLETE' AND processed = 0 (with parameters None)","logger":"airflow.task.operators.airflow.providers.common.sql.sensors.sql.SqlSensor","filename":"sql.py","lineno":100}
{"timestamp":"2026-07-08T15:17:55.517375Z","level":"info","event":"Running statement: SELECT COUNT(*) FROM demo_user.client_b_load_status\nWHERE status = 'COMPLETE' AND processed = 0, parameters: None","logger":"airflow.task.hooks.airflow.providers.oracle.hooks.oracle.OracleHook","filename":"sql.py","lineno":861}
{"timestamp":"2026-07-08T15:17:55.520340Z","level":"info","event":"Rows affected: 0","logger":"airflow.task.hooks.airflow.providers.oracle.hooks.oracle.OracleHook","filename":"sql.py","lineno":879}
{"timestamp":"2026-07-08T15:18:05.584098Z","level":"info","event":"Poking: SELECT COUNT(*) FROM demo_user.client_b_load_status\nWHERE status = 'COMPLETE' AND processed = 0 (with parameters None)","logger":"airflow.task.operators.airflow.providers.common.sql.sensors.sql.SqlSensor","filename":"sql.py","lineno":100}
{"timestamp":"2026-07-08T15:18:05.692869Z","level":"info","event":"Running statement: SELECT COUNT(*) FROM demo_user.client_b_load_status\nWHERE status = 'COMPLETE' AND processed = 0, parameters: None","logger":"airflow.task.hooks.airflow.providers.oracle.hooks.oracle.OracleHook","filename":"sql.py","lineno":861}
{"timestamp":"2026-07-08T15:18:05.694833Z","level":"info","event":"Rows affected: 0","logger":"airflow.task.hooks.airflow.providers.oracle.hooks.oracle.OracleHook","filename":"sql.py","lineno":879}
{"timestamp":"2026-07-08T15:18:15.736436Z","level":"info","event":"Poking: SELECT COUNT(*) FROM demo_user.client_b_load_status\nWHERE status = 'COMPLETE' AND processed = 0 (with parameters None)","logger":"airflow.task.operators.airflow.providers.common.sql.sensors.sql.SqlSensor","filename":"sql.py","lineno":100}
{"timestamp":"2026-07-08T15:18:15.816615Z","level":"info","event":"Running statement: SELECT COUNT(*) FROM demo_user.client_b_load_status\nWHERE status = 'COMPLETE' AND processed = 0, parameters: None","logger":"airflow.task.hooks.airflow.providers.oracle.hooks.oracle.OracleHook","filename":"sql.py","lineno":861}
{"timestamp":"2026-07-08T15:18:15.817860Z","level":"info","event":"Rows affected: 0","logger":"airflow.task.hooks.airflow.providers.oracle.hooks.oracle.OracleHook","filename":"sql.py","lineno":879}
{"timestamp":"2026-07-08T15:18:25.872509Z","level":"info","event":"Poking: SELECT COUNT(*) FROM demo_user.client_b_load_status\nWHERE status = 'COMPLETE' AND processed = 0 (with parameters None)","logger":"airflow.task.operators.airflow.providers.common.sql.sensors.sql.SqlSensor","filename":"sql.py","lineno":100}
{"timestamp":"2026-07-08T15:18:26.037937Z","level":"info","event":"Running statement: SELECT COUNT(*) FROM demo_user.client_b_load_status\nWHERE status = 'COMPLETE' AND processed = 0, parameters: None","logger":"airflow.task.hooks.airflow.providers.oracle.hooks.oracle.OracleHook","filename":"sql.py","lineno":861}
{"timestamp":"2026-07-08T15:18:26.041631Z","level":"info","event":"Rows affected: 0","logger":"airflow.task.hooks.airflow.providers.oracle.hooks.oracle.OracleHook","filename":"sql.py","lineno":879}
{"timestamp":"2026-07-08T15:18:36.146108Z","level":"info","event":"Poking: SELECT COUNT(*) FROM demo_user.client_b_load_status\nWHERE status = 'COMPLETE' AND processed = 0 (with parameters None)","logger":"airflow.task.operators.airflow.providers.common.sql.sensors.sql.SqlSensor","filename":"sql.py","lineno":100}
{"timestamp":"2026-07-08T15:18:36.363053Z","level":"info","event":"Running statement: SELECT COUNT(*) FROM demo_user.client_b_load_status\nWHERE status = 'COMPLETE' AND processed = 0, parameters: None","logger":"airflow.task.hooks.airflow.providers.oracle.hooks.oracle.OracleHook","filename":"sql.py","lineno":861}
{"timestamp":"2026-07-08T15:18:36.366201Z","level":"info","event":"Rows affected: 0","logger":"airflow.task.hooks.airflow.providers.oracle.hooks.oracle.OracleHook","filename":"sql.py","lineno":879}
{"timestamp":"2026-07-08T15:18:46.516606Z","level":"info","event":"Poking: SELECT COUNT(*) FROM demo_user.client_b_load_status\nWHERE status = 'COMPLETE' AND processed = 0 (with parameters None)","logger":"airflow.task.operators.airflow.providers.common.sql.sensors.sql.SqlSensor","filename":"sql.py","lineno":100}
{"timestamp":"2026-07-08T15:18:46.604916Z","level":"info","event":"Running statement: SELECT COUNT(*) FROM demo_user.client_b_load_status\nWHERE status = 'COMPLETE' AND processed = 0, parameters: None","logger":"airflow.task.hooks.airflow.providers.oracle.hooks.oracle.OracleHook","filename":"sql.py","lineno":861}
{"timestamp":"2026-07-08T15:18:46.606842Z","level":"info","event":"Rows affected: 0","logger":"airflow.task.hooks.airflow.providers.oracle.hooks.oracle.OracleHook","filename":"sql.py","lineno":879}
{"timestamp":"2026-07-08T15:18:56.672588Z","level":"info","event":"Poking: SELECT COUNT(*) FROM demo_user.client_b_load_status\nWHERE status = 'COMPLETE' AND processed = 0 (with parameters None)","logger":"airflow.task.operators.airflow.providers.common.sql.sensors.sql.SqlSensor","filename":"sql.py","lineno":100}
{"timestamp":"2026-07-08T15:18:56.779722Z","level":"info","event":"Running statement: SELECT COUNT(*) FROM demo_user.client_b_load_status\nWHERE status = 'COMPLETE' AND processed = 0, parameters: None","logger":"airflow.task.hooks.airflow.providers.oracle.hooks.oracle.OracleHook","filename":"sql.py","lineno":861}
{"timestamp":"2026-07-08T15:18:56.783535Z","level":"info","event":"Rows affected: 0","logger":"airflow.task.hooks.airflow.providers.oracle.hooks.oracle.OracleHook","filename":"sql.py","lineno":879}
{"timestamp":"2026-07-08T15:19:06.852104Z","level":"info","event":"Poking: SELECT COUNT(*) FROM demo_user.client_b_load_status\nWHERE status = 'COMPLETE' AND processed = 0 (with parameters None)","logger":"airflow.task.operators.airflow.providers.common.sql.sensors.sql.SqlSensor","filename":"sql.py","lineno":100}
{"timestamp":"2026-07-08T15:19:06.976079Z","level":"info","event":"Running statement: SELECT COUNT(*) FROM demo_user.client_b_load_status\nWHERE status = 'COMPLETE' AND processed = 0, parameters: None","logger":"airflow.task.hooks.airflow.providers.oracle.hooks.oracle.OracleHook","filename":"sql.py","lineno":861}
{"timestamp":"2026-07-08T15:19:06.978254Z","level":"info","event":"Rows affected: 0","logger":"airflow.task.hooks.airflow.providers.oracle.hooks.oracle.OracleHook","filename":"sql.py","lineno":879}
{"timestamp":"2026-07-08T15:19:17.759490Z","level":"info","event":"Poking: SELECT COUNT(*) FROM demo_user.client_b_load_status\nWHERE status = 'COMPLETE' AND processed = 0 (with parameters None)","logger":"airflow.task.operators.airflow.providers.common.sql.sensors.sql.SqlSensor","filename":"sql.py","lineno":100}
{"timestamp":"2026-07-08T15:19:18.372041Z","level":"info","event":"Running statement: SELECT COUNT(*) FROM demo_user.client_b_load_status\nWHERE status = 'COMPLETE' AND processed = 0, parameters: None","logger":"airflow.task.hooks.airflow.providers.oracle.hooks.oracle.OracleHook","filename":"sql.py","lineno":861}
{"timestamp":"2026-07-08T15:19:18.385065Z","level":"info","event":"Rows affected: 0","logger":"airflow.task.hooks.airflow.providers.oracle.hooks.oracle.OracleHook","filename":"sql.py","lineno":879}
{"timestamp":"2026-07-08T15:19:28.503392Z","level":"info","event":"Poking: SELECT COUNT(*) FROM demo_user.client_b_load_status\nWHERE status = 'COMPLETE' AND processed = 0 (with parameters None)","logger":"airflow.task.operators.airflow.providers.common.sql.sensors.sql.SqlSensor","filename":"sql.py","lineno":100}
{"timestamp":"2026-07-08T15:19:28.712442Z","level":"info","event":"Running statement: SELECT COUNT(*) FROM demo_user.client_b_load_status\nWHERE status = 'COMPLETE' AND processed = 0, parameters: None","logger":"airflow.task.hooks.airflow.providers.oracle.hooks.oracle.OracleHook","filename":"sql.py","lineno":861}
{"timestamp":"2026-07-08T15:19:28.715476Z","level":"info","event":"Rows affected: 0","logger":"airflow.task.hooks.airflow.providers.oracle.hooks.oracle.OracleHook","filename":"sql.py","lineno":879}
{"timestamp":"2026-07-08T15:19:38.981301Z","level":"info","event":"Poking: SELECT COUNT(*) FROM demo_user.client_b_load_status\nWHERE status = 'COMPLETE' AND processed = 0 (with parameters None)","logger":"airflow.task.operators.airflow.providers.common.sql.sensors.sql.SqlSensor","filename":"sql.py","lineno":100}
{"timestamp":"2026-07-08T15:19:39.356305Z","level":"info","event":"Running statement: SELECT COUNT(*) FROM demo_user.client_b_load_status\nWHERE status = 'COMPLETE' AND processed = 0, parameters: None","logger":"airflow.task.hooks.airflow.providers.oracle.hooks.oracle.OracleHook","filename":"sql.py","lineno":861}
{"timestamp":"2026-07-08T15:19:39.359307Z","level":"info","event":"Rows affected: 0","logger":"airflow.task.hooks.airflow.providers.oracle.hooks.oracle.OracleHook","filename":"sql.py","lineno":879}
{"timestamp":"2026-07-08T15:19:49.436952Z","level":"info","event":"Poking: SELECT COUNT(*) FROM demo_user.client_b_load_status\nWHERE status = 'COMPLETE' AND processed = 0 (with parameters None)","logger":"airflow.task.operators.airflow.providers.common.sql.sensors.sql.SqlSensor","filename":"sql.py","lineno":100}
{"timestamp":"2026-07-08T15:19:49.644730Z","level":"info","event":"Running statement: SELECT COUNT(*) FROM demo_user.client_b_load_status\nWHERE status = 'COMPLETE' AND processed = 0, parameters: None","logger":"airflow.task.hooks.airflow.providers.oracle.hooks.oracle.OracleHook","filename":"sql.py","lineno":861}
{"timestamp":"2026-07-08T15:19:49.649572Z","level":"info","event":"Rows affected: 0","logger":"airflow.task.hooks.airflow.providers.oracle.hooks.oracle.OracleHook","filename":"sql.py","lineno":879}
{"timestamp":"2026-07-08T15:19:59.789094Z","level":"info","event":"Poking: SELECT COUNT(*) FROM demo_user.client_b_load_status\nWHERE status = 'COMPLETE' AND processed = 0 (with parameters None)","logger":"airflow.task.operators.airflow.providers.common.sql.sensors.sql.SqlSensor","filename":"sql.py","lineno":100}
{"timestamp":"2026-07-08T15:20:00.114008Z","level":"info","event":"Running statement: SELECT COUNT(*) FROM demo_user.client_b_load_status\nWHERE status = 'COMPLETE' AND processed = 0, parameters: None","logger":"airflow.task.hooks.airflow.providers.oracle.hooks.oracle.OracleHook","filename":"sql.py","lineno":861}
{"timestamp":"2026-07-08T15:20:00.117940Z","level":"info","event":"Rows affected: 0","logger":"airflow.task.hooks.airflow.providers.oracle.hooks.oracle.OracleHook","filename":"sql.py","lineno":879}
{"timestamp":"2026-07-08T15:20:10.232497Z","level":"info","event":"Poking: SELECT COUNT(*) FROM demo_user.client_b_load_status\nWHERE status = 'COMPLETE' AND processed = 0 (with parameters None)","logger":"airflow.task.operators.airflow.providers.common.sql.sensors.sql.SqlSensor","filename":"sql.py","lineno":100}
{"timestamp":"2026-07-08T15:20:10.405863Z","level":"info","event":"Running statement: SELECT COUNT(*) FROM demo_user.client_b_load_status\nWHERE status = 'COMPLETE' AND processed = 0, parameters: None","logger":"airflow.task.hooks.airflow.providers.oracle.hooks.oracle.OracleHook","filename":"sql.py","lineno":861}
{"timestamp":"2026-07-08T15:20:10.409860Z","level":"info","event":"Rows affected: 0","logger":"airflow.task.hooks.airflow.providers.oracle.hooks.oracle.OracleHook","filename":"sql.py","lineno":879}
{"timestamp":"2026-07-08T15:20:20.517403Z","level":"info","event":"Poking: SELECT COUNT(*) FROM demo_user.client_b_load_status\nWHERE status = 'COMPLETE' AND processed = 0 (with parameters None)","logger":"airflow.task.operators.airflow.providers.common.sql.sensors.sql.SqlSensor","filename":"sql.py","lineno":100}
{"timestamp":"2026-07-08T15:20:20.696158Z","level":"info","event":"Running statement: SELECT COUNT(*) FROM demo_user.client_b_load_status\nWHERE status = 'COMPLETE' AND processed = 0, parameters: None","logger":"airflow.task.hooks.airflow.providers.oracle.hooks.oracle.OracleHook","filename":"sql.py","lineno":861}
{"timestamp":"2026-07-08T15:20:20.699925Z","level":"info","event":"Rows affected: 0","logger":"airflow.task.hooks.airflow.providers.oracle.hooks.oracle.OracleHook","filename":"sql.py","lineno":879}
{"timestamp":"2026-07-08T15:20:30.738371Z","level":"info","event":"Poking: SELECT COUNT(*) FROM demo_user.client_b_load_status\nWHERE status = 'COMPLETE' AND processed = 0 (with parameters None)","logger":"airflow.task.operators.airflow.providers.common.sql.sensors.sql.SqlSensor","filename":"sql.py","lineno":100}
{"timestamp":"2026-07-08T15:20:30.841203Z","level":"info","event":"Running statement: SELECT COUNT(*) FROM demo_user.client_b_load_status\nWHERE status = 'COMPLETE' AND processed = 0, parameters: None","logger":"airflow.task.hooks.airflow.providers.oracle.hooks.oracle.OracleHook","filename":"sql.py","lineno":861}
{"timestamp":"2026-07-08T15:20:30.844146Z","level":"info","event":"Rows affected: 0","logger":"airflow.task.hooks.airflow.providers.oracle.hooks.oracle.OracleHook","filename":"sql.py","lineno":879}
{"timestamp":"2026-07-08T15:20:40.947304Z","level":"info","event":"Poking: SELECT COUNT(*) FROM demo_user.client_b_load_status\nWHERE status = 'COMPLETE' AND processed = 0 (with parameters None)","logger":"airflow.task.operators.airflow.providers.common.sql.sensors.sql.SqlSensor","filename":"sql.py","lineno":100}
{"timestamp":"2026-07-08T15:20:41.123164Z","level":"info","event":"Running statement: SELECT COUNT(*) FROM demo_user.client_b_load_status\nWHERE status = 'COMPLETE' AND processed = 0, parameters: None","logger":"airflow.task.hooks.airflow.providers.oracle.hooks.oracle.OracleHook","filename":"sql.py","lineno":861}
{"timestamp":"2026-07-08T15:20:41.124667Z","level":"info","event":"Rows affected: 0","logger":"airflow.task.hooks.airflow.providers.oracle.hooks.oracle.OracleHook","filename":"sql.py","lineno":879}
{"timestamp":"2026-07-08T15:20:51.183250Z","level":"info","event":"Poking: SELECT COUNT(*) FROM demo_user.client_b_load_status\nWHERE status = 'COMPLETE' AND processed = 0 (with parameters None)","logger":"airflow.task.operators.airflow.providers.common.sql.sensors.sql.SqlSensor","filename":"sql.py","lineno":100}
{"timestamp":"2026-07-08T15:20:51.262541Z","level":"info","event":"Running statement: SELECT COUNT(*) FROM demo_user.client_b_load_status\nWHERE status = 'COMPLETE' AND processed = 0, parameters: None","logger":"airflow.task.hooks.airflow.providers.oracle.hooks.oracle.OracleHook","filename":"sql.py","lineno":861}
{"timestamp":"2026-07-08T15:20:51.264522Z","level":"info","event":"Rows affected: 0","logger":"airflow.task.hooks.airflow.providers.oracle.hooks.oracle.OracleHook","filename":"sql.py","lineno":879}
{"timestamp":"2026-07-08T15:21:01.312217Z","level":"info","event":"Poking: SELECT COUNT(*) FROM demo_user.client_b_load_status\nWHERE status = 'COMPLETE' AND processed = 0 (with parameters None)","logger":"airflow.task.operators.airflow.providers.common.sql.sensors.sql.SqlSensor","filename":"sql.py","lineno":100}
{"timestamp":"2026-07-08T15:21:01.448958Z","level":"info","event":"Running statement: SELECT COUNT(*) FROM demo_user.client_b_load_status\nWHERE status = 'COMPLETE' AND processed = 0, parameters: None","logger":"airflow.task.hooks.airflow.providers.oracle.hooks.oracle.OracleHook","filename":"sql.py","lineno":861}
{"timestamp":"2026-07-08T15:21:01.452983Z","level":"info","event":"Rows affected: 0","logger":"airflow.task.hooks.airflow.providers.oracle.hooks.oracle.OracleHook","filename":"sql.py","lineno":879}
{"timestamp":"2026-07-08T15:21:11.507427Z","level":"info","event":"Poking: SELECT COUNT(*) FROM demo_user.client_b_load_status\nWHERE status = 'COMPLETE' AND processed = 0 (with parameters None)","logger":"airflow.task.operators.airflow.providers.common.sql.sensors.sql.SqlSensor","filename":"sql.py","lineno":100}
{"timestamp":"2026-07-08T15:21:11.631812Z","level":"info","event":"Running statement: SELECT COUNT(*) FROM demo_user.client_b_load_status\nWHERE status = 'COMPLETE' AND processed = 0, parameters: None","logger":"airflow.task.hooks.airflow.providers.oracle.hooks.oracle.OracleHook","filename":"sql.py","lineno":861}
{"timestamp":"2026-07-08T15:21:11.635981Z","level":"info","event":"Rows affected: 0","logger":"airflow.task.hooks.airflow.providers.oracle.hooks.oracle.OracleHook","filename":"sql.py","lineno":879}
{"timestamp":"2026-07-08T15:21:21.692297Z","level":"info","event":"Poking: SELECT COUNT(*) FROM demo_user.client_b_load_status\nWHERE status = 'COMPLETE' AND processed = 0 (with parameters None)","logger":"airflow.task.operators.airflow.providers.common.sql.sensors.sql.SqlSensor","filename":"sql.py","lineno":100}
{"timestamp":"2026-07-08T15:21:21.835560Z","level":"info","event":"Running statement: SELECT COUNT(*) FROM demo_user.client_b_load_status\nWHERE status = 'COMPLETE' AND processed = 0, parameters: None","logger":"airflow.task.hooks.airflow.providers.oracle.hooks.oracle.OracleHook","filename":"sql.py","lineno":861}
{"timestamp":"2026-07-08T15:21:21.837812Z","level":"info","event":"Rows affected: 0","logger":"airflow.task.hooks.airflow.providers.oracle.hooks.oracle.OracleHook","filename":"sql.py","lineno":879}
{"timestamp":"2026-07-08T15:21:31.888456Z","level":"info","event":"Poking: SELECT COUNT(*) FROM demo_user.client_b_load_status\nWHERE status = 'COMPLETE' AND processed = 0 (with parameters None)","logger":"airflow.task.operators.airflow.providers.common.sql.sensors.sql.SqlSensor","filename":"sql.py","lineno":100}
{"timestamp":"2026-07-08T15:21:32.030795Z","level":"info","event":"Running statement: SELECT COUNT(*) FROM demo_user.client_b_load_status\nWHERE status = 'COMPLETE' AND processed = 0, parameters: None","logger":"airflow.task.hooks.airflow.providers.oracle.hooks.oracle.OracleHook","filename":"sql.py","lineno":861}
{"timestamp":"2026-07-08T15:21:32.032511Z","level":"info","event":"Rows affected: 0","logger":"airflow.task.hooks.airflow.providers.oracle.hooks.oracle.OracleHook","filename":"sql.py","lineno":879}
{"timestamp":"2026-07-08T15:21:42.121402Z","level":"info","event":"Poking: SELECT COUNT(*) FROM demo_user.client_b_load_status\nWHERE status = 'COMPLETE' AND processed = 0 (with parameters None)","logger":"airflow.task.operators.airflow.providers.common.sql.sensors.sql.SqlSensor","filename":"sql.py","lineno":100}
{"timestamp":"2026-07-08T15:21:42.218123Z","level":"info","event":"Running statement: SELECT COUNT(*) FROM demo_user.client_b_load_status\nWHERE status = 'COMPLETE' AND processed = 0, parameters: None","logger":"airflow.task.hooks.airflow.providers.oracle.hooks.oracle.OracleHook","filename":"sql.py","lineno":861}
{"timestamp":"2026-07-08T15:21:42.222997Z","level":"info","event":"Rows affected: 0","logger":"airflow.task.hooks.airflow.providers.oracle.hooks.oracle.OracleHook","filename":"sql.py","lineno":879}
{"timestamp":"2026-07-08T15:21:52.272325Z","level":"info","event":"Poking: SELECT COUNT(*) FROM demo_user.client_b_load_status\nWHERE status = 'COMPLETE' AND processed = 0 (with parameters None)","logger":"airflow.task.operators.airflow.providers.common.sql.sensors.sql.SqlSensor","filename":"sql.py","lineno":100}
{"timestamp":"2026-07-08T15:21:52.388225Z","level":"info","event":"Running statement: SELECT COUNT(*) FROM demo_user.client_b_load_status\nWHERE status = 'COMPLETE' AND processed = 0, parameters: None","logger":"airflow.task.hooks.airflow.providers.oracle.hooks.oracle.OracleHook","filename":"sql.py","lineno":861}
{"timestamp":"2026-07-08T15:21:52.390524Z","level":"info","event":"Rows affected: 0","logger":"airflow.task.hooks.airflow.providers.oracle.hooks.oracle.OracleHook","filename":"sql.py","lineno":879}
{"timestamp":"2026-07-08T15:22:02.451310Z","level":"info","event":"Poking: SELECT COUNT(*) FROM demo_user.client_b_load_status\nWHERE status = 'COMPLETE' AND processed = 0 (with parameters None)","logger":"airflow.task.operators.airflow.providers.common.sql.sensors.sql.SqlSensor","filename":"sql.py","lineno":100}
{"timestamp":"2026-07-08T15:22:02.589017Z","level":"info","event":"Running statement: SELECT COUNT(*) FROM demo_user.client_b_load_status\nWHERE status = 'COMPLETE' AND processed = 0, parameters: None","logger":"airflow.task.hooks.airflow.providers.oracle.hooks.oracle.OracleHook","filename":"sql.py","lineno":861}
{"timestamp":"2026-07-08T15:22:02.595634Z","level":"info","event":"Rows affected: 0","logger":"airflow.task.hooks.airflow.providers.oracle.hooks.oracle.OracleHook","filename":"sql.py","lineno":879}
{"timestamp":"2026-07-08T15:22:12.655487Z","level":"info","event":"Poking: SELECT COUNT(*) FROM demo_user.client_b_load_status\nWHERE status = 'COMPLETE' AND processed = 0 (with parameters None)","logger":"airflow.task.operators.airflow.providers.common.sql.sensors.sql.SqlSensor","filename":"sql.py","lineno":100}
{"timestamp":"2026-07-08T15:22:12.807313Z","level":"info","event":"Running statement: SELECT COUNT(*) FROM demo_user.client_b_load_status\nWHERE status = 'COMPLETE' AND processed = 0, parameters: None","logger":"airflow.task.hooks.airflow.providers.oracle.hooks.oracle.OracleHook","filename":"sql.py","lineno":861}
{"timestamp":"2026-07-08T15:22:12.810563Z","level":"info","event":"Rows affected: 0","logger":"airflow.task.hooks.airflow.providers.oracle.hooks.oracle.OracleHook","filename":"sql.py","lineno":879}
{"timestamp":"2026-07-08T15:22:22.859415Z","level":"info","event":"Poking: SELECT COUNT(*) FROM demo_user.client_b_load_status\nWHERE status = 'COMPLETE' AND processed = 0 (with parameters None)","logger":"airflow.task.operators.airflow.providers.common.sql.sensors.sql.SqlSensor","filename":"sql.py","lineno":100}
{"timestamp":"2026-07-08T15:22:23.075855Z","level":"info","event":"Running statement: SELECT COUNT(*) FROM demo_user.client_b_load_status\nWHERE status = 'COMPLETE' AND processed = 0, parameters: None","logger":"airflow.task.hooks.airflow.providers.oracle.hooks.oracle.OracleHook","filename":"sql.py","lineno":861}
{"timestamp":"2026-07-08T15:22:23.083373Z","level":"info","event":"Rows affected: 0","logger":"airflow.task.hooks.airflow.providers.oracle.hooks.oracle.OracleHook","filename":"sql.py","lineno":879}
{"timestamp":"2026-07-08T15:22:33.128048Z","level":"info","event":"Poking: SELECT COUNT(*) FROM demo_user.client_b_load_status\nWHERE status = 'COMPLETE' AND processed = 0 (with parameters None)","logger":"airflow.task.operators.airflow.providers.common.sql.sensors.sql.SqlSensor","filename":"sql.py","lineno":100}
{"timestamp":"2026-07-08T15:22:33.195205Z","level":"info","event":"Running statement: SELECT COUNT(*) FROM demo_user.client_b_load_status\nWHERE status = 'COMPLETE' AND processed = 0, parameters: None","logger":"airflow.task.hooks.airflow.providers.oracle.hooks.oracle.OracleHook","filename":"sql.py","lineno":861}
{"timestamp":"2026-07-08T15:22:33.196314Z","level":"info","event":"Rows affected: 0","logger":"airflow.task.hooks.airflow.providers.oracle.hooks.oracle.OracleHook","filename":"sql.py","lineno":879}
{"timestamp":"2026-07-08T15:22:43.258756Z","level":"info","event":"Poking: SELECT COUNT(*) FROM demo_user.client_b_load_status\nWHERE status = 'COMPLETE' AND processed = 0 (with parameters None)","logger":"airflow.task.operators.airflow.providers.common.sql.sensors.sql.SqlSensor","filename":"sql.py","lineno":100}
{"timestamp":"2026-07-08T15:22:43.334409Z","level":"info","event":"Running statement: SELECT COUNT(*) FROM demo_user.client_b_load_status\nWHERE status = 'COMPLETE' AND processed = 0, parameters: None","logger":"airflow.task.hooks.airflow.providers.oracle.hooks.oracle.OracleHook","filename":"sql.py","lineno":861}
{"timestamp":"2026-07-08T15:22:43.336287Z","level":"info","event":"Rows affected: 0","logger":"airflow.task.hooks.airflow.providers.oracle.hooks.oracle.OracleHook","filename":"sql.py","lineno":879}
{"timestamp":"2026-07-08T15:22:53.403231Z","level":"info","event":"Poking: SELECT COUNT(*) FROM demo_user.client_b_load_status\nWHERE status = 'COMPLETE' AND processed = 0 (with parameters None)","logger":"airflow.task.operators.airflow.providers.common.sql.sensors.sql.SqlSensor","filename":"sql.py","lineno":100}
{"timestamp":"2026-07-08T15:22:53.506602Z","level":"info","event":"Running statement: SELECT COUNT(*) FROM demo_user.client_b_load_status\nWHERE status = 'COMPLETE' AND processed = 0, parameters: None","logger":"airflow.task.hooks.airflow.providers.oracle.hooks.oracle.OracleHook","filename":"sql.py","lineno":861}
{"timestamp":"2026-07-08T15:22:53.509141Z","level":"info","event":"Rows affected: 0","logger":"airflow.task.hooks.airflow.providers.oracle.hooks.oracle.OracleHook","filename":"sql.py","lineno":879}
{"timestamp":"2026-07-08T15:23:03.570739Z","level":"info","event":"Poking: SELECT COUNT(*) FROM demo_user.client_b_load_status\nWHERE status = 'COMPLETE' AND processed = 0 (with parameters None)","logger":"airflow.task.operators.airflow.providers.common.sql.sensors.sql.SqlSensor","filename":"sql.py","lineno":100}
{"timestamp":"2026-07-08T15:23:03.732560Z","level":"info","event":"Running statement: SELECT COUNT(*) FROM demo_user.client_b_load_status\nWHERE status = 'COMPLETE' AND processed = 0, parameters: None","logger":"airflow.task.hooks.airflow.providers.oracle.hooks.oracle.OracleHook","filename":"sql.py","lineno":861}
{"timestamp":"2026-07-08T15:23:03.735963Z","level":"info","event":"Rows affected: 0","logger":"airflow.task.hooks.airflow.providers.oracle.hooks.oracle.OracleHook","filename":"sql.py","lineno":879}
{"timestamp":"2026-07-08T15:23:13.785637Z","level":"info","event":"Poking: SELECT COUNT(*) FROM demo_user.client_b_load_status\nWHERE status = 'COMPLETE' AND processed = 0 (with parameters None)","logger":"airflow.task.operators.airflow.providers.common.sql.sensors.sql.SqlSensor","filename":"sql.py","lineno":100}
{"timestamp":"2026-07-08T15:23:13.881927Z","level":"info","event":"Running statement: SELECT COUNT(*) FROM demo_user.client_b_load_status\nWHERE status = 'COMPLETE' AND processed = 0, parameters: None","logger":"airflow.task.hooks.airflow.providers.oracle.hooks.oracle.OracleHook","filename":"sql.py","lineno":861}
{"timestamp":"2026-07-08T15:23:13.887083Z","level":"info","event":"Rows affected: 0","logger":"airflow.task.hooks.airflow.providers.oracle.hooks.oracle.OracleHook","filename":"sql.py","lineno":879}
{"timestamp":"2026-07-08T15:23:23.947108Z","level":"info","event":"Poking: SELECT COUNT(*) FROM demo_user.client_b_load_status\nWHERE status = 'COMPLETE' AND processed = 0 (with parameters None)","logger":"airflow.task.operators.airflow.providers.common.sql.sensors.sql.SqlSensor","filename":"sql.py","lineno":100}
{"timestamp":"2026-07-08T15:23:24.437769Z","level":"info","event":"Running statement: SELECT COUNT(*) FROM demo_user.client_b_load_status\nWHERE status = 'COMPLETE' AND processed = 0, parameters: None","logger":"airflow.task.hooks.airflow.providers.oracle.hooks.oracle.OracleHook","filename":"sql.py","lineno":861}
{"timestamp":"2026-07-08T15:23:24.440062Z","level":"info","event":"Rows affected: 0","logger":"airflow.task.hooks.airflow.providers.oracle.hooks.oracle.OracleHook","filename":"sql.py","lineno":879}
{"timestamp":"2026-07-08T15:23:34.516931Z","level":"info","event":"Poking: SELECT COUNT(*) FROM demo_user.client_b_load_status\nWHERE status = 'COMPLETE' AND processed = 0 (with parameters None)","logger":"airflow.task.operators.airflow.providers.common.sql.sensors.sql.SqlSensor","filename":"sql.py","lineno":100}
{"timestamp":"2026-07-08T15:23:34.666251Z","level":"info","event":"Running statement: SELECT COUNT(*) FROM demo_user.client_b_load_status\nWHERE status = 'COMPLETE' AND processed = 0, parameters: None","logger":"airflow.task.hooks.airflow.providers.oracle.hooks.oracle.OracleHook","filename":"sql.py","lineno":861}
{"timestamp":"2026-07-08T15:23:34.669914Z","level":"info","event":"Rows affected: 0","logger":"airflow.task.hooks.airflow.providers.oracle.hooks.oracle.OracleHook","filename":"sql.py","lineno":879}
{"timestamp":"2026-07-08T15:23:44.799251Z","level":"info","event":"Poking: SELECT COUNT(*) FROM demo_user.client_b_load_status\nWHERE status = 'COMPLETE' AND processed = 0 (with parameters None)","logger":"airflow.task.operators.airflow.providers.common.sql.sensors.sql.SqlSensor","filename":"sql.py","lineno":100}
{"timestamp":"2026-07-08T15:23:44.949852Z","level":"info","event":"Running statement: SELECT COUNT(*) FROM demo_user.client_b_load_status\nWHERE status = 'COMPLETE' AND processed = 0, parameters: None","logger":"airflow.task.hooks.airflow.providers.oracle.hooks.oracle.OracleHook","filename":"sql.py","lineno":861}
{"timestamp":"2026-07-08T15:23:44.951899Z","level":"info","event":"Rows affected: 0","logger":"airflow.task.hooks.airflow.providers.oracle.hooks.oracle.OracleHook","filename":"sql.py","lineno":879}
{"timestamp":"2026-07-08T15:23:55.070976Z","level":"info","event":"Poking: SELECT COUNT(*) FROM demo_user.client_b_load_status\nWHERE status = 'COMPLETE' AND processed = 0 (with parameters None)","logger":"airflow.task.operators.airflow.providers.common.sql.sensors.sql.SqlSensor","filename":"sql.py","lineno":100}
{"timestamp":"2026-07-08T15:23:55.222064Z","level":"info","event":"Running statement: SELECT COUNT(*) FROM demo_user.client_b_load_status\nWHERE status = 'COMPLETE' AND processed = 0, parameters: None","logger":"airflow.task.hooks.airflow.providers.oracle.hooks.oracle.OracleHook","filename":"sql.py","lineno":861}
{"timestamp":"2026-07-08T15:23:55.226449Z","level":"info","event":"Rows affected: 0","logger":"airflow.task.hooks.airflow.providers.oracle.hooks.oracle.OracleHook","filename":"sql.py","lineno":879}
{"timestamp":"2026-07-08T15:24:05.314408Z","level":"info","event":"Poking: SELECT COUNT(*) FROM demo_user.client_b_load_status\nWHERE status = 'COMPLETE' AND processed = 0 (with parameters None)","logger":"airflow.task.operators.airflow.providers.common.sql.sensors.sql.SqlSensor","filename":"sql.py","lineno":100}
{"timestamp":"2026-07-08T15:24:05.477613Z","level":"info","event":"Running statement: SELECT COUNT(*) FROM demo_user.client_b_load_status\nWHERE status = 'COMPLETE' AND processed = 0, parameters: None","logger":"airflow.task.hooks.airflow.providers.oracle.hooks.oracle.OracleHook","filename":"sql.py","lineno":861}
{"timestamp":"2026-07-08T15:24:05.480360Z","level":"info","event":"Rows affected: 0","logger":"airflow.task.hooks.airflow.providers.oracle.hooks.oracle.OracleHook","filename":"sql.py","lineno":879}
{"timestamp":"2026-07-08T15:24:15.647765Z","level":"info","event":"Poking: SELECT COUNT(*) FROM demo_user.client_b_load_status\nWHERE status = 'COMPLETE' AND processed = 0 (with parameters None)","logger":"airflow.task.operators.airflow.providers.common.sql.sensors.sql.SqlSensor","filename":"sql.py","lineno":100}
{"timestamp":"2026-07-08T15:24:15.827732Z","level":"info","event":"Running statement: SELECT COUNT(*) FROM demo_user.client_b_load_status\nWHERE status = 'COMPLETE' AND processed = 0, parameters: None","logger":"airflow.task.hooks.airflow.providers.oracle.hooks.oracle.OracleHook","filename":"sql.py","lineno":861}
{"timestamp":"2026-07-08T15:24:15.830094Z","level":"info","event":"Rows affected: 0","logger":"airflow.task.hooks.airflow.providers.oracle.hooks.oracle.OracleHook","filename":"sql.py","lineno":879}
{"timestamp":"2026-07-08T15:24:25.913270Z","level":"info","event":"Poking: SELECT COUNT(*) FROM demo_user.client_b_load_status\nWHERE status = 'COMPLETE' AND processed = 0 (with parameters None)","logger":"airflow.task.operators.airflow.providers.common.sql.sensors.sql.SqlSensor","filename":"sql.py","lineno":100}
{"timestamp":"2026-07-08T15:24:26.131919Z","level":"info","event":"Running statement: SELECT COUNT(*) FROM demo_user.client_b_load_status\nWHERE status = 'COMPLETE' AND processed = 0, parameters: None","logger":"airflow.task.hooks.airflow.providers.oracle.hooks.oracle.OracleHook","filename":"sql.py","lineno":861}
{"timestamp":"2026-07-08T15:24:26.137732Z","level":"info","event":"Rows affected: 0","logger":"airflow.task.hooks.airflow.providers.oracle.hooks.oracle.OracleHook","filename":"sql.py","lineno":879}
{"timestamp":"2026-07-08T15:24:36.260596Z","level":"info","event":"Poking: SELECT COUNT(*) FROM demo_user.client_b_load_status\nWHERE status = 'COMPLETE' AND processed = 0 (with parameters None)","logger":"airflow.task.operators.airflow.providers.common.sql.sensors.sql.SqlSensor","filename":"sql.py","lineno":100}
{"timestamp":"2026-07-08T15:24:36.516637Z","level":"info","event":"Running statement: SELECT COUNT(*) FROM demo_user.client_b_load_status\nWHERE status = 'COMPLETE' AND processed = 0, parameters: None","logger":"airflow.task.hooks.airflow.providers.oracle.hooks.oracle.OracleHook","filename":"sql.py","lineno":861}
{"timestamp":"2026-07-08T15:24:36.537010Z","level":"info","event":"Rows affected: 0","logger":"airflow.task.hooks.airflow.providers.oracle.hooks.oracle.OracleHook","filename":"sql.py","lineno":879}
{"timestamp":"2026-07-08T15:24:46.612337Z","level":"info","event":"Poking: SELECT COUNT(*) FROM demo_user.client_b_load_status\nWHERE status = 'COMPLETE' AND processed = 0 (with parameters None)","logger":"airflow.task.operators.airflow.providers.common.sql.sensors.sql.SqlSensor","filename":"sql.py","lineno":100}
{"timestamp":"2026-07-08T15:24:46.986500Z","level":"info","event":"Running statement: SELECT COUNT(*) FROM demo_user.client_b_load_status\nWHERE status = 'COMPLETE' AND processed = 0, parameters: None","logger":"airflow.task.hooks.airflow.providers.oracle.hooks.oracle.OracleHook","filename":"sql.py","lineno":861}
{"timestamp":"2026-07-08T15:24:46.991096Z","level":"info","event":"Rows affected: 0","logger":"airflow.task.hooks.airflow.providers.oracle.hooks.oracle.OracleHook","filename":"sql.py","lineno":879}
{"timestamp":"2026-07-08T15:24:57.112279Z","level":"info","event":"Poking: SELECT COUNT(*) FROM demo_user.client_b_load_status\nWHERE status = 'COMPLETE' AND processed = 0 (with parameters None)","logger":"airflow.task.operators.airflow.providers.common.sql.sensors.sql.SqlSensor","filename":"sql.py","lineno":100}
{"timestamp":"2026-07-08T15:24:57.286739Z","level":"info","event":"Running statement: SELECT COUNT(*) FROM demo_user.client_b_load_status\nWHERE status = 'COMPLETE' AND processed = 0, parameters: None","logger":"airflow.task.hooks.airflow.providers.oracle.hooks.oracle.OracleHook","filename":"sql.py","lineno":861}
{"timestamp":"2026-07-08T15:24:57.289885Z","level":"info","event":"Rows affected: 0","logger":"airflow.task.hooks.airflow.providers.oracle.hooks.oracle.OracleHook","filename":"sql.py","lineno":879}
{"timestamp":"2026-07-08T15:25:07.394179Z","level":"info","event":"Poking: SELECT COUNT(*) FROM demo_user.client_b_load_status\nWHERE status = 'COMPLETE' AND processed = 0 (with parameters None)","logger":"airflow.task.operators.airflow.providers.common.sql.sensors.sql.SqlSensor","filename":"sql.py","lineno":100}
{"timestamp":"2026-07-08T15:25:07.604442Z","level":"info","event":"Running statement: SELECT COUNT(*) FROM demo_user.client_b_load_status\nWHERE status = 'COMPLETE' AND processed = 0, parameters: None","logger":"airflow.task.hooks.airflow.providers.oracle.hooks.oracle.OracleHook","filename":"sql.py","lineno":861}
{"timestamp":"2026-07-08T15:25:07.609373Z","level":"info","event":"Rows affected: 0","logger":"airflow.task.hooks.airflow.providers.oracle.hooks.oracle.OracleHook","filename":"sql.py","lineno":879}
{"timestamp":"2026-07-08T15:25:17.736783Z","level":"info","event":"Poking: SELECT COUNT(*) FROM demo_user.client_b_load_status\nWHERE status = 'COMPLETE' AND processed = 0 (with parameters None)","logger":"airflow.task.operators.airflow.providers.common.sql.sensors.sql.SqlSensor","filename":"sql.py","lineno":100}
{"timestamp":"2026-07-08T15:25:17.900696Z","level":"info","event":"Running statement: SELECT COUNT(*) FROM demo_user.client_b_load_status\nWHERE status = 'COMPLETE' AND processed = 0, parameters: None","logger":"airflow.task.hooks.airflow.providers.oracle.hooks.oracle.OracleHook","filename":"sql.py","lineno":861}
{"timestamp":"2026-07-08T15:25:17.906366Z","level":"info","event":"Rows affected: 0","logger":"airflow.task.hooks.airflow.providers.oracle.hooks.oracle.OracleHook","filename":"sql.py","lineno":879}
{"timestamp":"2026-07-08T15:25:28.008290Z","level":"info","event":"Poking: SELECT COUNT(*) FROM demo_user.client_b_load_status\nWHERE status = 'COMPLETE' AND processed = 0 (with parameters None)","logger":"airflow.task.operators.airflow.providers.common.sql.sensors.sql.SqlSensor","filename":"sql.py","lineno":100}
{"timestamp":"2026-07-08T15:25:28.177761Z","level":"info","event":"Running statement: SELECT COUNT(*) FROM demo_user.client_b_load_status\nWHERE status = 'COMPLETE' AND processed = 0, parameters: None","logger":"airflow.task.hooks.airflow.providers.oracle.hooks.oracle.OracleHook","filename":"sql.py","lineno":861}
{"timestamp":"2026-07-08T15:25:28.181333Z","level":"info","event":"Rows affected: 0","logger":"airflow.task.hooks.airflow.providers.oracle.hooks.oracle.OracleHook","filename":"sql.py","lineno":879}
{"timestamp":"2026-07-08T15:25:38.295781Z","level":"info","event":"Poking: SELECT COUNT(*) FROM demo_user.client_b_load_status\nWHERE status = 'COMPLETE' AND processed = 0 (with parameters None)","logger":"airflow.task.operators.airflow.providers.common.sql.sensors.sql.SqlSensor","filename":"sql.py","lineno":100}
{"timestamp":"2026-07-08T15:25:38.506454Z","level":"info","event":"Running statement: SELECT COUNT(*) FROM demo_user.client_b_load_status\nWHERE status = 'COMPLETE' AND processed = 0, parameters: None","logger":"airflow.task.hooks.airflow.providers.oracle.hooks.oracle.OracleHook","filename":"sql.py","lineno":861}
{"timestamp":"2026-07-08T15:25:38.514077Z","level":"info","event":"Rows affected: 0","logger":"airflow.task.hooks.airflow.providers.oracle.hooks.oracle.OracleHook","filename":"sql.py","lineno":879}
{"timestamp":"2026-07-08T15:25:48.600398Z","level":"info","event":"Poking: SELECT COUNT(*) FROM demo_user.client_b_load_status\nWHERE status = 'COMPLETE' AND processed = 0 (with parameters None)","logger":"airflow.task.operators.airflow.providers.common.sql.sensors.sql.SqlSensor","filename":"sql.py","lineno":100}
{"timestamp":"2026-07-08T15:25:48.739247Z","level":"info","event":"Running statement: SELECT COUNT(*) FROM demo_user.client_b_load_status\nWHERE status = 'COMPLETE' AND processed = 0, parameters: None","logger":"airflow.task.hooks.airflow.providers.oracle.hooks.oracle.OracleHook","filename":"sql.py","lineno":861}
{"timestamp":"2026-07-08T15:25:48.743233Z","level":"info","event":"Rows affected: 0","logger":"airflow.task.hooks.airflow.providers.oracle.hooks.oracle.OracleHook","filename":"sql.py","lineno":879}
{"timestamp":"2026-07-08T15:25:58.793124Z","level":"info","event":"Poking: SELECT COUNT(*) FROM demo_user.client_b_load_status\nWHERE status = 'COMPLETE' AND processed = 0 (with parameters None)","logger":"airflow.task.operators.airflow.providers.common.sql.sensors.sql.SqlSensor","filename":"sql.py","lineno":100}
{"timestamp":"2026-07-08T15:25:58.873785Z","level":"info","event":"Running statement: SELECT COUNT(*) FROM demo_user.client_b_load_status\nWHERE status = 'COMPLETE' AND processed = 0, parameters: None","logger":"airflow.task.hooks.airflow.providers.oracle.hooks.oracle.OracleHook","filename":"sql.py","lineno":861}
{"timestamp":"2026-07-08T15:25:58.875580Z","level":"info","event":"Rows affected: 0","logger":"airflow.task.hooks.airflow.providers.oracle.hooks.oracle.OracleHook","filename":"sql.py","lineno":879}
{"timestamp":"2026-07-08T15:26:08.944896Z","level":"info","event":"Poking: SELECT COUNT(*) FROM demo_user.client_b_load_status\nWHERE status = 'COMPLETE' AND processed = 0 (with parameters None)","logger":"airflow.task.operators.airflow.providers.common.sql.sensors.sql.SqlSensor","filename":"sql.py","lineno":100}
{"timestamp":"2026-07-08T15:26:09.013499Z","level":"info","event":"Running statement: SELECT COUNT(*) FROM demo_user.client_b_load_status\nWHERE status = 'COMPLETE' AND processed = 0, parameters: None","logger":"airflow.task.hooks.airflow.providers.oracle.hooks.oracle.OracleHook","filename":"sql.py","lineno":861}
{"timestamp":"2026-07-08T15:26:09.014982Z","level":"info","event":"Rows affected: 0","logger":"airflow.task.hooks.airflow.providers.oracle.hooks.oracle.OracleHook","filename":"sql.py","lineno":879}
{"timestamp":"2026-07-08T15:26:19.059054Z","level":"info","event":"Poking: SELECT COUNT(*) FROM demo_user.client_b_load_status\nWHERE status = 'COMPLETE' AND processed = 0 (with parameters None)","logger":"airflow.task.operators.airflow.providers.common.sql.sensors.sql.SqlSensor","filename":"sql.py","lineno":100}
{"timestamp":"2026-07-08T15:26:19.120180Z","level":"info","event":"Running statement: SELECT COUNT(*) FROM demo_user.client_b_load_status\nWHERE status = 'COMPLETE' AND processed = 0, parameters: None","logger":"airflow.task.hooks.airflow.providers.oracle.hooks.oracle.OracleHook","filename":"sql.py","lineno":861}
{"timestamp":"2026-07-08T15:26:19.121270Z","level":"info","event":"Rows affected: 0","logger":"airflow.task.hooks.airflow.providers.oracle.hooks.oracle.OracleHook","filename":"sql.py","lineno":879}
{"timestamp":"2026-07-08T15:26:29.158586Z","level":"info","event":"Poking: SELECT COUNT(*) FROM demo_user.client_b_load_status\nWHERE status = 'COMPLETE' AND processed = 0 (with parameters None)","logger":"airflow.task.operators.airflow.providers.common.sql.sensors.sql.SqlSensor","filename":"sql.py","lineno":100}
{"timestamp":"2026-07-08T15:26:29.217063Z","level":"info","event":"Running statement: SELECT COUNT(*) FROM demo_user.client_b_load_status\nWHERE status = 'COMPLETE' AND processed = 0, parameters: None","logger":"airflow.task.hooks.airflow.providers.oracle.hooks.oracle.OracleHook","filename":"sql.py","lineno":861}
{"timestamp":"2026-07-08T15:26:29.217991Z","level":"info","event":"Rows affected: 0","logger":"airflow.task.hooks.airflow.providers.oracle.hooks.oracle.OracleHook","filename":"sql.py","lineno":879}
{"timestamp":"2026-07-08T15:26:39.258339Z","level":"info","event":"Poking: SELECT COUNT(*) FROM demo_user.client_b_load_status\nWHERE status = 'COMPLETE' AND processed = 0 (with parameters None)","logger":"airflow.task.operators.airflow.providers.common.sql.sensors.sql.SqlSensor","filename":"sql.py","lineno":100}
{"timestamp":"2026-07-08T15:26:39.312786Z","level":"info","event":"Running statement: SELECT COUNT(*) FROM demo_user.client_b_load_status\nWHERE status = 'COMPLETE' AND processed = 0, parameters: None","logger":"airflow.task.hooks.airflow.providers.oracle.hooks.oracle.OracleHook","filename":"sql.py","lineno":861}
{"timestamp":"2026-07-08T15:26:39.313801Z","level":"info","event":"Rows affected: 0","logger":"airflow.task.hooks.airflow.providers.oracle.hooks.oracle.OracleHook","filename":"sql.py","lineno":879}
{"timestamp":"2026-07-08T15:26:49.356628Z","level":"info","event":"Poking: SELECT COUNT(*) FROM demo_user.client_b_load_status\nWHERE status = 'COMPLETE' AND processed = 0 (with parameters None)","logger":"airflow.task.operators.airflow.providers.common.sql.sensors.sql.SqlSensor","filename":"sql.py","lineno":100}
{"timestamp":"2026-07-08T15:26:49.412636Z","level":"info","event":"Running statement: SELECT COUNT(*) FROM demo_user.client_b_load_status\nWHERE status = 'COMPLETE' AND processed = 0, parameters: None","logger":"airflow.task.hooks.airflow.providers.oracle.hooks.oracle.OracleHook","filename":"sql.py","lineno":861}
{"timestamp":"2026-07-08T15:26:49.413679Z","level":"info","event":"Rows affected: 0","logger":"airflow.task.hooks.airflow.providers.oracle.hooks.oracle.OracleHook","filename":"sql.py","lineno":879}
{"timestamp":"2026-07-08T15:26:59.444202Z","level":"info","event":"Poking: SELECT COUNT(*) FROM demo_user.client_b_load_status\nWHERE status = 'COMPLETE' AND processed = 0 (with parameters None)","logger":"airflow.task.operators.airflow.providers.common.sql.sensors.sql.SqlSensor","filename":"sql.py","lineno":100}
{"timestamp":"2026-07-08T15:26:59.501977Z","level":"info","event":"Running statement: SELECT COUNT(*) FROM demo_user.client_b_load_status\nWHERE status = 'COMPLETE' AND processed = 0, parameters: None","logger":"airflow.task.hooks.airflow.providers.oracle.hooks.oracle.OracleHook","filename":"sql.py","lineno":861}
{"timestamp":"2026-07-08T15:26:59.503148Z","level":"info","event":"Rows affected: 0","logger":"airflow.task.hooks.airflow.providers.oracle.hooks.oracle.OracleHook","filename":"sql.py","lineno":879}
{"timestamp":"2026-07-08T15:27:09.543665Z","level":"info","event":"Poking: SELECT COUNT(*) FROM demo_user.client_b_load_status\nWHERE status = 'COMPLETE' AND processed = 0 (with parameters None)","logger":"airflow.task.operators.airflow.providers.common.sql.sensors.sql.SqlSensor","filename":"sql.py","lineno":100}
{"timestamp":"2026-07-08T15:27:09.606602Z","level":"info","event":"Running statement: SELECT COUNT(*) FROM demo_user.client_b_load_status\nWHERE status = 'COMPLETE' AND processed = 0, parameters: None","logger":"airflow.task.hooks.airflow.providers.oracle.hooks.oracle.OracleHook","filename":"sql.py","lineno":861}
{"timestamp":"2026-07-08T15:27:09.607684Z","level":"info","event":"Rows affected: 0","logger":"airflow.task.hooks.airflow.providers.oracle.hooks.oracle.OracleHook","filename":"sql.py","lineno":879}
{"timestamp":"2026-07-08T15:27:19.643405Z","level":"info","event":"Poking: SELECT COUNT(*) FROM demo_user.client_b_load_status\nWHERE status = 'COMPLETE' AND processed = 0 (with parameters None)","logger":"airflow.task.operators.airflow.providers.common.sql.sensors.sql.SqlSensor","filename":"sql.py","lineno":100}
{"timestamp":"2026-07-08T15:27:19.695215Z","level":"info","event":"Running statement: SELECT COUNT(*) FROM demo_user.client_b_load_status\nWHERE status = 'COMPLETE' AND processed = 0, parameters: None","logger":"airflow.task.hooks.airflow.providers.oracle.hooks.oracle.OracleHook","filename":"sql.py","lineno":861}
{"timestamp":"2026-07-08T15:27:19.696105Z","level":"info","event":"Rows affected: 0","logger":"airflow.task.hooks.airflow.providers.oracle.hooks.oracle.OracleHook","filename":"sql.py","lineno":879}
{"timestamp":"2026-07-08T15:27:29.731489Z","level":"info","event":"Poking: SELECT COUNT(*) FROM demo_user.client_b_load_status\nWHERE status = 'COMPLETE' AND processed = 0 (with parameters None)","logger":"airflow.task.operators.airflow.providers.common.sql.sensors.sql.SqlSensor","filename":"sql.py","lineno":100}
{"timestamp":"2026-07-08T15:27:29.786037Z","level":"info","event":"Running statement: SELECT COUNT(*) FROM demo_user.client_b_load_status\nWHERE status = 'COMPLETE' AND processed = 0, parameters: None","logger":"airflow.task.hooks.airflow.providers.oracle.hooks.oracle.OracleHook","filename":"sql.py","lineno":861}
{"timestamp":"2026-07-08T15:27:29.787002Z","level":"info","event":"Rows affected: 0","logger":"airflow.task.hooks.airflow.providers.oracle.hooks.oracle.OracleHook","filename":"sql.py","lineno":879}
{"timestamp":"2026-07-08T15:27:39.818571Z","level":"info","event":"Poking: SELECT COUNT(*) FROM demo_user.client_b_load_status\nWHERE status = 'COMPLETE' AND processed = 0 (with parameters None)","logger":"airflow.task.operators.airflow.providers.common.sql.sensors.sql.SqlSensor","filename":"sql.py","lineno":100}
{"timestamp":"2026-07-08T15:27:39.869731Z","level":"info","event":"Running statement: SELECT COUNT(*) FROM demo_user.client_b_load_status\nWHERE status = 'COMPLETE' AND processed = 0, parameters: None","logger":"airflow.task.hooks.airflow.providers.oracle.hooks.oracle.OracleHook","filename":"sql.py","lineno":861}
{"timestamp":"2026-07-08T15:27:39.870706Z","level":"info","event":"Rows affected: 0","logger":"airflow.task.hooks.airflow.providers.oracle.hooks.oracle.OracleHook","filename":"sql.py","lineno":879}
{"timestamp":"2026-07-08T15:27:49.929321Z","level":"info","event":"Poking: SELECT COUNT(*) FROM demo_user.client_b_load_status\nWHERE status = 'COMPLETE' AND processed = 0 (with parameters None)","logger":"airflow.task.operators.airflow.providers.common.sql.sensors.sql.SqlSensor","filename":"sql.py","lineno":100}
{"timestamp":"2026-07-08T15:27:49.988337Z","level":"info","event":"Running statement: SELECT COUNT(*) FROM demo_user.client_b_load_status\nWHERE status = 'COMPLETE' AND processed = 0, parameters: None","logger":"airflow.task.hooks.airflow.providers.oracle.hooks.oracle.OracleHook","filename":"sql.py","lineno":861}
{"timestamp":"2026-07-08T15:27:49.989524Z","level":"info","event":"Rows affected: 0","logger":"airflow.task.hooks.airflow.providers.oracle.hooks.oracle.OracleHook","filename":"sql.py","lineno":879}
{"timestamp":"2026-07-08T15:28:00.029857Z","level":"info","event":"Poking: SELECT COUNT(*) FROM demo_user.client_b_load_status\nWHERE status = 'COMPLETE' AND processed = 0 (with parameters None)","logger":"airflow.task.operators.airflow.providers.common.sql.sensors.sql.SqlSensor","filename":"sql.py","lineno":100}
{"timestamp":"2026-07-08T15:28:00.117010Z","level":"info","event":"Running statement: SELECT COUNT(*) FROM demo_user.client_b_load_status\nWHERE status = 'COMPLETE' AND processed = 0, parameters: None","logger":"airflow.task.hooks.airflow.providers.oracle.hooks.oracle.OracleHook","filename":"sql.py","lineno":861}
{"timestamp":"2026-07-08T15:28:00.118690Z","level":"info","event":"Rows affected: 0","logger":"airflow.task.hooks.airflow.providers.oracle.hooks.oracle.OracleHook","filename":"sql.py","lineno":879}
{"timestamp":"2026-07-08T15:28:10.161197Z","level":"info","event":"Poking: SELECT COUNT(*) FROM demo_user.client_b_load_status\nWHERE status = 'COMPLETE' AND processed = 0 (with parameters None)","logger":"airflow.task.operators.airflow.providers.common.sql.sensors.sql.SqlSensor","filename":"sql.py","lineno":100}
{"timestamp":"2026-07-08T15:28:10.228426Z","level":"info","event":"Running statement: SELECT COUNT(*) FROM demo_user.client_b_load_status\nWHERE status = 'COMPLETE' AND processed = 0, parameters: None","logger":"airflow.task.hooks.airflow.providers.oracle.hooks.oracle.OracleHook","filename":"sql.py","lineno":861}
{"timestamp":"2026-07-08T15:28:10.229973Z","level":"info","event":"Rows affected: 0","logger":"airflow.task.hooks.airflow.providers.oracle.hooks.oracle.OracleHook","filename":"sql.py","lineno":879}
{"timestamp":"2026-07-08T15:28:20.308203Z","level":"info","event":"Poking: SELECT COUNT(*) FROM demo_user.client_b_load_status\nWHERE status = 'COMPLETE' AND processed = 0 (with parameters None)","logger":"airflow.task.operators.airflow.providers.common.sql.sensors.sql.SqlSensor","filename":"sql.py","lineno":100}
{"timestamp":"2026-07-08T15:28:20.367177Z","level":"info","event":"Running statement: SELECT COUNT(*) FROM demo_user.client_b_load_status\nWHERE status = 'COMPLETE' AND processed = 0, parameters: None","logger":"airflow.task.hooks.airflow.providers.oracle.hooks.oracle.OracleHook","filename":"sql.py","lineno":861}
{"timestamp":"2026-07-08T15:28:20.368290Z","level":"info","event":"Rows affected: 0","logger":"airflow.task.hooks.airflow.providers.oracle.hooks.oracle.OracleHook","filename":"sql.py","lineno":879}
{"timestamp":"2026-07-08T15:28:30.397909Z","level":"info","event":"Poking: SELECT COUNT(*) FROM demo_user.client_b_load_status\nWHERE status = 'COMPLETE' AND processed = 0 (with parameters None)","logger":"airflow.task.operators.airflow.providers.common.sql.sensors.sql.SqlSensor","filename":"sql.py","lineno":100}
{"timestamp":"2026-07-08T15:28:30.450078Z","level":"info","event":"Running statement: SELECT COUNT(*) FROM demo_user.client_b_load_status\nWHERE status = 'COMPLETE' AND processed = 0, parameters: None","logger":"airflow.task.hooks.airflow.providers.oracle.hooks.oracle.OracleHook","filename":"sql.py","lineno":861}
{"timestamp":"2026-07-08T15:28:30.451118Z","level":"info","event":"Rows affected: 0","logger":"airflow.task.hooks.airflow.providers.oracle.hooks.oracle.OracleHook","filename":"sql.py","lineno":879}
{"timestamp":"2026-07-08T15:28:40.476703Z","level":"info","event":"Poking: SELECT COUNT(*) FROM demo_user.client_b_load_status\nWHERE status = 'COMPLETE' AND processed = 0 (with parameters None)","logger":"airflow.task.operators.airflow.providers.common.sql.sensors.sql.SqlSensor","filename":"sql.py","lineno":100}
{"timestamp":"2026-07-08T15:28:40.520964Z","level":"info","event":"Running statement: SELECT COUNT(*) FROM demo_user.client_b_load_status\nWHERE status = 'COMPLETE' AND processed = 0, parameters: None","logger":"airflow.task.hooks.airflow.providers.oracle.hooks.oracle.OracleHook","filename":"sql.py","lineno":861}
{"timestamp":"2026-07-08T15:28:40.521858Z","level":"info","event":"Rows affected: 0","logger":"airflow.task.hooks.airflow.providers.oracle.hooks.oracle.OracleHook","filename":"sql.py","lineno":879}
{"timestamp":"2026-07-08T15:28:50.556746Z","level":"info","event":"Poking: SELECT COUNT(*) FROM demo_user.client_b_load_status\nWHERE status = 'COMPLETE' AND processed = 0 (with parameters None)","logger":"airflow.task.operators.airflow.providers.common.sql.sensors.sql.SqlSensor","filename":"sql.py","lineno":100}
{"timestamp":"2026-07-08T15:28:50.608248Z","level":"info","event":"Running statement: SELECT COUNT(*) FROM demo_user.client_b_load_status\nWHERE status = 'COMPLETE' AND processed = 0, parameters: None","logger":"airflow.task.hooks.airflow.providers.oracle.hooks.oracle.OracleHook","filename":"sql.py","lineno":861}
{"timestamp":"2026-07-08T15:28:50.609205Z","level":"info","event":"Rows affected: 0","logger":"airflow.task.hooks.airflow.providers.oracle.hooks.oracle.OracleHook","filename":"sql.py","lineno":879}
{"timestamp":"2026-07-08T15:29:00.648410Z","level":"info","event":"Poking: SELECT COUNT(*) FROM demo_user.client_b_load_status\nWHERE status = 'COMPLETE' AND processed = 0 (with parameters None)","logger":"airflow.task.operators.airflow.providers.common.sql.sensors.sql.SqlSensor","filename":"sql.py","lineno":100}
{"timestamp":"2026-07-08T15:29:00.721021Z","level":"info","event":"Running statement: SELECT COUNT(*) FROM demo_user.client_b_load_status\nWHERE status = 'COMPLETE' AND processed = 0, parameters: None","logger":"airflow.task.hooks.airflow.providers.oracle.hooks.oracle.OracleHook","filename":"sql.py","lineno":861}
{"timestamp":"2026-07-08T15:29:00.722581Z","level":"info","event":"Rows affected: 0","logger":"airflow.task.hooks.airflow.providers.oracle.hooks.oracle.OracleHook","filename":"sql.py","lineno":879}
{"timestamp":"2026-07-08T15:29:10.766434Z","level":"info","event":"Poking: SELECT COUNT(*) FROM demo_user.client_b_load_status\nWHERE status = 'COMPLETE' AND processed = 0 (with parameters None)","logger":"airflow.task.operators.airflow.providers.common.sql.sensors.sql.SqlSensor","filename":"sql.py","lineno":100}
{"timestamp":"2026-07-08T15:29:10.852028Z","level":"info","event":"Running statement: SELECT COUNT(*) FROM demo_user.client_b_load_status\nWHERE status = 'COMPLETE' AND processed = 0, parameters: None","logger":"airflow.task.hooks.airflow.providers.oracle.hooks.oracle.OracleHook","filename":"sql.py","lineno":861}
{"timestamp":"2026-07-08T15:29:10.853961Z","level":"info","event":"Rows affected: 0","logger":"airflow.task.hooks.airflow.providers.oracle.hooks.oracle.OracleHook","filename":"sql.py","lineno":879}
{"timestamp":"2026-07-08T15:29:20.895932Z","level":"info","event":"Poking: SELECT COUNT(*) FROM demo_user.client_b_load_status\nWHERE status = 'COMPLETE' AND processed = 0 (with parameters None)","logger":"airflow.task.operators.airflow.providers.common.sql.sensors.sql.SqlSensor","filename":"sql.py","lineno":100}
{"timestamp":"2026-07-08T15:29:20.963227Z","level":"info","event":"Running statement: SELECT COUNT(*) FROM demo_user.client_b_load_status\nWHERE status = 'COMPLETE' AND processed = 0, parameters: None","logger":"airflow.task.hooks.airflow.providers.oracle.hooks.oracle.OracleHook","filename":"sql.py","lineno":861}
{"timestamp":"2026-07-08T15:29:20.964199Z","level":"info","event":"Rows affected: 0","logger":"airflow.task.hooks.airflow.providers.oracle.hooks.oracle.OracleHook","filename":"sql.py","lineno":879}
{"timestamp":"2026-07-08T15:29:30.999435Z","level":"info","event":"Poking: SELECT COUNT(*) FROM demo_user.client_b_load_status\nWHERE status = 'COMPLETE' AND processed = 0 (with parameters None)","logger":"airflow.task.operators.airflow.providers.common.sql.sensors.sql.SqlSensor","filename":"sql.py","lineno":100}
{"timestamp":"2026-07-08T15:29:31.067180Z","level":"info","event":"Running statement: SELECT COUNT(*) FROM demo_user.client_b_load_status\nWHERE status = 'COMPLETE' AND processed = 0, parameters: None","logger":"airflow.task.hooks.airflow.providers.oracle.hooks.oracle.OracleHook","filename":"sql.py","lineno":861}
{"timestamp":"2026-07-08T15:29:31.068246Z","level":"info","event":"Rows affected: 0","logger":"airflow.task.hooks.airflow.providers.oracle.hooks.oracle.OracleHook","filename":"sql.py","lineno":879}
{"timestamp":"2026-07-08T15:29:41.108074Z","level":"info","event":"Poking: SELECT COUNT(*) FROM demo_user.client_b_load_status\nWHERE status = 'COMPLETE' AND processed = 0 (with parameters None)","logger":"airflow.task.operators.airflow.providers.common.sql.sensors.sql.SqlSensor","filename":"sql.py","lineno":100}
{"timestamp":"2026-07-08T15:29:41.168978Z","level":"info","event":"Running statement: SELECT COUNT(*) FROM demo_user.client_b_load_status\nWHERE status = 'COMPLETE' AND processed = 0, parameters: None","logger":"airflow.task.hooks.airflow.providers.oracle.hooks.oracle.OracleHook","filename":"sql.py","lineno":861}
{"timestamp":"2026-07-08T15:29:41.170209Z","level":"info","event":"Rows affected: 0","logger":"airflow.task.hooks.airflow.providers.oracle.hooks.oracle.OracleHook","filename":"sql.py","lineno":879}
{"timestamp":"2026-07-08T15:29:51.213038Z","level":"info","event":"Poking: SELECT COUNT(*) FROM demo_user.client_b_load_status\nWHERE status = 'COMPLETE' AND processed = 0 (with parameters None)","logger":"airflow.task.operators.airflow.providers.common.sql.sensors.sql.SqlSensor","filename":"sql.py","lineno":100}
{"timestamp":"2026-07-08T15:29:51.275290Z","level":"info","event":"Running statement: SELECT COUNT(*) FROM demo_user.client_b_load_status\nWHERE status = 'COMPLETE' AND processed = 0, parameters: None","logger":"airflow.task.hooks.airflow.providers.oracle.hooks.oracle.OracleHook","filename":"sql.py","lineno":861}
{"timestamp":"2026-07-08T15:29:51.276207Z","level":"info","event":"Rows affected: 0","logger":"airflow.task.hooks.airflow.providers.oracle.hooks.oracle.OracleHook","filename":"sql.py","lineno":879}
{"timestamp":"2026-07-08T15:30:01.339681Z","level":"info","event":"Poking: SELECT COUNT(*) FROM demo_user.client_b_load_status\nWHERE status = 'COMPLETE' AND processed = 0 (with parameters None)","logger":"airflow.task.operators.airflow.providers.common.sql.sensors.sql.SqlSensor","filename":"sql.py","lineno":100}
{"timestamp":"2026-07-08T15:30:01.463663Z","level":"info","event":"Running statement: SELECT COUNT(*) FROM demo_user.client_b_load_status\nWHERE status = 'COMPLETE' AND processed = 0, parameters: None","logger":"airflow.task.hooks.airflow.providers.oracle.hooks.oracle.OracleHook","filename":"sql.py","lineno":861}
{"timestamp":"2026-07-08T15:30:01.467061Z","level":"info","event":"Rows affected: 0","logger":"airflow.task.hooks.airflow.providers.oracle.hooks.oracle.OracleHook","filename":"sql.py","lineno":879}
{"timestamp":"2026-07-08T15:30:11.508945Z","level":"info","event":"Poking: SELECT COUNT(*) FROM demo_user.client_b_load_status\nWHERE status = 'COMPLETE' AND processed = 0 (with parameters None)","logger":"airflow.task.operators.airflow.providers.common.sql.sensors.sql.SqlSensor","filename":"sql.py","lineno":100}
{"timestamp":"2026-07-08T15:30:11.565706Z","level":"info","event":"Running statement: SELECT COUNT(*) FROM demo_user.client_b_load_status\nWHERE status = 'COMPLETE' AND processed = 0, parameters: None","logger":"airflow.task.hooks.airflow.providers.oracle.hooks.oracle.OracleHook","filename":"sql.py","lineno":861}
{"timestamp":"2026-07-08T15:30:11.566858Z","level":"info","event":"Rows affected: 0","logger":"airflow.task.hooks.airflow.providers.oracle.hooks.oracle.OracleHook","filename":"sql.py","lineno":879}
{"timestamp":"2026-07-08T15:30:21.617701Z","level":"info","event":"Poking: SELECT COUNT(*) FROM demo_user.client_b_load_status\nWHERE status = 'COMPLETE' AND processed = 0 (with parameters None)","logger":"airflow.task.operators.airflow.providers.common.sql.sensors.sql.SqlSensor","filename":"sql.py","lineno":100}
{"timestamp":"2026-07-08T15:30:21.689426Z","level":"info","event":"Running statement: SELECT COUNT(*) FROM demo_user.client_b_load_status\nWHERE status = 'COMPLETE' AND processed = 0, parameters: None","logger":"airflow.task.hooks.airflow.providers.oracle.hooks.oracle.OracleHook","filename":"sql.py","lineno":861}
{"timestamp":"2026-07-08T15:30:21.690887Z","level":"info","event":"Rows affected: 0","logger":"airflow.task.hooks.airflow.providers.oracle.hooks.oracle.OracleHook","filename":"sql.py","lineno":879}
{"timestamp":"2026-07-08T15:30:31.733712Z","level":"info","event":"Poking: SELECT COUNT(*) FROM demo_user.client_b_load_status\nWHERE status = 'COMPLETE' AND processed = 0 (with parameters None)","logger":"airflow.task.operators.airflow.providers.common.sql.sensors.sql.SqlSensor","filename":"sql.py","lineno":100}
{"timestamp":"2026-07-08T15:30:31.808018Z","level":"info","event":"Running statement: SELECT COUNT(*) FROM demo_user.client_b_load_status\nWHERE status = 'COMPLETE' AND processed = 0, parameters: None","logger":"airflow.task.hooks.airflow.providers.oracle.hooks.oracle.OracleHook","filename":"sql.py","lineno":861}
{"timestamp":"2026-07-08T15:30:31.809023Z","level":"info","event":"Rows affected: 0","logger":"airflow.task.hooks.airflow.providers.oracle.hooks.oracle.OracleHook","filename":"sql.py","lineno":879}
{"timestamp":"2026-07-08T15:30:41.845148Z","level":"info","event":"Poking: SELECT COUNT(*) FROM demo_user.client_b_load_status\nWHERE status = 'COMPLETE' AND processed = 0 (with parameters None)","logger":"airflow.task.operators.airflow.providers.common.sql.sensors.sql.SqlSensor","filename":"sql.py","lineno":100}
{"timestamp":"2026-07-08T15:30:41.896862Z","level":"info","event":"Running statement: SELECT COUNT(*) FROM demo_user.client_b_load_status\nWHERE status = 'COMPLETE' AND processed = 0, parameters: None","logger":"airflow.task.hooks.airflow.providers.oracle.hooks.oracle.OracleHook","filename":"sql.py","lineno":861}
{"timestamp":"2026-07-08T15:30:41.898010Z","level":"info","event":"Rows affected: 0","logger":"airflow.task.hooks.airflow.providers.oracle.hooks.oracle.OracleHook","filename":"sql.py","lineno":879}
{"timestamp":"2026-07-08T15:30:51.924409Z","level":"info","event":"Poking: SELECT COUNT(*) FROM demo_user.client_b_load_status\nWHERE status = 'COMPLETE' AND processed = 0 (with parameters None)","logger":"airflow.task.operators.airflow.providers.common.sql.sensors.sql.SqlSensor","filename":"sql.py","lineno":100}
{"timestamp":"2026-07-08T15:30:51.973667Z","level":"info","event":"Running statement: SELECT COUNT(*) FROM demo_user.client_b_load_status\nWHERE status = 'COMPLETE' AND processed = 0, parameters: None","logger":"airflow.task.hooks.airflow.providers.oracle.hooks.oracle.OracleHook","filename":"sql.py","lineno":861}
{"timestamp":"2026-07-08T15:30:51.974725Z","level":"info","event":"Rows affected: 0","logger":"airflow.task.hooks.airflow.providers.oracle.hooks.oracle.OracleHook","filename":"sql.py","lineno":879}
{"timestamp":"2026-07-08T15:31:02.009048Z","level":"info","event":"Poking: SELECT COUNT(*) FROM demo_user.client_b_load_status\nWHERE status = 'COMPLETE' AND processed = 0 (with parameters None)","logger":"airflow.task.operators.airflow.providers.common.sql.sensors.sql.SqlSensor","filename":"sql.py","lineno":100}
{"timestamp":"2026-07-08T15:31:02.084778Z","level":"info","event":"Running statement: SELECT COUNT(*) FROM demo_user.client_b_load_status\nWHERE status = 'COMPLETE' AND processed = 0, parameters: None","logger":"airflow.task.hooks.airflow.providers.oracle.hooks.oracle.OracleHook","filename":"sql.py","lineno":861}
{"timestamp":"2026-07-08T15:31:02.086139Z","level":"info","event":"Rows affected: 0","logger":"airflow.task.hooks.airflow.providers.oracle.hooks.oracle.OracleHook","filename":"sql.py","lineno":879}
{"timestamp":"2026-07-08T15:31:12.128973Z","level":"info","event":"Poking: SELECT COUNT(*) FROM demo_user.client_b_load_status\nWHERE status = 'COMPLETE' AND processed = 0 (with parameters None)","logger":"airflow.task.operators.airflow.providers.common.sql.sensors.sql.SqlSensor","filename":"sql.py","lineno":100}
{"timestamp":"2026-07-08T15:31:12.197280Z","level":"info","event":"Running statement: SELECT COUNT(*) FROM demo_user.client_b_load_status\nWHERE status = 'COMPLETE' AND processed = 0, parameters: None","logger":"airflow.task.hooks.airflow.providers.oracle.hooks.oracle.OracleHook","filename":"sql.py","lineno":861}
{"timestamp":"2026-07-08T15:31:12.198529Z","level":"info","event":"Rows affected: 0","logger":"airflow.task.hooks.airflow.providers.oracle.hooks.oracle.OracleHook","filename":"sql.py","lineno":879}
{"timestamp":"2026-07-08T15:31:22.324994Z","level":"info","event":"Poking: SELECT COUNT(*) FROM demo_user.client_b_load_status\nWHERE status = 'COMPLETE' AND processed = 0 (with parameters None)","logger":"airflow.task.operators.airflow.providers.common.sql.sensors.sql.SqlSensor","filename":"sql.py","lineno":100}
{"timestamp":"2026-07-08T15:31:22.434125Z","level":"info","event":"Running statement: SELECT COUNT(*) FROM demo_user.client_b_load_status\nWHERE status = 'COMPLETE' AND processed = 0, parameters: None","logger":"airflow.task.hooks.airflow.providers.oracle.hooks.oracle.OracleHook","filename":"sql.py","lineno":861}
{"timestamp":"2026-07-08T15:31:22.435517Z","level":"info","event":"Rows affected: 0","logger":"airflow.task.hooks.airflow.providers.oracle.hooks.oracle.OracleHook","filename":"sql.py","lineno":879}
{"timestamp":"2026-07-08T15:31:32.477382Z","level":"info","event":"Poking: SELECT COUNT(*) FROM demo_user.client_b_load_status\nWHERE status = 'COMPLETE' AND processed = 0 (with parameters None)","logger":"airflow.task.operators.airflow.providers.common.sql.sensors.sql.SqlSensor","filename":"sql.py","lineno":100}
{"timestamp":"2026-07-08T15:31:32.546024Z","level":"info","event":"Running statement: SELECT COUNT(*) FROM demo_user.client_b_load_status\nWHERE status = 'COMPLETE' AND processed = 0, parameters: None","logger":"airflow.task.hooks.airflow.providers.oracle.hooks.oracle.OracleHook","filename":"sql.py","lineno":861}
{"timestamp":"2026-07-08T15:31:32.547450Z","level":"info","event":"Rows affected: 0","logger":"airflow.task.hooks.airflow.providers.oracle.hooks.oracle.OracleHook","filename":"sql.py","lineno":879}
{"timestamp":"2026-07-08T15:31:42.592272Z","level":"info","event":"Poking: SELECT COUNT(*) FROM demo_user.client_b_load_status\nWHERE status = 'COMPLETE' AND processed = 0 (with parameters None)","logger":"airflow.task.operators.airflow.providers.common.sql.sensors.sql.SqlSensor","filename":"sql.py","lineno":100}
{"timestamp":"2026-07-08T15:31:42.655980Z","level":"info","event":"Running statement: SELECT COUNT(*) FROM demo_user.client_b_load_status\nWHERE status = 'COMPLETE' AND processed = 0, parameters: None","logger":"airflow.task.hooks.airflow.providers.oracle.hooks.oracle.OracleHook","filename":"sql.py","lineno":861}
{"timestamp":"2026-07-08T15:31:42.657263Z","level":"info","event":"Rows affected: 0","logger":"airflow.task.hooks.airflow.providers.oracle.hooks.oracle.OracleHook","filename":"sql.py","lineno":879}
{"timestamp":"2026-07-08T15:31:52.699729Z","level":"info","event":"Poking: SELECT COUNT(*) FROM demo_user.client_b_load_status\nWHERE status = 'COMPLETE' AND processed = 0 (with parameters None)","logger":"airflow.task.operators.airflow.providers.common.sql.sensors.sql.SqlSensor","filename":"sql.py","lineno":100}
{"timestamp":"2026-07-08T15:31:52.755466Z","level":"info","event":"Running statement: SELECT COUNT(*) FROM demo_user.client_b_load_status\nWHERE status = 'COMPLETE' AND processed = 0, parameters: None","logger":"airflow.task.hooks.airflow.providers.oracle.hooks.oracle.OracleHook","filename":"sql.py","lineno":861}
{"timestamp":"2026-07-08T15:31:52.756299Z","level":"info","event":"Rows affected: 0","logger":"airflow.task.hooks.airflow.providers.oracle.hooks.oracle.OracleHook","filename":"sql.py","lineno":879}
{"timestamp":"2026-07-08T15:32:02.781051Z","level":"info","event":"Poking: SELECT COUNT(*) FROM demo_user.client_b_load_status\nWHERE status = 'COMPLETE' AND processed = 0 (with parameters None)","logger":"airflow.task.operators.airflow.providers.common.sql.sensors.sql.SqlSensor","filename":"sql.py","lineno":100}
{"timestamp":"2026-07-08T15:32:02.836979Z","level":"info","event":"Running statement: SELECT COUNT(*) FROM demo_user.client_b_load_status\nWHERE status = 'COMPLETE' AND processed = 0, parameters: None","logger":"airflow.task.hooks.airflow.providers.oracle.hooks.oracle.OracleHook","filename":"sql.py","lineno":861}
{"timestamp":"2026-07-08T15:32:02.838099Z","level":"info","event":"Rows affected: 0","logger":"airflow.task.hooks.airflow.providers.oracle.hooks.oracle.OracleHook","filename":"sql.py","lineno":879}
{"timestamp":"2026-07-08T15:32:12.878223Z","level":"info","event":"Poking: SELECT COUNT(*) FROM demo_user.client_b_load_status\nWHERE status = 'COMPLETE' AND processed = 0 (with parameters None)","logger":"airflow.task.operators.airflow.providers.common.sql.sensors.sql.SqlSensor","filename":"sql.py","lineno":100}
{"timestamp":"2026-07-08T15:32:12.928596Z","level":"info","event":"Running statement: SELECT COUNT(*) FROM demo_user.client_b_load_status\nWHERE status = 'COMPLETE' AND processed = 0, parameters: None","logger":"airflow.task.hooks.airflow.providers.oracle.hooks.oracle.OracleHook","filename":"sql.py","lineno":861}
{"timestamp":"2026-07-08T15:32:12.929499Z","level":"info","event":"Rows affected: 0","logger":"airflow.task.hooks.airflow.providers.oracle.hooks.oracle.OracleHook","filename":"sql.py","lineno":879}
{"timestamp":"2026-07-08T15:32:22.960865Z","level":"info","event":"Poking: SELECT COUNT(*) FROM demo_user.client_b_load_status\nWHERE status = 'COMPLETE' AND processed = 0 (with parameters None)","logger":"airflow.task.operators.airflow.providers.common.sql.sensors.sql.SqlSensor","filename":"sql.py","lineno":100}
{"timestamp":"2026-07-08T15:32:23.013550Z","level":"info","event":"Running statement: SELECT COUNT(*) FROM demo_user.client_b_load_status\nWHERE status = 'COMPLETE' AND processed = 0, parameters: None","logger":"airflow.task.hooks.airflow.providers.oracle.hooks.oracle.OracleHook","filename":"sql.py","lineno":861}
{"timestamp":"2026-07-08T15:32:23.014630Z","level":"info","event":"Rows affected: 0","logger":"airflow.task.hooks.airflow.providers.oracle.hooks.oracle.OracleHook","filename":"sql.py","lineno":879}
{"timestamp":"2026-07-08T15:32:33.049187Z","level":"info","event":"Poking: SELECT COUNT(*) FROM demo_user.client_b_load_status\nWHERE status = 'COMPLETE' AND processed = 0 (with parameters None)","logger":"airflow.task.operators.airflow.providers.common.sql.sensors.sql.SqlSensor","filename":"sql.py","lineno":100}
{"timestamp":"2026-07-08T15:32:33.104994Z","level":"info","event":"Running statement: SELECT COUNT(*) FROM demo_user.client_b_load_status\nWHERE status = 'COMPLETE' AND processed = 0, parameters: None","logger":"airflow.task.hooks.airflow.providers.oracle.hooks.oracle.OracleHook","filename":"sql.py","lineno":861}
{"timestamp":"2026-07-08T15:32:33.106018Z","level":"info","event":"Rows affected: 0","logger":"airflow.task.hooks.airflow.providers.oracle.hooks.oracle.OracleHook","filename":"sql.py","lineno":879}
{"timestamp":"2026-07-08T15:32:43.146636Z","level":"info","event":"Poking: SELECT COUNT(*) FROM demo_user.client_b_load_status\nWHERE status = 'COMPLETE' AND processed = 0 (with parameters None)","logger":"airflow.task.operators.airflow.providers.common.sql.sensors.sql.SqlSensor","filename":"sql.py","lineno":100}
{"timestamp":"2026-07-08T15:32:43.206817Z","level":"info","event":"Running statement: SELECT COUNT(*) FROM demo_user.client_b_load_status\nWHERE status = 'COMPLETE' AND processed = 0, parameters: None","logger":"airflow.task.hooks.airflow.providers.oracle.hooks.oracle.OracleHook","filename":"sql.py","lineno":861}
{"timestamp":"2026-07-08T15:32:43.207951Z","level":"info","event":"Rows affected: 0","logger":"airflow.task.hooks.airflow.providers.oracle.hooks.oracle.OracleHook","filename":"sql.py","lineno":879}
{"timestamp":"2026-07-08T15:32:53.249957Z","level":"info","event":"Poking: SELECT COUNT(*) FROM demo_user.client_b_load_status\nWHERE status = 'COMPLETE' AND processed = 0 (with parameters None)","logger":"airflow.task.operators.airflow.providers.common.sql.sensors.sql.SqlSensor","filename":"sql.py","lineno":100}
{"timestamp":"2026-07-08T15:32:53.307688Z","level":"info","event":"Running statement: SELECT COUNT(*) FROM demo_user.client_b_load_status\nWHERE status = 'COMPLETE' AND processed = 0, parameters: None","logger":"airflow.task.hooks.airflow.providers.oracle.hooks.oracle.OracleHook","filename":"sql.py","lineno":861}
{"timestamp":"2026-07-08T15:32:53.308873Z","level":"info","event":"Rows affected: 0","logger":"airflow.task.hooks.airflow.providers.oracle.hooks.oracle.OracleHook","filename":"sql.py","lineno":879}
{"timestamp":"2026-07-08T15:33:03.342500Z","level":"info","event":"Poking: SELECT COUNT(*) FROM demo_user.client_b_load_status\nWHERE status = 'COMPLETE' AND processed = 0 (with parameters None)","logger":"airflow.task.operators.airflow.providers.common.sql.sensors.sql.SqlSensor","filename":"sql.py","lineno":100}
{"timestamp":"2026-07-08T15:33:03.394703Z","level":"info","event":"Running statement: SELECT COUNT(*) FROM demo_user.client_b_load_status\nWHERE status = 'COMPLETE' AND processed = 0, parameters: None","logger":"airflow.task.hooks.airflow.providers.oracle.hooks.oracle.OracleHook","filename":"sql.py","lineno":861}
{"timestamp":"2026-07-08T15:33:03.395984Z","level":"info","event":"Rows affected: 0","logger":"airflow.task.hooks.airflow.providers.oracle.hooks.oracle.OracleHook","filename":"sql.py","lineno":879}
{"timestamp":"2026-07-08T15:33:13.434029Z","level":"info","event":"Poking: SELECT COUNT(*) FROM demo_user.client_b_load_status\nWHERE status = 'COMPLETE' AND processed = 0 (with parameters None)","logger":"airflow.task.operators.airflow.providers.common.sql.sensors.sql.SqlSensor","filename":"sql.py","lineno":100}
{"timestamp":"2026-07-08T15:33:13.488211Z","level":"info","event":"Running statement: SELECT COUNT(*) FROM demo_user.client_b_load_status\nWHERE status = 'COMPLETE' AND processed = 0, parameters: None","logger":"airflow.task.hooks.airflow.providers.oracle.hooks.oracle.OracleHook","filename":"sql.py","lineno":861}
{"timestamp":"2026-07-08T15:33:13.489141Z","level":"info","event":"Rows affected: 0","logger":"airflow.task.hooks.airflow.providers.oracle.hooks.oracle.OracleHook","filename":"sql.py","lineno":879}
{"timestamp":"2026-07-08T15:33:23.518962Z","level":"info","event":"Poking: SELECT COUNT(*) FROM demo_user.client_b_load_status\nWHERE status = 'COMPLETE' AND processed = 0 (with parameters None)","logger":"airflow.task.operators.airflow.providers.common.sql.sensors.sql.SqlSensor","filename":"sql.py","lineno":100}
{"timestamp":"2026-07-08T15:33:23.569517Z","level":"info","event":"Running statement: SELECT COUNT(*) FROM demo_user.client_b_load_status\nWHERE status = 'COMPLETE' AND processed = 0, parameters: None","logger":"airflow.task.hooks.airflow.providers.oracle.hooks.oracle.OracleHook","filename":"sql.py","lineno":861}
{"timestamp":"2026-07-08T15:33:23.570671Z","level":"info","event":"Rows affected: 0","logger":"airflow.task.hooks.airflow.providers.oracle.hooks.oracle.OracleHook","filename":"sql.py","lineno":879}
{"timestamp":"2026-07-08T15:33:33.600956Z","level":"info","event":"Poking: SELECT COUNT(*) FROM demo_user.client_b_load_status\nWHERE status = 'COMPLETE' AND processed = 0 (with parameters None)","logger":"airflow.task.operators.airflow.providers.common.sql.sensors.sql.SqlSensor","filename":"sql.py","lineno":100}
{"timestamp":"2026-07-08T15:33:33.659917Z","level":"info","event":"Running statement: SELECT COUNT(*) FROM demo_user.client_b_load_status\nWHERE status = 'COMPLETE' AND processed = 0, parameters: None","logger":"airflow.task.hooks.airflow.providers.oracle.hooks.oracle.OracleHook","filename":"sql.py","lineno":861}
{"timestamp":"2026-07-08T15:33:33.661273Z","level":"info","event":"Rows affected: 0","logger":"airflow.task.hooks.airflow.providers.oracle.hooks.oracle.OracleHook","filename":"sql.py","lineno":879}
{"timestamp":"2026-07-08T15:33:43.696222Z","level":"info","event":"Poking: SELECT COUNT(*) FROM demo_user.client_b_load_status\nWHERE status = 'COMPLETE' AND processed = 0 (with parameters None)","logger":"airflow.task.operators.airflow.providers.common.sql.sensors.sql.SqlSensor","filename":"sql.py","lineno":100}
{"timestamp":"2026-07-08T15:33:43.750758Z","level":"info","event":"Running statement: SELECT COUNT(*) FROM demo_user.client_b_load_status\nWHERE status = 'COMPLETE' AND processed = 0, parameters: None","logger":"airflow.task.hooks.airflow.providers.oracle.hooks.oracle.OracleHook","filename":"sql.py","lineno":861}
{"timestamp":"2026-07-08T15:33:43.751691Z","level":"info","event":"Rows affected: 0","logger":"airflow.task.hooks.airflow.providers.oracle.hooks.oracle.OracleHook","filename":"sql.py","lineno":879}
{"timestamp":"2026-07-08T15:33:53.791043Z","level":"info","event":"Poking: SELECT COUNT(*) FROM demo_user.client_b_load_status\nWHERE status = 'COMPLETE' AND processed = 0 (with parameters None)","logger":"airflow.task.operators.airflow.providers.common.sql.sensors.sql.SqlSensor","filename":"sql.py","lineno":100}
{"timestamp":"2026-07-08T15:33:53.851474Z","level":"info","event":"Running statement: SELECT COUNT(*) FROM demo_user.client_b_load_status\nWHERE status = 'COMPLETE' AND processed = 0, parameters: None","logger":"airflow.task.hooks.airflow.providers.oracle.hooks.oracle.OracleHook","filename":"sql.py","lineno":861}
{"timestamp":"2026-07-08T15:33:53.852730Z","level":"info","event":"Rows affected: 0","logger":"airflow.task.hooks.airflow.providers.oracle.hooks.oracle.OracleHook","filename":"sql.py","lineno":879}
{"timestamp":"2026-07-08T15:34:03.882911Z","level":"info","event":"Poking: SELECT COUNT(*) FROM demo_user.client_b_load_status\nWHERE status = 'COMPLETE' AND processed = 0 (with parameters None)","logger":"airflow.task.operators.airflow.providers.common.sql.sensors.sql.SqlSensor","filename":"sql.py","lineno":100}
{"timestamp":"2026-07-08T15:34:03.937214Z","level":"info","event":"Running statement: SELECT COUNT(*) FROM demo_user.client_b_load_status\nWHERE status = 'COMPLETE' AND processed = 0, parameters: None","logger":"airflow.task.hooks.airflow.providers.oracle.hooks.oracle.OracleHook","filename":"sql.py","lineno":861}
{"timestamp":"2026-07-08T15:34:03.938694Z","level":"info","event":"Rows affected: 0","logger":"airflow.task.hooks.airflow.providers.oracle.hooks.oracle.OracleHook","filename":"sql.py","lineno":879}
{"timestamp":"2026-07-08T15:34:13.983358Z","level":"info","event":"Poking: SELECT COUNT(*) FROM demo_user.client_b_load_status\nWHERE status = 'COMPLETE' AND processed = 0 (with parameters None)","logger":"airflow.task.operators.airflow.providers.common.sql.sensors.sql.SqlSensor","filename":"sql.py","lineno":100}
{"timestamp":"2026-07-08T15:34:14.054564Z","level":"info","event":"Running statement: SELECT COUNT(*) FROM demo_user.client_b_load_status\nWHERE status = 'COMPLETE' AND processed = 0, parameters: None","logger":"airflow.task.hooks.airflow.providers.oracle.hooks.oracle.OracleHook","filename":"sql.py","lineno":861}
{"timestamp":"2026-07-08T15:34:14.055939Z","level":"info","event":"Rows affected: 0","logger":"airflow.task.hooks.airflow.providers.oracle.hooks.oracle.OracleHook","filename":"sql.py","lineno":879}
{"timestamp":"2026-07-08T15:34:24.097414Z","level":"info","event":"Poking: SELECT COUNT(*) FROM demo_user.client_b_load_status\nWHERE status = 'COMPLETE' AND processed = 0 (with parameters None)","logger":"airflow.task.operators.airflow.providers.common.sql.sensors.sql.SqlSensor","filename":"sql.py","lineno":100}
{"timestamp":"2026-07-08T15:34:24.154926Z","level":"info","event":"Running statement: SELECT COUNT(*) FROM demo_user.client_b_load_status\nWHERE status = 'COMPLETE' AND processed = 0, parameters: None","logger":"airflow.task.hooks.airflow.providers.oracle.hooks.oracle.OracleHook","filename":"sql.py","lineno":861}
{"timestamp":"2026-07-08T15:34:24.156451Z","level":"info","event":"Rows affected: 0","logger":"airflow.task.hooks.airflow.providers.oracle.hooks.oracle.OracleHook","filename":"sql.py","lineno":879}
{"timestamp":"2026-07-08T15:34:34.189455Z","level":"info","event":"Poking: SELECT COUNT(*) FROM demo_user.client_b_load_status\nWHERE status = 'COMPLETE' AND processed = 0 (with parameters None)","logger":"airflow.task.operators.airflow.providers.common.sql.sensors.sql.SqlSensor","filename":"sql.py","lineno":100}
{"timestamp":"2026-07-08T15:34:34.257863Z","level":"info","event":"Running statement: SELECT COUNT(*) FROM demo_user.client_b_load_status\nWHERE status = 'COMPLETE' AND processed = 0, parameters: None","logger":"airflow.task.hooks.airflow.providers.oracle.hooks.oracle.OracleHook","filename":"sql.py","lineno":861}
{"timestamp":"2026-07-08T15:34:34.259282Z","level":"info","event":"Rows affected: 0","logger":"airflow.task.hooks.airflow.providers.oracle.hooks.oracle.OracleHook","filename":"sql.py","lineno":879}
{"timestamp":"2026-07-08T15:34:44.300117Z","level":"info","event":"Poking: SELECT COUNT(*) FROM demo_user.client_b_load_status\nWHERE status = 'COMPLETE' AND processed = 0 (with parameters None)","logger":"airflow.task.operators.airflow.providers.common.sql.sensors.sql.SqlSensor","filename":"sql.py","lineno":100}
{"timestamp":"2026-07-08T15:34:44.356664Z","level":"info","event":"Running statement: SELECT COUNT(*) FROM demo_user.client_b_load_status\nWHERE status = 'COMPLETE' AND processed = 0, parameters: None","logger":"airflow.task.hooks.airflow.providers.oracle.hooks.oracle.OracleHook","filename":"sql.py","lineno":861}
{"timestamp":"2026-07-08T15:34:44.357807Z","level":"info","event":"Rows affected: 0","logger":"airflow.task.hooks.airflow.providers.oracle.hooks.oracle.OracleHook","filename":"sql.py","lineno":879}
{"timestamp":"2026-07-08T15:34:54.397196Z","level":"info","event":"Poking: SELECT COUNT(*) FROM demo_user.client_b_load_status\nWHERE status = 'COMPLETE' AND processed = 0 (with parameters None)","logger":"airflow.task.operators.airflow.providers.common.sql.sensors.sql.SqlSensor","filename":"sql.py","lineno":100}
{"timestamp":"2026-07-08T15:34:54.463164Z","level":"info","event":"Running statement: SELECT COUNT(*) FROM demo_user.client_b_load_status\nWHERE status = 'COMPLETE' AND processed = 0, parameters: None","logger":"airflow.task.hooks.airflow.providers.oracle.hooks.oracle.OracleHook","filename":"sql.py","lineno":861}
{"timestamp":"2026-07-08T15:34:54.464483Z","level":"info","event":"Rows affected: 0","logger":"airflow.task.hooks.airflow.providers.oracle.hooks.oracle.OracleHook","filename":"sql.py","lineno":879}
{"timestamp":"2026-07-08T15:35:04.505484Z","level":"info","event":"Poking: SELECT COUNT(*) FROM demo_user.client_b_load_status\nWHERE status = 'COMPLETE' AND processed = 0 (with parameters None)","logger":"airflow.task.operators.airflow.providers.common.sql.sensors.sql.SqlSensor","filename":"sql.py","lineno":100}
{"timestamp":"2026-07-08T15:35:04.562431Z","level":"info","event":"Running statement: SELECT COUNT(*) FROM demo_user.client_b_load_status\nWHERE status = 'COMPLETE' AND processed = 0, parameters: None","logger":"airflow.task.hooks.airflow.providers.oracle.hooks.oracle.OracleHook","filename":"sql.py","lineno":861}
{"timestamp":"2026-07-08T15:35:04.563345Z","level":"info","event":"Rows affected: 0","logger":"airflow.task.hooks.airflow.providers.oracle.hooks.oracle.OracleHook","filename":"sql.py","lineno":879}
{"timestamp":"2026-07-08T15:35:14.603963Z","level":"info","event":"Poking: SELECT COUNT(*) FROM demo_user.client_b_load_status\nWHERE status = 'COMPLETE' AND processed = 0 (with parameters None)","logger":"airflow.task.operators.airflow.providers.common.sql.sensors.sql.SqlSensor","filename":"sql.py","lineno":100}
{"timestamp":"2026-07-08T15:35:14.658433Z","level":"info","event":"Running statement: SELECT COUNT(*) FROM demo_user.client_b_load_status\nWHERE status = 'COMPLETE' AND processed = 0, parameters: None","logger":"airflow.task.hooks.airflow.providers.oracle.hooks.oracle.OracleHook","filename":"sql.py","lineno":861}
{"timestamp":"2026-07-08T15:35:14.659411Z","level":"info","event":"Rows affected: 0","logger":"airflow.task.hooks.airflow.providers.oracle.hooks.oracle.OracleHook","filename":"sql.py","lineno":879}
{"timestamp":"2026-07-08T15:35:24.693946Z","level":"info","event":"Poking: SELECT COUNT(*) FROM demo_user.client_b_load_status\nWHERE status = 'COMPLETE' AND processed = 0 (with parameters None)","logger":"airflow.task.operators.airflow.providers.common.sql.sensors.sql.SqlSensor","filename":"sql.py","lineno":100}
{"timestamp":"2026-07-08T15:35:24.797887Z","level":"info","event":"Running statement: SELECT COUNT(*) FROM demo_user.client_b_load_status\nWHERE status = 'COMPLETE' AND processed = 0, parameters: None","logger":"airflow.task.hooks.airflow.providers.oracle.hooks.oracle.OracleHook","filename":"sql.py","lineno":861}
{"timestamp":"2026-07-08T15:35:24.799103Z","level":"info","event":"Rows affected: 0","logger":"airflow.task.hooks.airflow.providers.oracle.hooks.oracle.OracleHook","filename":"sql.py","lineno":879}
{"timestamp":"2026-07-08T15:35:34.829195Z","level":"info","event":"Poking: SELECT COUNT(*) FROM demo_user.client_b_load_status\nWHERE status = 'COMPLETE' AND processed = 0 (with parameters None)","logger":"airflow.task.operators.airflow.providers.common.sql.sensors.sql.SqlSensor","filename":"sql.py","lineno":100}
{"timestamp":"2026-07-08T15:35:34.880260Z","level":"info","event":"Running statement: SELECT COUNT(*) FROM demo_user.client_b_load_status\nWHERE status = 'COMPLETE' AND processed = 0, parameters: None","logger":"airflow.task.hooks.airflow.providers.oracle.hooks.oracle.OracleHook","filename":"sql.py","lineno":861}
{"timestamp":"2026-07-08T15:35:34.881219Z","level":"info","event":"Rows affected: 0","logger":"airflow.task.hooks.airflow.providers.oracle.hooks.oracle.OracleHook","filename":"sql.py","lineno":879}
{"timestamp":"2026-07-08T15:35:44.924640Z","level":"info","event":"Poking: SELECT COUNT(*) FROM demo_user.client_b_load_status\nWHERE status = 'COMPLETE' AND processed = 0 (with parameters None)","logger":"airflow.task.operators.airflow.providers.common.sql.sensors.sql.SqlSensor","filename":"sql.py","lineno":100}
{"timestamp":"2026-07-08T15:35:44.984026Z","level":"info","event":"Running statement: SELECT COUNT(*) FROM demo_user.client_b_load_status\nWHERE status = 'COMPLETE' AND processed = 0, parameters: None","logger":"airflow.task.hooks.airflow.providers.oracle.hooks.oracle.OracleHook","filename":"sql.py","lineno":861}
{"timestamp":"2026-07-08T15:35:44.984939Z","level":"info","event":"Rows affected: 0","logger":"airflow.task.hooks.airflow.providers.oracle.hooks.oracle.OracleHook","filename":"sql.py","lineno":879}
{"timestamp":"2026-07-08T15:35:55.013401Z","level":"info","event":"Poking: SELECT COUNT(*) FROM demo_user.client_b_load_status\nWHERE status = 'COMPLETE' AND processed = 0 (with parameters None)","logger":"airflow.task.operators.airflow.providers.common.sql.sensors.sql.SqlSensor","filename":"sql.py","lineno":100}
{"timestamp":"2026-07-08T15:35:55.064397Z","level":"info","event":"Running statement: SELECT COUNT(*) FROM demo_user.client_b_load_status\nWHERE status = 'COMPLETE' AND processed = 0, parameters: None","logger":"airflow.task.hooks.airflow.providers.oracle.hooks.oracle.OracleHook","filename":"sql.py","lineno":861}
{"timestamp":"2026-07-08T15:35:55.065275Z","level":"info","event":"Rows affected: 0","logger":"airflow.task.hooks.airflow.providers.oracle.hooks.oracle.OracleHook","filename":"sql.py","lineno":879}
{"timestamp":"2026-07-08T15:36:05.097058Z","level":"info","event":"Poking: SELECT COUNT(*) FROM demo_user.client_b_load_status\nWHERE status = 'COMPLETE' AND processed = 0 (with parameters None)","logger":"airflow.task.operators.airflow.providers.common.sql.sensors.sql.SqlSensor","filename":"sql.py","lineno":100}
{"timestamp":"2026-07-08T15:36:05.154247Z","level":"info","event":"Running statement: SELECT COUNT(*) FROM demo_user.client_b_load_status\nWHERE status = 'COMPLETE' AND processed = 0, parameters: None","logger":"airflow.task.hooks.airflow.providers.oracle.hooks.oracle.OracleHook","filename":"sql.py","lineno":861}
{"timestamp":"2026-07-08T15:36:05.155548Z","level":"info","event":"Rows affected: 0","logger":"airflow.task.hooks.airflow.providers.oracle.hooks.oracle.OracleHook","filename":"sql.py","lineno":879}
{"timestamp":"2026-07-08T15:36:15.200315Z","level":"info","event":"Poking: SELECT COUNT(*) FROM demo_user.client_b_load_status\nWHERE status = 'COMPLETE' AND processed = 0 (with parameters None)","logger":"airflow.task.operators.airflow.providers.common.sql.sensors.sql.SqlSensor","filename":"sql.py","lineno":100}
{"timestamp":"2026-07-08T15:36:15.255703Z","level":"info","event":"Running statement: SELECT COUNT(*) FROM demo_user.client_b_load_status\nWHERE status = 'COMPLETE' AND processed = 0, parameters: None","logger":"airflow.task.hooks.airflow.providers.oracle.hooks.oracle.OracleHook","filename":"sql.py","lineno":861}
{"timestamp":"2026-07-08T15:36:15.256722Z","level":"info","event":"Rows affected: 0","logger":"airflow.task.hooks.airflow.providers.oracle.hooks.oracle.OracleHook","filename":"sql.py","lineno":879}
{"timestamp":"2026-07-08T15:36:25.299264Z","level":"info","event":"Poking: SELECT COUNT(*) FROM demo_user.client_b_load_status\nWHERE status = 'COMPLETE' AND processed = 0 (with parameters None)","logger":"airflow.task.operators.airflow.providers.common.sql.sensors.sql.SqlSensor","filename":"sql.py","lineno":100}
{"timestamp":"2026-07-08T15:36:25.372005Z","level":"info","event":"Running statement: SELECT COUNT(*) FROM demo_user.client_b_load_status\nWHERE status = 'COMPLETE' AND processed = 0, parameters: None","logger":"airflow.task.hooks.airflow.providers.oracle.hooks.oracle.OracleHook","filename":"sql.py","lineno":861}
{"timestamp":"2026-07-08T15:36:25.373932Z","level":"info","event":"Rows affected: 0","logger":"airflow.task.hooks.airflow.providers.oracle.hooks.oracle.OracleHook","filename":"sql.py","lineno":879}
{"timestamp":"2026-07-08T15:36:35.396526Z","level":"info","event":"Poking: SELECT COUNT(*) FROM demo_user.client_b_load_status\nWHERE status = 'COMPLETE' AND processed = 0 (with parameters None)","logger":"airflow.task.operators.airflow.providers.common.sql.sensors.sql.SqlSensor","filename":"sql.py","lineno":100}
{"timestamp":"2026-07-08T15:36:35.445641Z","level":"info","event":"Running statement: SELECT COUNT(*) FROM demo_user.client_b_load_status\nWHERE status = 'COMPLETE' AND processed = 0, parameters: None","logger":"airflow.task.hooks.airflow.providers.oracle.hooks.oracle.OracleHook","filename":"sql.py","lineno":861}
{"timestamp":"2026-07-08T15:36:35.446613Z","level":"info","event":"Rows affected: 0","logger":"airflow.task.hooks.airflow.providers.oracle.hooks.oracle.OracleHook","filename":"sql.py","lineno":879}
{"timestamp":"2026-07-08T15:36:45.479364Z","level":"info","event":"Poking: SELECT COUNT(*) FROM demo_user.client_b_load_status\nWHERE status = 'COMPLETE' AND processed = 0 (with parameters None)","logger":"airflow.task.operators.airflow.providers.common.sql.sensors.sql.SqlSensor","filename":"sql.py","lineno":100}
{"timestamp":"2026-07-08T15:36:45.524330Z","level":"info","event":"Running statement: SELECT COUNT(*) FROM demo_user.client_b_load_status\nWHERE status = 'COMPLETE' AND processed = 0, parameters: None","logger":"airflow.task.hooks.airflow.providers.oracle.hooks.oracle.OracleHook","filename":"sql.py","lineno":861}
{"timestamp":"2026-07-08T15:36:45.525400Z","level":"info","event":"Rows affected: 0","logger":"airflow.task.hooks.airflow.providers.oracle.hooks.oracle.OracleHook","filename":"sql.py","lineno":879}
{"timestamp":"2026-07-08T15:36:55.559195Z","level":"info","event":"Poking: SELECT COUNT(*) FROM demo_user.client_b_load_status\nWHERE status = 'COMPLETE' AND processed = 0 (with parameters None)","logger":"airflow.task.operators.airflow.providers.common.sql.sensors.sql.SqlSensor","filename":"sql.py","lineno":100}
{"timestamp":"2026-07-08T15:36:55.609933Z","level":"info","event":"Running statement: SELECT COUNT(*) FROM demo_user.client_b_load_status\nWHERE status = 'COMPLETE' AND processed = 0, parameters: None","logger":"airflow.task.hooks.airflow.providers.oracle.hooks.oracle.OracleHook","filename":"sql.py","lineno":861}
{"timestamp":"2026-07-08T15:36:55.611179Z","level":"info","event":"Rows affected: 0","logger":"airflow.task.hooks.airflow.providers.oracle.hooks.oracle.OracleHook","filename":"sql.py","lineno":879}
{"timestamp":"2026-07-08T15:37:05.652735Z","level":"info","event":"Poking: SELECT COUNT(*) FROM demo_user.client_b_load_status\nWHERE status = 'COMPLETE' AND processed = 0 (with parameters None)","logger":"airflow.task.operators.airflow.providers.common.sql.sensors.sql.SqlSensor","filename":"sql.py","lineno":100}
{"timestamp":"2026-07-08T15:37:05.712545Z","level":"info","event":"Running statement: SELECT COUNT(*) FROM demo_user.client_b_load_status\nWHERE status = 'COMPLETE' AND processed = 0, parameters: None","logger":"airflow.task.hooks.airflow.providers.oracle.hooks.oracle.OracleHook","filename":"sql.py","lineno":861}
{"timestamp":"2026-07-08T15:37:05.713656Z","level":"info","event":"Rows affected: 0","logger":"airflow.task.hooks.airflow.providers.oracle.hooks.oracle.OracleHook","filename":"sql.py","lineno":879}
{"timestamp":"2026-07-08T15:37:15.752780Z","level":"info","event":"Poking: SELECT COUNT(*) FROM demo_user.client_b_load_status\nWHERE status = 'COMPLETE' AND processed = 0 (with parameters None)","logger":"airflow.task.operators.airflow.providers.common.sql.sensors.sql.SqlSensor","filename":"sql.py","lineno":100}
{"timestamp":"2026-07-08T15:37:15.810678Z","level":"info","event":"Running statement: SELECT COUNT(*) FROM demo_user.client_b_load_status\nWHERE status = 'COMPLETE' AND processed = 0, parameters: None","logger":"airflow.task.hooks.airflow.providers.oracle.hooks.oracle.OracleHook","filename":"sql.py","lineno":861}
{"timestamp":"2026-07-08T15:37:15.811605Z","level":"info","event":"Rows affected: 0","logger":"airflow.task.hooks.airflow.providers.oracle.hooks.oracle.OracleHook","filename":"sql.py","lineno":879}
{"timestamp":"2026-07-08T15:37:25.842698Z","level":"info","event":"Poking: SELECT COUNT(*) FROM demo_user.client_b_load_status\nWHERE status = 'COMPLETE' AND processed = 0 (with parameters None)","logger":"airflow.task.operators.airflow.providers.common.sql.sensors.sql.SqlSensor","filename":"sql.py","lineno":100}
{"timestamp":"2026-07-08T15:37:25.899040Z","level":"info","event":"Running statement: SELECT COUNT(*) FROM demo_user.client_b_load_status\nWHERE status = 'COMPLETE' AND processed = 0, parameters: None","logger":"airflow.task.hooks.airflow.providers.oracle.hooks.oracle.OracleHook","filename":"sql.py","lineno":861}
{"timestamp":"2026-07-08T15:37:25.900482Z","level":"info","event":"Rows affected: 0","logger":"airflow.task.hooks.airflow.providers.oracle.hooks.oracle.OracleHook","filename":"sql.py","lineno":879}
{"timestamp":"2026-07-08T15:37:35.944736Z","level":"info","event":"Poking: SELECT COUNT(*) FROM demo_user.client_b_load_status\nWHERE status = 'COMPLETE' AND processed = 0 (with parameters None)","logger":"airflow.task.operators.airflow.providers.common.sql.sensors.sql.SqlSensor","filename":"sql.py","lineno":100}
{"timestamp":"2026-07-08T15:37:36.025897Z","level":"info","event":"Running statement: SELECT COUNT(*) FROM demo_user.client_b_load_status\nWHERE status = 'COMPLETE' AND processed = 0, parameters: None","logger":"airflow.task.hooks.airflow.providers.oracle.hooks.oracle.OracleHook","filename":"sql.py","lineno":861}
{"timestamp":"2026-07-08T15:37:36.027587Z","level":"info","event":"Rows affected: 0","logger":"airflow.task.hooks.airflow.providers.oracle.hooks.oracle.OracleHook","filename":"sql.py","lineno":879}
{"timestamp":"2026-07-08T15:37:46.058433Z","level":"info","event":"Poking: SELECT COUNT(*) FROM demo_user.client_b_load_status\nWHERE status = 'COMPLETE' AND processed = 0 (with parameters None)","logger":"airflow.task.operators.airflow.providers.common.sql.sensors.sql.SqlSensor","filename":"sql.py","lineno":100}
{"timestamp":"2026-07-08T15:37:46.142789Z","level":"info","event":"Running statement: SELECT COUNT(*) FROM demo_user.client_b_load_status\nWHERE status = 'COMPLETE' AND processed = 0, parameters: None","logger":"airflow.task.hooks.airflow.providers.oracle.hooks.oracle.OracleHook","filename":"sql.py","lineno":861}
{"timestamp":"2026-07-08T15:37:46.144725Z","level":"info","event":"Rows affected: 0","logger":"airflow.task.hooks.airflow.providers.oracle.hooks.oracle.OracleHook","filename":"sql.py","lineno":879}
{"timestamp":"2026-07-08T15:37:56.193823Z","level":"info","event":"Poking: SELECT COUNT(*) FROM demo_user.client_b_load_status\nWHERE status = 'COMPLETE' AND processed = 0 (with parameters None)","logger":"airflow.task.operators.airflow.providers.common.sql.sensors.sql.SqlSensor","filename":"sql.py","lineno":100}
{"timestamp":"2026-07-08T15:37:56.284431Z","level":"info","event":"Running statement: SELECT COUNT(*) FROM demo_user.client_b_load_status\nWHERE status = 'COMPLETE' AND processed = 0, parameters: None","logger":"airflow.task.hooks.airflow.providers.oracle.hooks.oracle.OracleHook","filename":"sql.py","lineno":861}
{"timestamp":"2026-07-08T15:37:56.286151Z","level":"info","event":"Rows affected: 0","logger":"airflow.task.hooks.airflow.providers.oracle.hooks.oracle.OracleHook","filename":"sql.py","lineno":879}
{"timestamp":"2026-07-08T15:38:06.331898Z","level":"info","event":"Poking: SELECT COUNT(*) FROM demo_user.client_b_load_status\nWHERE status = 'COMPLETE' AND processed = 0 (with parameters None)","logger":"airflow.task.operators.airflow.providers.common.sql.sensors.sql.SqlSensor","filename":"sql.py","lineno":100}
{"timestamp":"2026-07-08T15:38:06.384758Z","level":"info","event":"Running statement: SELECT COUNT(*) FROM demo_user.client_b_load_status\nWHERE status = 'COMPLETE' AND processed = 0, parameters: None","logger":"airflow.task.hooks.airflow.providers.oracle.hooks.oracle.OracleHook","filename":"sql.py","lineno":861}
{"timestamp":"2026-07-08T15:38:06.385827Z","level":"info","event":"Rows affected: 0","logger":"airflow.task.hooks.airflow.providers.oracle.hooks.oracle.OracleHook","filename":"sql.py","lineno":879}
{"timestamp":"2026-07-08T15:38:16.432421Z","level":"info","event":"Poking: SELECT COUNT(*) FROM demo_user.client_b_load_status\nWHERE status = 'COMPLETE' AND processed = 0 (with parameters None)","logger":"airflow.task.operators.airflow.providers.common.sql.sensors.sql.SqlSensor","filename":"sql.py","lineno":100}
{"timestamp":"2026-07-08T15:38:16.493267Z","level":"info","event":"Running statement: SELECT COUNT(*) FROM demo_user.client_b_load_status\nWHERE status = 'COMPLETE' AND processed = 0, parameters: None","logger":"airflow.task.hooks.airflow.providers.oracle.hooks.oracle.OracleHook","filename":"sql.py","lineno":861}
{"timestamp":"2026-07-08T15:38:16.494144Z","level":"info","event":"Rows affected: 0","logger":"airflow.task.hooks.airflow.providers.oracle.hooks.oracle.OracleHook","filename":"sql.py","lineno":879}
{"timestamp":"2026-07-08T15:38:26.533146Z","level":"info","event":"Poking: SELECT COUNT(*) FROM demo_user.client_b_load_status\nWHERE status = 'COMPLETE' AND processed = 0 (with parameters None)","logger":"airflow.task.operators.airflow.providers.common.sql.sensors.sql.SqlSensor","filename":"sql.py","lineno":100}
{"timestamp":"2026-07-08T15:38:26.597313Z","level":"info","event":"Running statement: SELECT COUNT(*) FROM demo_user.client_b_load_status\nWHERE status = 'COMPLETE' AND processed = 0, parameters: None","logger":"airflow.task.hooks.airflow.providers.oracle.hooks.oracle.OracleHook","filename":"sql.py","lineno":861}
{"timestamp":"2026-07-08T15:38:26.598575Z","level":"info","event":"Rows affected: 0","logger":"airflow.task.hooks.airflow.providers.oracle.hooks.oracle.OracleHook","filename":"sql.py","lineno":879}
{"timestamp":"2026-07-08T15:38:36.630070Z","level":"info","event":"Poking: SELECT COUNT(*) FROM demo_user.client_b_load_status\nWHERE status = 'COMPLETE' AND processed = 0 (with parameters None)","logger":"airflow.task.operators.airflow.providers.common.sql.sensors.sql.SqlSensor","filename":"sql.py","lineno":100}
{"timestamp":"2026-07-08T15:38:36.698973Z","level":"info","event":"Running statement: SELECT COUNT(*) FROM demo_user.client_b_load_status\nWHERE status = 'COMPLETE' AND processed = 0, parameters: None","logger":"airflow.task.hooks.airflow.providers.oracle.hooks.oracle.OracleHook","filename":"sql.py","lineno":861}
{"timestamp":"2026-07-08T15:38:36.700282Z","level":"info","event":"Rows affected: 0","logger":"airflow.task.hooks.airflow.providers.oracle.hooks.oracle.OracleHook","filename":"sql.py","lineno":879}
{"timestamp":"2026-07-08T15:38:46.727334Z","level":"info","event":"Poking: SELECT COUNT(*) FROM demo_user.client_b_load_status\nWHERE status = 'COMPLETE' AND processed = 0 (with parameters None)","logger":"airflow.task.operators.airflow.providers.common.sql.sensors.sql.SqlSensor","filename":"sql.py","lineno":100}
{"timestamp":"2026-07-08T15:38:46.781043Z","level":"info","event":"Running statement: SELECT COUNT(*) FROM demo_user.client_b_load_status\nWHERE status = 'COMPLETE' AND processed = 0, parameters: None","logger":"airflow.task.hooks.airflow.providers.oracle.hooks.oracle.OracleHook","filename":"sql.py","lineno":861}
{"timestamp":"2026-07-08T15:38:46.782552Z","level":"info","event":"Rows affected: 0","logger":"airflow.task.hooks.airflow.providers.oracle.hooks.oracle.OracleHook","filename":"sql.py","lineno":879}
{"timestamp":"2026-07-08T15:38:56.818594Z","level":"info","event":"Poking: SELECT COUNT(*) FROM demo_user.client_b_load_status\nWHERE status = 'COMPLETE' AND processed = 0 (with parameters None)","logger":"airflow.task.operators.airflow.providers.common.sql.sensors.sql.SqlSensor","filename":"sql.py","lineno":100}
{"timestamp":"2026-07-08T15:38:56.875419Z","level":"info","event":"Running statement: SELECT COUNT(*) FROM demo_user.client_b_load_status\nWHERE status = 'COMPLETE' AND processed = 0, parameters: None","logger":"airflow.task.hooks.airflow.providers.oracle.hooks.oracle.OracleHook","filename":"sql.py","lineno":861}
{"timestamp":"2026-07-08T15:38:56.877206Z","level":"info","event":"Rows affected: 0","logger":"airflow.task.hooks.airflow.providers.oracle.hooks.oracle.OracleHook","filename":"sql.py","lineno":879}
{"timestamp":"2026-07-08T15:39:06.904380Z","level":"info","event":"Poking: SELECT COUNT(*) FROM demo_user.client_b_load_status\nWHERE status = 'COMPLETE' AND processed = 0 (with parameters None)","logger":"airflow.task.operators.airflow.providers.common.sql.sensors.sql.SqlSensor","filename":"sql.py","lineno":100}
{"timestamp":"2026-07-08T15:39:06.977337Z","level":"info","event":"Running statement: SELECT COUNT(*) FROM demo_user.client_b_load_status\nWHERE status = 'COMPLETE' AND processed = 0, parameters: None","logger":"airflow.task.hooks.airflow.providers.oracle.hooks.oracle.OracleHook","filename":"sql.py","lineno":861}
{"timestamp":"2026-07-08T15:39:06.979441Z","level":"info","event":"Rows affected: 0","logger":"airflow.task.hooks.airflow.providers.oracle.hooks.oracle.OracleHook","filename":"sql.py","lineno":879}
{"timestamp":"2026-07-08T15:39:17.017023Z","level":"info","event":"Poking: SELECT COUNT(*) FROM demo_user.client_b_load_status\nWHERE status = 'COMPLETE' AND processed = 0 (with parameters None)","logger":"airflow.task.operators.airflow.providers.common.sql.sensors.sql.SqlSensor","filename":"sql.py","lineno":100}
{"timestamp":"2026-07-08T15:39:17.106924Z","level":"info","event":"Running statement: SELECT COUNT(*) FROM demo_user.client_b_load_status\nWHERE status = 'COMPLETE' AND processed = 0, parameters: None","logger":"airflow.task.hooks.airflow.providers.oracle.hooks.oracle.OracleHook","filename":"sql.py","lineno":861}
{"timestamp":"2026-07-08T15:39:17.108961Z","level":"info","event":"Rows affected: 0","logger":"airflow.task.hooks.airflow.providers.oracle.hooks.oracle.OracleHook","filename":"sql.py","lineno":879}
{"timestamp":"2026-07-08T15:39:27.149348Z","level":"info","event":"Poking: SELECT COUNT(*) FROM demo_user.client_b_load_status\nWHERE status = 'COMPLETE' AND processed = 0 (with parameters None)","logger":"airflow.task.operators.airflow.providers.common.sql.sensors.sql.SqlSensor","filename":"sql.py","lineno":100}
{"timestamp":"2026-07-08T15:39:27.222396Z","level":"info","event":"Running statement: SELECT COUNT(*) FROM demo_user.client_b_load_status\nWHERE status = 'COMPLETE' AND processed = 0, parameters: None","logger":"airflow.task.hooks.airflow.providers.oracle.hooks.oracle.OracleHook","filename":"sql.py","lineno":861}
{"timestamp":"2026-07-08T15:39:27.223728Z","level":"info","event":"Rows affected: 0","logger":"airflow.task.hooks.airflow.providers.oracle.hooks.oracle.OracleHook","filename":"sql.py","lineno":879}
{"timestamp":"2026-07-08T15:39:37.253854Z","level":"info","event":"Poking: SELECT COUNT(*) FROM demo_user.client_b_load_status\nWHERE status = 'COMPLETE' AND processed = 0 (with parameters None)","logger":"airflow.task.operators.airflow.providers.common.sql.sensors.sql.SqlSensor","filename":"sql.py","lineno":100}
{"timestamp":"2026-07-08T15:39:37.308869Z","level":"info","event":"Running statement: SELECT COUNT(*) FROM demo_user.client_b_load_status\nWHERE status = 'COMPLETE' AND processed = 0, parameters: None","logger":"airflow.task.hooks.airflow.providers.oracle.hooks.oracle.OracleHook","filename":"sql.py","lineno":861}
{"timestamp":"2026-07-08T15:39:37.309895Z","level":"info","event":"Rows affected: 0","logger":"airflow.task.hooks.airflow.providers.oracle.hooks.oracle.OracleHook","filename":"sql.py","lineno":879}
{"timestamp":"2026-07-08T15:39:47.350019Z","level":"info","event":"Poking: SELECT COUNT(*) FROM demo_user.client_b_load_status\nWHERE status = 'COMPLETE' AND processed = 0 (with parameters None)","logger":"airflow.task.operators.airflow.providers.common.sql.sensors.sql.SqlSensor","filename":"sql.py","lineno":100}
{"timestamp":"2026-07-08T15:39:47.407419Z","level":"info","event":"Running statement: SELECT COUNT(*) FROM demo_user.client_b_load_status\nWHERE status = 'COMPLETE' AND processed = 0, parameters: None","logger":"airflow.task.hooks.airflow.providers.oracle.hooks.oracle.OracleHook","filename":"sql.py","lineno":861}
{"timestamp":"2026-07-08T15:39:47.408302Z","level":"info","event":"Rows affected: 0","logger":"airflow.task.hooks.airflow.providers.oracle.hooks.oracle.OracleHook","filename":"sql.py","lineno":879}
{"timestamp":"2026-07-08T15:39:57.447977Z","level":"info","event":"Poking: SELECT COUNT(*) FROM demo_user.client_b_load_status\nWHERE status = 'COMPLETE' AND processed = 0 (with parameters None)","logger":"airflow.task.operators.airflow.providers.common.sql.sensors.sql.SqlSensor","filename":"sql.py","lineno":100}
{"timestamp":"2026-07-08T15:39:57.516373Z","level":"info","event":"Running statement: SELECT COUNT(*) FROM demo_user.client_b_load_status\nWHERE status = 'COMPLETE' AND processed = 0, parameters: None","logger":"airflow.task.hooks.airflow.providers.oracle.hooks.oracle.OracleHook","filename":"sql.py","lineno":861}
{"timestamp":"2026-07-08T15:39:57.517576Z","level":"info","event":"Rows affected: 0","logger":"airflow.task.hooks.airflow.providers.oracle.hooks.oracle.OracleHook","filename":"sql.py","lineno":879}
{"timestamp":"2026-07-08T15:40:07.556714Z","level":"info","event":"Poking: SELECT COUNT(*) FROM demo_user.client_b_load_status\nWHERE status = 'COMPLETE' AND processed = 0 (with parameters None)","logger":"airflow.task.operators.airflow.providers.common.sql.sensors.sql.SqlSensor","filename":"sql.py","lineno":100}
{"timestamp":"2026-07-08T15:40:07.622244Z","level":"info","event":"Running statement: SELECT COUNT(*) FROM demo_user.client_b_load_status\nWHERE status = 'COMPLETE' AND processed = 0, parameters: None","logger":"airflow.task.hooks.airflow.providers.oracle.hooks.oracle.OracleHook","filename":"sql.py","lineno":861}
{"timestamp":"2026-07-08T15:40:07.623553Z","level":"info","event":"Rows affected: 0","logger":"airflow.task.hooks.airflow.providers.oracle.hooks.oracle.OracleHook","filename":"sql.py","lineno":879}
{"timestamp":"2026-07-08T15:40:17.658487Z","level":"info","event":"Poking: SELECT COUNT(*) FROM demo_user.client_b_load_status\nWHERE status = 'COMPLETE' AND processed = 0 (with parameters None)","logger":"airflow.task.operators.airflow.providers.common.sql.sensors.sql.SqlSensor","filename":"sql.py","lineno":100}
{"timestamp":"2026-07-08T15:40:17.718147Z","level":"info","event":"Running statement: SELECT COUNT(*) FROM demo_user.client_b_load_status\nWHERE status = 'COMPLETE' AND processed = 0, parameters: None","logger":"airflow.task.hooks.airflow.providers.oracle.hooks.oracle.OracleHook","filename":"sql.py","lineno":861}
{"timestamp":"2026-07-08T15:40:17.719463Z","level":"info","event":"Rows affected: 0","logger":"airflow.task.hooks.airflow.providers.oracle.hooks.oracle.OracleHook","filename":"sql.py","lineno":879}
{"timestamp":"2026-07-08T15:40:27.749243Z","level":"info","event":"Poking: SELECT COUNT(*) FROM demo_user.client_b_load_status\nWHERE status = 'COMPLETE' AND processed = 0 (with parameters None)","logger":"airflow.task.operators.airflow.providers.common.sql.sensors.sql.SqlSensor","filename":"sql.py","lineno":100}
{"timestamp":"2026-07-08T15:40:27.801972Z","level":"info","event":"Running statement: SELECT COUNT(*) FROM demo_user.client_b_load_status\nWHERE status = 'COMPLETE' AND processed = 0, parameters: None","logger":"airflow.task.hooks.airflow.providers.oracle.hooks.oracle.OracleHook","filename":"sql.py","lineno":861}
{"timestamp":"2026-07-08T15:40:27.802921Z","level":"info","event":"Rows affected: 0","logger":"airflow.task.hooks.airflow.providers.oracle.hooks.oracle.OracleHook","filename":"sql.py","lineno":879}
{"timestamp":"2026-07-08T15:40:37.841342Z","level":"info","event":"Poking: SELECT COUNT(*) FROM demo_user.client_b_load_status\nWHERE status = 'COMPLETE' AND processed = 0 (with parameters None)","logger":"airflow.task.operators.airflow.providers.common.sql.sensors.sql.SqlSensor","filename":"sql.py","lineno":100}
{"timestamp":"2026-07-08T15:40:37.895711Z","level":"info","event":"Running statement: SELECT COUNT(*) FROM demo_user.client_b_load_status\nWHERE status = 'COMPLETE' AND processed = 0, parameters: None","logger":"airflow.task.hooks.airflow.providers.oracle.hooks.oracle.OracleHook","filename":"sql.py","lineno":861}
{"timestamp":"2026-07-08T15:40:37.897008Z","level":"info","event":"Rows affected: 0","logger":"airflow.task.hooks.airflow.providers.oracle.hooks.oracle.OracleHook","filename":"sql.py","lineno":879}
{"timestamp":"2026-07-08T15:40:47.939825Z","level":"info","event":"Poking: SELECT COUNT(*) FROM demo_user.client_b_load_status\nWHERE status = 'COMPLETE' AND processed = 0 (with parameters None)","logger":"airflow.task.operators.airflow.providers.common.sql.sensors.sql.SqlSensor","filename":"sql.py","lineno":100}
{"timestamp":"2026-07-08T15:40:47.995408Z","level":"info","event":"Running statement: SELECT COUNT(*) FROM demo_user.client_b_load_status\nWHERE status = 'COMPLETE' AND processed = 0, parameters: None","logger":"airflow.task.hooks.airflow.providers.oracle.hooks.oracle.OracleHook","filename":"sql.py","lineno":861}
{"timestamp":"2026-07-08T15:40:47.996433Z","level":"info","event":"Rows affected: 0","logger":"airflow.task.hooks.airflow.providers.oracle.hooks.oracle.OracleHook","filename":"sql.py","lineno":879}
{"timestamp":"2026-07-08T15:40:58.032714Z","level":"info","event":"Poking: SELECT COUNT(*) FROM demo_user.client_b_load_status\nWHERE status = 'COMPLETE' AND processed = 0 (with parameters None)","logger":"airflow.task.operators.airflow.providers.common.sql.sensors.sql.SqlSensor","filename":"sql.py","lineno":100}
{"timestamp":"2026-07-08T15:40:58.081980Z","level":"info","event":"Running statement: SELECT COUNT(*) FROM demo_user.client_b_load_status\nWHERE status = 'COMPLETE' AND processed = 0, parameters: None","logger":"airflow.task.hooks.airflow.providers.oracle.hooks.oracle.OracleHook","filename":"sql.py","lineno":861}
{"timestamp":"2026-07-08T15:40:58.082868Z","level":"info","event":"Rows affected: 0","logger":"airflow.task.hooks.airflow.providers.oracle.hooks.oracle.OracleHook","filename":"sql.py","lineno":879}
{"timestamp":"2026-07-08T15:41:08.120973Z","level":"info","event":"Poking: SELECT COUNT(*) FROM demo_user.client_b_load_status\nWHERE status = 'COMPLETE' AND processed = 0 (with parameters None)","logger":"airflow.task.operators.airflow.providers.common.sql.sensors.sql.SqlSensor","filename":"sql.py","lineno":100}
{"timestamp":"2026-07-08T15:41:08.189887Z","level":"info","event":"Running statement: SELECT COUNT(*) FROM demo_user.client_b_load_status\nWHERE status = 'COMPLETE' AND processed = 0, parameters: None","logger":"airflow.task.hooks.airflow.providers.oracle.hooks.oracle.OracleHook","filename":"sql.py","lineno":861}
{"timestamp":"2026-07-08T15:41:08.192626Z","level":"info","event":"Rows affected: 0","logger":"airflow.task.hooks.airflow.providers.oracle.hooks.oracle.OracleHook","filename":"sql.py","lineno":879}
{"timestamp":"2026-07-08T15:41:18.267726Z","level":"info","event":"Poking: SELECT COUNT(*) FROM demo_user.client_b_load_status\nWHERE status = 'COMPLETE' AND processed = 0 (with parameters None)","logger":"airflow.task.operators.airflow.providers.common.sql.sensors.sql.SqlSensor","filename":"sql.py","lineno":100}
{"timestamp":"2026-07-08T15:41:18.348089Z","level":"info","event":"Running statement: SELECT COUNT(*) FROM demo_user.client_b_load_status\nWHERE status = 'COMPLETE' AND processed = 0, parameters: None","logger":"airflow.task.hooks.airflow.providers.oracle.hooks.oracle.OracleHook","filename":"sql.py","lineno":861}
{"timestamp":"2026-07-08T15:41:18.349496Z","level":"info","event":"Rows affected: 0","logger":"airflow.task.hooks.airflow.providers.oracle.hooks.oracle.OracleHook","filename":"sql.py","lineno":879}
{"timestamp":"2026-07-08T15:41:28.377576Z","level":"info","event":"Poking: SELECT COUNT(*) FROM demo_user.client_b_load_status\nWHERE status = 'COMPLETE' AND processed = 0 (with parameters None)","logger":"airflow.task.operators.airflow.providers.common.sql.sensors.sql.SqlSensor","filename":"sql.py","lineno":100}
{"timestamp":"2026-07-08T15:41:28.428619Z","level":"info","event":"Running statement: SELECT COUNT(*) FROM demo_user.client_b_load_status\nWHERE status = 'COMPLETE' AND processed = 0, parameters: None","logger":"airflow.task.hooks.airflow.providers.oracle.hooks.oracle.OracleHook","filename":"sql.py","lineno":861}
{"timestamp":"2026-07-08T15:41:28.429840Z","level":"info","event":"Rows affected: 0","logger":"airflow.task.hooks.airflow.providers.oracle.hooks.oracle.OracleHook","filename":"sql.py","lineno":879}
{"timestamp":"2026-07-08T15:41:38.473291Z","level":"info","event":"Poking: SELECT COUNT(*) FROM demo_user.client_b_load_status\nWHERE status = 'COMPLETE' AND processed = 0 (with parameters None)","logger":"airflow.task.operators.airflow.providers.common.sql.sensors.sql.SqlSensor","filename":"sql.py","lineno":100}
{"timestamp":"2026-07-08T15:41:38.539641Z","level":"info","event":"Running statement: SELECT COUNT(*) FROM demo_user.client_b_load_status\nWHERE status = 'COMPLETE' AND processed = 0, parameters: None","logger":"airflow.task.hooks.airflow.providers.oracle.hooks.oracle.OracleHook","filename":"sql.py","lineno":861}
{"timestamp":"2026-07-08T15:41:38.541205Z","level":"info","event":"Rows affected: 0","logger":"airflow.task.hooks.airflow.providers.oracle.hooks.oracle.OracleHook","filename":"sql.py","lineno":879}
{"timestamp":"2026-07-08T15:41:48.578061Z","level":"info","event":"Poking: SELECT COUNT(*) FROM demo_user.client_b_load_status\nWHERE status = 'COMPLETE' AND processed = 0 (with parameters None)","logger":"airflow.task.operators.airflow.providers.common.sql.sensors.sql.SqlSensor","filename":"sql.py","lineno":100}
{"timestamp":"2026-07-08T15:41:48.642512Z","level":"info","event":"Running statement: SELECT COUNT(*) FROM demo_user.client_b_load_status\nWHERE status = 'COMPLETE' AND processed = 0, parameters: None","logger":"airflow.task.hooks.airflow.providers.oracle.hooks.oracle.OracleHook","filename":"sql.py","lineno":861}
{"timestamp":"2026-07-08T15:41:48.644349Z","level":"info","event":"Rows affected: 0","logger":"airflow.task.hooks.airflow.providers.oracle.hooks.oracle.OracleHook","filename":"sql.py","lineno":879}
{"timestamp":"2026-07-08T15:41:58.683058Z","level":"info","event":"Poking: SELECT COUNT(*) FROM demo_user.client_b_load_status\nWHERE status = 'COMPLETE' AND processed = 0 (with parameters None)","logger":"airflow.task.operators.airflow.providers.common.sql.sensors.sql.SqlSensor","filename":"sql.py","lineno":100}
{"timestamp":"2026-07-08T15:41:58.754092Z","level":"info","event":"Running statement: SELECT COUNT(*) FROM demo_user.client_b_load_status\nWHERE status = 'COMPLETE' AND processed = 0, parameters: None","logger":"airflow.task.hooks.airflow.providers.oracle.hooks.oracle.OracleHook","filename":"sql.py","lineno":861}
{"timestamp":"2026-07-08T15:41:58.755763Z","level":"info","event":"Rows affected: 0","logger":"airflow.task.hooks.airflow.providers.oracle.hooks.oracle.OracleHook","filename":"sql.py","lineno":879}
{"timestamp":"2026-07-08T15:42:08.801529Z","level":"info","event":"Poking: SELECT COUNT(*) FROM demo_user.client_b_load_status\nWHERE status = 'COMPLETE' AND processed = 0 (with parameters None)","logger":"airflow.task.operators.airflow.providers.common.sql.sensors.sql.SqlSensor","filename":"sql.py","lineno":100}
{"timestamp":"2026-07-08T15:42:08.871220Z","level":"info","event":"Running statement: SELECT COUNT(*) FROM demo_user.client_b_load_status\nWHERE status = 'COMPLETE' AND processed = 0, parameters: None","logger":"airflow.task.hooks.airflow.providers.oracle.hooks.oracle.OracleHook","filename":"sql.py","lineno":861}
{"timestamp":"2026-07-08T15:42:08.873333Z","level":"info","event":"Rows affected: 0","logger":"airflow.task.hooks.airflow.providers.oracle.hooks.oracle.OracleHook","filename":"sql.py","lineno":879}
{"timestamp":"2026-07-08T15:42:18.915947Z","level":"info","event":"Poking: SELECT COUNT(*) FROM demo_user.client_b_load_status\nWHERE status = 'COMPLETE' AND processed = 0 (with parameters None)","logger":"airflow.task.operators.airflow.providers.common.sql.sensors.sql.SqlSensor","filename":"sql.py","lineno":100}
{"timestamp":"2026-07-08T15:42:18.981989Z","level":"info","event":"Running statement: SELECT COUNT(*) FROM demo_user.client_b_load_status\nWHERE status = 'COMPLETE' AND processed = 0, parameters: None","logger":"airflow.task.hooks.airflow.providers.oracle.hooks.oracle.OracleHook","filename":"sql.py","lineno":861}
{"timestamp":"2026-07-08T15:42:18.983199Z","level":"info","event":"Rows affected: 0","logger":"airflow.task.hooks.airflow.providers.oracle.hooks.oracle.OracleHook","filename":"sql.py","lineno":879}
{"timestamp":"2026-07-08T15:42:29.021137Z","level":"info","event":"Poking: SELECT COUNT(*) FROM demo_user.client_b_load_status\nWHERE status = 'COMPLETE' AND processed = 0 (with parameters None)","logger":"airflow.task.operators.airflow.providers.common.sql.sensors.sql.SqlSensor","filename":"sql.py","lineno":100}
{"timestamp":"2026-07-08T15:42:29.079511Z","level":"info","event":"Running statement: SELECT COUNT(*) FROM demo_user.client_b_load_status\nWHERE status = 'COMPLETE' AND processed = 0, parameters: None","logger":"airflow.task.hooks.airflow.providers.oracle.hooks.oracle.OracleHook","filename":"sql.py","lineno":861}
{"timestamp":"2026-07-08T15:42:29.080515Z","level":"info","event":"Rows affected: 0","logger":"airflow.task.hooks.airflow.providers.oracle.hooks.oracle.OracleHook","filename":"sql.py","lineno":879}
{"timestamp":"2026-07-08T15:42:39.116421Z","level":"info","event":"Poking: SELECT COUNT(*) FROM demo_user.client_b_load_status\nWHERE status = 'COMPLETE' AND processed = 0 (with parameters None)","logger":"airflow.task.operators.airflow.providers.common.sql.sensors.sql.SqlSensor","filename":"sql.py","lineno":100}
{"timestamp":"2026-07-08T15:42:39.173730Z","level":"info","event":"Running statement: SELECT COUNT(*) FROM demo_user.client_b_load_status\nWHERE status = 'COMPLETE' AND processed = 0, parameters: None","logger":"airflow.task.hooks.airflow.providers.oracle.hooks.oracle.OracleHook","filename":"sql.py","lineno":861}
{"timestamp":"2026-07-08T15:42:39.174998Z","level":"info","event":"Rows affected: 0","logger":"airflow.task.hooks.airflow.providers.oracle.hooks.oracle.OracleHook","filename":"sql.py","lineno":879}
{"timestamp":"2026-07-08T15:42:49.218932Z","level":"info","event":"Poking: SELECT COUNT(*) FROM demo_user.client_b_load_status\nWHERE status = 'COMPLETE' AND processed = 0 (with parameters None)","logger":"airflow.task.operators.airflow.providers.common.sql.sensors.sql.SqlSensor","filename":"sql.py","lineno":100}
{"timestamp":"2026-07-08T15:42:49.294664Z","level":"info","event":"Running statement: SELECT COUNT(*) FROM demo_user.client_b_load_status\nWHERE status = 'COMPLETE' AND processed = 0, parameters: None","logger":"airflow.task.hooks.airflow.providers.oracle.hooks.oracle.OracleHook","filename":"sql.py","lineno":861}
{"timestamp":"2026-07-08T15:42:49.295735Z","level":"info","event":"Rows affected: 0","logger":"airflow.task.hooks.airflow.providers.oracle.hooks.oracle.OracleHook","filename":"sql.py","lineno":879}
{"timestamp":"2026-07-08T15:42:59.333741Z","level":"info","event":"Poking: SELECT COUNT(*) FROM demo_user.client_b_load_status\nWHERE status = 'COMPLETE' AND processed = 0 (with parameters None)","logger":"airflow.task.operators.airflow.providers.common.sql.sensors.sql.SqlSensor","filename":"sql.py","lineno":100}
{"timestamp":"2026-07-08T15:42:59.390025Z","level":"info","event":"Running statement: SELECT COUNT(*) FROM demo_user.client_b_load_status\nWHERE status = 'COMPLETE' AND processed = 0, parameters: None","logger":"airflow.task.hooks.airflow.providers.oracle.hooks.oracle.OracleHook","filename":"sql.py","lineno":861}
{"timestamp":"2026-07-08T15:42:59.391058Z","level":"info","event":"Rows affected: 0","logger":"airflow.task.hooks.airflow.providers.oracle.hooks.oracle.OracleHook","filename":"sql.py","lineno":879}
{"timestamp":"2026-07-08T15:43:09.425521Z","level":"info","event":"Poking: SELECT COUNT(*) FROM demo_user.client_b_load_status\nWHERE status = 'COMPLETE' AND processed = 0 (with parameters None)","logger":"airflow.task.operators.airflow.providers.common.sql.sensors.sql.SqlSensor","filename":"sql.py","lineno":100}
{"timestamp":"2026-07-08T15:43:09.480388Z","level":"info","event":"Running statement: SELECT COUNT(*) FROM demo_user.client_b_load_status\nWHERE status = 'COMPLETE' AND processed = 0, parameters: None","logger":"airflow.task.hooks.airflow.providers.oracle.hooks.oracle.OracleHook","filename":"sql.py","lineno":861}
{"timestamp":"2026-07-08T15:43:09.481506Z","level":"info","event":"Rows affected: 0","logger":"airflow.task.hooks.airflow.providers.oracle.hooks.oracle.OracleHook","filename":"sql.py","lineno":879}
{"timestamp":"2026-07-08T15:43:19.523732Z","level":"info","event":"Poking: SELECT COUNT(*) FROM demo_user.client_b_load_status\nWHERE status = 'COMPLETE' AND processed = 0 (with parameters None)","logger":"airflow.task.operators.airflow.providers.common.sql.sensors.sql.SqlSensor","filename":"sql.py","lineno":100}
{"timestamp":"2026-07-08T15:43:19.590903Z","level":"info","event":"Running statement: SELECT COUNT(*) FROM demo_user.client_b_load_status\nWHERE status = 'COMPLETE' AND processed = 0, parameters: None","logger":"airflow.task.hooks.airflow.providers.oracle.hooks.oracle.OracleHook","filename":"sql.py","lineno":861}
{"timestamp":"2026-07-08T15:43:19.592723Z","level":"info","event":"Rows affected: 0","logger":"airflow.task.hooks.airflow.providers.oracle.hooks.oracle.OracleHook","filename":"sql.py","lineno":879}
{"timestamp":"2026-07-08T15:43:29.636782Z","level":"info","event":"Poking: SELECT COUNT(*) FROM demo_user.client_b_load_status\nWHERE status = 'COMPLETE' AND processed = 0 (with parameters None)","logger":"airflow.task.operators.airflow.providers.common.sql.sensors.sql.SqlSensor","filename":"sql.py","lineno":100}
{"timestamp":"2026-07-08T15:43:29.707088Z","level":"info","event":"Running statement: SELECT COUNT(*) FROM demo_user.client_b_load_status\nWHERE status = 'COMPLETE' AND processed = 0, parameters: None","logger":"airflow.task.hooks.airflow.providers.oracle.hooks.oracle.OracleHook","filename":"sql.py","lineno":861}
{"timestamp":"2026-07-08T15:43:29.708957Z","level":"info","event":"Rows affected: 0","logger":"airflow.task.hooks.airflow.providers.oracle.hooks.oracle.OracleHook","filename":"sql.py","lineno":879}
{"timestamp":"2026-07-08T15:43:39.747584Z","level":"info","event":"Poking: SELECT COUNT(*) FROM demo_user.client_b_load_status\nWHERE status = 'COMPLETE' AND processed = 0 (with parameters None)","logger":"airflow.task.operators.airflow.providers.common.sql.sensors.sql.SqlSensor","filename":"sql.py","lineno":100}
{"timestamp":"2026-07-08T15:43:39.807250Z","level":"info","event":"Running statement: SELECT COUNT(*) FROM demo_user.client_b_load_status\nWHERE status = 'COMPLETE' AND processed = 0, parameters: None","logger":"airflow.task.hooks.airflow.providers.oracle.hooks.oracle.OracleHook","filename":"sql.py","lineno":861}
{"timestamp":"2026-07-08T15:43:39.808553Z","level":"info","event":"Rows affected: 0","logger":"airflow.task.hooks.airflow.providers.oracle.hooks.oracle.OracleHook","filename":"sql.py","lineno":879}
{"timestamp":"2026-07-08T15:43:49.841083Z","level":"info","event":"Poking: SELECT COUNT(*) FROM demo_user.client_b_load_status\nWHERE status = 'COMPLETE' AND processed = 0 (with parameters None)","logger":"airflow.task.operators.airflow.providers.common.sql.sensors.sql.SqlSensor","filename":"sql.py","lineno":100}
{"timestamp":"2026-07-08T15:43:49.899660Z","level":"info","event":"Running statement: SELECT COUNT(*) FROM demo_user.client_b_load_status\nWHERE status = 'COMPLETE' AND processed = 0, parameters: None","logger":"airflow.task.hooks.airflow.providers.oracle.hooks.oracle.OracleHook","filename":"sql.py","lineno":861}
{"timestamp":"2026-07-08T15:43:49.902135Z","level":"info","event":"Rows affected: 0","logger":"airflow.task.hooks.airflow.providers.oracle.hooks.oracle.OracleHook","filename":"sql.py","lineno":879}
{"timestamp":"2026-07-08T15:44:00.015204Z","level":"info","event":"Poking: SELECT COUNT(*) FROM demo_user.client_b_load_status\nWHERE status = 'COMPLETE' AND processed = 0 (with parameters None)","logger":"airflow.task.operators.airflow.providers.common.sql.sensors.sql.SqlSensor","filename":"sql.py","lineno":100}
{"timestamp":"2026-07-08T15:44:00.135461Z","level":"info","event":"Running statement: SELECT COUNT(*) FROM demo_user.client_b_load_status\nWHERE status = 'COMPLETE' AND processed = 0, parameters: None","logger":"airflow.task.hooks.airflow.providers.oracle.hooks.oracle.OracleHook","filename":"sql.py","lineno":861}
{"timestamp":"2026-07-08T15:44:00.136742Z","level":"info","event":"Rows affected: 0","logger":"airflow.task.hooks.airflow.providers.oracle.hooks.oracle.OracleHook","filename":"sql.py","lineno":879}
{"timestamp":"2026-07-08T15:44:10.163121Z","level":"info","event":"Poking: SELECT COUNT(*) FROM demo_user.client_b_load_status\nWHERE status = 'COMPLETE' AND processed = 0 (with parameters None)","logger":"airflow.task.operators.airflow.providers.common.sql.sensors.sql.SqlSensor","filename":"sql.py","lineno":100}
{"timestamp":"2026-07-08T15:44:10.218614Z","level":"info","event":"Running statement: SELECT COUNT(*) FROM demo_user.client_b_load_status\nWHERE status = 'COMPLETE' AND processed = 0, parameters: None","logger":"airflow.task.hooks.airflow.providers.oracle.hooks.oracle.OracleHook","filename":"sql.py","lineno":861}
{"timestamp":"2026-07-08T15:44:10.219966Z","level":"info","event":"Rows affected: 0","logger":"airflow.task.hooks.airflow.providers.oracle.hooks.oracle.OracleHook","filename":"sql.py","lineno":879}
{"timestamp":"2026-07-08T15:44:20.258842Z","level":"info","event":"Poking: SELECT COUNT(*) FROM demo_user.client_b_load_status\nWHERE status = 'COMPLETE' AND processed = 0 (with parameters None)","logger":"airflow.task.operators.airflow.providers.common.sql.sensors.sql.SqlSensor","filename":"sql.py","lineno":100}
{"timestamp":"2026-07-08T15:44:20.325215Z","level":"info","event":"Running statement: SELECT COUNT(*) FROM demo_user.client_b_load_status\nWHERE status = 'COMPLETE' AND processed = 0, parameters: None","logger":"airflow.task.hooks.airflow.providers.oracle.hooks.oracle.OracleHook","filename":"sql.py","lineno":861}
{"timestamp":"2026-07-08T15:44:20.326907Z","level":"info","event":"Rows affected: 0","logger":"airflow.task.hooks.airflow.providers.oracle.hooks.oracle.OracleHook","filename":"sql.py","lineno":879}
{"timestamp":"2026-07-08T15:44:30.359857Z","level":"info","event":"Poking: SELECT COUNT(*) FROM demo_user.client_b_load_status\nWHERE status = 'COMPLETE' AND processed = 0 (with parameters None)","logger":"airflow.task.operators.airflow.providers.common.sql.sensors.sql.SqlSensor","filename":"sql.py","lineno":100}
{"timestamp":"2026-07-08T15:44:30.419573Z","level":"info","event":"Running statement: SELECT COUNT(*) FROM demo_user.client_b_load_status\nWHERE status = 'COMPLETE' AND processed = 0, parameters: None","logger":"airflow.task.hooks.airflow.providers.oracle.hooks.oracle.OracleHook","filename":"sql.py","lineno":861}
{"timestamp":"2026-07-08T15:44:30.420857Z","level":"info","event":"Rows affected: 0","logger":"airflow.task.hooks.airflow.providers.oracle.hooks.oracle.OracleHook","filename":"sql.py","lineno":879}
{"timestamp":"2026-07-08T15:44:40.456446Z","level":"info","event":"Poking: SELECT COUNT(*) FROM demo_user.client_b_load_status\nWHERE status = 'COMPLETE' AND processed = 0 (with parameters None)","logger":"airflow.task.operators.airflow.providers.common.sql.sensors.sql.SqlSensor","filename":"sql.py","lineno":100}
{"timestamp":"2026-07-08T15:44:40.516932Z","level":"info","event":"Running statement: SELECT COUNT(*) FROM demo_user.client_b_load_status\nWHERE status = 'COMPLETE' AND processed = 0, parameters: None","logger":"airflow.task.hooks.airflow.providers.oracle.hooks.oracle.OracleHook","filename":"sql.py","lineno":861}
{"timestamp":"2026-07-08T15:44:40.518042Z","level":"info","event":"Rows affected: 0","logger":"airflow.task.hooks.airflow.providers.oracle.hooks.oracle.OracleHook","filename":"sql.py","lineno":879}
{"timestamp":"2026-07-08T15:44:50.545165Z","level":"info","event":"Poking: SELECT COUNT(*) FROM demo_user.client_b_load_status\nWHERE status = 'COMPLETE' AND processed = 0 (with parameters None)","logger":"airflow.task.operators.airflow.providers.common.sql.sensors.sql.SqlSensor","filename":"sql.py","lineno":100}
{"timestamp":"2026-07-08T15:44:50.595819Z","level":"info","event":"Running statement: SELECT COUNT(*) FROM demo_user.client_b_load_status\nWHERE status = 'COMPLETE' AND processed = 0, parameters: None","logger":"airflow.task.hooks.airflow.providers.oracle.hooks.oracle.OracleHook","filename":"sql.py","lineno":861}
{"timestamp":"2026-07-08T15:44:50.596899Z","level":"info","event":"Rows affected: 0","logger":"airflow.task.hooks.airflow.providers.oracle.hooks.oracle.OracleHook","filename":"sql.py","lineno":879}
{"timestamp":"2026-07-08T15:45:00.637182Z","level":"info","event":"Poking: SELECT COUNT(*) FROM demo_user.client_b_load_status\nWHERE status = 'COMPLETE' AND processed = 0 (with parameters None)","logger":"airflow.task.operators.airflow.providers.common.sql.sensors.sql.SqlSensor","filename":"sql.py","lineno":100}
{"timestamp":"2026-07-08T15:45:00.695299Z","level":"info","event":"Running statement: SELECT COUNT(*) FROM demo_user.client_b_load_status\nWHERE status = 'COMPLETE' AND processed = 0, parameters: None","logger":"airflow.task.hooks.airflow.providers.oracle.hooks.oracle.OracleHook","filename":"sql.py","lineno":861}
{"timestamp":"2026-07-08T15:45:00.696802Z","level":"info","event":"Rows affected: 0","logger":"airflow.task.hooks.airflow.providers.oracle.hooks.oracle.OracleHook","filename":"sql.py","lineno":879}
{"timestamp":"2026-07-08T15:45:10.728731Z","level":"info","event":"Poking: SELECT COUNT(*) FROM demo_user.client_b_load_status\nWHERE status = 'COMPLETE' AND processed = 0 (with parameters None)","logger":"airflow.task.operators.airflow.providers.common.sql.sensors.sql.SqlSensor","filename":"sql.py","lineno":100}
{"timestamp":"2026-07-08T15:45:10.789502Z","level":"info","event":"Running statement: SELECT COUNT(*) FROM demo_user.client_b_load_status\nWHERE status = 'COMPLETE' AND processed = 0, parameters: None","logger":"airflow.task.hooks.airflow.providers.oracle.hooks.oracle.OracleHook","filename":"sql.py","lineno":861}
{"timestamp":"2026-07-08T15:45:10.791079Z","level":"info","event":"Rows affected: 0","logger":"airflow.task.hooks.airflow.providers.oracle.hooks.oracle.OracleHook","filename":"sql.py","lineno":879}
{"timestamp":"2026-07-08T15:45:20.829676Z","level":"info","event":"Poking: SELECT COUNT(*) FROM demo_user.client_b_load_status\nWHERE status = 'COMPLETE' AND processed = 0 (with parameters None)","logger":"airflow.task.operators.airflow.providers.common.sql.sensors.sql.SqlSensor","filename":"sql.py","lineno":100}
{"timestamp":"2026-07-08T15:45:20.886528Z","level":"info","event":"Running statement: SELECT COUNT(*) FROM demo_user.client_b_load_status\nWHERE status = 'COMPLETE' AND processed = 0, parameters: None","logger":"airflow.task.hooks.airflow.providers.oracle.hooks.oracle.OracleHook","filename":"sql.py","lineno":861}
{"timestamp":"2026-07-08T15:45:20.888233Z","level":"info","event":"Rows affected: 0","logger":"airflow.task.hooks.airflow.providers.oracle.hooks.oracle.OracleHook","filename":"sql.py","lineno":879}
{"timestamp":"2026-07-08T15:45:30.926195Z","level":"info","event":"Poking: SELECT COUNT(*) FROM demo_user.client_b_load_status\nWHERE status = 'COMPLETE' AND processed = 0 (with parameters None)","logger":"airflow.task.operators.airflow.providers.common.sql.sensors.sql.SqlSensor","filename":"sql.py","lineno":100}
{"timestamp":"2026-07-08T15:45:30.985873Z","level":"info","event":"Running statement: SELECT COUNT(*) FROM demo_user.client_b_load_status\nWHERE status = 'COMPLETE' AND processed = 0, parameters: None","logger":"airflow.task.hooks.airflow.providers.oracle.hooks.oracle.OracleHook","filename":"sql.py","lineno":861}
{"timestamp":"2026-07-08T15:45:30.986896Z","level":"info","event":"Rows affected: 0","logger":"airflow.task.hooks.airflow.providers.oracle.hooks.oracle.OracleHook","filename":"sql.py","lineno":879}
{"timestamp":"2026-07-08T15:45:41.018832Z","level":"info","event":"Poking: SELECT COUNT(*) FROM demo_user.client_b_load_status\nWHERE status = 'COMPLETE' AND processed = 0 (with parameters None)","logger":"airflow.task.operators.airflow.providers.common.sql.sensors.sql.SqlSensor","filename":"sql.py","lineno":100}
{"timestamp":"2026-07-08T15:45:41.068949Z","level":"info","event":"Running statement: SELECT COUNT(*) FROM demo_user.client_b_load_status\nWHERE status = 'COMPLETE' AND processed = 0, parameters: None","logger":"airflow.task.hooks.airflow.providers.oracle.hooks.oracle.OracleHook","filename":"sql.py","lineno":861}
{"timestamp":"2026-07-08T15:45:41.070482Z","level":"info","event":"Rows affected: 0","logger":"airflow.task.hooks.airflow.providers.oracle.hooks.oracle.OracleHook","filename":"sql.py","lineno":879}
{"timestamp":"2026-07-08T15:45:51.103691Z","level":"info","event":"Poking: SELECT COUNT(*) FROM demo_user.client_b_load_status\nWHERE status = 'COMPLETE' AND processed = 0 (with parameters None)","logger":"airflow.task.operators.airflow.providers.common.sql.sensors.sql.SqlSensor","filename":"sql.py","lineno":100}
{"timestamp":"2026-07-08T15:45:51.161076Z","level":"info","event":"Running statement: SELECT COUNT(*) FROM demo_user.client_b_load_status\nWHERE status = 'COMPLETE' AND processed = 0, parameters: None","logger":"airflow.task.hooks.airflow.providers.oracle.hooks.oracle.OracleHook","filename":"sql.py","lineno":861}
{"timestamp":"2026-07-08T15:45:51.162092Z","level":"info","event":"Rows affected: 0","logger":"airflow.task.hooks.airflow.providers.oracle.hooks.oracle.OracleHook","filename":"sql.py","lineno":879}
{"timestamp":"2026-07-08T15:46:01.201474Z","level":"info","event":"Poking: SELECT COUNT(*) FROM demo_user.client_b_load_status\nWHERE status = 'COMPLETE' AND processed = 0 (with parameters None)","logger":"airflow.task.operators.airflow.providers.common.sql.sensors.sql.SqlSensor","filename":"sql.py","lineno":100}
{"timestamp":"2026-07-08T15:46:01.287144Z","level":"info","event":"Running statement: SELECT COUNT(*) FROM demo_user.client_b_load_status\nWHERE status = 'COMPLETE' AND processed = 0, parameters: None","logger":"airflow.task.hooks.airflow.providers.oracle.hooks.oracle.OracleHook","filename":"sql.py","lineno":861}
{"timestamp":"2026-07-08T15:46:01.289980Z","level":"info","event":"Rows affected: 0","logger":"airflow.task.hooks.airflow.providers.oracle.hooks.oracle.OracleHook","filename":"sql.py","lineno":879}
{"timestamp":"2026-07-08T15:46:11.334266Z","level":"info","event":"Poking: SELECT COUNT(*) FROM demo_user.client_b_load_status\nWHERE status = 'COMPLETE' AND processed = 0 (with parameters None)","logger":"airflow.task.operators.airflow.providers.common.sql.sensors.sql.SqlSensor","filename":"sql.py","lineno":100}
{"timestamp":"2026-07-08T15:46:11.401075Z","level":"info","event":"Running statement: SELECT COUNT(*) FROM demo_user.client_b_load_status\nWHERE status = 'COMPLETE' AND processed = 0, parameters: None","logger":"airflow.task.hooks.airflow.providers.oracle.hooks.oracle.OracleHook","filename":"sql.py","lineno":861}
{"timestamp":"2026-07-08T15:46:11.402243Z","level":"info","event":"Rows affected: 0","logger":"airflow.task.hooks.airflow.providers.oracle.hooks.oracle.OracleHook","filename":"sql.py","lineno":879}
{"timestamp":"2026-07-08T15:46:21.444675Z","level":"info","event":"Poking: SELECT COUNT(*) FROM demo_user.client_b_load_status\nWHERE status = 'COMPLETE' AND processed = 0 (with parameters None)","logger":"airflow.task.operators.airflow.providers.common.sql.sensors.sql.SqlSensor","filename":"sql.py","lineno":100}
{"timestamp":"2026-07-08T15:46:21.504741Z","level":"info","event":"Running statement: SELECT COUNT(*) FROM demo_user.client_b_load_status\nWHERE status = 'COMPLETE' AND processed = 0, parameters: None","logger":"airflow.task.hooks.airflow.providers.oracle.hooks.oracle.OracleHook","filename":"sql.py","lineno":861}
{"timestamp":"2026-07-08T15:46:21.506368Z","level":"info","event":"Rows affected: 0","logger":"airflow.task.hooks.airflow.providers.oracle.hooks.oracle.OracleHook","filename":"sql.py","lineno":879}
{"timestamp":"2026-07-08T15:46:31.551427Z","level":"info","event":"Poking: SELECT COUNT(*) FROM demo_user.client_b_load_status\nWHERE status = 'COMPLETE' AND processed = 0 (with parameters None)","logger":"airflow.task.operators.airflow.providers.common.sql.sensors.sql.SqlSensor","filename":"sql.py","lineno":100}
{"timestamp":"2026-07-08T15:46:31.625106Z","level":"info","event":"Running statement: SELECT COUNT(*) FROM demo_user.client_b_load_status\nWHERE status = 'COMPLETE' AND processed = 0, parameters: None","logger":"airflow.task.hooks.airflow.providers.oracle.hooks.oracle.OracleHook","filename":"sql.py","lineno":861}
{"timestamp":"2026-07-08T15:46:31.626291Z","level":"info","event":"Rows affected: 0","logger":"airflow.task.hooks.airflow.providers.oracle.hooks.oracle.OracleHook","filename":"sql.py","lineno":879}
{"timestamp":"2026-07-08T15:46:41.670744Z","level":"info","event":"Poking: SELECT COUNT(*) FROM demo_user.client_b_load_status\nWHERE status = 'COMPLETE' AND processed = 0 (with parameters None)","logger":"airflow.task.operators.airflow.providers.common.sql.sensors.sql.SqlSensor","filename":"sql.py","lineno":100}
{"timestamp":"2026-07-08T15:46:41.723203Z","level":"info","event":"Running statement: SELECT COUNT(*) FROM demo_user.client_b_load_status\nWHERE status = 'COMPLETE' AND processed = 0, parameters: None","logger":"airflow.task.hooks.airflow.providers.oracle.hooks.oracle.OracleHook","filename":"sql.py","lineno":861}
{"timestamp":"2026-07-08T15:46:41.724265Z","level":"info","event":"Rows affected: 0","logger":"airflow.task.hooks.airflow.providers.oracle.hooks.oracle.OracleHook","filename":"sql.py","lineno":879}
{"timestamp":"2026-07-08T15:46:51.767508Z","level":"info","event":"Poking: SELECT COUNT(*) FROM demo_user.client_b_load_status\nWHERE status = 'COMPLETE' AND processed = 0 (with parameters None)","logger":"airflow.task.operators.airflow.providers.common.sql.sensors.sql.SqlSensor","filename":"sql.py","lineno":100}
{"timestamp":"2026-07-08T15:46:51.827580Z","level":"info","event":"Running statement: SELECT COUNT(*) FROM demo_user.client_b_load_status\nWHERE status = 'COMPLETE' AND processed = 0, parameters: None","logger":"airflow.task.hooks.airflow.providers.oracle.hooks.oracle.OracleHook","filename":"sql.py","lineno":861}
{"timestamp":"2026-07-08T15:46:51.828726Z","level":"info","event":"Rows affected: 0","logger":"airflow.task.hooks.airflow.providers.oracle.hooks.oracle.OracleHook","filename":"sql.py","lineno":879}
{"timestamp":"2026-07-08T15:47:01.863544Z","level":"info","event":"Poking: SELECT COUNT(*) FROM demo_user.client_b_load_status\nWHERE status = 'COMPLETE' AND processed = 0 (with parameters None)","logger":"airflow.task.operators.airflow.providers.common.sql.sensors.sql.SqlSensor","filename":"sql.py","lineno":100}
{"timestamp":"2026-07-08T15:47:01.928140Z","level":"info","event":"Running statement: SELECT COUNT(*) FROM demo_user.client_b_load_status\nWHERE status = 'COMPLETE' AND processed = 0, parameters: None","logger":"airflow.task.hooks.airflow.providers.oracle.hooks.oracle.OracleHook","filename":"sql.py","lineno":861}
{"timestamp":"2026-07-08T15:47:01.929921Z","level":"info","event":"Rows affected: 0","logger":"airflow.task.hooks.airflow.providers.oracle.hooks.oracle.OracleHook","filename":"sql.py","lineno":879}
{"timestamp":"2026-07-08T15:47:11.968739Z","level":"info","event":"Poking: SELECT COUNT(*) FROM demo_user.client_b_load_status\nWHERE status = 'COMPLETE' AND processed = 0 (with parameters None)","logger":"airflow.task.operators.airflow.providers.common.sql.sensors.sql.SqlSensor","filename":"sql.py","lineno":100}
{"timestamp":"2026-07-08T15:47:12.034909Z","level":"info","event":"Running statement: SELECT COUNT(*) FROM demo_user.client_b_load_status\nWHERE status = 'COMPLETE' AND processed = 0, parameters: None","logger":"airflow.task.hooks.airflow.providers.oracle.hooks.oracle.OracleHook","filename":"sql.py","lineno":861}
{"timestamp":"2026-07-08T15:47:12.036606Z","level":"info","event":"Rows affected: 0","logger":"airflow.task.hooks.airflow.providers.oracle.hooks.oracle.OracleHook","filename":"sql.py","lineno":879}
{"timestamp":"2026-07-08T15:47:22.079985Z","level":"info","event":"Poking: SELECT COUNT(*) FROM demo_user.client_b_load_status\nWHERE status = 'COMPLETE' AND processed = 0 (with parameters None)","logger":"airflow.task.operators.airflow.providers.common.sql.sensors.sql.SqlSensor","filename":"sql.py","lineno":100}
{"timestamp":"2026-07-08T15:47:22.144645Z","level":"info","event":"Running statement: SELECT COUNT(*) FROM demo_user.client_b_load_status\nWHERE status = 'COMPLETE' AND processed = 0, parameters: None","logger":"airflow.task.hooks.airflow.providers.oracle.hooks.oracle.OracleHook","filename":"sql.py","lineno":861}
{"timestamp":"2026-07-08T15:47:22.146116Z","level":"info","event":"Rows affected: 0","logger":"airflow.task.hooks.airflow.providers.oracle.hooks.oracle.OracleHook","filename":"sql.py","lineno":879}
{"timestamp":"2026-07-08T15:47:32.181362Z","level":"info","event":"Poking: SELECT COUNT(*) FROM demo_user.client_b_load_status\nWHERE status = 'COMPLETE' AND processed = 0 (with parameters None)","logger":"airflow.task.operators.airflow.providers.common.sql.sensors.sql.SqlSensor","filename":"sql.py","lineno":100}
{"timestamp":"2026-07-08T15:47:32.243148Z","level":"info","event":"Running statement: SELECT COUNT(*) FROM demo_user.client_b_load_status\nWHERE status = 'COMPLETE' AND processed = 0, parameters: None","logger":"airflow.task.hooks.airflow.providers.oracle.hooks.oracle.OracleHook","filename":"sql.py","lineno":861}
{"timestamp":"2026-07-08T15:47:32.244592Z","level":"info","event":"Rows affected: 0","logger":"airflow.task.hooks.airflow.providers.oracle.hooks.oracle.OracleHook","filename":"sql.py","lineno":879}
{"timestamp":"2026-07-08T15:47:42.284401Z","level":"info","event":"Poking: SELECT COUNT(*) FROM demo_user.client_b_load_status\nWHERE status = 'COMPLETE' AND processed = 0 (with parameters None)","logger":"airflow.task.operators.airflow.providers.common.sql.sensors.sql.SqlSensor","filename":"sql.py","lineno":100}
{"timestamp":"2026-07-08T15:47:42.341516Z","level":"info","event":"Running statement: SELECT COUNT(*) FROM demo_user.client_b_load_status\nWHERE status = 'COMPLETE' AND processed = 0, parameters: None","logger":"airflow.task.hooks.airflow.providers.oracle.hooks.oracle.OracleHook","filename":"sql.py","lineno":861}
{"timestamp":"2026-07-08T15:47:42.342623Z","level":"info","event":"Rows affected: 0","logger":"airflow.task.hooks.airflow.providers.oracle.hooks.oracle.OracleHook","filename":"sql.py","lineno":879}
{"timestamp":"2026-07-08T15:47:52.380347Z","level":"info","event":"Poking: SELECT COUNT(*) FROM demo_user.client_b_load_status\nWHERE status = 'COMPLETE' AND processed = 0 (with parameters None)","logger":"airflow.task.operators.airflow.providers.common.sql.sensors.sql.SqlSensor","filename":"sql.py","lineno":100}
{"timestamp":"2026-07-08T15:47:52.430596Z","level":"info","event":"Running statement: SELECT COUNT(*) FROM demo_user.client_b_load_status\nWHERE status = 'COMPLETE' AND processed = 0, parameters: None","logger":"airflow.task.hooks.airflow.providers.oracle.hooks.oracle.OracleHook","filename":"sql.py","lineno":861}
{"timestamp":"2026-07-08T15:47:52.431686Z","level":"info","event":"Rows affected: 0","logger":"airflow.task.hooks.airflow.providers.oracle.hooks.oracle.OracleHook","filename":"sql.py","lineno":879}
{"timestamp":"2026-07-08T15:48:02.460379Z","level":"info","event":"Poking: SELECT COUNT(*) FROM demo_user.client_b_load_status\nWHERE status = 'COMPLETE' AND processed = 0 (with parameters None)","logger":"airflow.task.operators.airflow.providers.common.sql.sensors.sql.SqlSensor","filename":"sql.py","lineno":100}
{"timestamp":"2026-07-08T15:48:02.516667Z","level":"info","event":"Running statement: SELECT COUNT(*) FROM demo_user.client_b_load_status\nWHERE status = 'COMPLETE' AND processed = 0, parameters: None","logger":"airflow.task.hooks.airflow.providers.oracle.hooks.oracle.OracleHook","filename":"sql.py","lineno":861}
{"timestamp":"2026-07-08T15:48:02.517555Z","level":"info","event":"Rows affected: 0","logger":"airflow.task.hooks.airflow.providers.oracle.hooks.oracle.OracleHook","filename":"sql.py","lineno":879}
{"timestamp":"2026-07-08T15:48:12.551828Z","level":"info","event":"Poking: SELECT COUNT(*) FROM demo_user.client_b_load_status\nWHERE status = 'COMPLETE' AND processed = 0 (with parameters None)","logger":"airflow.task.operators.airflow.providers.common.sql.sensors.sql.SqlSensor","filename":"sql.py","lineno":100}
{"timestamp":"2026-07-08T15:48:12.611536Z","level":"info","event":"Running statement: SELECT COUNT(*) FROM demo_user.client_b_load_status\nWHERE status = 'COMPLETE' AND processed = 0, parameters: None","logger":"airflow.task.hooks.airflow.providers.oracle.hooks.oracle.OracleHook","filename":"sql.py","lineno":861}
{"timestamp":"2026-07-08T15:48:12.612739Z","level":"info","event":"Rows affected: 0","logger":"airflow.task.hooks.airflow.providers.oracle.hooks.oracle.OracleHook","filename":"sql.py","lineno":879}
{"timestamp":"2026-07-08T15:48:22.639056Z","level":"info","event":"Poking: SELECT COUNT(*) FROM demo_user.client_b_load_status\nWHERE status = 'COMPLETE' AND processed = 0 (with parameters None)","logger":"airflow.task.operators.airflow.providers.common.sql.sensors.sql.SqlSensor","filename":"sql.py","lineno":100}
{"timestamp":"2026-07-08T15:48:22.687863Z","level":"info","event":"Running statement: SELECT COUNT(*) FROM demo_user.client_b_load_status\nWHERE status = 'COMPLETE' AND processed = 0, parameters: None","logger":"airflow.task.hooks.airflow.providers.oracle.hooks.oracle.OracleHook","filename":"sql.py","lineno":861}
{"timestamp":"2026-07-08T15:48:22.688886Z","level":"info","event":"Rows affected: 0","logger":"airflow.task.hooks.airflow.providers.oracle.hooks.oracle.OracleHook","filename":"sql.py","lineno":879}
{"timestamp":"2026-07-08T15:48:32.718816Z","level":"info","event":"Poking: SELECT COUNT(*) FROM demo_user.client_b_load_status\nWHERE status = 'COMPLETE' AND processed = 0 (with parameters None)","logger":"airflow.task.operators.airflow.providers.common.sql.sensors.sql.SqlSensor","filename":"sql.py","lineno":100}
{"timestamp":"2026-07-08T15:48:32.772045Z","level":"info","event":"Running statement: SELECT COUNT(*) FROM demo_user.client_b_load_status\nWHERE status = 'COMPLETE' AND processed = 0, parameters: None","logger":"airflow.task.hooks.airflow.providers.oracle.hooks.oracle.OracleHook","filename":"sql.py","lineno":861}
{"timestamp":"2026-07-08T15:48:32.772974Z","level":"info","event":"Rows affected: 0","logger":"airflow.task.hooks.airflow.providers.oracle.hooks.oracle.OracleHook","filename":"sql.py","lineno":879}
{"timestamp":"2026-07-08T15:48:42.805231Z","level":"info","event":"Poking: SELECT COUNT(*) FROM demo_user.client_b_load_status\nWHERE status = 'COMPLETE' AND processed = 0 (with parameters None)","logger":"airflow.task.operators.airflow.providers.common.sql.sensors.sql.SqlSensor","filename":"sql.py","lineno":100}
{"timestamp":"2026-07-08T15:48:42.860369Z","level":"info","event":"Running statement: SELECT COUNT(*) FROM demo_user.client_b_load_status\nWHERE status = 'COMPLETE' AND processed = 0, parameters: None","logger":"airflow.task.hooks.airflow.providers.oracle.hooks.oracle.OracleHook","filename":"sql.py","lineno":861}
{"timestamp":"2026-07-08T15:48:42.861848Z","level":"info","event":"Rows affected: 0","logger":"airflow.task.hooks.airflow.providers.oracle.hooks.oracle.OracleHook","filename":"sql.py","lineno":879}
{"timestamp":"2026-07-08T15:48:52.899476Z","level":"info","event":"Poking: SELECT COUNT(*) FROM demo_user.client_b_load_status\nWHERE status = 'COMPLETE' AND processed = 0 (with parameters None)","logger":"airflow.task.operators.airflow.providers.common.sql.sensors.sql.SqlSensor","filename":"sql.py","lineno":100}
{"timestamp":"2026-07-08T15:48:52.955258Z","level":"info","event":"Running statement: SELECT COUNT(*) FROM demo_user.client_b_load_status\nWHERE status = 'COMPLETE' AND processed = 0, parameters: None","logger":"airflow.task.hooks.airflow.providers.oracle.hooks.oracle.OracleHook","filename":"sql.py","lineno":861}
{"timestamp":"2026-07-08T15:48:52.956368Z","level":"info","event":"Rows affected: 0","logger":"airflow.task.hooks.airflow.providers.oracle.hooks.oracle.OracleHook","filename":"sql.py","lineno":879}
{"timestamp":"2026-07-08T15:49:02.996108Z","level":"info","event":"Poking: SELECT COUNT(*) FROM demo_user.client_b_load_status\nWHERE status = 'COMPLETE' AND processed = 0 (with parameters None)","logger":"airflow.task.operators.airflow.providers.common.sql.sensors.sql.SqlSensor","filename":"sql.py","lineno":100}
{"timestamp":"2026-07-08T15:49:03.058471Z","level":"info","event":"Running statement: SELECT COUNT(*) FROM demo_user.client_b_load_status\nWHERE status = 'COMPLETE' AND processed = 0, parameters: None","logger":"airflow.task.hooks.airflow.providers.oracle.hooks.oracle.OracleHook","filename":"sql.py","lineno":861}
{"timestamp":"2026-07-08T15:49:03.059561Z","level":"info","event":"Rows affected: 0","logger":"airflow.task.hooks.airflow.providers.oracle.hooks.oracle.OracleHook","filename":"sql.py","lineno":879}
{"timestamp":"2026-07-08T15:49:13.090011Z","level":"info","event":"Poking: SELECT COUNT(*) FROM demo_user.client_b_load_status\nWHERE status = 'COMPLETE' AND processed = 0 (with parameters None)","logger":"airflow.task.operators.airflow.providers.common.sql.sensors.sql.SqlSensor","filename":"sql.py","lineno":100}
{"timestamp":"2026-07-08T15:49:13.146721Z","level":"info","event":"Running statement: SELECT COUNT(*) FROM demo_user.client_b_load_status\nWHERE status = 'COMPLETE' AND processed = 0, parameters: None","logger":"airflow.task.hooks.airflow.providers.oracle.hooks.oracle.OracleHook","filename":"sql.py","lineno":861}
{"timestamp":"2026-07-08T15:49:13.148004Z","level":"info","event":"Rows affected: 0","logger":"airflow.task.hooks.airflow.providers.oracle.hooks.oracle.OracleHook","filename":"sql.py","lineno":879}
{"timestamp":"2026-07-08T15:49:23.181186Z","level":"info","event":"Poking: SELECT COUNT(*) FROM demo_user.client_b_load_status\nWHERE status = 'COMPLETE' AND processed = 0 (with parameters None)","logger":"airflow.task.operators.airflow.providers.common.sql.sensors.sql.SqlSensor","filename":"sql.py","lineno":100}
{"timestamp":"2026-07-08T15:49:23.229070Z","level":"info","event":"Running statement: SELECT COUNT(*) FROM demo_user.client_b_load_status\nWHERE status = 'COMPLETE' AND processed = 0, parameters: None","logger":"airflow.task.hooks.airflow.providers.oracle.hooks.oracle.OracleHook","filename":"sql.py","lineno":861}
{"timestamp":"2026-07-08T15:49:23.230098Z","level":"info","event":"Rows affected: 0","logger":"airflow.task.hooks.airflow.providers.oracle.hooks.oracle.OracleHook","filename":"sql.py","lineno":879}
{"timestamp":"2026-07-08T15:49:33.255893Z","level":"info","event":"Poking: SELECT COUNT(*) FROM demo_user.client_b_load_status\nWHERE status = 'COMPLETE' AND processed = 0 (with parameters None)","logger":"airflow.task.operators.airflow.providers.common.sql.sensors.sql.SqlSensor","filename":"sql.py","lineno":100}
{"timestamp":"2026-07-08T15:49:33.308841Z","level":"info","event":"Running statement: SELECT COUNT(*) FROM demo_user.client_b_load_status\nWHERE status = 'COMPLETE' AND processed = 0, parameters: None","logger":"airflow.task.hooks.airflow.providers.oracle.hooks.oracle.OracleHook","filename":"sql.py","lineno":861}
{"timestamp":"2026-07-08T15:49:33.309867Z","level":"info","event":"Rows affected: 0","logger":"airflow.task.hooks.airflow.providers.oracle.hooks.oracle.OracleHook","filename":"sql.py","lineno":879}
{"timestamp":"2026-07-08T15:49:43.356705Z","level":"info","event":"Poking: SELECT COUNT(*) FROM demo_user.client_b_load_status\nWHERE status = 'COMPLETE' AND processed = 0 (with parameters None)","logger":"airflow.task.operators.airflow.providers.common.sql.sensors.sql.SqlSensor","filename":"sql.py","lineno":100}
{"timestamp":"2026-07-08T15:49:43.441064Z","level":"info","event":"Running statement: SELECT COUNT(*) FROM demo_user.client_b_load_status\nWHERE status = 'COMPLETE' AND processed = 0, parameters: None","logger":"airflow.task.hooks.airflow.providers.oracle.hooks.oracle.OracleHook","filename":"sql.py","lineno":861}
{"timestamp":"2026-07-08T15:49:43.443100Z","level":"info","event":"Rows affected: 0","logger":"airflow.task.hooks.airflow.providers.oracle.hooks.oracle.OracleHook","filename":"sql.py","lineno":879}
{"timestamp":"2026-07-08T15:49:53.487516Z","level":"info","event":"Poking: SELECT COUNT(*) FROM demo_user.client_b_load_status\nWHERE status = 'COMPLETE' AND processed = 0 (with parameters None)","logger":"airflow.task.operators.airflow.providers.common.sql.sensors.sql.SqlSensor","filename":"sql.py","lineno":100}
{"timestamp":"2026-07-08T15:49:53.546980Z","level":"info","event":"Running statement: SELECT COUNT(*) FROM demo_user.client_b_load_status\nWHERE status = 'COMPLETE' AND processed = 0, parameters: None","logger":"airflow.task.hooks.airflow.providers.oracle.hooks.oracle.OracleHook","filename":"sql.py","lineno":861}
{"timestamp":"2026-07-08T15:49:53.548594Z","level":"info","event":"Rows affected: 0","logger":"airflow.task.hooks.airflow.providers.oracle.hooks.oracle.OracleHook","filename":"sql.py","lineno":879}
{"timestamp":"2026-07-08T15:50:03.579744Z","level":"info","event":"Poking: SELECT COUNT(*) FROM demo_user.client_b_load_status\nWHERE status = 'COMPLETE' AND processed = 0 (with parameters None)","logger":"airflow.task.operators.airflow.providers.common.sql.sensors.sql.SqlSensor","filename":"sql.py","lineno":100}
{"timestamp":"2026-07-08T15:50:03.654460Z","level":"info","event":"Running statement: SELECT COUNT(*) FROM demo_user.client_b_load_status\nWHERE status = 'COMPLETE' AND processed = 0, parameters: None","logger":"airflow.task.hooks.airflow.providers.oracle.hooks.oracle.OracleHook","filename":"sql.py","lineno":861}
{"timestamp":"2026-07-08T15:50:03.656020Z","level":"info","event":"Rows affected: 0","logger":"airflow.task.hooks.airflow.providers.oracle.hooks.oracle.OracleHook","filename":"sql.py","lineno":879}
{"timestamp":"2026-07-08T15:50:13.692317Z","level":"info","event":"Poking: SELECT COUNT(*) FROM demo_user.client_b_load_status\nWHERE status = 'COMPLETE' AND processed = 0 (with parameters None)","logger":"airflow.task.operators.airflow.providers.common.sql.sensors.sql.SqlSensor","filename":"sql.py","lineno":100}
{"timestamp":"2026-07-08T15:50:13.758379Z","level":"info","event":"Running statement: SELECT COUNT(*) FROM demo_user.client_b_load_status\nWHERE status = 'COMPLETE' AND processed = 0, parameters: None","logger":"airflow.task.hooks.airflow.providers.oracle.hooks.oracle.OracleHook","filename":"sql.py","lineno":861}
{"timestamp":"2026-07-08T15:50:13.759272Z","level":"info","event":"Rows affected: 0","logger":"airflow.task.hooks.airflow.providers.oracle.hooks.oracle.OracleHook","filename":"sql.py","lineno":879}
{"timestamp":"2026-07-08T15:50:23.794633Z","level":"info","event":"Poking: SELECT COUNT(*) FROM demo_user.client_b_load_status\nWHERE status = 'COMPLETE' AND processed = 0 (with parameters None)","logger":"airflow.task.operators.airflow.providers.common.sql.sensors.sql.SqlSensor","filename":"sql.py","lineno":100}
{"timestamp":"2026-07-08T15:50:23.847782Z","level":"info","event":"Running statement: SELECT COUNT(*) FROM demo_user.client_b_load_status\nWHERE status = 'COMPLETE' AND processed = 0, parameters: None","logger":"airflow.task.hooks.airflow.providers.oracle.hooks.oracle.OracleHook","filename":"sql.py","lineno":861}
{"timestamp":"2026-07-08T15:50:23.848767Z","level":"info","event":"Rows affected: 0","logger":"airflow.task.hooks.airflow.providers.oracle.hooks.oracle.OracleHook","filename":"sql.py","lineno":879}
{"timestamp":"2026-07-08T15:50:33.885406Z","level":"info","event":"Poking: SELECT COUNT(*) FROM demo_user.client_b_load_status\nWHERE status = 'COMPLETE' AND processed = 0 (with parameters None)","logger":"airflow.task.operators.airflow.providers.common.sql.sensors.sql.SqlSensor","filename":"sql.py","lineno":100}
{"timestamp":"2026-07-08T15:50:33.945490Z","level":"info","event":"Running statement: SELECT COUNT(*) FROM demo_user.client_b_load_status\nWHERE status = 'COMPLETE' AND processed = 0, parameters: None","logger":"airflow.task.hooks.airflow.providers.oracle.hooks.oracle.OracleHook","filename":"sql.py","lineno":861}
{"timestamp":"2026-07-08T15:50:33.946860Z","level":"info","event":"Rows affected: 0","logger":"airflow.task.hooks.airflow.providers.oracle.hooks.oracle.OracleHook","filename":"sql.py","lineno":879}
{"timestamp":"2026-07-08T15:50:43.989849Z","level":"info","event":"Poking: SELECT COUNT(*) FROM demo_user.client_b_load_status\nWHERE status = 'COMPLETE' AND processed = 0 (with parameters None)","logger":"airflow.task.operators.airflow.providers.common.sql.sensors.sql.SqlSensor","filename":"sql.py","lineno":100}
{"timestamp":"2026-07-08T15:50:44.063314Z","level":"info","event":"Running statement: SELECT COUNT(*) FROM demo_user.client_b_load_status\nWHERE status = 'COMPLETE' AND processed = 0, parameters: None","logger":"airflow.task.hooks.airflow.providers.oracle.hooks.oracle.OracleHook","filename":"sql.py","lineno":861}
{"timestamp":"2026-07-08T15:50:44.064656Z","level":"info","event":"Rows affected: 0","logger":"airflow.task.hooks.airflow.providers.oracle.hooks.oracle.OracleHook","filename":"sql.py","lineno":879}
{"timestamp":"2026-07-08T15:50:54.106475Z","level":"info","event":"Poking: SELECT COUNT(*) FROM demo_user.client_b_load_status\nWHERE status = 'COMPLETE' AND processed = 0 (with parameters None)","logger":"airflow.task.operators.airflow.providers.common.sql.sensors.sql.SqlSensor","filename":"sql.py","lineno":100}
{"timestamp":"2026-07-08T15:50:54.162885Z","level":"info","event":"Running statement: SELECT COUNT(*) FROM demo_user.client_b_load_status\nWHERE status = 'COMPLETE' AND processed = 0, parameters: None","logger":"airflow.task.hooks.airflow.providers.oracle.hooks.oracle.OracleHook","filename":"sql.py","lineno":861}
{"timestamp":"2026-07-08T15:50:54.163738Z","level":"info","event":"Rows affected: 0","logger":"airflow.task.hooks.airflow.providers.oracle.hooks.oracle.OracleHook","filename":"sql.py","lineno":879}
{"timestamp":"2026-07-08T15:51:04.200680Z","level":"info","event":"Poking: SELECT COUNT(*) FROM demo_user.client_b_load_status\nWHERE status = 'COMPLETE' AND processed = 0 (with parameters None)","logger":"airflow.task.operators.airflow.providers.common.sql.sensors.sql.SqlSensor","filename":"sql.py","lineno":100}
{"timestamp":"2026-07-08T15:51:04.258766Z","level":"info","event":"Running statement: SELECT COUNT(*) FROM demo_user.client_b_load_status\nWHERE status = 'COMPLETE' AND processed = 0, parameters: None","logger":"airflow.task.hooks.airflow.providers.oracle.hooks.oracle.OracleHook","filename":"sql.py","lineno":861}
{"timestamp":"2026-07-08T15:51:04.259655Z","level":"info","event":"Rows affected: 0","logger":"airflow.task.hooks.airflow.providers.oracle.hooks.oracle.OracleHook","filename":"sql.py","lineno":879}
{"timestamp":"2026-07-08T15:51:14.301812Z","level":"info","event":"Poking: SELECT COUNT(*) FROM demo_user.client_b_load_status\nWHERE status = 'COMPLETE' AND processed = 0 (with parameters None)","logger":"airflow.task.operators.airflow.providers.common.sql.sensors.sql.SqlSensor","filename":"sql.py","lineno":100}
{"timestamp":"2026-07-08T15:51:14.362828Z","level":"info","event":"Running statement: SELECT COUNT(*) FROM demo_user.client_b_load_status\nWHERE status = 'COMPLETE' AND processed = 0, parameters: None","logger":"airflow.task.hooks.airflow.providers.oracle.hooks.oracle.OracleHook","filename":"sql.py","lineno":861}
{"timestamp":"2026-07-08T15:51:14.363916Z","level":"info","event":"Rows affected: 0","logger":"airflow.task.hooks.airflow.providers.oracle.hooks.oracle.OracleHook","filename":"sql.py","lineno":879}
{"timestamp":"2026-07-08T15:51:24.414656Z","level":"info","event":"Poking: SELECT COUNT(*) FROM demo_user.client_b_load_status\nWHERE status = 'COMPLETE' AND processed = 0 (with parameters None)","logger":"airflow.task.operators.airflow.providers.common.sql.sensors.sql.SqlSensor","filename":"sql.py","lineno":100}
{"timestamp":"2026-07-08T15:51:24.538979Z","level":"info","event":"Running statement: SELECT COUNT(*) FROM demo_user.client_b_load_status\nWHERE status = 'COMPLETE' AND processed = 0, parameters: None","logger":"airflow.task.hooks.airflow.providers.oracle.hooks.oracle.OracleHook","filename":"sql.py","lineno":861}
{"timestamp":"2026-07-08T15:51:24.542735Z","level":"info","event":"Rows affected: 0","logger":"airflow.task.hooks.airflow.providers.oracle.hooks.oracle.OracleHook","filename":"sql.py","lineno":879}
{"timestamp":"2026-07-08T15:51:34.592834Z","level":"info","event":"Poking: SELECT COUNT(*) FROM demo_user.client_b_load_status\nWHERE status = 'COMPLETE' AND processed = 0 (with parameters None)","logger":"airflow.task.operators.airflow.providers.common.sql.sensors.sql.SqlSensor","filename":"sql.py","lineno":100}
{"timestamp":"2026-07-08T15:51:34.699867Z","level":"info","event":"Running statement: SELECT COUNT(*) FROM demo_user.client_b_load_status\nWHERE status = 'COMPLETE' AND processed = 0, parameters: None","logger":"airflow.task.hooks.airflow.providers.oracle.hooks.oracle.OracleHook","filename":"sql.py","lineno":861}
{"timestamp":"2026-07-08T15:51:34.701848Z","level":"info","event":"Rows affected: 0","logger":"airflow.task.hooks.airflow.providers.oracle.hooks.oracle.OracleHook","filename":"sql.py","lineno":879}
{"timestamp":"2026-07-08T15:51:44.739640Z","level":"info","event":"Poking: SELECT COUNT(*) FROM demo_user.client_b_load_status\nWHERE status = 'COMPLETE' AND processed = 0 (with parameters None)","logger":"airflow.task.operators.airflow.providers.common.sql.sensors.sql.SqlSensor","filename":"sql.py","lineno":100}
{"timestamp":"2026-07-08T15:51:44.794252Z","level":"info","event":"Running statement: SELECT COUNT(*) FROM demo_user.client_b_load_status\nWHERE status = 'COMPLETE' AND processed = 0, parameters: None","logger":"airflow.task.hooks.airflow.providers.oracle.hooks.oracle.OracleHook","filename":"sql.py","lineno":861}
{"timestamp":"2026-07-08T15:51:44.795388Z","level":"info","event":"Rows affected: 0","logger":"airflow.task.hooks.airflow.providers.oracle.hooks.oracle.OracleHook","filename":"sql.py","lineno":879}
{"timestamp":"2026-07-08T15:51:54.832531Z","level":"info","event":"Poking: SELECT COUNT(*) FROM demo_user.client_b_load_status\nWHERE status = 'COMPLETE' AND processed = 0 (with parameters None)","logger":"airflow.task.operators.airflow.providers.common.sql.sensors.sql.SqlSensor","filename":"sql.py","lineno":100}
{"timestamp":"2026-07-08T15:51:54.883922Z","level":"info","event":"Running statement: SELECT COUNT(*) FROM demo_user.client_b_load_status\nWHERE status = 'COMPLETE' AND processed = 0, parameters: None","logger":"airflow.task.hooks.airflow.providers.oracle.hooks.oracle.OracleHook","filename":"sql.py","lineno":861}
{"timestamp":"2026-07-08T15:51:54.885108Z","level":"info","event":"Rows affected: 0","logger":"airflow.task.hooks.airflow.providers.oracle.hooks.oracle.OracleHook","filename":"sql.py","lineno":879}
{"timestamp":"2026-07-08T15:52:04.919829Z","level":"info","event":"Poking: SELECT COUNT(*) FROM demo_user.client_b_load_status\nWHERE status = 'COMPLETE' AND processed = 0 (with parameters None)","logger":"airflow.task.operators.airflow.providers.common.sql.sensors.sql.SqlSensor","filename":"sql.py","lineno":100}
{"timestamp":"2026-07-08T15:52:04.974144Z","level":"info","event":"Running statement: SELECT COUNT(*) FROM demo_user.client_b_load_status\nWHERE status = 'COMPLETE' AND processed = 0, parameters: None","logger":"airflow.task.hooks.airflow.providers.oracle.hooks.oracle.OracleHook","filename":"sql.py","lineno":861}
{"timestamp":"2026-07-08T15:52:04.975228Z","level":"info","event":"Rows affected: 0","logger":"airflow.task.hooks.airflow.providers.oracle.hooks.oracle.OracleHook","filename":"sql.py","lineno":879}
{"timestamp":"2026-07-08T15:52:15.044306Z","level":"info","event":"Poking: SELECT COUNT(*) FROM demo_user.client_b_load_status\nWHERE status = 'COMPLETE' AND processed = 0 (with parameters None)","logger":"airflow.task.operators.airflow.providers.common.sql.sensors.sql.SqlSensor","filename":"sql.py","lineno":100}
{"timestamp":"2026-07-08T15:52:15.116976Z","level":"info","event":"Running statement: SELECT COUNT(*) FROM demo_user.client_b_load_status\nWHERE status = 'COMPLETE' AND processed = 0, parameters: None","logger":"airflow.task.hooks.airflow.providers.oracle.hooks.oracle.OracleHook","filename":"sql.py","lineno":861}
{"timestamp":"2026-07-08T15:52:15.118450Z","level":"info","event":"Rows affected: 0","logger":"airflow.task.hooks.airflow.providers.oracle.hooks.oracle.OracleHook","filename":"sql.py","lineno":879}
{"timestamp":"2026-07-08T15:52:25.183235Z","level":"info","event":"Poking: SELECT COUNT(*) FROM demo_user.client_b_load_status\nWHERE status = 'COMPLETE' AND processed = 0 (with parameters None)","logger":"airflow.task.operators.airflow.providers.common.sql.sensors.sql.SqlSensor","filename":"sql.py","lineno":100}
{"timestamp":"2026-07-08T15:52:25.249723Z","level":"info","event":"Running statement: SELECT COUNT(*) FROM demo_user.client_b_load_status\nWHERE status = 'COMPLETE' AND processed = 0, parameters: None","logger":"airflow.task.hooks.airflow.providers.oracle.hooks.oracle.OracleHook","filename":"sql.py","lineno":861}
{"timestamp":"2026-07-08T15:52:25.251001Z","level":"info","event":"Rows affected: 0","logger":"airflow.task.hooks.airflow.providers.oracle.hooks.oracle.OracleHook","filename":"sql.py","lineno":879}
{"timestamp":"2026-07-08T15:52:35.272185Z","level":"info","event":"Poking: SELECT COUNT(*) FROM demo_user.client_b_load_status\nWHERE status = 'COMPLETE' AND processed = 0 (with parameters None)","logger":"airflow.task.operators.airflow.providers.common.sql.sensors.sql.SqlSensor","filename":"sql.py","lineno":100}
{"timestamp":"2026-07-08T15:52:35.331055Z","level":"info","event":"Running statement: SELECT COUNT(*) FROM demo_user.client_b_load_status\nWHERE status = 'COMPLETE' AND processed = 0, parameters: None","logger":"airflow.task.hooks.airflow.providers.oracle.hooks.oracle.OracleHook","filename":"sql.py","lineno":861}
{"timestamp":"2026-07-08T15:52:35.332138Z","level":"info","event":"Rows affected: 0","logger":"airflow.task.hooks.airflow.providers.oracle.hooks.oracle.OracleHook","filename":"sql.py","lineno":879}
{"timestamp":"2026-07-08T15:52:45.372423Z","level":"info","event":"Poking: SELECT COUNT(*) FROM demo_user.client_b_load_status\nWHERE status = 'COMPLETE' AND processed = 0 (with parameters None)","logger":"airflow.task.operators.airflow.providers.common.sql.sensors.sql.SqlSensor","filename":"sql.py","lineno":100}
{"timestamp":"2026-07-08T15:52:45.434322Z","level":"info","event":"Running statement: SELECT COUNT(*) FROM demo_user.client_b_load_status\nWHERE status = 'COMPLETE' AND processed = 0, parameters: None","logger":"airflow.task.hooks.airflow.providers.oracle.hooks.oracle.OracleHook","filename":"sql.py","lineno":861}
{"timestamp":"2026-07-08T15:52:45.435725Z","level":"info","event":"Rows affected: 0","logger":"airflow.task.hooks.airflow.providers.oracle.hooks.oracle.OracleHook","filename":"sql.py","lineno":879}
{"timestamp":"2026-07-08T15:52:55.480661Z","level":"info","event":"Poking: SELECT COUNT(*) FROM demo_user.client_b_load_status\nWHERE status = 'COMPLETE' AND processed = 0 (with parameters None)","logger":"airflow.task.operators.airflow.providers.common.sql.sensors.sql.SqlSensor","filename":"sql.py","lineno":100}
{"timestamp":"2026-07-08T15:52:55.540757Z","level":"info","event":"Running statement: SELECT COUNT(*) FROM demo_user.client_b_load_status\nWHERE status = 'COMPLETE' AND processed = 0, parameters: None","logger":"airflow.task.hooks.airflow.providers.oracle.hooks.oracle.OracleHook","filename":"sql.py","lineno":861}
{"timestamp":"2026-07-08T15:52:55.542140Z","level":"info","event":"Rows affected: 0","logger":"airflow.task.hooks.airflow.providers.oracle.hooks.oracle.OracleHook","filename":"sql.py","lineno":879}
{"timestamp":"2026-07-08T15:53:05.575506Z","level":"info","event":"Poking: SELECT COUNT(*) FROM demo_user.client_b_load_status\nWHERE status = 'COMPLETE' AND processed = 0 (with parameters None)","logger":"airflow.task.operators.airflow.providers.common.sql.sensors.sql.SqlSensor","filename":"sql.py","lineno":100}
{"timestamp":"2026-07-08T15:53:05.634540Z","level":"info","event":"Running statement: SELECT COUNT(*) FROM demo_user.client_b_load_status\nWHERE status = 'COMPLETE' AND processed = 0, parameters: None","logger":"airflow.task.hooks.airflow.providers.oracle.hooks.oracle.OracleHook","filename":"sql.py","lineno":861}
{"timestamp":"2026-07-08T15:53:05.635641Z","level":"info","event":"Rows affected: 0","logger":"airflow.task.hooks.airflow.providers.oracle.hooks.oracle.OracleHook","filename":"sql.py","lineno":879}
{"timestamp":"2026-07-08T15:53:15.671598Z","level":"info","event":"Poking: SELECT COUNT(*) FROM demo_user.client_b_load_status\nWHERE status = 'COMPLETE' AND processed = 0 (with parameters None)","logger":"airflow.task.operators.airflow.providers.common.sql.sensors.sql.SqlSensor","filename":"sql.py","lineno":100}
{"timestamp":"2026-07-08T15:53:15.728387Z","level":"info","event":"Running statement: SELECT COUNT(*) FROM demo_user.client_b_load_status\nWHERE status = 'COMPLETE' AND processed = 0, parameters: None","logger":"airflow.task.hooks.airflow.providers.oracle.hooks.oracle.OracleHook","filename":"sql.py","lineno":861}
{"timestamp":"2026-07-08T15:53:15.729601Z","level":"info","event":"Rows affected: 0","logger":"airflow.task.hooks.airflow.providers.oracle.hooks.oracle.OracleHook","filename":"sql.py","lineno":879}
{"timestamp":"2026-07-08T15:53:25.770938Z","level":"info","event":"Poking: SELECT COUNT(*) FROM demo_user.client_b_load_status\nWHERE status = 'COMPLETE' AND processed = 0 (with parameters None)","logger":"airflow.task.operators.airflow.providers.common.sql.sensors.sql.SqlSensor","filename":"sql.py","lineno":100}
{"timestamp":"2026-07-08T15:53:25.827762Z","level":"info","event":"Running statement: SELECT COUNT(*) FROM demo_user.client_b_load_status\nWHERE status = 'COMPLETE' AND processed = 0, parameters: None","logger":"airflow.task.hooks.airflow.providers.oracle.hooks.oracle.OracleHook","filename":"sql.py","lineno":861}
{"timestamp":"2026-07-08T15:53:25.828853Z","level":"info","event":"Rows affected: 0","logger":"airflow.task.hooks.airflow.providers.oracle.hooks.oracle.OracleHook","filename":"sql.py","lineno":879}
{"timestamp":"2026-07-08T15:53:35.857535Z","level":"info","event":"Poking: SELECT COUNT(*) FROM demo_user.client_b_load_status\nWHERE status = 'COMPLETE' AND processed = 0 (with parameters None)","logger":"airflow.task.operators.airflow.providers.common.sql.sensors.sql.SqlSensor","filename":"sql.py","lineno":100}
{"timestamp":"2026-07-08T15:53:35.910504Z","level":"info","event":"Running statement: SELECT COUNT(*) FROM demo_user.client_b_load_status\nWHERE status = 'COMPLETE' AND processed = 0, parameters: None","logger":"airflow.task.hooks.airflow.providers.oracle.hooks.oracle.OracleHook","filename":"sql.py","lineno":861}
{"timestamp":"2026-07-08T15:53:35.911390Z","level":"info","event":"Rows affected: 0","logger":"airflow.task.hooks.airflow.providers.oracle.hooks.oracle.OracleHook","filename":"sql.py","lineno":879}
{"timestamp":"2026-07-08T15:53:45.948614Z","level":"info","event":"Poking: SELECT COUNT(*) FROM demo_user.client_b_load_status\nWHERE status = 'COMPLETE' AND processed = 0 (with parameters None)","logger":"airflow.task.operators.airflow.providers.common.sql.sensors.sql.SqlSensor","filename":"sql.py","lineno":100}
{"timestamp":"2026-07-08T15:53:46.002837Z","level":"info","event":"Running statement: SELECT COUNT(*) FROM demo_user.client_b_load_status\nWHERE status = 'COMPLETE' AND processed = 0, parameters: None","logger":"airflow.task.hooks.airflow.providers.oracle.hooks.oracle.OracleHook","filename":"sql.py","lineno":861}
{"timestamp":"2026-07-08T15:53:46.003851Z","level":"info","event":"Rows affected: 0","logger":"airflow.task.hooks.airflow.providers.oracle.hooks.oracle.OracleHook","filename":"sql.py","lineno":879}
{"timestamp":"2026-07-08T15:53:56.046620Z","level":"info","event":"Poking: SELECT COUNT(*) FROM demo_user.client_b_load_status\nWHERE status = 'COMPLETE' AND processed = 0 (with parameters None)","logger":"airflow.task.operators.airflow.providers.common.sql.sensors.sql.SqlSensor","filename":"sql.py","lineno":100}
{"timestamp":"2026-07-08T15:53:56.114584Z","level":"info","event":"Running statement: SELECT COUNT(*) FROM demo_user.client_b_load_status\nWHERE status = 'COMPLETE' AND processed = 0, parameters: None","logger":"airflow.task.hooks.airflow.providers.oracle.hooks.oracle.OracleHook","filename":"sql.py","lineno":861}
{"timestamp":"2026-07-08T15:53:56.115810Z","level":"info","event":"Rows affected: 0","logger":"airflow.task.hooks.airflow.providers.oracle.hooks.oracle.OracleHook","filename":"sql.py","lineno":879}
{"timestamp":"2026-07-08T15:54:06.148095Z","level":"info","event":"Poking: SELECT COUNT(*) FROM demo_user.client_b_load_status\nWHERE status = 'COMPLETE' AND processed = 0 (with parameters None)","logger":"airflow.task.operators.airflow.providers.common.sql.sensors.sql.SqlSensor","filename":"sql.py","lineno":100}
{"timestamp":"2026-07-08T15:54:06.226878Z","level":"info","event":"Running statement: SELECT COUNT(*) FROM demo_user.client_b_load_status\nWHERE status = 'COMPLETE' AND processed = 0, parameters: None","logger":"airflow.task.hooks.airflow.providers.oracle.hooks.oracle.OracleHook","filename":"sql.py","lineno":861}
{"timestamp":"2026-07-08T15:54:06.228650Z","level":"info","event":"Rows affected: 0","logger":"airflow.task.hooks.airflow.providers.oracle.hooks.oracle.OracleHook","filename":"sql.py","lineno":879}
{"timestamp":"2026-07-08T15:54:16.269673Z","level":"info","event":"Poking: SELECT COUNT(*) FROM demo_user.client_b_load_status\nWHERE status = 'COMPLETE' AND processed = 0 (with parameters None)","logger":"airflow.task.operators.airflow.providers.common.sql.sensors.sql.SqlSensor","filename":"sql.py","lineno":100}
{"timestamp":"2026-07-08T15:54:16.355486Z","level":"info","event":"Running statement: SELECT COUNT(*) FROM demo_user.client_b_load_status\nWHERE status = 'COMPLETE' AND processed = 0, parameters: None","logger":"airflow.task.hooks.airflow.providers.oracle.hooks.oracle.OracleHook","filename":"sql.py","lineno":861}
{"timestamp":"2026-07-08T15:54:16.357617Z","level":"info","event":"Rows affected: 0","logger":"airflow.task.hooks.airflow.providers.oracle.hooks.oracle.OracleHook","filename":"sql.py","lineno":879}
{"timestamp":"2026-07-08T15:54:26.399603Z","level":"info","event":"Poking: SELECT COUNT(*) FROM demo_user.client_b_load_status\nWHERE status = 'COMPLETE' AND processed = 0 (with parameters None)","logger":"airflow.task.operators.airflow.providers.common.sql.sensors.sql.SqlSensor","filename":"sql.py","lineno":100}
{"timestamp":"2026-07-08T15:54:26.473701Z","level":"info","event":"Running statement: SELECT COUNT(*) FROM demo_user.client_b_load_status\nWHERE status = 'COMPLETE' AND processed = 0, parameters: None","logger":"airflow.task.hooks.airflow.providers.oracle.hooks.oracle.OracleHook","filename":"sql.py","lineno":861}
{"timestamp":"2026-07-08T15:54:26.475665Z","level":"info","event":"Rows affected: 0","logger":"airflow.task.hooks.airflow.providers.oracle.hooks.oracle.OracleHook","filename":"sql.py","lineno":879}
{"timestamp":"2026-07-08T15:54:36.512248Z","level":"info","event":"Poking: SELECT COUNT(*) FROM demo_user.client_b_load_status\nWHERE status = 'COMPLETE' AND processed = 0 (with parameters None)","logger":"airflow.task.operators.airflow.providers.common.sql.sensors.sql.SqlSensor","filename":"sql.py","lineno":100}
{"timestamp":"2026-07-08T15:54:36.569996Z","level":"info","event":"Running statement: SELECT COUNT(*) FROM demo_user.client_b_load_status\nWHERE status = 'COMPLETE' AND processed = 0, parameters: None","logger":"airflow.task.hooks.airflow.providers.oracle.hooks.oracle.OracleHook","filename":"sql.py","lineno":861}
{"timestamp":"2026-07-08T15:54:36.570996Z","level":"info","event":"Rows affected: 0","logger":"airflow.task.hooks.airflow.providers.oracle.hooks.oracle.OracleHook","filename":"sql.py","lineno":879}
{"timestamp":"2026-07-08T15:54:46.612318Z","level":"info","event":"Poking: SELECT COUNT(*) FROM demo_user.client_b_load_status\nWHERE status = 'COMPLETE' AND processed = 0 (with parameters None)","logger":"airflow.task.operators.airflow.providers.common.sql.sensors.sql.SqlSensor","filename":"sql.py","lineno":100}
{"timestamp":"2026-07-08T15:54:46.672406Z","level":"info","event":"Running statement: SELECT COUNT(*) FROM demo_user.client_b_load_status\nWHERE status = 'COMPLETE' AND processed = 0, parameters: None","logger":"airflow.task.hooks.airflow.providers.oracle.hooks.oracle.OracleHook","filename":"sql.py","lineno":861}
{"timestamp":"2026-07-08T15:54:46.674078Z","level":"info","event":"Rows affected: 0","logger":"airflow.task.hooks.airflow.providers.oracle.hooks.oracle.OracleHook","filename":"sql.py","lineno":879}
{"timestamp":"2026-07-08T15:54:56.711189Z","level":"info","event":"Poking: SELECT COUNT(*) FROM demo_user.client_b_load_status\nWHERE status = 'COMPLETE' AND processed = 0 (with parameters None)","logger":"airflow.task.operators.airflow.providers.common.sql.sensors.sql.SqlSensor","filename":"sql.py","lineno":100}
{"timestamp":"2026-07-08T15:54:56.769859Z","level":"info","event":"Running statement: SELECT COUNT(*) FROM demo_user.client_b_load_status\nWHERE status = 'COMPLETE' AND processed = 0, parameters: None","logger":"airflow.task.hooks.airflow.providers.oracle.hooks.oracle.OracleHook","filename":"sql.py","lineno":861}
{"timestamp":"2026-07-08T15:54:56.770909Z","level":"info","event":"Rows affected: 0","logger":"airflow.task.hooks.airflow.providers.oracle.hooks.oracle.OracleHook","filename":"sql.py","lineno":879}
{"timestamp":"2026-07-08T15:55:06.807806Z","level":"info","event":"Poking: SELECT COUNT(*) FROM demo_user.client_b_load_status\nWHERE status = 'COMPLETE' AND processed = 0 (with parameters None)","logger":"airflow.task.operators.airflow.providers.common.sql.sensors.sql.SqlSensor","filename":"sql.py","lineno":100}
{"timestamp":"2026-07-08T15:55:06.866832Z","level":"info","event":"Running statement: SELECT COUNT(*) FROM demo_user.client_b_load_status\nWHERE status = 'COMPLETE' AND processed = 0, parameters: None","logger":"airflow.task.hooks.airflow.providers.oracle.hooks.oracle.OracleHook","filename":"sql.py","lineno":861}
{"timestamp":"2026-07-08T15:55:06.869278Z","level":"info","event":"Rows affected: 0","logger":"airflow.task.hooks.airflow.providers.oracle.hooks.oracle.OracleHook","filename":"sql.py","lineno":879}
{"timestamp":"2026-07-08T15:55:16.904699Z","level":"info","event":"Poking: SELECT COUNT(*) FROM demo_user.client_b_load_status\nWHERE status = 'COMPLETE' AND processed = 0 (with parameters None)","logger":"airflow.task.operators.airflow.providers.common.sql.sensors.sql.SqlSensor","filename":"sql.py","lineno":100}
{"timestamp":"2026-07-08T15:55:16.965069Z","level":"info","event":"Running statement: SELECT COUNT(*) FROM demo_user.client_b_load_status\nWHERE status = 'COMPLETE' AND processed = 0, parameters: None","logger":"airflow.task.hooks.airflow.providers.oracle.hooks.oracle.OracleHook","filename":"sql.py","lineno":861}
{"timestamp":"2026-07-08T15:55:16.966849Z","level":"info","event":"Rows affected: 0","logger":"airflow.task.hooks.airflow.providers.oracle.hooks.oracle.OracleHook","filename":"sql.py","lineno":879}
{"timestamp":"2026-07-08T15:55:27.002801Z","level":"info","event":"Poking: SELECT COUNT(*) FROM demo_user.client_b_load_status\nWHERE status = 'COMPLETE' AND processed = 0 (with parameters None)","logger":"airflow.task.operators.airflow.providers.common.sql.sensors.sql.SqlSensor","filename":"sql.py","lineno":100}
{"timestamp":"2026-07-08T15:55:27.061635Z","level":"info","event":"Running statement: SELECT COUNT(*) FROM demo_user.client_b_load_status\nWHERE status = 'COMPLETE' AND processed = 0, parameters: None","logger":"airflow.task.hooks.airflow.providers.oracle.hooks.oracle.OracleHook","filename":"sql.py","lineno":861}
{"timestamp":"2026-07-08T15:55:27.063081Z","level":"info","event":"Rows affected: 0","logger":"airflow.task.hooks.airflow.providers.oracle.hooks.oracle.OracleHook","filename":"sql.py","lineno":879}
{"timestamp":"2026-07-08T15:55:37.099966Z","level":"info","event":"Poking: SELECT COUNT(*) FROM demo_user.client_b_load_status\nWHERE status = 'COMPLETE' AND processed = 0 (with parameters None)","logger":"airflow.task.operators.airflow.providers.common.sql.sensors.sql.SqlSensor","filename":"sql.py","lineno":100}
{"timestamp":"2026-07-08T15:55:37.184157Z","level":"info","event":"Running statement: SELECT COUNT(*) FROM demo_user.client_b_load_status\nWHERE status = 'COMPLETE' AND processed = 0, parameters: None","logger":"airflow.task.hooks.airflow.providers.oracle.hooks.oracle.OracleHook","filename":"sql.py","lineno":861}
{"timestamp":"2026-07-08T15:55:37.185718Z","level":"info","event":"Rows affected: 0","logger":"airflow.task.hooks.airflow.providers.oracle.hooks.oracle.OracleHook","filename":"sql.py","lineno":879}
{"timestamp":"2026-07-08T15:55:47.231528Z","level":"info","event":"Poking: SELECT COUNT(*) FROM demo_user.client_b_load_status\nWHERE status = 'COMPLETE' AND processed = 0 (with parameters None)","logger":"airflow.task.operators.airflow.providers.common.sql.sensors.sql.SqlSensor","filename":"sql.py","lineno":100}
{"timestamp":"2026-07-08T15:55:47.299456Z","level":"info","event":"Running statement: SELECT COUNT(*) FROM demo_user.client_b_load_status\nWHERE status = 'COMPLETE' AND processed = 0, parameters: None","logger":"airflow.task.hooks.airflow.providers.oracle.hooks.oracle.OracleHook","filename":"sql.py","lineno":861}
{"timestamp":"2026-07-08T15:55:47.300752Z","level":"info","event":"Rows affected: 0","logger":"airflow.task.hooks.airflow.providers.oracle.hooks.oracle.OracleHook","filename":"sql.py","lineno":879}
{"timestamp":"2026-07-08T15:55:57.346868Z","level":"info","event":"Poking: SELECT COUNT(*) FROM demo_user.client_b_load_status\nWHERE status = 'COMPLETE' AND processed = 0 (with parameters None)","logger":"airflow.task.operators.airflow.providers.common.sql.sensors.sql.SqlSensor","filename":"sql.py","lineno":100}
{"timestamp":"2026-07-08T15:55:57.420140Z","level":"info","event":"Running statement: SELECT COUNT(*) FROM demo_user.client_b_load_status\nWHERE status = 'COMPLETE' AND processed = 0, parameters: None","logger":"airflow.task.hooks.airflow.providers.oracle.hooks.oracle.OracleHook","filename":"sql.py","lineno":861}
{"timestamp":"2026-07-08T15:55:57.421565Z","level":"info","event":"Rows affected: 0","logger":"airflow.task.hooks.airflow.providers.oracle.hooks.oracle.OracleHook","filename":"sql.py","lineno":879}
{"timestamp":"2026-07-08T15:56:07.466387Z","level":"info","event":"Poking: SELECT COUNT(*) FROM demo_user.client_b_load_status\nWHERE status = 'COMPLETE' AND processed = 0 (with parameters None)","logger":"airflow.task.operators.airflow.providers.common.sql.sensors.sql.SqlSensor","filename":"sql.py","lineno":100}
{"timestamp":"2026-07-08T15:56:07.519512Z","level":"info","event":"Running statement: SELECT COUNT(*) FROM demo_user.client_b_load_status\nWHERE status = 'COMPLETE' AND processed = 0, parameters: None","logger":"airflow.task.hooks.airflow.providers.oracle.hooks.oracle.OracleHook","filename":"sql.py","lineno":861}
{"timestamp":"2026-07-08T15:56:07.521216Z","level":"info","event":"Rows affected: 0","logger":"airflow.task.hooks.airflow.providers.oracle.hooks.oracle.OracleHook","filename":"sql.py","lineno":879}
{"timestamp":"2026-07-08T15:56:17.551420Z","level":"info","event":"Poking: SELECT COUNT(*) FROM demo_user.client_b_load_status\nWHERE status = 'COMPLETE' AND processed = 0 (with parameters None)","logger":"airflow.task.operators.airflow.providers.common.sql.sensors.sql.SqlSensor","filename":"sql.py","lineno":100}
{"timestamp":"2026-07-08T15:56:17.608097Z","level":"info","event":"Running statement: SELECT COUNT(*) FROM demo_user.client_b_load_status\nWHERE status = 'COMPLETE' AND processed = 0, parameters: None","logger":"airflow.task.hooks.airflow.providers.oracle.hooks.oracle.OracleHook","filename":"sql.py","lineno":861}
{"timestamp":"2026-07-08T15:56:17.609041Z","level":"info","event":"Rows affected: 0","logger":"airflow.task.hooks.airflow.providers.oracle.hooks.oracle.OracleHook","filename":"sql.py","lineno":879}
{"timestamp":"2026-07-08T15:56:27.649822Z","level":"info","event":"Poking: SELECT COUNT(*) FROM demo_user.client_b_load_status\nWHERE status = 'COMPLETE' AND processed = 0 (with parameters None)","logger":"airflow.task.operators.airflow.providers.common.sql.sensors.sql.SqlSensor","filename":"sql.py","lineno":100}
{"timestamp":"2026-07-08T15:56:27.711032Z","level":"info","event":"Running statement: SELECT COUNT(*) FROM demo_user.client_b_load_status\nWHERE status = 'COMPLETE' AND processed = 0, parameters: None","logger":"airflow.task.hooks.airflow.providers.oracle.hooks.oracle.OracleHook","filename":"sql.py","lineno":861}
{"timestamp":"2026-07-08T15:56:27.712464Z","level":"info","event":"Rows affected: 0","logger":"airflow.task.hooks.airflow.providers.oracle.hooks.oracle.OracleHook","filename":"sql.py","lineno":879}
{"timestamp":"2026-07-08T15:56:37.742165Z","level":"info","event":"Poking: SELECT COUNT(*) FROM demo_user.client_b_load_status\nWHERE status = 'COMPLETE' AND processed = 0 (with parameters None)","logger":"airflow.task.operators.airflow.providers.common.sql.sensors.sql.SqlSensor","filename":"sql.py","lineno":100}
{"timestamp":"2026-07-08T15:56:37.807011Z","level":"info","event":"Running statement: SELECT COUNT(*) FROM demo_user.client_b_load_status\nWHERE status = 'COMPLETE' AND processed = 0, parameters: None","logger":"airflow.task.hooks.airflow.providers.oracle.hooks.oracle.OracleHook","filename":"sql.py","lineno":861}
{"timestamp":"2026-07-08T15:56:37.808421Z","level":"info","event":"Rows affected: 0","logger":"airflow.task.hooks.airflow.providers.oracle.hooks.oracle.OracleHook","filename":"sql.py","lineno":879}
{"timestamp":"2026-07-08T15:56:47.847876Z","level":"info","event":"Poking: SELECT COUNT(*) FROM demo_user.client_b_load_status\nWHERE status = 'COMPLETE' AND processed = 0 (with parameters None)","logger":"airflow.task.operators.airflow.providers.common.sql.sensors.sql.SqlSensor","filename":"sql.py","lineno":100}
{"timestamp":"2026-07-08T15:56:47.901624Z","level":"info","event":"Running statement: SELECT COUNT(*) FROM demo_user.client_b_load_status\nWHERE status = 'COMPLETE' AND processed = 0, parameters: None","logger":"airflow.task.hooks.airflow.providers.oracle.hooks.oracle.OracleHook","filename":"sql.py","lineno":861}
{"timestamp":"2026-07-08T15:56:47.902761Z","level":"info","event":"Rows affected: 0","logger":"airflow.task.hooks.airflow.providers.oracle.hooks.oracle.OracleHook","filename":"sql.py","lineno":879}
{"timestamp":"2026-07-08T15:56:57.940095Z","level":"info","event":"Poking: SELECT COUNT(*) FROM demo_user.client_b_load_status\nWHERE status = 'COMPLETE' AND processed = 0 (with parameters None)","logger":"airflow.task.operators.airflow.providers.common.sql.sensors.sql.SqlSensor","filename":"sql.py","lineno":100}
{"timestamp":"2026-07-08T15:56:58.014537Z","level":"info","event":"Running statement: SELECT COUNT(*) FROM demo_user.client_b_load_status\nWHERE status = 'COMPLETE' AND processed = 0, parameters: None","logger":"airflow.task.hooks.airflow.providers.oracle.hooks.oracle.OracleHook","filename":"sql.py","lineno":861}
{"timestamp":"2026-07-08T15:56:58.016003Z","level":"info","event":"Rows affected: 0","logger":"airflow.task.hooks.airflow.providers.oracle.hooks.oracle.OracleHook","filename":"sql.py","lineno":879}
{"timestamp":"2026-07-08T15:57:08.047719Z","level":"info","event":"Poking: SELECT COUNT(*) FROM demo_user.client_b_load_status\nWHERE status = 'COMPLETE' AND processed = 0 (with parameters None)","logger":"airflow.task.operators.airflow.providers.common.sql.sensors.sql.SqlSensor","filename":"sql.py","lineno":100}
{"timestamp":"2026-07-08T15:57:08.112546Z","level":"info","event":"Running statement: SELECT COUNT(*) FROM demo_user.client_b_load_status\nWHERE status = 'COMPLETE' AND processed = 0, parameters: None","logger":"airflow.task.hooks.airflow.providers.oracle.hooks.oracle.OracleHook","filename":"sql.py","lineno":861}
{"timestamp":"2026-07-08T15:57:08.114403Z","level":"info","event":"Rows affected: 0","logger":"airflow.task.hooks.airflow.providers.oracle.hooks.oracle.OracleHook","filename":"sql.py","lineno":879}
{"timestamp":"2026-07-08T15:57:18.159317Z","level":"info","event":"Poking: SELECT COUNT(*) FROM demo_user.client_b_load_status\nWHERE status = 'COMPLETE' AND processed = 0 (with parameters None)","logger":"airflow.task.operators.airflow.providers.common.sql.sensors.sql.SqlSensor","filename":"sql.py","lineno":100}
{"timestamp":"2026-07-08T15:57:18.216945Z","level":"info","event":"Running statement: SELECT COUNT(*) FROM demo_user.client_b_load_status\nWHERE status = 'COMPLETE' AND processed = 0, parameters: None","logger":"airflow.task.hooks.airflow.providers.oracle.hooks.oracle.OracleHook","filename":"sql.py","lineno":861}
{"timestamp":"2026-07-08T15:57:18.218006Z","level":"info","event":"Rows affected: 0","logger":"airflow.task.hooks.airflow.providers.oracle.hooks.oracle.OracleHook","filename":"sql.py","lineno":879}
{"timestamp":"2026-07-08T15:57:28.255007Z","level":"info","event":"Poking: SELECT COUNT(*) FROM demo_user.client_b_load_status\nWHERE status = 'COMPLETE' AND processed = 0 (with parameters None)","logger":"airflow.task.operators.airflow.providers.common.sql.sensors.sql.SqlSensor","filename":"sql.py","lineno":100}
{"timestamp":"2026-07-08T15:57:28.347855Z","level":"info","event":"Running statement: SELECT COUNT(*) FROM demo_user.client_b_load_status\nWHERE status = 'COMPLETE' AND processed = 0, parameters: None","logger":"airflow.task.hooks.airflow.providers.oracle.hooks.oracle.OracleHook","filename":"sql.py","lineno":861}
{"timestamp":"2026-07-08T15:57:28.349777Z","level":"info","event":"Rows affected: 0","logger":"airflow.task.hooks.airflow.providers.oracle.hooks.oracle.OracleHook","filename":"sql.py","lineno":879}
{"timestamp":"2026-07-08T15:57:38.397565Z","level":"info","event":"Poking: SELECT COUNT(*) FROM demo_user.client_b_load_status\nWHERE status = 'COMPLETE' AND processed = 0 (with parameters None)","logger":"airflow.task.operators.airflow.providers.common.sql.sensors.sql.SqlSensor","filename":"sql.py","lineno":100}
{"timestamp":"2026-07-08T15:57:38.492479Z","level":"info","event":"Running statement: SELECT COUNT(*) FROM demo_user.client_b_load_status\nWHERE status = 'COMPLETE' AND processed = 0, parameters: None","logger":"airflow.task.hooks.airflow.providers.oracle.hooks.oracle.OracleHook","filename":"sql.py","lineno":861}
{"timestamp":"2026-07-08T15:57:38.493983Z","level":"info","event":"Rows affected: 0","logger":"airflow.task.hooks.airflow.providers.oracle.hooks.oracle.OracleHook","filename":"sql.py","lineno":879}
{"timestamp":"2026-07-08T15:57:48.527312Z","level":"info","event":"Poking: SELECT COUNT(*) FROM demo_user.client_b_load_status\nWHERE status = 'COMPLETE' AND processed = 0 (with parameters None)","logger":"airflow.task.operators.airflow.providers.common.sql.sensors.sql.SqlSensor","filename":"sql.py","lineno":100}
{"timestamp":"2026-07-08T15:57:48.585822Z","level":"info","event":"Running statement: SELECT COUNT(*) FROM demo_user.client_b_load_status\nWHERE status = 'COMPLETE' AND processed = 0, parameters: None","logger":"airflow.task.hooks.airflow.providers.oracle.hooks.oracle.OracleHook","filename":"sql.py","lineno":861}
{"timestamp":"2026-07-08T15:57:48.587067Z","level":"info","event":"Rows affected: 0","logger":"airflow.task.hooks.airflow.providers.oracle.hooks.oracle.OracleHook","filename":"sql.py","lineno":879}
{"timestamp":"2026-07-08T15:57:58.630084Z","level":"info","event":"Poking: SELECT COUNT(*) FROM demo_user.client_b_load_status\nWHERE status = 'COMPLETE' AND processed = 0 (with parameters None)","logger":"airflow.task.operators.airflow.providers.common.sql.sensors.sql.SqlSensor","filename":"sql.py","lineno":100}
{"timestamp":"2026-07-08T15:57:58.704324Z","level":"info","event":"Running statement: SELECT COUNT(*) FROM demo_user.client_b_load_status\nWHERE status = 'COMPLETE' AND processed = 0, parameters: None","logger":"airflow.task.hooks.airflow.providers.oracle.hooks.oracle.OracleHook","filename":"sql.py","lineno":861}
{"timestamp":"2026-07-08T15:57:58.706008Z","level":"info","event":"Rows affected: 0","logger":"airflow.task.hooks.airflow.providers.oracle.hooks.oracle.OracleHook","filename":"sql.py","lineno":879}
{"timestamp":"2026-07-08T15:58:08.750662Z","level":"info","event":"Poking: SELECT COUNT(*) FROM demo_user.client_b_load_status\nWHERE status = 'COMPLETE' AND processed = 0 (with parameters None)","logger":"airflow.task.operators.airflow.providers.common.sql.sensors.sql.SqlSensor","filename":"sql.py","lineno":100}
{"timestamp":"2026-07-08T15:58:08.817495Z","level":"info","event":"Running statement: SELECT COUNT(*) FROM demo_user.client_b_load_status\nWHERE status = 'COMPLETE' AND processed = 0, parameters: None","logger":"airflow.task.hooks.airflow.providers.oracle.hooks.oracle.OracleHook","filename":"sql.py","lineno":861}
{"timestamp":"2026-07-08T15:58:08.818904Z","level":"info","event":"Rows affected: 0","logger":"airflow.task.hooks.airflow.providers.oracle.hooks.oracle.OracleHook","filename":"sql.py","lineno":879}
{"timestamp":"2026-07-08T15:58:18.861100Z","level":"info","event":"Poking: SELECT COUNT(*) FROM demo_user.client_b_load_status\nWHERE status = 'COMPLETE' AND processed = 0 (with parameters None)","logger":"airflow.task.operators.airflow.providers.common.sql.sensors.sql.SqlSensor","filename":"sql.py","lineno":100}
{"timestamp":"2026-07-08T15:58:18.940105Z","level":"info","event":"Running statement: SELECT COUNT(*) FROM demo_user.client_b_load_status\nWHERE status = 'COMPLETE' AND processed = 0, parameters: None","logger":"airflow.task.hooks.airflow.providers.oracle.hooks.oracle.OracleHook","filename":"sql.py","lineno":861}
{"timestamp":"2026-07-08T15:58:18.941814Z","level":"info","event":"Rows affected: 0","logger":"airflow.task.hooks.airflow.providers.oracle.hooks.oracle.OracleHook","filename":"sql.py","lineno":879}
{"timestamp":"2026-07-08T15:58:28.987931Z","level":"info","event":"Poking: SELECT COUNT(*) FROM demo_user.client_b_load_status\nWHERE status = 'COMPLETE' AND processed = 0 (with parameters None)","logger":"airflow.task.operators.airflow.providers.common.sql.sensors.sql.SqlSensor","filename":"sql.py","lineno":100}
{"timestamp":"2026-07-08T15:58:29.055153Z","level":"info","event":"Running statement: SELECT COUNT(*) FROM demo_user.client_b_load_status\nWHERE status = 'COMPLETE' AND processed = 0, parameters: None","logger":"airflow.task.hooks.airflow.providers.oracle.hooks.oracle.OracleHook","filename":"sql.py","lineno":861}
{"timestamp":"2026-07-08T15:58:29.056034Z","level":"info","event":"Rows affected: 0","logger":"airflow.task.hooks.airflow.providers.oracle.hooks.oracle.OracleHook","filename":"sql.py","lineno":879}
{"timestamp":"2026-07-08T15:58:39.095825Z","level":"info","event":"Poking: SELECT COUNT(*) FROM demo_user.client_b_load_status\nWHERE status = 'COMPLETE' AND processed = 0 (with parameters None)","logger":"airflow.task.operators.airflow.providers.common.sql.sensors.sql.SqlSensor","filename":"sql.py","lineno":100}
{"timestamp":"2026-07-08T15:58:39.165274Z","level":"info","event":"Running statement: SELECT COUNT(*) FROM demo_user.client_b_load_status\nWHERE status = 'COMPLETE' AND processed = 0, parameters: None","logger":"airflow.task.hooks.airflow.providers.oracle.hooks.oracle.OracleHook","filename":"sql.py","lineno":861}
{"timestamp":"2026-07-08T15:58:39.166706Z","level":"info","event":"Rows affected: 0","logger":"airflow.task.hooks.airflow.providers.oracle.hooks.oracle.OracleHook","filename":"sql.py","lineno":879}
{"timestamp":"2026-07-08T15:58:49.208346Z","level":"info","event":"Poking: SELECT COUNT(*) FROM demo_user.client_b_load_status\nWHERE status = 'COMPLETE' AND processed = 0 (with parameters None)","logger":"airflow.task.operators.airflow.providers.common.sql.sensors.sql.SqlSensor","filename":"sql.py","lineno":100}
{"timestamp":"2026-07-08T15:58:49.269260Z","level":"info","event":"Running statement: SELECT COUNT(*) FROM demo_user.client_b_load_status\nWHERE status = 'COMPLETE' AND processed = 0, parameters: None","logger":"airflow.task.hooks.airflow.providers.oracle.hooks.oracle.OracleHook","filename":"sql.py","lineno":861}
{"timestamp":"2026-07-08T15:58:49.270592Z","level":"info","event":"Rows affected: 0","logger":"airflow.task.hooks.airflow.providers.oracle.hooks.oracle.OracleHook","filename":"sql.py","lineno":879}
{"timestamp":"2026-07-08T15:58:59.299618Z","level":"info","event":"Poking: SELECT COUNT(*) FROM demo_user.client_b_load_status\nWHERE status = 'COMPLETE' AND processed = 0 (with parameters None)","logger":"airflow.task.operators.airflow.providers.common.sql.sensors.sql.SqlSensor","filename":"sql.py","lineno":100}
{"timestamp":"2026-07-08T15:58:59.354001Z","level":"info","event":"Running statement: SELECT COUNT(*) FROM demo_user.client_b_load_status\nWHERE status = 'COMPLETE' AND processed = 0, parameters: None","logger":"airflow.task.hooks.airflow.providers.oracle.hooks.oracle.OracleHook","filename":"sql.py","lineno":861}
{"timestamp":"2026-07-08T15:58:59.355149Z","level":"info","event":"Rows affected: 0","logger":"airflow.task.hooks.airflow.providers.oracle.hooks.oracle.OracleHook","filename":"sql.py","lineno":879}
{"timestamp":"2026-07-08T15:59:09.405373Z","level":"info","event":"Poking: SELECT COUNT(*) FROM demo_user.client_b_load_status\nWHERE status = 'COMPLETE' AND processed = 0 (with parameters None)","logger":"airflow.task.operators.airflow.providers.common.sql.sensors.sql.SqlSensor","filename":"sql.py","lineno":100}
{"timestamp":"2026-07-08T15:59:09.488075Z","level":"info","event":"Running statement: SELECT COUNT(*) FROM demo_user.client_b_load_status\nWHERE status = 'COMPLETE' AND processed = 0, parameters: None","logger":"airflow.task.hooks.airflow.providers.oracle.hooks.oracle.OracleHook","filename":"sql.py","lineno":861}
{"timestamp":"2026-07-08T15:59:09.491786Z","level":"info","event":"Rows affected: 0","logger":"airflow.task.hooks.airflow.providers.oracle.hooks.oracle.OracleHook","filename":"sql.py","lineno":879}
{"timestamp":"2026-07-08T15:59:19.532365Z","level":"info","event":"Poking: SELECT COUNT(*) FROM demo_user.client_b_load_status\nWHERE status = 'COMPLETE' AND processed = 0 (with parameters None)","logger":"airflow.task.operators.airflow.providers.common.sql.sensors.sql.SqlSensor","filename":"sql.py","lineno":100}
{"timestamp":"2026-07-08T15:59:19.581613Z","level":"info","event":"Running statement: SELECT COUNT(*) FROM demo_user.client_b_load_status\nWHERE status = 'COMPLETE' AND processed = 0, parameters: None","logger":"airflow.task.hooks.airflow.providers.oracle.hooks.oracle.OracleHook","filename":"sql.py","lineno":861}
{"timestamp":"2026-07-08T15:59:19.582834Z","level":"info","event":"Rows affected: 0","logger":"airflow.task.hooks.airflow.providers.oracle.hooks.oracle.OracleHook","filename":"sql.py","lineno":879}
{"timestamp":"2026-07-08T15:59:29.626549Z","level":"info","event":"Poking: SELECT COUNT(*) FROM demo_user.client_b_load_status\nWHERE status = 'COMPLETE' AND processed = 0 (with parameters None)","logger":"airflow.task.operators.airflow.providers.common.sql.sensors.sql.SqlSensor","filename":"sql.py","lineno":100}
{"timestamp":"2026-07-08T15:59:29.697269Z","level":"info","event":"Running statement: SELECT COUNT(*) FROM demo_user.client_b_load_status\nWHERE status = 'COMPLETE' AND processed = 0, parameters: None","logger":"airflow.task.hooks.airflow.providers.oracle.hooks.oracle.OracleHook","filename":"sql.py","lineno":861}
{"timestamp":"2026-07-08T15:59:29.698754Z","level":"info","event":"Rows affected: 0","logger":"airflow.task.hooks.airflow.providers.oracle.hooks.oracle.OracleHook","filename":"sql.py","lineno":879}
{"timestamp":"2026-07-08T15:59:39.731351Z","level":"info","event":"Poking: SELECT COUNT(*) FROM demo_user.client_b_load_status\nWHERE status = 'COMPLETE' AND processed = 0 (with parameters None)","logger":"airflow.task.operators.airflow.providers.common.sql.sensors.sql.SqlSensor","filename":"sql.py","lineno":100}
{"timestamp":"2026-07-08T15:59:39.786451Z","level":"info","event":"Running statement: SELECT COUNT(*) FROM demo_user.client_b_load_status\nWHERE status = 'COMPLETE' AND processed = 0, parameters: None","logger":"airflow.task.hooks.airflow.providers.oracle.hooks.oracle.OracleHook","filename":"sql.py","lineno":861}
{"timestamp":"2026-07-08T15:59:39.787607Z","level":"info","event":"Rows affected: 0","logger":"airflow.task.hooks.airflow.providers.oracle.hooks.oracle.OracleHook","filename":"sql.py","lineno":879}
{"timestamp":"2026-07-08T15:59:49.826845Z","level":"info","event":"Poking: SELECT COUNT(*) FROM demo_user.client_b_load_status\nWHERE status = 'COMPLETE' AND processed = 0 (with parameters None)","logger":"airflow.task.operators.airflow.providers.common.sql.sensors.sql.SqlSensor","filename":"sql.py","lineno":100}
{"timestamp":"2026-07-08T15:59:49.883076Z","level":"info","event":"Running statement: SELECT COUNT(*) FROM demo_user.client_b_load_status\nWHERE status = 'COMPLETE' AND processed = 0, parameters: None","logger":"airflow.task.hooks.airflow.providers.oracle.hooks.oracle.OracleHook","filename":"sql.py","lineno":861}
{"timestamp":"2026-07-08T15:59:49.884147Z","level":"info","event":"Rows affected: 0","logger":"airflow.task.hooks.airflow.providers.oracle.hooks.oracle.OracleHook","filename":"sql.py","lineno":879}
{"timestamp":"2026-07-08T15:59:59.922146Z","level":"info","event":"Poking: SELECT COUNT(*) FROM demo_user.client_b_load_status\nWHERE status = 'COMPLETE' AND processed = 0 (with parameters None)","logger":"airflow.task.operators.airflow.providers.common.sql.sensors.sql.SqlSensor","filename":"sql.py","lineno":100}
{"timestamp":"2026-07-08T15:59:59.988252Z","level":"info","event":"Running statement: SELECT COUNT(*) FROM demo_user.client_b_load_status\nWHERE status = 'COMPLETE' AND processed = 0, parameters: None","logger":"airflow.task.hooks.airflow.providers.oracle.hooks.oracle.OracleHook","filename":"sql.py","lineno":861}
{"timestamp":"2026-07-08T15:59:59.989390Z","level":"info","event":"Rows affected: 0","logger":"airflow.task.hooks.airflow.providers.oracle.hooks.oracle.OracleHook","filename":"sql.py","lineno":879}
{"timestamp":"2026-07-08T16:00:10.036194Z","level":"info","event":"Poking: SELECT COUNT(*) FROM demo_user.client_b_load_status\nWHERE status = 'COMPLETE' AND processed = 0 (with parameters None)","logger":"airflow.task.operators.airflow.providers.common.sql.sensors.sql.SqlSensor","filename":"sql.py","lineno":100}
{"timestamp":"2026-07-08T16:00:10.118858Z","level":"info","event":"Running statement: SELECT COUNT(*) FROM demo_user.client_b_load_status\nWHERE status = 'COMPLETE' AND processed = 0, parameters: None","logger":"airflow.task.hooks.airflow.providers.oracle.hooks.oracle.OracleHook","filename":"sql.py","lineno":861}
{"timestamp":"2026-07-08T16:00:10.120694Z","level":"info","event":"Rows affected: 0","logger":"airflow.task.hooks.airflow.providers.oracle.hooks.oracle.OracleHook","filename":"sql.py","lineno":879}
{"timestamp":"2026-07-08T16:00:20.161151Z","level":"info","event":"Poking: SELECT COUNT(*) FROM demo_user.client_b_load_status\nWHERE status = 'COMPLETE' AND processed = 0 (with parameters None)","logger":"airflow.task.operators.airflow.providers.common.sql.sensors.sql.SqlSensor","filename":"sql.py","lineno":100}
{"timestamp":"2026-07-08T16:00:20.222763Z","level":"info","event":"Running statement: SELECT COUNT(*) FROM demo_user.client_b_load_status\nWHERE status = 'COMPLETE' AND processed = 0, parameters: None","logger":"airflow.task.hooks.airflow.providers.oracle.hooks.oracle.OracleHook","filename":"sql.py","lineno":861}
{"timestamp":"2026-07-08T16:00:20.224091Z","level":"info","event":"Rows affected: 0","logger":"airflow.task.hooks.airflow.providers.oracle.hooks.oracle.OracleHook","filename":"sql.py","lineno":879}
{"timestamp":"2026-07-08T16:00:30.248927Z","level":"info","event":"Poking: SELECT COUNT(*) FROM demo_user.client_b_load_status\nWHERE status = 'COMPLETE' AND processed = 0 (with parameters None)","logger":"airflow.task.operators.airflow.providers.common.sql.sensors.sql.SqlSensor","filename":"sql.py","lineno":100}
{"timestamp":"2026-07-08T16:00:30.300092Z","level":"info","event":"Running statement: SELECT COUNT(*) FROM demo_user.client_b_load_status\nWHERE status = 'COMPLETE' AND processed = 0, parameters: None","logger":"airflow.task.hooks.airflow.providers.oracle.hooks.oracle.OracleHook","filename":"sql.py","lineno":861}
{"timestamp":"2026-07-08T16:00:30.301120Z","level":"info","event":"Rows affected: 0","logger":"airflow.task.hooks.airflow.providers.oracle.hooks.oracle.OracleHook","filename":"sql.py","lineno":879}
{"timestamp":"2026-07-08T16:00:40.339261Z","level":"info","event":"Poking: SELECT COUNT(*) FROM demo_user.client_b_load_status\nWHERE status = 'COMPLETE' AND processed = 0 (with parameters None)","logger":"airflow.task.operators.airflow.providers.common.sql.sensors.sql.SqlSensor","filename":"sql.py","lineno":100}
{"timestamp":"2026-07-08T16:00:40.395085Z","level":"info","event":"Running statement: SELECT COUNT(*) FROM demo_user.client_b_load_status\nWHERE status = 'COMPLETE' AND processed = 0, parameters: None","logger":"airflow.task.hooks.airflow.providers.oracle.hooks.oracle.OracleHook","filename":"sql.py","lineno":861}
{"timestamp":"2026-07-08T16:00:40.395988Z","level":"info","event":"Rows affected: 0","logger":"airflow.task.hooks.airflow.providers.oracle.hooks.oracle.OracleHook","filename":"sql.py","lineno":879}
{"timestamp":"2026-07-08T16:00:50.432708Z","level":"info","event":"Poking: SELECT COUNT(*) FROM demo_user.client_b_load_status\nWHERE status = 'COMPLETE' AND processed = 0 (with parameters None)","logger":"airflow.task.operators.airflow.providers.common.sql.sensors.sql.SqlSensor","filename":"sql.py","lineno":100}
{"timestamp":"2026-07-08T16:00:50.489667Z","level":"info","event":"Running statement: SELECT COUNT(*) FROM demo_user.client_b_load_status\nWHERE status = 'COMPLETE' AND processed = 0, parameters: None","logger":"airflow.task.hooks.airflow.providers.oracle.hooks.oracle.OracleHook","filename":"sql.py","lineno":861}
{"timestamp":"2026-07-08T16:00:50.490945Z","level":"info","event":"Rows affected: 0","logger":"airflow.task.hooks.airflow.providers.oracle.hooks.oracle.OracleHook","filename":"sql.py","lineno":879}
{"timestamp":"2026-07-08T16:01:00.528479Z","level":"info","event":"Poking: SELECT COUNT(*) FROM demo_user.client_b_load_status\nWHERE status = 'COMPLETE' AND processed = 0 (with parameters None)","logger":"airflow.task.operators.airflow.providers.common.sql.sensors.sql.SqlSensor","filename":"sql.py","lineno":100}
{"timestamp":"2026-07-08T16:01:00.585890Z","level":"info","event":"Running statement: SELECT COUNT(*) FROM demo_user.client_b_load_status\nWHERE status = 'COMPLETE' AND processed = 0, parameters: None","logger":"airflow.task.hooks.airflow.providers.oracle.hooks.oracle.OracleHook","filename":"sql.py","lineno":861}
{"timestamp":"2026-07-08T16:01:00.586911Z","level":"info","event":"Rows affected: 0","logger":"airflow.task.hooks.airflow.providers.oracle.hooks.oracle.OracleHook","filename":"sql.py","lineno":879}
{"timestamp":"2026-07-08T16:01:10.626794Z","level":"info","event":"Poking: SELECT COUNT(*) FROM demo_user.client_b_load_status\nWHERE status = 'COMPLETE' AND processed = 0 (with parameters None)","logger":"airflow.task.operators.airflow.providers.common.sql.sensors.sql.SqlSensor","filename":"sql.py","lineno":100}
{"timestamp":"2026-07-08T16:01:10.678129Z","level":"info","event":"Running statement: SELECT COUNT(*) FROM demo_user.client_b_load_status\nWHERE status = 'COMPLETE' AND processed = 0, parameters: None","logger":"airflow.task.hooks.airflow.providers.oracle.hooks.oracle.OracleHook","filename":"sql.py","lineno":861}
{"timestamp":"2026-07-08T16:01:10.679697Z","level":"info","event":"Rows affected: 0","logger":"airflow.task.hooks.airflow.providers.oracle.hooks.oracle.OracleHook","filename":"sql.py","lineno":879}
{"timestamp":"2026-07-08T16:01:20.712081Z","level":"info","event":"Poking: SELECT COUNT(*) FROM demo_user.client_b_load_status\nWHERE status = 'COMPLETE' AND processed = 0 (with parameters None)","logger":"airflow.task.operators.airflow.providers.common.sql.sensors.sql.SqlSensor","filename":"sql.py","lineno":100}
{"timestamp":"2026-07-08T16:01:20.766792Z","level":"info","event":"Running statement: SELECT COUNT(*) FROM demo_user.client_b_load_status\nWHERE status = 'COMPLETE' AND processed = 0, parameters: None","logger":"airflow.task.hooks.airflow.providers.oracle.hooks.oracle.OracleHook","filename":"sql.py","lineno":861}
{"timestamp":"2026-07-08T16:01:20.768056Z","level":"info","event":"Rows affected: 0","logger":"airflow.task.hooks.airflow.providers.oracle.hooks.oracle.OracleHook","filename":"sql.py","lineno":879}
{"timestamp":"2026-07-08T16:01:30.805711Z","level":"info","event":"Poking: SELECT COUNT(*) FROM demo_user.client_b_load_status\nWHERE status = 'COMPLETE' AND processed = 0 (with parameters None)","logger":"airflow.task.operators.airflow.providers.common.sql.sensors.sql.SqlSensor","filename":"sql.py","lineno":100}
{"timestamp":"2026-07-08T16:01:30.863422Z","level":"info","event":"Running statement: SELECT COUNT(*) FROM demo_user.client_b_load_status\nWHERE status = 'COMPLETE' AND processed = 0, parameters: None","logger":"airflow.task.hooks.airflow.providers.oracle.hooks.oracle.OracleHook","filename":"sql.py","lineno":861}
{"timestamp":"2026-07-08T16:01:30.864430Z","level":"info","event":"Rows affected: 0","logger":"airflow.task.hooks.airflow.providers.oracle.hooks.oracle.OracleHook","filename":"sql.py","lineno":879}
{"timestamp":"2026-07-08T16:01:40.897668Z","level":"info","event":"Poking: SELECT COUNT(*) FROM demo_user.client_b_load_status\nWHERE status = 'COMPLETE' AND processed = 0 (with parameters None)","logger":"airflow.task.operators.airflow.providers.common.sql.sensors.sql.SqlSensor","filename":"sql.py","lineno":100}
{"timestamp":"2026-07-08T16:01:40.960912Z","level":"info","event":"Running statement: SELECT COUNT(*) FROM demo_user.client_b_load_status\nWHERE status = 'COMPLETE' AND processed = 0, parameters: None","logger":"airflow.task.hooks.airflow.providers.oracle.hooks.oracle.OracleHook","filename":"sql.py","lineno":861}
{"timestamp":"2026-07-08T16:01:40.962712Z","level":"info","event":"Rows affected: 0","logger":"airflow.task.hooks.airflow.providers.oracle.hooks.oracle.OracleHook","filename":"sql.py","lineno":879}
{"timestamp":"2026-07-08T16:01:50.997031Z","level":"info","event":"Poking: SELECT COUNT(*) FROM demo_user.client_b_load_status\nWHERE status = 'COMPLETE' AND processed = 0 (with parameters None)","logger":"airflow.task.operators.airflow.providers.common.sql.sensors.sql.SqlSensor","filename":"sql.py","lineno":100}
{"timestamp":"2026-07-08T16:01:51.047656Z","level":"info","event":"Running statement: SELECT COUNT(*) FROM demo_user.client_b_load_status\nWHERE status = 'COMPLETE' AND processed = 0, parameters: None","logger":"airflow.task.hooks.airflow.providers.oracle.hooks.oracle.OracleHook","filename":"sql.py","lineno":861}
{"timestamp":"2026-07-08T16:01:51.048600Z","level":"info","event":"Rows affected: 0","logger":"airflow.task.hooks.airflow.providers.oracle.hooks.oracle.OracleHook","filename":"sql.py","lineno":879}
{"timestamp":"2026-07-08T16:02:01.090083Z","level":"info","event":"Poking: SELECT COUNT(*) FROM demo_user.client_b_load_status\nWHERE status = 'COMPLETE' AND processed = 0 (with parameters None)","logger":"airflow.task.operators.airflow.providers.common.sql.sensors.sql.SqlSensor","filename":"sql.py","lineno":100}
{"timestamp":"2026-07-08T16:02:01.165831Z","level":"info","event":"Running statement: SELECT COUNT(*) FROM demo_user.client_b_load_status\nWHERE status = 'COMPLETE' AND processed = 0, parameters: None","logger":"airflow.task.hooks.airflow.providers.oracle.hooks.oracle.OracleHook","filename":"sql.py","lineno":861}
{"timestamp":"2026-07-08T16:02:01.167199Z","level":"info","event":"Rows affected: 0","logger":"airflow.task.hooks.airflow.providers.oracle.hooks.oracle.OracleHook","filename":"sql.py","lineno":879}
{"timestamp":"2026-07-08T16:02:11.212026Z","level":"info","event":"Poking: SELECT COUNT(*) FROM demo_user.client_b_load_status\nWHERE status = 'COMPLETE' AND processed = 0 (with parameters None)","logger":"airflow.task.operators.airflow.providers.common.sql.sensors.sql.SqlSensor","filename":"sql.py","lineno":100}
{"timestamp":"2026-07-08T16:02:11.269527Z","level":"info","event":"Running statement: SELECT COUNT(*) FROM demo_user.client_b_load_status\nWHERE status = 'COMPLETE' AND processed = 0, parameters: None","logger":"airflow.task.hooks.airflow.providers.oracle.hooks.oracle.OracleHook","filename":"sql.py","lineno":861}
{"timestamp":"2026-07-08T16:02:11.270424Z","level":"info","event":"Rows affected: 0","logger":"airflow.task.hooks.airflow.providers.oracle.hooks.oracle.OracleHook","filename":"sql.py","lineno":879}
{"timestamp":"2026-07-08T16:02:21.306579Z","level":"info","event":"Poking: SELECT COUNT(*) FROM demo_user.client_b_load_status\nWHERE status = 'COMPLETE' AND processed = 0 (with parameters None)","logger":"airflow.task.operators.airflow.providers.common.sql.sensors.sql.SqlSensor","filename":"sql.py","lineno":100}
{"timestamp":"2026-07-08T16:02:21.370141Z","level":"info","event":"Running statement: SELECT COUNT(*) FROM demo_user.client_b_load_status\nWHERE status = 'COMPLETE' AND processed = 0, parameters: None","logger":"airflow.task.hooks.airflow.providers.oracle.hooks.oracle.OracleHook","filename":"sql.py","lineno":861}
{"timestamp":"2026-07-08T16:02:21.371471Z","level":"info","event":"Rows affected: 0","logger":"airflow.task.hooks.airflow.providers.oracle.hooks.oracle.OracleHook","filename":"sql.py","lineno":879}
{"timestamp":"2026-07-08T16:02:31.405479Z","level":"info","event":"Poking: SELECT COUNT(*) FROM demo_user.client_b_load_status\nWHERE status = 'COMPLETE' AND processed = 0 (with parameters None)","logger":"airflow.task.operators.airflow.providers.common.sql.sensors.sql.SqlSensor","filename":"sql.py","lineno":100}
{"timestamp":"2026-07-08T16:02:31.462665Z","level":"info","event":"Running statement: SELECT COUNT(*) FROM demo_user.client_b_load_status\nWHERE status = 'COMPLETE' AND processed = 0, parameters: None","logger":"airflow.task.hooks.airflow.providers.oracle.hooks.oracle.OracleHook","filename":"sql.py","lineno":861}
{"timestamp":"2026-07-08T16:02:31.463768Z","level":"info","event":"Rows affected: 0","logger":"airflow.task.hooks.airflow.providers.oracle.hooks.oracle.OracleHook","filename":"sql.py","lineno":879}
{"timestamp":"2026-07-08T16:02:41.505495Z","level":"info","event":"Poking: SELECT COUNT(*) FROM demo_user.client_b_load_status\nWHERE status = 'COMPLETE' AND processed = 0 (with parameters None)","logger":"airflow.task.operators.airflow.providers.common.sql.sensors.sql.SqlSensor","filename":"sql.py","lineno":100}
{"timestamp":"2026-07-08T16:02:41.563992Z","level":"info","event":"Running statement: SELECT COUNT(*) FROM demo_user.client_b_load_status\nWHERE status = 'COMPLETE' AND processed = 0, parameters: None","logger":"airflow.task.hooks.airflow.providers.oracle.hooks.oracle.OracleHook","filename":"sql.py","lineno":861}
{"timestamp":"2026-07-08T16:02:41.565116Z","level":"info","event":"Rows affected: 0","logger":"airflow.task.hooks.airflow.providers.oracle.hooks.oracle.OracleHook","filename":"sql.py","lineno":879}
{"timestamp":"2026-07-08T16:02:51.608074Z","level":"info","event":"Poking: SELECT COUNT(*) FROM demo_user.client_b_load_status\nWHERE status = 'COMPLETE' AND processed = 0 (with parameters None)","logger":"airflow.task.operators.airflow.providers.common.sql.sensors.sql.SqlSensor","filename":"sql.py","lineno":100}
{"timestamp":"2026-07-08T16:02:51.660529Z","level":"info","event":"Running statement: SELECT COUNT(*) FROM demo_user.client_b_load_status\nWHERE status = 'COMPLETE' AND processed = 0, parameters: None","logger":"airflow.task.hooks.airflow.providers.oracle.hooks.oracle.OracleHook","filename":"sql.py","lineno":861}
{"timestamp":"2026-07-08T16:02:51.661485Z","level":"info","event":"Rows affected: 0","logger":"airflow.task.hooks.airflow.providers.oracle.hooks.oracle.OracleHook","filename":"sql.py","lineno":879}
{"timestamp":"2026-07-08T16:03:01.697813Z","level":"info","event":"Poking: SELECT COUNT(*) FROM demo_user.client_b_load_status\nWHERE status = 'COMPLETE' AND processed = 0 (with parameters None)","logger":"airflow.task.operators.airflow.providers.common.sql.sensors.sql.SqlSensor","filename":"sql.py","lineno":100}
{"timestamp":"2026-07-08T16:03:01.756606Z","level":"info","event":"Running statement: SELECT COUNT(*) FROM demo_user.client_b_load_status\nWHERE status = 'COMPLETE' AND processed = 0, parameters: None","logger":"airflow.task.hooks.airflow.providers.oracle.hooks.oracle.OracleHook","filename":"sql.py","lineno":861}
{"timestamp":"2026-07-08T16:03:01.757829Z","level":"info","event":"Rows affected: 0","logger":"airflow.task.hooks.airflow.providers.oracle.hooks.oracle.OracleHook","filename":"sql.py","lineno":879}
{"timestamp":"2026-07-08T16:03:11.796255Z","level":"info","event":"Poking: SELECT COUNT(*) FROM demo_user.client_b_load_status\nWHERE status = 'COMPLETE' AND processed = 0 (with parameters None)","logger":"airflow.task.operators.airflow.providers.common.sql.sensors.sql.SqlSensor","filename":"sql.py","lineno":100}
{"timestamp":"2026-07-08T16:03:11.856958Z","level":"info","event":"Running statement: SELECT COUNT(*) FROM demo_user.client_b_load_status\nWHERE status = 'COMPLETE' AND processed = 0, parameters: None","logger":"airflow.task.hooks.airflow.providers.oracle.hooks.oracle.OracleHook","filename":"sql.py","lineno":861}
{"timestamp":"2026-07-08T16:03:11.858128Z","level":"info","event":"Rows affected: 0","logger":"airflow.task.hooks.airflow.providers.oracle.hooks.oracle.OracleHook","filename":"sql.py","lineno":879}
{"timestamp":"2026-07-08T16:03:21.899332Z","level":"info","event":"Poking: SELECT COUNT(*) FROM demo_user.client_b_load_status\nWHERE status = 'COMPLETE' AND processed = 0 (with parameters None)","logger":"airflow.task.operators.airflow.providers.common.sql.sensors.sql.SqlSensor","filename":"sql.py","lineno":100}
{"timestamp":"2026-07-08T16:03:21.955355Z","level":"info","event":"Running statement: SELECT COUNT(*) FROM demo_user.client_b_load_status\nWHERE status = 'COMPLETE' AND processed = 0, parameters: None","logger":"airflow.task.hooks.airflow.providers.oracle.hooks.oracle.OracleHook","filename":"sql.py","lineno":861}
{"timestamp":"2026-07-08T16:03:21.956345Z","level":"info","event":"Rows affected: 0","logger":"airflow.task.hooks.airflow.providers.oracle.hooks.oracle.OracleHook","filename":"sql.py","lineno":879}
{"timestamp":"2026-07-08T16:03:31.987194Z","level":"info","event":"Poking: SELECT COUNT(*) FROM demo_user.client_b_load_status\nWHERE status = 'COMPLETE' AND processed = 0 (with parameters None)","logger":"airflow.task.operators.airflow.providers.common.sql.sensors.sql.SqlSensor","filename":"sql.py","lineno":100}
{"timestamp":"2026-07-08T16:03:32.038597Z","level":"info","event":"Running statement: SELECT COUNT(*) FROM demo_user.client_b_load_status\nWHERE status = 'COMPLETE' AND processed = 0, parameters: None","logger":"airflow.task.hooks.airflow.providers.oracle.hooks.oracle.OracleHook","filename":"sql.py","lineno":861}
{"timestamp":"2026-07-08T16:03:32.040557Z","level":"info","event":"Rows affected: 0","logger":"airflow.task.hooks.airflow.providers.oracle.hooks.oracle.OracleHook","filename":"sql.py","lineno":879}
{"timestamp":"2026-07-08T16:03:42.075318Z","level":"info","event":"Poking: SELECT COUNT(*) FROM demo_user.client_b_load_status\nWHERE status = 'COMPLETE' AND processed = 0 (with parameters None)","logger":"airflow.task.operators.airflow.providers.common.sql.sensors.sql.SqlSensor","filename":"sql.py","lineno":100}
{"timestamp":"2026-07-08T16:03:42.128350Z","level":"info","event":"Running statement: SELECT COUNT(*) FROM demo_user.client_b_load_status\nWHERE status = 'COMPLETE' AND processed = 0, parameters: None","logger":"airflow.task.hooks.airflow.providers.oracle.hooks.oracle.OracleHook","filename":"sql.py","lineno":861}
{"timestamp":"2026-07-08T16:03:42.129531Z","level":"info","event":"Rows affected: 0","logger":"airflow.task.hooks.airflow.providers.oracle.hooks.oracle.OracleHook","filename":"sql.py","lineno":879}
{"timestamp":"2026-07-08T16:03:52.171039Z","level":"info","event":"Poking: SELECT COUNT(*) FROM demo_user.client_b_load_status\nWHERE status = 'COMPLETE' AND processed = 0 (with parameters None)","logger":"airflow.task.operators.airflow.providers.common.sql.sensors.sql.SqlSensor","filename":"sql.py","lineno":100}
{"timestamp":"2026-07-08T16:03:52.230540Z","level":"info","event":"Running statement: SELECT COUNT(*) FROM demo_user.client_b_load_status\nWHERE status = 'COMPLETE' AND processed = 0, parameters: None","logger":"airflow.task.hooks.airflow.providers.oracle.hooks.oracle.OracleHook","filename":"sql.py","lineno":861}
{"timestamp":"2026-07-08T16:03:52.231422Z","level":"info","event":"Rows affected: 0","logger":"airflow.task.hooks.airflow.providers.oracle.hooks.oracle.OracleHook","filename":"sql.py","lineno":879}
{"timestamp":"2026-07-08T16:04:02.263521Z","level":"info","event":"Poking: SELECT COUNT(*) FROM demo_user.client_b_load_status\nWHERE status = 'COMPLETE' AND processed = 0 (with parameters None)","logger":"airflow.task.operators.airflow.providers.common.sql.sensors.sql.SqlSensor","filename":"sql.py","lineno":100}
{"timestamp":"2026-07-08T16:04:02.314258Z","level":"info","event":"Running statement: SELECT COUNT(*) FROM demo_user.client_b_load_status\nWHERE status = 'COMPLETE' AND processed = 0, parameters: None","logger":"airflow.task.hooks.airflow.providers.oracle.hooks.oracle.OracleHook","filename":"sql.py","lineno":861}
{"timestamp":"2026-07-08T16:04:02.315299Z","level":"info","event":"Rows affected: 0","logger":"airflow.task.hooks.airflow.providers.oracle.hooks.oracle.OracleHook","filename":"sql.py","lineno":879}
{"timestamp":"2026-07-08T16:04:12.349486Z","level":"info","event":"Poking: SELECT COUNT(*) FROM demo_user.client_b_load_status\nWHERE status = 'COMPLETE' AND processed = 0 (with parameters None)","logger":"airflow.task.operators.airflow.providers.common.sql.sensors.sql.SqlSensor","filename":"sql.py","lineno":100}
{"timestamp":"2026-07-08T16:04:12.403401Z","level":"info","event":"Running statement: SELECT COUNT(*) FROM demo_user.client_b_load_status\nWHERE status = 'COMPLETE' AND processed = 0, parameters: None","logger":"airflow.task.hooks.airflow.providers.oracle.hooks.oracle.OracleHook","filename":"sql.py","lineno":861}
{"timestamp":"2026-07-08T16:04:12.404719Z","level":"info","event":"Rows affected: 0","logger":"airflow.task.hooks.airflow.providers.oracle.hooks.oracle.OracleHook","filename":"sql.py","lineno":879}
{"timestamp":"2026-07-08T16:04:22.444923Z","level":"info","event":"Poking: SELECT COUNT(*) FROM demo_user.client_b_load_status\nWHERE status = 'COMPLETE' AND processed = 0 (with parameters None)","logger":"airflow.task.operators.airflow.providers.common.sql.sensors.sql.SqlSensor","filename":"sql.py","lineno":100}
{"timestamp":"2026-07-08T16:04:22.505609Z","level":"info","event":"Running statement: SELECT COUNT(*) FROM demo_user.client_b_load_status\nWHERE status = 'COMPLETE' AND processed = 0, parameters: None","logger":"airflow.task.hooks.airflow.providers.oracle.hooks.oracle.OracleHook","filename":"sql.py","lineno":861}
{"timestamp":"2026-07-08T16:04:22.506974Z","level":"info","event":"Rows affected: 0","logger":"airflow.task.hooks.airflow.providers.oracle.hooks.oracle.OracleHook","filename":"sql.py","lineno":879}
{"timestamp":"2026-07-08T16:04:32.546678Z","level":"info","event":"Poking: SELECT COUNT(*) FROM demo_user.client_b_load_status\nWHERE status = 'COMPLETE' AND processed = 0 (with parameters None)","logger":"airflow.task.operators.airflow.providers.common.sql.sensors.sql.SqlSensor","filename":"sql.py","lineno":100}
{"timestamp":"2026-07-08T16:04:32.606000Z","level":"info","event":"Running statement: SELECT COUNT(*) FROM demo_user.client_b_load_status\nWHERE status = 'COMPLETE' AND processed = 0, parameters: None","logger":"airflow.task.hooks.airflow.providers.oracle.hooks.oracle.OracleHook","filename":"sql.py","lineno":861}
{"timestamp":"2026-07-08T16:04:32.607028Z","level":"info","event":"Rows affected: 0","logger":"airflow.task.hooks.airflow.providers.oracle.hooks.oracle.OracleHook","filename":"sql.py","lineno":879}
{"timestamp":"2026-07-08T16:04:42.640281Z","level":"info","event":"Poking: SELECT COUNT(*) FROM demo_user.client_b_load_status\nWHERE status = 'COMPLETE' AND processed = 0 (with parameters None)","logger":"airflow.task.operators.airflow.providers.common.sql.sensors.sql.SqlSensor","filename":"sql.py","lineno":100}
{"timestamp":"2026-07-08T16:04:42.707131Z","level":"info","event":"Running statement: SELECT COUNT(*) FROM demo_user.client_b_load_status\nWHERE status = 'COMPLETE' AND processed = 0, parameters: None","logger":"airflow.task.hooks.airflow.providers.oracle.hooks.oracle.OracleHook","filename":"sql.py","lineno":861}
{"timestamp":"2026-07-08T16:04:42.708361Z","level":"info","event":"Rows affected: 0","logger":"airflow.task.hooks.airflow.providers.oracle.hooks.oracle.OracleHook","filename":"sql.py","lineno":879}
{"timestamp":"2026-07-08T16:04:52.742877Z","level":"info","event":"Poking: SELECT COUNT(*) FROM demo_user.client_b_load_status\nWHERE status = 'COMPLETE' AND processed = 0 (with parameters None)","logger":"airflow.task.operators.airflow.providers.common.sql.sensors.sql.SqlSensor","filename":"sql.py","lineno":100}
{"timestamp":"2026-07-08T16:04:52.795544Z","level":"info","event":"Running statement: SELECT COUNT(*) FROM demo_user.client_b_load_status\nWHERE status = 'COMPLETE' AND processed = 0, parameters: None","logger":"airflow.task.hooks.airflow.providers.oracle.hooks.oracle.OracleHook","filename":"sql.py","lineno":861}
{"timestamp":"2026-07-08T16:04:52.796599Z","level":"info","event":"Rows affected: 0","logger":"airflow.task.hooks.airflow.providers.oracle.hooks.oracle.OracleHook","filename":"sql.py","lineno":879}
{"timestamp":"2026-07-08T16:05:02.836831Z","level":"info","event":"Poking: SELECT COUNT(*) FROM demo_user.client_b_load_status\nWHERE status = 'COMPLETE' AND processed = 0 (with parameters None)","logger":"airflow.task.operators.airflow.providers.common.sql.sensors.sql.SqlSensor","filename":"sql.py","lineno":100}
{"timestamp":"2026-07-08T16:05:02.897084Z","level":"info","event":"Running statement: SELECT COUNT(*) FROM demo_user.client_b_load_status\nWHERE status = 'COMPLETE' AND processed = 0, parameters: None","logger":"airflow.task.hooks.airflow.providers.oracle.hooks.oracle.OracleHook","filename":"sql.py","lineno":861}
{"timestamp":"2026-07-08T16:05:02.898356Z","level":"info","event":"Rows affected: 0","logger":"airflow.task.hooks.airflow.providers.oracle.hooks.oracle.OracleHook","filename":"sql.py","lineno":879}
{"timestamp":"2026-07-08T16:05:12.938029Z","level":"info","event":"Poking: SELECT COUNT(*) FROM demo_user.client_b_load_status\nWHERE status = 'COMPLETE' AND processed = 0 (with parameters None)","logger":"airflow.task.operators.airflow.providers.common.sql.sensors.sql.SqlSensor","filename":"sql.py","lineno":100}
{"timestamp":"2026-07-08T16:05:12.997027Z","level":"info","event":"Running statement: SELECT COUNT(*) FROM demo_user.client_b_load_status\nWHERE status = 'COMPLETE' AND processed = 0, parameters: None","logger":"airflow.task.hooks.airflow.providers.oracle.hooks.oracle.OracleHook","filename":"sql.py","lineno":861}
{"timestamp":"2026-07-08T16:05:12.998178Z","level":"info","event":"Rows affected: 0","logger":"airflow.task.hooks.airflow.providers.oracle.hooks.oracle.OracleHook","filename":"sql.py","lineno":879}
{"timestamp":"2026-07-08T16:05:23.026289Z","level":"info","event":"Poking: SELECT COUNT(*) FROM demo_user.client_b_load_status\nWHERE status = 'COMPLETE' AND processed = 0 (with parameters None)","logger":"airflow.task.operators.airflow.providers.common.sql.sensors.sql.SqlSensor","filename":"sql.py","lineno":100}
{"timestamp":"2026-07-08T16:05:23.078557Z","level":"info","event":"Running statement: SELECT COUNT(*) FROM demo_user.client_b_load_status\nWHERE status = 'COMPLETE' AND processed = 0, parameters: None","logger":"airflow.task.hooks.airflow.providers.oracle.hooks.oracle.OracleHook","filename":"sql.py","lineno":861}
{"timestamp":"2026-07-08T16:05:23.079652Z","level":"info","event":"Rows affected: 0","logger":"airflow.task.hooks.airflow.providers.oracle.hooks.oracle.OracleHook","filename":"sql.py","lineno":879}
{"timestamp":"2026-07-08T16:05:33.112742Z","level":"info","event":"Poking: SELECT COUNT(*) FROM demo_user.client_b_load_status\nWHERE status = 'COMPLETE' AND processed = 0 (with parameters None)","logger":"airflow.task.operators.airflow.providers.common.sql.sensors.sql.SqlSensor","filename":"sql.py","lineno":100}
{"timestamp":"2026-07-08T16:05:33.167946Z","level":"info","event":"Running statement: SELECT COUNT(*) FROM demo_user.client_b_load_status\nWHERE status = 'COMPLETE' AND processed = 0, parameters: None","logger":"airflow.task.hooks.airflow.providers.oracle.hooks.oracle.OracleHook","filename":"sql.py","lineno":861}
{"timestamp":"2026-07-08T16:05:33.168972Z","level":"info","event":"Rows affected: 0","logger":"airflow.task.hooks.airflow.providers.oracle.hooks.oracle.OracleHook","filename":"sql.py","lineno":879}
{"timestamp":"2026-07-08T16:05:43.211599Z","level":"info","event":"Poking: SELECT COUNT(*) FROM demo_user.client_b_load_status\nWHERE status = 'COMPLETE' AND processed = 0 (with parameters None)","logger":"airflow.task.operators.airflow.providers.common.sql.sensors.sql.SqlSensor","filename":"sql.py","lineno":100}
{"timestamp":"2026-07-08T16:05:43.267935Z","level":"info","event":"Running statement: SELECT COUNT(*) FROM demo_user.client_b_load_status\nWHERE status = 'COMPLETE' AND processed = 0, parameters: None","logger":"airflow.task.hooks.airflow.providers.oracle.hooks.oracle.OracleHook","filename":"sql.py","lineno":861}
{"timestamp":"2026-07-08T16:05:43.269094Z","level":"info","event":"Rows affected: 0","logger":"airflow.task.hooks.airflow.providers.oracle.hooks.oracle.OracleHook","filename":"sql.py","lineno":879}
{"timestamp":"2026-07-08T16:05:53.296324Z","level":"info","event":"Poking: SELECT COUNT(*) FROM demo_user.client_b_load_status\nWHERE status = 'COMPLETE' AND processed = 0 (with parameters None)","logger":"airflow.task.operators.airflow.providers.common.sql.sensors.sql.SqlSensor","filename":"sql.py","lineno":100}
{"timestamp":"2026-07-08T16:05:53.350039Z","level":"info","event":"Running statement: SELECT COUNT(*) FROM demo_user.client_b_load_status\nWHERE status = 'COMPLETE' AND processed = 0, parameters: None","logger":"airflow.task.hooks.airflow.providers.oracle.hooks.oracle.OracleHook","filename":"sql.py","lineno":861}
{"timestamp":"2026-07-08T16:05:53.351239Z","level":"info","event":"Rows affected: 0","logger":"airflow.task.hooks.airflow.providers.oracle.hooks.oracle.OracleHook","filename":"sql.py","lineno":879}
{"timestamp":"2026-07-08T16:06:03.389193Z","level":"info","event":"Poking: SELECT COUNT(*) FROM demo_user.client_b_load_status\nWHERE status = 'COMPLETE' AND processed = 0 (with parameters None)","logger":"airflow.task.operators.airflow.providers.common.sql.sensors.sql.SqlSensor","filename":"sql.py","lineno":100}
{"timestamp":"2026-07-08T16:06:03.443214Z","level":"info","event":"Running statement: SELECT COUNT(*) FROM demo_user.client_b_load_status\nWHERE status = 'COMPLETE' AND processed = 0, parameters: None","logger":"airflow.task.hooks.airflow.providers.oracle.hooks.oracle.OracleHook","filename":"sql.py","lineno":861}
{"timestamp":"2026-07-08T16:06:03.444205Z","level":"info","event":"Rows affected: 0","logger":"airflow.task.hooks.airflow.providers.oracle.hooks.oracle.OracleHook","filename":"sql.py","lineno":879}
{"timestamp":"2026-07-08T16:06:13.489075Z","level":"info","event":"Poking: SELECT COUNT(*) FROM demo_user.client_b_load_status\nWHERE status = 'COMPLETE' AND processed = 0 (with parameters None)","logger":"airflow.task.operators.airflow.providers.common.sql.sensors.sql.SqlSensor","filename":"sql.py","lineno":100}
{"timestamp":"2026-07-08T16:06:13.550591Z","level":"info","event":"Running statement: SELECT COUNT(*) FROM demo_user.client_b_load_status\nWHERE status = 'COMPLETE' AND processed = 0, parameters: None","logger":"airflow.task.hooks.airflow.providers.oracle.hooks.oracle.OracleHook","filename":"sql.py","lineno":861}
{"timestamp":"2026-07-08T16:06:13.552495Z","level":"info","event":"Rows affected: 0","logger":"airflow.task.hooks.airflow.providers.oracle.hooks.oracle.OracleHook","filename":"sql.py","lineno":879}
{"timestamp":"2026-07-08T16:06:23.582410Z","level":"info","event":"Poking: SELECT COUNT(*) FROM demo_user.client_b_load_status\nWHERE status = 'COMPLETE' AND processed = 0 (with parameters None)","logger":"airflow.task.operators.airflow.providers.common.sql.sensors.sql.SqlSensor","filename":"sql.py","lineno":100}
{"timestamp":"2026-07-08T16:06:23.646065Z","level":"info","event":"Running statement: SELECT COUNT(*) FROM demo_user.client_b_load_status\nWHERE status = 'COMPLETE' AND processed = 0, parameters: None","logger":"airflow.task.hooks.airflow.providers.oracle.hooks.oracle.OracleHook","filename":"sql.py","lineno":861}
{"timestamp":"2026-07-08T16:06:23.648080Z","level":"info","event":"Rows affected: 0","logger":"airflow.task.hooks.airflow.providers.oracle.hooks.oracle.OracleHook","filename":"sql.py","lineno":879}
{"timestamp":"2026-07-08T16:06:33.668370Z","level":"info","event":"Poking: SELECT COUNT(*) FROM demo_user.client_b_load_status\nWHERE status = 'COMPLETE' AND processed = 0 (with parameters None)","logger":"airflow.task.operators.airflow.providers.common.sql.sensors.sql.SqlSensor","filename":"sql.py","lineno":100}
{"timestamp":"2026-07-08T16:06:33.711247Z","level":"info","event":"Running statement: SELECT COUNT(*) FROM demo_user.client_b_load_status\nWHERE status = 'COMPLETE' AND processed = 0, parameters: None","logger":"airflow.task.hooks.airflow.providers.oracle.hooks.oracle.OracleHook","filename":"sql.py","lineno":861}
{"timestamp":"2026-07-08T16:06:33.712190Z","level":"info","event":"Rows affected: 0","logger":"airflow.task.hooks.airflow.providers.oracle.hooks.oracle.OracleHook","filename":"sql.py","lineno":879}
{"timestamp":"2026-07-08T16:06:43.755061Z","level":"info","event":"Poking: SELECT COUNT(*) FROM demo_user.client_b_load_status\nWHERE status = 'COMPLETE' AND processed = 0 (with parameters None)","logger":"airflow.task.operators.airflow.providers.common.sql.sensors.sql.SqlSensor","filename":"sql.py","lineno":100}
{"timestamp":"2026-07-08T16:06:43.810107Z","level":"info","event":"Running statement: SELECT COUNT(*) FROM demo_user.client_b_load_status\nWHERE status = 'COMPLETE' AND processed = 0, parameters: None","logger":"airflow.task.hooks.airflow.providers.oracle.hooks.oracle.OracleHook","filename":"sql.py","lineno":861}
{"timestamp":"2026-07-08T16:06:43.811100Z","level":"info","event":"Rows affected: 0","logger":"airflow.task.hooks.airflow.providers.oracle.hooks.oracle.OracleHook","filename":"sql.py","lineno":879}
{"timestamp":"2026-07-08T16:06:53.837441Z","level":"info","event":"Poking: SELECT COUNT(*) FROM demo_user.client_b_load_status\nWHERE status = 'COMPLETE' AND processed = 0 (with parameters None)","logger":"airflow.task.operators.airflow.providers.common.sql.sensors.sql.SqlSensor","filename":"sql.py","lineno":100}
{"timestamp":"2026-07-08T16:06:53.887750Z","level":"info","event":"Running statement: SELECT COUNT(*) FROM demo_user.client_b_load_status\nWHERE status = 'COMPLETE' AND processed = 0, parameters: None","logger":"airflow.task.hooks.airflow.providers.oracle.hooks.oracle.OracleHook","filename":"sql.py","lineno":861}
{"timestamp":"2026-07-08T16:06:53.888827Z","level":"info","event":"Rows affected: 0","logger":"airflow.task.hooks.airflow.providers.oracle.hooks.oracle.OracleHook","filename":"sql.py","lineno":879}
{"timestamp":"2026-07-08T16:07:03.923896Z","level":"info","event":"Poking: SELECT COUNT(*) FROM demo_user.client_b_load_status\nWHERE status = 'COMPLETE' AND processed = 0 (with parameters None)","logger":"airflow.task.operators.airflow.providers.common.sql.sensors.sql.SqlSensor","filename":"sql.py","lineno":100}
{"timestamp":"2026-07-08T16:07:03.978600Z","level":"info","event":"Running statement: SELECT COUNT(*) FROM demo_user.client_b_load_status\nWHERE status = 'COMPLETE' AND processed = 0, parameters: None","logger":"airflow.task.hooks.airflow.providers.oracle.hooks.oracle.OracleHook","filename":"sql.py","lineno":861}
{"timestamp":"2026-07-08T16:07:03.979501Z","level":"info","event":"Rows affected: 0","logger":"airflow.task.hooks.airflow.providers.oracle.hooks.oracle.OracleHook","filename":"sql.py","lineno":879}
{"timestamp":"2026-07-08T16:07:14.023887Z","level":"info","event":"Poking: SELECT COUNT(*) FROM demo_user.client_b_load_status\nWHERE status = 'COMPLETE' AND processed = 0 (with parameters None)","logger":"airflow.task.operators.airflow.providers.common.sql.sensors.sql.SqlSensor","filename":"sql.py","lineno":100}
{"timestamp":"2026-07-08T16:07:14.085699Z","level":"info","event":"Running statement: SELECT COUNT(*) FROM demo_user.client_b_load_status\nWHERE status = 'COMPLETE' AND processed = 0, parameters: None","logger":"airflow.task.hooks.airflow.providers.oracle.hooks.oracle.OracleHook","filename":"sql.py","lineno":861}
{"timestamp":"2026-07-08T16:07:14.087497Z","level":"info","event":"Rows affected: 0","logger":"airflow.task.hooks.airflow.providers.oracle.hooks.oracle.OracleHook","filename":"sql.py","lineno":879}
{"timestamp":"2026-07-08T16:07:24.122589Z","level":"info","event":"Poking: SELECT COUNT(*) FROM demo_user.client_b_load_status\nWHERE status = 'COMPLETE' AND processed = 0 (with parameters None)","logger":"airflow.task.operators.airflow.providers.common.sql.sensors.sql.SqlSensor","filename":"sql.py","lineno":100}
{"timestamp":"2026-07-08T16:07:24.174322Z","level":"info","event":"Running statement: SELECT COUNT(*) FROM demo_user.client_b_load_status\nWHERE status = 'COMPLETE' AND processed = 0, parameters: None","logger":"airflow.task.hooks.airflow.providers.oracle.hooks.oracle.OracleHook","filename":"sql.py","lineno":861}
{"timestamp":"2026-07-08T16:07:24.175541Z","level":"info","event":"Rows affected: 0","logger":"airflow.task.hooks.airflow.providers.oracle.hooks.oracle.OracleHook","filename":"sql.py","lineno":879}
{"timestamp":"2026-07-08T16:07:34.212604Z","level":"info","event":"Poking: SELECT COUNT(*) FROM demo_user.client_b_load_status\nWHERE status = 'COMPLETE' AND processed = 0 (with parameters None)","logger":"airflow.task.operators.airflow.providers.common.sql.sensors.sql.SqlSensor","filename":"sql.py","lineno":100}
{"timestamp":"2026-07-08T16:07:34.268418Z","level":"info","event":"Running statement: SELECT COUNT(*) FROM demo_user.client_b_load_status\nWHERE status = 'COMPLETE' AND processed = 0, parameters: None","logger":"airflow.task.hooks.airflow.providers.oracle.hooks.oracle.OracleHook","filename":"sql.py","lineno":861}
{"timestamp":"2026-07-08T16:07:34.269471Z","level":"info","event":"Rows affected: 0","logger":"airflow.task.hooks.airflow.providers.oracle.hooks.oracle.OracleHook","filename":"sql.py","lineno":879}
{"timestamp":"2026-07-08T16:07:44.306783Z","level":"info","event":"Poking: SELECT COUNT(*) FROM demo_user.client_b_load_status\nWHERE status = 'COMPLETE' AND processed = 0 (with parameters None)","logger":"airflow.task.operators.airflow.providers.common.sql.sensors.sql.SqlSensor","filename":"sql.py","lineno":100}
{"timestamp":"2026-07-08T16:07:44.357051Z","level":"info","event":"Running statement: SELECT COUNT(*) FROM demo_user.client_b_load_status\nWHERE status = 'COMPLETE' AND processed = 0, parameters: None","logger":"airflow.task.hooks.airflow.providers.oracle.hooks.oracle.OracleHook","filename":"sql.py","lineno":861}
{"timestamp":"2026-07-08T16:07:44.358065Z","level":"info","event":"Rows affected: 0","logger":"airflow.task.hooks.airflow.providers.oracle.hooks.oracle.OracleHook","filename":"sql.py","lineno":879}
{"timestamp":"2026-07-08T16:07:54.399951Z","level":"info","event":"Poking: SELECT COUNT(*) FROM demo_user.client_b_load_status\nWHERE status = 'COMPLETE' AND processed = 0 (with parameters None)","logger":"airflow.task.operators.airflow.providers.common.sql.sensors.sql.SqlSensor","filename":"sql.py","lineno":100}
{"timestamp":"2026-07-08T16:07:54.467270Z","level":"info","event":"Running statement: SELECT COUNT(*) FROM demo_user.client_b_load_status\nWHERE status = 'COMPLETE' AND processed = 0, parameters: None","logger":"airflow.task.hooks.airflow.providers.oracle.hooks.oracle.OracleHook","filename":"sql.py","lineno":861}
{"timestamp":"2026-07-08T16:07:54.468678Z","level":"info","event":"Rows affected: 0","logger":"airflow.task.hooks.airflow.providers.oracle.hooks.oracle.OracleHook","filename":"sql.py","lineno":879}
{"timestamp":"2026-07-08T16:08:04.508703Z","level":"info","event":"Poking: SELECT COUNT(*) FROM demo_user.client_b_load_status\nWHERE status = 'COMPLETE' AND processed = 0 (with parameters None)","logger":"airflow.task.operators.airflow.providers.common.sql.sensors.sql.SqlSensor","filename":"sql.py","lineno":100}
{"timestamp":"2026-07-08T16:08:04.567179Z","level":"info","event":"Running statement: SELECT COUNT(*) FROM demo_user.client_b_load_status\nWHERE status = 'COMPLETE' AND processed = 0, parameters: None","logger":"airflow.task.hooks.airflow.providers.oracle.hooks.oracle.OracleHook","filename":"sql.py","lineno":861}
{"timestamp":"2026-07-08T16:08:04.568483Z","level":"info","event":"Rows affected: 0","logger":"airflow.task.hooks.airflow.providers.oracle.hooks.oracle.OracleHook","filename":"sql.py","lineno":879}
{"timestamp":"2026-07-08T16:08:14.607711Z","level":"info","event":"Poking: SELECT COUNT(*) FROM demo_user.client_b_load_status\nWHERE status = 'COMPLETE' AND processed = 0 (with parameters None)","logger":"airflow.task.operators.airflow.providers.common.sql.sensors.sql.SqlSensor","filename":"sql.py","lineno":100}
{"timestamp":"2026-07-08T16:08:14.664164Z","level":"info","event":"Running statement: SELECT COUNT(*) FROM demo_user.client_b_load_status\nWHERE status = 'COMPLETE' AND processed = 0, parameters: None","logger":"airflow.task.hooks.airflow.providers.oracle.hooks.oracle.OracleHook","filename":"sql.py","lineno":861}
{"timestamp":"2026-07-08T16:08:14.665378Z","level":"info","event":"Rows affected: 0","logger":"airflow.task.hooks.airflow.providers.oracle.hooks.oracle.OracleHook","filename":"sql.py","lineno":879}
{"timestamp":"2026-07-08T16:08:24.707764Z","level":"info","event":"Poking: SELECT COUNT(*) FROM demo_user.client_b_load_status\nWHERE status = 'COMPLETE' AND processed = 0 (with parameters None)","logger":"airflow.task.operators.airflow.providers.common.sql.sensors.sql.SqlSensor","filename":"sql.py","lineno":100}
{"timestamp":"2026-07-08T16:08:24.774804Z","level":"info","event":"Running statement: SELECT COUNT(*) FROM demo_user.client_b_load_status\nWHERE status = 'COMPLETE' AND processed = 0, parameters: None","logger":"airflow.task.hooks.airflow.providers.oracle.hooks.oracle.OracleHook","filename":"sql.py","lineno":861}
{"timestamp":"2026-07-08T16:08:24.776511Z","level":"info","event":"Rows affected: 0","logger":"airflow.task.hooks.airflow.providers.oracle.hooks.oracle.OracleHook","filename":"sql.py","lineno":879}
{"timestamp":"2026-07-08T16:08:34.815346Z","level":"info","event":"Poking: SELECT COUNT(*) FROM demo_user.client_b_load_status\nWHERE status = 'COMPLETE' AND processed = 0 (with parameters None)","logger":"airflow.task.operators.airflow.providers.common.sql.sensors.sql.SqlSensor","filename":"sql.py","lineno":100}
{"timestamp":"2026-07-08T16:08:34.870581Z","level":"info","event":"Running statement: SELECT COUNT(*) FROM demo_user.client_b_load_status\nWHERE status = 'COMPLETE' AND processed = 0, parameters: None","logger":"airflow.task.hooks.airflow.providers.oracle.hooks.oracle.OracleHook","filename":"sql.py","lineno":861}
{"timestamp":"2026-07-08T16:08:34.871715Z","level":"info","event":"Rows affected: 0","logger":"airflow.task.hooks.airflow.providers.oracle.hooks.oracle.OracleHook","filename":"sql.py","lineno":879}
{"timestamp":"2026-07-08T16:08:44.909482Z","level":"info","event":"Poking: SELECT COUNT(*) FROM demo_user.client_b_load_status\nWHERE status = 'COMPLETE' AND processed = 0 (with parameters None)","logger":"airflow.task.operators.airflow.providers.common.sql.sensors.sql.SqlSensor","filename":"sql.py","lineno":100}
{"timestamp":"2026-07-08T16:08:44.964870Z","level":"info","event":"Running statement: SELECT COUNT(*) FROM demo_user.client_b_load_status\nWHERE status = 'COMPLETE' AND processed = 0, parameters: None","logger":"airflow.task.hooks.airflow.providers.oracle.hooks.oracle.OracleHook","filename":"sql.py","lineno":861}
{"timestamp":"2026-07-08T16:08:44.965735Z","level":"info","event":"Rows affected: 0","logger":"airflow.task.hooks.airflow.providers.oracle.hooks.oracle.OracleHook","filename":"sql.py","lineno":879}
{"timestamp":"2026-07-08T16:08:55.005973Z","level":"info","event":"Poking: SELECT COUNT(*) FROM demo_user.client_b_load_status\nWHERE status = 'COMPLETE' AND processed = 0 (with parameters None)","logger":"airflow.task.operators.airflow.providers.common.sql.sensors.sql.SqlSensor","filename":"sql.py","lineno":100}
{"timestamp":"2026-07-08T16:08:55.086054Z","level":"info","event":"Running statement: SELECT COUNT(*) FROM demo_user.client_b_load_status\nWHERE status = 'COMPLETE' AND processed = 0, parameters: None","logger":"airflow.task.hooks.airflow.providers.oracle.hooks.oracle.OracleHook","filename":"sql.py","lineno":861}
{"timestamp":"2026-07-08T16:08:55.087412Z","level":"info","event":"Rows affected: 0","logger":"airflow.task.hooks.airflow.providers.oracle.hooks.oracle.OracleHook","filename":"sql.py","lineno":879}
{"timestamp":"2026-07-08T16:09:05.124528Z","level":"info","event":"Poking: SELECT COUNT(*) FROM demo_user.client_b_load_status\nWHERE status = 'COMPLETE' AND processed = 0 (with parameters None)","logger":"airflow.task.operators.airflow.providers.common.sql.sensors.sql.SqlSensor","filename":"sql.py","lineno":100}
{"timestamp":"2026-07-08T16:09:05.183120Z","level":"info","event":"Running statement: SELECT COUNT(*) FROM demo_user.client_b_load_status\nWHERE status = 'COMPLETE' AND processed = 0, parameters: None","logger":"airflow.task.hooks.airflow.providers.oracle.hooks.oracle.OracleHook","filename":"sql.py","lineno":861}
{"timestamp":"2026-07-08T16:09:05.184316Z","level":"info","event":"Rows affected: 0","logger":"airflow.task.hooks.airflow.providers.oracle.hooks.oracle.OracleHook","filename":"sql.py","lineno":879}
{"timestamp":"2026-07-08T16:09:15.221694Z","level":"info","event":"Poking: SELECT COUNT(*) FROM demo_user.client_b_load_status\nWHERE status = 'COMPLETE' AND processed = 0 (with parameters None)","logger":"airflow.task.operators.airflow.providers.common.sql.sensors.sql.SqlSensor","filename":"sql.py","lineno":100}
{"timestamp":"2026-07-08T16:09:15.277304Z","level":"info","event":"Running statement: SELECT COUNT(*) FROM demo_user.client_b_load_status\nWHERE status = 'COMPLETE' AND processed = 0, parameters: None","logger":"airflow.task.hooks.airflow.providers.oracle.hooks.oracle.OracleHook","filename":"sql.py","lineno":861}
{"timestamp":"2026-07-08T16:09:15.278279Z","level":"info","event":"Rows affected: 0","logger":"airflow.task.hooks.airflow.providers.oracle.hooks.oracle.OracleHook","filename":"sql.py","lineno":879}
{"timestamp":"2026-07-08T16:09:25.328957Z","level":"info","event":"Poking: SELECT COUNT(*) FROM demo_user.client_b_load_status\nWHERE status = 'COMPLETE' AND processed = 0 (with parameters None)","logger":"airflow.task.operators.airflow.providers.common.sql.sensors.sql.SqlSensor","filename":"sql.py","lineno":100}
{"timestamp":"2026-07-08T16:09:25.554855Z","level":"info","event":"Running statement: SELECT COUNT(*) FROM demo_user.client_b_load_status\nWHERE status = 'COMPLETE' AND processed = 0, parameters: None","logger":"airflow.task.hooks.airflow.providers.oracle.hooks.oracle.OracleHook","filename":"sql.py","lineno":861}
{"timestamp":"2026-07-08T16:09:25.556599Z","level":"info","event":"Rows affected: 0","logger":"airflow.task.hooks.airflow.providers.oracle.hooks.oracle.OracleHook","filename":"sql.py","lineno":879}
{"timestamp":"2026-07-08T16:09:35.598428Z","level":"info","event":"Poking: SELECT COUNT(*) FROM demo_user.client_b_load_status\nWHERE status = 'COMPLETE' AND processed = 0 (with parameters None)","logger":"airflow.task.operators.airflow.providers.common.sql.sensors.sql.SqlSensor","filename":"sql.py","lineno":100}
{"timestamp":"2026-07-08T16:09:35.662889Z","level":"info","event":"Running statement: SELECT COUNT(*) FROM demo_user.client_b_load_status\nWHERE status = 'COMPLETE' AND processed = 0, parameters: None","logger":"airflow.task.hooks.airflow.providers.oracle.hooks.oracle.OracleHook","filename":"sql.py","lineno":861}
{"timestamp":"2026-07-08T16:09:35.664266Z","level":"info","event":"Rows affected: 0","logger":"airflow.task.hooks.airflow.providers.oracle.hooks.oracle.OracleHook","filename":"sql.py","lineno":879}
{"timestamp":"2026-07-08T16:09:45.699741Z","level":"info","event":"Poking: SELECT COUNT(*) FROM demo_user.client_b_load_status\nWHERE status = 'COMPLETE' AND processed = 0 (with parameters None)","logger":"airflow.task.operators.airflow.providers.common.sql.sensors.sql.SqlSensor","filename":"sql.py","lineno":100}
{"timestamp":"2026-07-08T16:09:45.752580Z","level":"info","event":"Running statement: SELECT COUNT(*) FROM demo_user.client_b_load_status\nWHERE status = 'COMPLETE' AND processed = 0, parameters: None","logger":"airflow.task.hooks.airflow.providers.oracle.hooks.oracle.OracleHook","filename":"sql.py","lineno":861}
{"timestamp":"2026-07-08T16:09:45.753907Z","level":"info","event":"Rows affected: 0","logger":"airflow.task.hooks.airflow.providers.oracle.hooks.oracle.OracleHook","filename":"sql.py","lineno":879}
{"timestamp":"2026-07-08T16:09:55.794875Z","level":"info","event":"Poking: SELECT COUNT(*) FROM demo_user.client_b_load_status\nWHERE status = 'COMPLETE' AND processed = 0 (with parameters None)","logger":"airflow.task.operators.airflow.providers.common.sql.sensors.sql.SqlSensor","filename":"sql.py","lineno":100}
{"timestamp":"2026-07-08T16:09:55.857699Z","level":"info","event":"Running statement: SELECT COUNT(*) FROM demo_user.client_b_load_status\nWHERE status = 'COMPLETE' AND processed = 0, parameters: None","logger":"airflow.task.hooks.airflow.providers.oracle.hooks.oracle.OracleHook","filename":"sql.py","lineno":861}
{"timestamp":"2026-07-08T16:09:55.858971Z","level":"info","event":"Rows affected: 0","logger":"airflow.task.hooks.airflow.providers.oracle.hooks.oracle.OracleHook","filename":"sql.py","lineno":879}
{"timestamp":"2026-07-08T16:10:05.893098Z","level":"info","event":"Poking: SELECT COUNT(*) FROM demo_user.client_b_load_status\nWHERE status = 'COMPLETE' AND processed = 0 (with parameters None)","logger":"airflow.task.operators.airflow.providers.common.sql.sensors.sql.SqlSensor","filename":"sql.py","lineno":100}
{"timestamp":"2026-07-08T16:10:05.944667Z","level":"info","event":"Running statement: SELECT COUNT(*) FROM demo_user.client_b_load_status\nWHERE status = 'COMPLETE' AND processed = 0, parameters: None","logger":"airflow.task.hooks.airflow.providers.oracle.hooks.oracle.OracleHook","filename":"sql.py","lineno":861}
{"timestamp":"2026-07-08T16:10:05.945829Z","level":"info","event":"Rows affected: 0","logger":"airflow.task.hooks.airflow.providers.oracle.hooks.oracle.OracleHook","filename":"sql.py","lineno":879}
{"timestamp":"2026-07-08T16:10:15.984708Z","level":"info","event":"Poking: SELECT COUNT(*) FROM demo_user.client_b_load_status\nWHERE status = 'COMPLETE' AND processed = 0 (with parameters None)","logger":"airflow.task.operators.airflow.providers.common.sql.sensors.sql.SqlSensor","filename":"sql.py","lineno":100}
{"timestamp":"2026-07-08T16:10:16.050527Z","level":"info","event":"Running statement: SELECT COUNT(*) FROM demo_user.client_b_load_status\nWHERE status = 'COMPLETE' AND processed = 0, parameters: None","logger":"airflow.task.hooks.airflow.providers.oracle.hooks.oracle.OracleHook","filename":"sql.py","lineno":861}
{"timestamp":"2026-07-08T16:10:16.052102Z","level":"info","event":"Rows affected: 0","logger":"airflow.task.hooks.airflow.providers.oracle.hooks.oracle.OracleHook","filename":"sql.py","lineno":879}
{"timestamp":"2026-07-08T16:10:26.117763Z","level":"info","event":"Poking: SELECT COUNT(*) FROM demo_user.client_b_load_status\nWHERE status = 'COMPLETE' AND processed = 0 (with parameters None)","logger":"airflow.task.operators.airflow.providers.common.sql.sensors.sql.SqlSensor","filename":"sql.py","lineno":100}
{"timestamp":"2026-07-08T16:10:26.269029Z","level":"info","event":"Running statement: SELECT COUNT(*) FROM demo_user.client_b_load_status\nWHERE status = 'COMPLETE' AND processed = 0, parameters: None","logger":"airflow.task.hooks.airflow.providers.oracle.hooks.oracle.OracleHook","filename":"sql.py","lineno":861}
{"timestamp":"2026-07-08T16:10:26.270825Z","level":"info","event":"Rows affected: 0","logger":"airflow.task.hooks.airflow.providers.oracle.hooks.oracle.OracleHook","filename":"sql.py","lineno":879}
{"timestamp":"2026-07-08T16:10:36.322043Z","level":"info","event":"Poking: SELECT COUNT(*) FROM demo_user.client_b_load_status\nWHERE status = 'COMPLETE' AND processed = 0 (with parameters None)","logger":"airflow.task.operators.airflow.providers.common.sql.sensors.sql.SqlSensor","filename":"sql.py","lineno":100}
{"timestamp":"2026-07-08T16:10:36.417721Z","level":"info","event":"Running statement: SELECT COUNT(*) FROM demo_user.client_b_load_status\nWHERE status = 'COMPLETE' AND processed = 0, parameters: None","logger":"airflow.task.hooks.airflow.providers.oracle.hooks.oracle.OracleHook","filename":"sql.py","lineno":861}
{"timestamp":"2026-07-08T16:10:36.419527Z","level":"info","event":"Rows affected: 0","logger":"airflow.task.hooks.airflow.providers.oracle.hooks.oracle.OracleHook","filename":"sql.py","lineno":879}
{"timestamp":"2026-07-08T16:10:46.476711Z","level":"info","event":"Poking: SELECT COUNT(*) FROM demo_user.client_b_load_status\nWHERE status = 'COMPLETE' AND processed = 0 (with parameters None)","logger":"airflow.task.operators.airflow.providers.common.sql.sensors.sql.SqlSensor","filename":"sql.py","lineno":100}
{"timestamp":"2026-07-08T16:10:46.568789Z","level":"info","event":"Running statement: SELECT COUNT(*) FROM demo_user.client_b_load_status\nWHERE status = 'COMPLETE' AND processed = 0, parameters: None","logger":"airflow.task.hooks.airflow.providers.oracle.hooks.oracle.OracleHook","filename":"sql.py","lineno":861}
{"timestamp":"2026-07-08T16:10:46.570127Z","level":"info","event":"Rows affected: 0","logger":"airflow.task.hooks.airflow.providers.oracle.hooks.oracle.OracleHook","filename":"sql.py","lineno":879}
{"timestamp":"2026-07-08T16:10:56.609475Z","level":"info","event":"Poking: SELECT COUNT(*) FROM demo_user.client_b_load_status\nWHERE status = 'COMPLETE' AND processed = 0 (with parameters None)","logger":"airflow.task.operators.airflow.providers.common.sql.sensors.sql.SqlSensor","filename":"sql.py","lineno":100}
{"timestamp":"2026-07-08T16:10:56.673038Z","level":"info","event":"Running statement: SELECT COUNT(*) FROM demo_user.client_b_load_status\nWHERE status = 'COMPLETE' AND processed = 0, parameters: None","logger":"airflow.task.hooks.airflow.providers.oracle.hooks.oracle.OracleHook","filename":"sql.py","lineno":861}
{"timestamp":"2026-07-08T16:10:56.674692Z","level":"info","event":"Rows affected: 0","logger":"airflow.task.hooks.airflow.providers.oracle.hooks.oracle.OracleHook","filename":"sql.py","lineno":879}
{"timestamp":"2026-07-08T16:11:06.717318Z","level":"info","event":"Poking: SELECT COUNT(*) FROM demo_user.client_b_load_status\nWHERE status = 'COMPLETE' AND processed = 0 (with parameters None)","logger":"airflow.task.operators.airflow.providers.common.sql.sensors.sql.SqlSensor","filename":"sql.py","lineno":100}
{"timestamp":"2026-07-08T16:11:06.784064Z","level":"info","event":"Running statement: SELECT COUNT(*) FROM demo_user.client_b_load_status\nWHERE status = 'COMPLETE' AND processed = 0, parameters: None","logger":"airflow.task.hooks.airflow.providers.oracle.hooks.oracle.OracleHook","filename":"sql.py","lineno":861}
{"timestamp":"2026-07-08T16:11:06.785005Z","level":"info","event":"Rows affected: 0","logger":"airflow.task.hooks.airflow.providers.oracle.hooks.oracle.OracleHook","filename":"sql.py","lineno":879}
{"timestamp":"2026-07-08T16:11:16.821122Z","level":"info","event":"Poking: SELECT COUNT(*) FROM demo_user.client_b_load_status\nWHERE status = 'COMPLETE' AND processed = 0 (with parameters None)","logger":"airflow.task.operators.airflow.providers.common.sql.sensors.sql.SqlSensor","filename":"sql.py","lineno":100}
{"timestamp":"2026-07-08T16:11:16.882920Z","level":"info","event":"Running statement: SELECT COUNT(*) FROM demo_user.client_b_load_status\nWHERE status = 'COMPLETE' AND processed = 0, parameters: None","logger":"airflow.task.hooks.airflow.providers.oracle.hooks.oracle.OracleHook","filename":"sql.py","lineno":861}
{"timestamp":"2026-07-08T16:11:16.884184Z","level":"info","event":"Rows affected: 0","logger":"airflow.task.hooks.airflow.providers.oracle.hooks.oracle.OracleHook","filename":"sql.py","lineno":879}
{"timestamp":"2026-07-08T16:11:26.958936Z","level":"info","event":"Poking: SELECT COUNT(*) FROM demo_user.client_b_load_status\nWHERE status = 'COMPLETE' AND processed = 0 (with parameters None)","logger":"airflow.task.operators.airflow.providers.common.sql.sensors.sql.SqlSensor","filename":"sql.py","lineno":100}
{"timestamp":"2026-07-08T16:11:27.053062Z","level":"info","event":"Running statement: SELECT COUNT(*) FROM demo_user.client_b_load_status\nWHERE status = 'COMPLETE' AND processed = 0, parameters: None","logger":"airflow.task.hooks.airflow.providers.oracle.hooks.oracle.OracleHook","filename":"sql.py","lineno":861}
{"timestamp":"2026-07-08T16:11:27.054496Z","level":"info","event":"Rows affected: 0","logger":"airflow.task.hooks.airflow.providers.oracle.hooks.oracle.OracleHook","filename":"sql.py","lineno":879}
{"timestamp":"2026-07-08T16:11:37.129623Z","level":"info","event":"Poking: SELECT COUNT(*) FROM demo_user.client_b_load_status\nWHERE status = 'COMPLETE' AND processed = 0 (with parameters None)","logger":"airflow.task.operators.airflow.providers.common.sql.sensors.sql.SqlSensor","filename":"sql.py","lineno":100}
{"timestamp":"2026-07-08T16:11:37.231805Z","level":"info","event":"Running statement: SELECT COUNT(*) FROM demo_user.client_b_load_status\nWHERE status = 'COMPLETE' AND processed = 0, parameters: None","logger":"airflow.task.hooks.airflow.providers.oracle.hooks.oracle.OracleHook","filename":"sql.py","lineno":861}
{"timestamp":"2026-07-08T16:11:37.234121Z","level":"info","event":"Rows affected: 0","logger":"airflow.task.hooks.airflow.providers.oracle.hooks.oracle.OracleHook","filename":"sql.py","lineno":879}
{"timestamp":"2026-07-08T16:11:47.269159Z","level":"info","event":"Poking: SELECT COUNT(*) FROM demo_user.client_b_load_status\nWHERE status = 'COMPLETE' AND processed = 0 (with parameters None)","logger":"airflow.task.operators.airflow.providers.common.sql.sensors.sql.SqlSensor","filename":"sql.py","lineno":100}
{"timestamp":"2026-07-08T16:11:47.327470Z","level":"info","event":"Running statement: SELECT COUNT(*) FROM demo_user.client_b_load_status\nWHERE status = 'COMPLETE' AND processed = 0, parameters: None","logger":"airflow.task.hooks.airflow.providers.oracle.hooks.oracle.OracleHook","filename":"sql.py","lineno":861}
{"timestamp":"2026-07-08T16:11:47.328876Z","level":"info","event":"Rows affected: 0","logger":"airflow.task.hooks.airflow.providers.oracle.hooks.oracle.OracleHook","filename":"sql.py","lineno":879}
{"timestamp":"2026-07-08T16:11:57.370901Z","level":"info","event":"Poking: SELECT COUNT(*) FROM demo_user.client_b_load_status\nWHERE status = 'COMPLETE' AND processed = 0 (with parameters None)","logger":"airflow.task.operators.airflow.providers.common.sql.sensors.sql.SqlSensor","filename":"sql.py","lineno":100}
{"timestamp":"2026-07-08T16:11:57.431722Z","level":"info","event":"Running statement: SELECT COUNT(*) FROM demo_user.client_b_load_status\nWHERE status = 'COMPLETE' AND processed = 0, parameters: None","logger":"airflow.task.hooks.airflow.providers.oracle.hooks.oracle.OracleHook","filename":"sql.py","lineno":861}
{"timestamp":"2026-07-08T16:11:57.433374Z","level":"info","event":"Rows affected: 0","logger":"airflow.task.hooks.airflow.providers.oracle.hooks.oracle.OracleHook","filename":"sql.py","lineno":879}
{"timestamp":"2026-07-08T16:12:07.471181Z","level":"info","event":"Poking: SELECT COUNT(*) FROM demo_user.client_b_load_status\nWHERE status = 'COMPLETE' AND processed = 0 (with parameters None)","logger":"airflow.task.operators.airflow.providers.common.sql.sensors.sql.SqlSensor","filename":"sql.py","lineno":100}
{"timestamp":"2026-07-08T16:12:07.538928Z","level":"info","event":"Running statement: SELECT COUNT(*) FROM demo_user.client_b_load_status\nWHERE status = 'COMPLETE' AND processed = 0, parameters: None","logger":"airflow.task.hooks.airflow.providers.oracle.hooks.oracle.OracleHook","filename":"sql.py","lineno":861}
{"timestamp":"2026-07-08T16:12:07.540610Z","level":"info","event":"Rows affected: 0","logger":"airflow.task.hooks.airflow.providers.oracle.hooks.oracle.OracleHook","filename":"sql.py","lineno":879}
{"timestamp":"2026-07-08T16:12:17.583017Z","level":"info","event":"Poking: SELECT COUNT(*) FROM demo_user.client_b_load_status\nWHERE status = 'COMPLETE' AND processed = 0 (with parameters None)","logger":"airflow.task.operators.airflow.providers.common.sql.sensors.sql.SqlSensor","filename":"sql.py","lineno":100}
{"timestamp":"2026-07-08T16:12:17.652812Z","level":"info","event":"Running statement: SELECT COUNT(*) FROM demo_user.client_b_load_status\nWHERE status = 'COMPLETE' AND processed = 0, parameters: None","logger":"airflow.task.hooks.airflow.providers.oracle.hooks.oracle.OracleHook","filename":"sql.py","lineno":861}
{"timestamp":"2026-07-08T16:12:17.654836Z","level":"info","event":"Rows affected: 0","logger":"airflow.task.hooks.airflow.providers.oracle.hooks.oracle.OracleHook","filename":"sql.py","lineno":879}
{"timestamp":"2026-07-08T16:12:27.700991Z","level":"info","event":"Poking: SELECT COUNT(*) FROM demo_user.client_b_load_status\nWHERE status = 'COMPLETE' AND processed = 0 (with parameters None)","logger":"airflow.task.operators.airflow.providers.common.sql.sensors.sql.SqlSensor","filename":"sql.py","lineno":100}
{"timestamp":"2026-07-08T16:12:27.761866Z","level":"info","event":"Running statement: SELECT COUNT(*) FROM demo_user.client_b_load_status\nWHERE status = 'COMPLETE' AND processed = 0, parameters: None","logger":"airflow.task.hooks.airflow.providers.oracle.hooks.oracle.OracleHook","filename":"sql.py","lineno":861}
{"timestamp":"2026-07-08T16:12:27.763501Z","level":"info","event":"Rows affected: 0","logger":"airflow.task.hooks.airflow.providers.oracle.hooks.oracle.OracleHook","filename":"sql.py","lineno":879}
{"timestamp":"2026-07-08T16:12:37.804371Z","level":"info","event":"Poking: SELECT COUNT(*) FROM demo_user.client_b_load_status\nWHERE status = 'COMPLETE' AND processed = 0 (with parameters None)","logger":"airflow.task.operators.airflow.providers.common.sql.sensors.sql.SqlSensor","filename":"sql.py","lineno":100}
{"timestamp":"2026-07-08T16:12:37.876473Z","level":"info","event":"Running statement: SELECT COUNT(*) FROM demo_user.client_b_load_status\nWHERE status = 'COMPLETE' AND processed = 0, parameters: None","logger":"airflow.task.hooks.airflow.providers.oracle.hooks.oracle.OracleHook","filename":"sql.py","lineno":861}
{"timestamp":"2026-07-08T16:12:37.878431Z","level":"info","event":"Rows affected: 0","logger":"airflow.task.hooks.airflow.providers.oracle.hooks.oracle.OracleHook","filename":"sql.py","lineno":879}
{"timestamp":"2026-07-08T16:12:47.921542Z","level":"info","event":"Poking: SELECT COUNT(*) FROM demo_user.client_b_load_status\nWHERE status = 'COMPLETE' AND processed = 0 (with parameters None)","logger":"airflow.task.operators.airflow.providers.common.sql.sensors.sql.SqlSensor","filename":"sql.py","lineno":100}
{"timestamp":"2026-07-08T16:12:47.981614Z","level":"info","event":"Running statement: SELECT COUNT(*) FROM demo_user.client_b_load_status\nWHERE status = 'COMPLETE' AND processed = 0, parameters: None","logger":"airflow.task.hooks.airflow.providers.oracle.hooks.oracle.OracleHook","filename":"sql.py","lineno":861}
{"timestamp":"2026-07-08T16:12:47.982771Z","level":"info","event":"Rows affected: 0","logger":"airflow.task.hooks.airflow.providers.oracle.hooks.oracle.OracleHook","filename":"sql.py","lineno":879}
{"timestamp":"2026-07-08T16:12:58.019065Z","level":"info","event":"Poking: SELECT COUNT(*) FROM demo_user.client_b_load_status\nWHERE status = 'COMPLETE' AND processed = 0 (with parameters None)","logger":"airflow.task.operators.airflow.providers.common.sql.sensors.sql.SqlSensor","filename":"sql.py","lineno":100}
{"timestamp":"2026-07-08T16:12:58.071851Z","level":"info","event":"Running statement: SELECT COUNT(*) FROM demo_user.client_b_load_status\nWHERE status = 'COMPLETE' AND processed = 0, parameters: None","logger":"airflow.task.hooks.airflow.providers.oracle.hooks.oracle.OracleHook","filename":"sql.py","lineno":861}
{"timestamp":"2026-07-08T16:12:58.073264Z","level":"info","event":"Rows affected: 0","logger":"airflow.task.hooks.airflow.providers.oracle.hooks.oracle.OracleHook","filename":"sql.py","lineno":879}
{"timestamp":"2026-07-08T16:13:08.107686Z","level":"info","event":"Poking: SELECT COUNT(*) FROM demo_user.client_b_load_status\nWHERE status = 'COMPLETE' AND processed = 0 (with parameters None)","logger":"airflow.task.operators.airflow.providers.common.sql.sensors.sql.SqlSensor","filename":"sql.py","lineno":100}
{"timestamp":"2026-07-08T16:13:08.168315Z","level":"info","event":"Running statement: SELECT COUNT(*) FROM demo_user.client_b_load_status\nWHERE status = 'COMPLETE' AND processed = 0, parameters: None","logger":"airflow.task.hooks.airflow.providers.oracle.hooks.oracle.OracleHook","filename":"sql.py","lineno":861}
{"timestamp":"2026-07-08T16:13:08.169430Z","level":"info","event":"Rows affected: 0","logger":"airflow.task.hooks.airflow.providers.oracle.hooks.oracle.OracleHook","filename":"sql.py","lineno":879}
{"timestamp":"2026-07-08T16:13:18.203384Z","level":"info","event":"Poking: SELECT COUNT(*) FROM demo_user.client_b_load_status\nWHERE status = 'COMPLETE' AND processed = 0 (with parameters None)","logger":"airflow.task.operators.airflow.providers.common.sql.sensors.sql.SqlSensor","filename":"sql.py","lineno":100}
{"timestamp":"2026-07-08T16:13:18.263082Z","level":"info","event":"Running statement: SELECT COUNT(*) FROM demo_user.client_b_load_status\nWHERE status = 'COMPLETE' AND processed = 0, parameters: None","logger":"airflow.task.hooks.airflow.providers.oracle.hooks.oracle.OracleHook","filename":"sql.py","lineno":861}
{"timestamp":"2026-07-08T16:13:18.264084Z","level":"info","event":"Rows affected: 0","logger":"airflow.task.hooks.airflow.providers.oracle.hooks.oracle.OracleHook","filename":"sql.py","lineno":879}
{"timestamp":"2026-07-08T16:13:28.306169Z","level":"info","event":"Poking: SELECT COUNT(*) FROM demo_user.client_b_load_status\nWHERE status = 'COMPLETE' AND processed = 0 (with parameters None)","logger":"airflow.task.operators.airflow.providers.common.sql.sensors.sql.SqlSensor","filename":"sql.py","lineno":100}
{"timestamp":"2026-07-08T16:13:28.365716Z","level":"info","event":"Running statement: SELECT COUNT(*) FROM demo_user.client_b_load_status\nWHERE status = 'COMPLETE' AND processed = 0, parameters: None","logger":"airflow.task.hooks.airflow.providers.oracle.hooks.oracle.OracleHook","filename":"sql.py","lineno":861}
{"timestamp":"2026-07-08T16:13:28.367968Z","level":"info","event":"Rows affected: 0","logger":"airflow.task.hooks.airflow.providers.oracle.hooks.oracle.OracleHook","filename":"sql.py","lineno":879}
{"timestamp":"2026-07-08T16:13:38.455084Z","level":"info","event":"Poking: SELECT COUNT(*) FROM demo_user.client_b_load_status\nWHERE status = 'COMPLETE' AND processed = 0 (with parameters None)","logger":"airflow.task.operators.airflow.providers.common.sql.sensors.sql.SqlSensor","filename":"sql.py","lineno":100}
{"timestamp":"2026-07-08T16:13:38.538795Z","level":"info","event":"Running statement: SELECT COUNT(*) FROM demo_user.client_b_load_status\nWHERE status = 'COMPLETE' AND processed = 0, parameters: None","logger":"airflow.task.hooks.airflow.providers.oracle.hooks.oracle.OracleHook","filename":"sql.py","lineno":861}
{"timestamp":"2026-07-08T16:13:38.541327Z","level":"info","event":"Rows affected: 0","logger":"airflow.task.hooks.airflow.providers.oracle.hooks.oracle.OracleHook","filename":"sql.py","lineno":879}
{"timestamp":"2026-07-08T16:13:48.590435Z","level":"info","event":"Poking: SELECT COUNT(*) FROM demo_user.client_b_load_status\nWHERE status = 'COMPLETE' AND processed = 0 (with parameters None)","logger":"airflow.task.operators.airflow.providers.common.sql.sensors.sql.SqlSensor","filename":"sql.py","lineno":100}
{"timestamp":"2026-07-08T16:13:48.647798Z","level":"info","event":"Running statement: SELECT COUNT(*) FROM demo_user.client_b_load_status\nWHERE status = 'COMPLETE' AND processed = 0, parameters: None","logger":"airflow.task.hooks.airflow.providers.oracle.hooks.oracle.OracleHook","filename":"sql.py","lineno":861}
{"timestamp":"2026-07-08T16:13:48.649236Z","level":"info","event":"Rows affected: 0","logger":"airflow.task.hooks.airflow.providers.oracle.hooks.oracle.OracleHook","filename":"sql.py","lineno":879}
{"timestamp":"2026-07-08T16:13:58.695986Z","level":"info","event":"Poking: SELECT COUNT(*) FROM demo_user.client_b_load_status\nWHERE status = 'COMPLETE' AND processed = 0 (with parameters None)","logger":"airflow.task.operators.airflow.providers.common.sql.sensors.sql.SqlSensor","filename":"sql.py","lineno":100}
{"timestamp":"2026-07-08T16:13:58.764929Z","level":"info","event":"Running statement: SELECT COUNT(*) FROM demo_user.client_b_load_status\nWHERE status = 'COMPLETE' AND processed = 0, parameters: None","logger":"airflow.task.hooks.airflow.providers.oracle.hooks.oracle.OracleHook","filename":"sql.py","lineno":861}
{"timestamp":"2026-07-08T16:13:58.767267Z","level":"info","event":"Rows affected: 0","logger":"airflow.task.hooks.airflow.providers.oracle.hooks.oracle.OracleHook","filename":"sql.py","lineno":879}
{"timestamp":"2026-07-08T16:14:08.796432Z","level":"info","event":"Poking: SELECT COUNT(*) FROM demo_user.client_b_load_status\nWHERE status = 'COMPLETE' AND processed = 0 (with parameters None)","logger":"airflow.task.operators.airflow.providers.common.sql.sensors.sql.SqlSensor","filename":"sql.py","lineno":100}
{"timestamp":"2026-07-08T16:14:08.870519Z","level":"info","event":"Running statement: SELECT COUNT(*) FROM demo_user.client_b_load_status\nWHERE status = 'COMPLETE' AND processed = 0, parameters: None","logger":"airflow.task.hooks.airflow.providers.oracle.hooks.oracle.OracleHook","filename":"sql.py","lineno":861}
{"timestamp":"2026-07-08T16:14:08.871666Z","level":"info","event":"Rows affected: 0","logger":"airflow.task.hooks.airflow.providers.oracle.hooks.oracle.OracleHook","filename":"sql.py","lineno":879}
{"timestamp":"2026-07-08T16:14:18.922683Z","level":"info","event":"Poking: SELECT COUNT(*) FROM demo_user.client_b_load_status\nWHERE status = 'COMPLETE' AND processed = 0 (with parameters None)","logger":"airflow.task.operators.airflow.providers.common.sql.sensors.sql.SqlSensor","filename":"sql.py","lineno":100}
{"timestamp":"2026-07-08T16:14:18.991538Z","level":"info","event":"Running statement: SELECT COUNT(*) FROM demo_user.client_b_load_status\nWHERE status = 'COMPLETE' AND processed = 0, parameters: None","logger":"airflow.task.hooks.airflow.providers.oracle.hooks.oracle.OracleHook","filename":"sql.py","lineno":861}
{"timestamp":"2026-07-08T16:14:18.993882Z","level":"info","event":"Rows affected: 0","logger":"airflow.task.hooks.airflow.providers.oracle.hooks.oracle.OracleHook","filename":"sql.py","lineno":879}
{"timestamp":"2026-07-08T16:14:29.033805Z","level":"info","event":"Poking: SELECT COUNT(*) FROM demo_user.client_b_load_status\nWHERE status = 'COMPLETE' AND processed = 0 (with parameters None)","logger":"airflow.task.operators.airflow.providers.common.sql.sensors.sql.SqlSensor","filename":"sql.py","lineno":100}
{"timestamp":"2026-07-08T16:14:29.094415Z","level":"info","event":"Running statement: SELECT COUNT(*) FROM demo_user.client_b_load_status\nWHERE status = 'COMPLETE' AND processed = 0, parameters: None","logger":"airflow.task.hooks.airflow.providers.oracle.hooks.oracle.OracleHook","filename":"sql.py","lineno":861}
{"timestamp":"2026-07-08T16:14:29.095274Z","level":"info","event":"Rows affected: 0","logger":"airflow.task.hooks.airflow.providers.oracle.hooks.oracle.OracleHook","filename":"sql.py","lineno":879}
{"timestamp":"2026-07-08T16:14:39.139609Z","level":"info","event":"Poking: SELECT COUNT(*) FROM demo_user.client_b_load_status\nWHERE status = 'COMPLETE' AND processed = 0 (with parameters None)","logger":"airflow.task.operators.airflow.providers.common.sql.sensors.sql.SqlSensor","filename":"sql.py","lineno":100}
{"timestamp":"2026-07-08T16:14:39.232804Z","level":"info","event":"Running statement: SELECT COUNT(*) FROM demo_user.client_b_load_status\nWHERE status = 'COMPLETE' AND processed = 0, parameters: None","logger":"airflow.task.hooks.airflow.providers.oracle.hooks.oracle.OracleHook","filename":"sql.py","lineno":861}
{"timestamp":"2026-07-08T16:14:39.235013Z","level":"info","event":"Rows affected: 0","logger":"airflow.task.hooks.airflow.providers.oracle.hooks.oracle.OracleHook","filename":"sql.py","lineno":879}
{"timestamp":"2026-07-08T16:14:49.278721Z","level":"info","event":"Poking: SELECT COUNT(*) FROM demo_user.client_b_load_status\nWHERE status = 'COMPLETE' AND processed = 0 (with parameters None)","logger":"airflow.task.operators.airflow.providers.common.sql.sensors.sql.SqlSensor","filename":"sql.py","lineno":100}
{"timestamp":"2026-07-08T16:14:49.344596Z","level":"info","event":"Running statement: SELECT COUNT(*) FROM demo_user.client_b_load_status\nWHERE status = 'COMPLETE' AND processed = 0, parameters: None","logger":"airflow.task.hooks.airflow.providers.oracle.hooks.oracle.OracleHook","filename":"sql.py","lineno":861}
{"timestamp":"2026-07-08T16:14:49.346212Z","level":"info","event":"Rows affected: 0","logger":"airflow.task.hooks.airflow.providers.oracle.hooks.oracle.OracleHook","filename":"sql.py","lineno":879}
{"timestamp":"2026-07-08T16:14:59.384469Z","level":"info","event":"Poking: SELECT COUNT(*) FROM demo_user.client_b_load_status\nWHERE status = 'COMPLETE' AND processed = 0 (with parameters None)","logger":"airflow.task.operators.airflow.providers.common.sql.sensors.sql.SqlSensor","filename":"sql.py","lineno":100}
{"timestamp":"2026-07-08T16:14:59.445632Z","level":"info","event":"Running statement: SELECT COUNT(*) FROM demo_user.client_b_load_status\nWHERE status = 'COMPLETE' AND processed = 0, parameters: None","logger":"airflow.task.hooks.airflow.providers.oracle.hooks.oracle.OracleHook","filename":"sql.py","lineno":861}
{"timestamp":"2026-07-08T16:14:59.446717Z","level":"info","event":"Rows affected: 0","logger":"airflow.task.hooks.airflow.providers.oracle.hooks.oracle.OracleHook","filename":"sql.py","lineno":879}
{"timestamp":"2026-07-08T16:15:09.486478Z","level":"info","event":"Poking: SELECT COUNT(*) FROM demo_user.client_b_load_status\nWHERE status = 'COMPLETE' AND processed = 0 (with parameters None)","logger":"airflow.task.operators.airflow.providers.common.sql.sensors.sql.SqlSensor","filename":"sql.py","lineno":100}
{"timestamp":"2026-07-08T16:15:09.556759Z","level":"info","event":"Running statement: SELECT COUNT(*) FROM demo_user.client_b_load_status\nWHERE status = 'COMPLETE' AND processed = 0, parameters: None","logger":"airflow.task.hooks.airflow.providers.oracle.hooks.oracle.OracleHook","filename":"sql.py","lineno":861}
{"timestamp":"2026-07-08T16:15:09.558337Z","level":"info","event":"Rows affected: 0","logger":"airflow.task.hooks.airflow.providers.oracle.hooks.oracle.OracleHook","filename":"sql.py","lineno":879}
{"timestamp":"2026-07-08T16:15:19.602750Z","level":"info","event":"Poking: SELECT COUNT(*) FROM demo_user.client_b_load_status\nWHERE status = 'COMPLETE' AND processed = 0 (with parameters None)","logger":"airflow.task.operators.airflow.providers.common.sql.sensors.sql.SqlSensor","filename":"sql.py","lineno":100}
{"timestamp":"2026-07-08T16:15:19.657383Z","level":"info","event":"Running statement: SELECT COUNT(*) FROM demo_user.client_b_load_status\nWHERE status = 'COMPLETE' AND processed = 0, parameters: None","logger":"airflow.task.hooks.airflow.providers.oracle.hooks.oracle.OracleHook","filename":"sql.py","lineno":861}
{"timestamp":"2026-07-08T16:15:19.658355Z","level":"info","event":"Rows affected: 0","logger":"airflow.task.hooks.airflow.providers.oracle.hooks.oracle.OracleHook","filename":"sql.py","lineno":879}
{"timestamp":"2026-07-08T16:15:29.685348Z","level":"info","event":"Poking: SELECT COUNT(*) FROM demo_user.client_b_load_status\nWHERE status = 'COMPLETE' AND processed = 0 (with parameters None)","logger":"airflow.task.operators.airflow.providers.common.sql.sensors.sql.SqlSensor","filename":"sql.py","lineno":100}
{"timestamp":"2026-07-08T16:15:29.738814Z","level":"info","event":"Running statement: SELECT COUNT(*) FROM demo_user.client_b_load_status\nWHERE status = 'COMPLETE' AND processed = 0, parameters: None","logger":"airflow.task.hooks.airflow.providers.oracle.hooks.oracle.OracleHook","filename":"sql.py","lineno":861}
{"timestamp":"2026-07-08T16:15:29.739783Z","level":"info","event":"Rows affected: 0","logger":"airflow.task.hooks.airflow.providers.oracle.hooks.oracle.OracleHook","filename":"sql.py","lineno":879}
{"timestamp":"2026-07-08T16:15:39.791035Z","level":"info","event":"Poking: SELECT COUNT(*) FROM demo_user.client_b_load_status\nWHERE status = 'COMPLETE' AND processed = 0 (with parameters None)","logger":"airflow.task.operators.airflow.providers.common.sql.sensors.sql.SqlSensor","filename":"sql.py","lineno":100}
{"timestamp":"2026-07-08T16:15:39.868896Z","level":"info","event":"Running statement: SELECT COUNT(*) FROM demo_user.client_b_load_status\nWHERE status = 'COMPLETE' AND processed = 0, parameters: None","logger":"airflow.task.hooks.airflow.providers.oracle.hooks.oracle.OracleHook","filename":"sql.py","lineno":861}
{"timestamp":"2026-07-08T16:15:39.870480Z","level":"info","event":"Rows affected: 0","logger":"airflow.task.hooks.airflow.providers.oracle.hooks.oracle.OracleHook","filename":"sql.py","lineno":879}
{"timestamp":"2026-07-08T16:15:49.899752Z","level":"info","event":"Poking: SELECT COUNT(*) FROM demo_user.client_b_load_status\nWHERE status = 'COMPLETE' AND processed = 0 (with parameters None)","logger":"airflow.task.operators.airflow.providers.common.sql.sensors.sql.SqlSensor","filename":"sql.py","lineno":100}
{"timestamp":"2026-07-08T16:15:49.952722Z","level":"info","event":"Running statement: SELECT COUNT(*) FROM demo_user.client_b_load_status\nWHERE status = 'COMPLETE' AND processed = 0, parameters: None","logger":"airflow.task.hooks.airflow.providers.oracle.hooks.oracle.OracleHook","filename":"sql.py","lineno":861}
{"timestamp":"2026-07-08T16:15:49.953968Z","level":"info","event":"Rows affected: 0","logger":"airflow.task.hooks.airflow.providers.oracle.hooks.oracle.OracleHook","filename":"sql.py","lineno":879}
{"timestamp":"2026-07-08T16:15:59.978179Z","level":"info","event":"Poking: SELECT COUNT(*) FROM demo_user.client_b_load_status\nWHERE status = 'COMPLETE' AND processed = 0 (with parameters None)","logger":"airflow.task.operators.airflow.providers.common.sql.sensors.sql.SqlSensor","filename":"sql.py","lineno":100}
{"timestamp":"2026-07-08T16:16:00.042213Z","level":"info","event":"Running statement: SELECT COUNT(*) FROM demo_user.client_b_load_status\nWHERE status = 'COMPLETE' AND processed = 0, parameters: None","logger":"airflow.task.hooks.airflow.providers.oracle.hooks.oracle.OracleHook","filename":"sql.py","lineno":861}
{"timestamp":"2026-07-08T16:16:00.043511Z","level":"info","event":"Rows affected: 0","logger":"airflow.task.hooks.airflow.providers.oracle.hooks.oracle.OracleHook","filename":"sql.py","lineno":879}
{"timestamp":"2026-07-08T16:16:10.126319Z","level":"info","event":"Poking: SELECT COUNT(*) FROM demo_user.client_b_load_status\nWHERE status = 'COMPLETE' AND processed = 0 (with parameters None)","logger":"airflow.task.operators.airflow.providers.common.sql.sensors.sql.SqlSensor","filename":"sql.py","lineno":100}
{"timestamp":"2026-07-08T16:16:10.209700Z","level":"info","event":"Running statement: SELECT COUNT(*) FROM demo_user.client_b_load_status\nWHERE status = 'COMPLETE' AND processed = 0, parameters: None","logger":"airflow.task.hooks.airflow.providers.oracle.hooks.oracle.OracleHook","filename":"sql.py","lineno":861}
{"timestamp":"2026-07-08T16:16:10.211632Z","level":"info","event":"Rows affected: 0","logger":"airflow.task.hooks.airflow.providers.oracle.hooks.oracle.OracleHook","filename":"sql.py","lineno":879}
{"timestamp":"2026-07-08T16:16:20.243262Z","level":"info","event":"Poking: SELECT COUNT(*) FROM demo_user.client_b_load_status\nWHERE status = 'COMPLETE' AND processed = 0 (with parameters None)","logger":"airflow.task.operators.airflow.providers.common.sql.sensors.sql.SqlSensor","filename":"sql.py","lineno":100}
{"timestamp":"2026-07-08T16:16:20.293998Z","level":"info","event":"Running statement: SELECT COUNT(*) FROM demo_user.client_b_load_status\nWHERE status = 'COMPLETE' AND processed = 0, parameters: None","logger":"airflow.task.hooks.airflow.providers.oracle.hooks.oracle.OracleHook","filename":"sql.py","lineno":861}
{"timestamp":"2026-07-08T16:16:20.294979Z","level":"info","event":"Rows affected: 0","logger":"airflow.task.hooks.airflow.providers.oracle.hooks.oracle.OracleHook","filename":"sql.py","lineno":879}
{"timestamp":"2026-07-08T16:16:30.341610Z","level":"info","event":"Poking: SELECT COUNT(*) FROM demo_user.client_b_load_status\nWHERE status = 'COMPLETE' AND processed = 0 (with parameters None)","logger":"airflow.task.operators.airflow.providers.common.sql.sensors.sql.SqlSensor","filename":"sql.py","lineno":100}
{"timestamp":"2026-07-08T16:16:30.442630Z","level":"info","event":"Running statement: SELECT COUNT(*) FROM demo_user.client_b_load_status\nWHERE status = 'COMPLETE' AND processed = 0, parameters: None","logger":"airflow.task.hooks.airflow.providers.oracle.hooks.oracle.OracleHook","filename":"sql.py","lineno":861}
{"timestamp":"2026-07-08T16:16:30.444968Z","level":"info","event":"Rows affected: 0","logger":"airflow.task.hooks.airflow.providers.oracle.hooks.oracle.OracleHook","filename":"sql.py","lineno":879}
{"timestamp":"2026-07-08T16:16:40.482367Z","level":"info","event":"Poking: SELECT COUNT(*) FROM demo_user.client_b_load_status\nWHERE status = 'COMPLETE' AND processed = 0 (with parameters None)","logger":"airflow.task.operators.airflow.providers.common.sql.sensors.sql.SqlSensor","filename":"sql.py","lineno":100}
{"timestamp":"2026-07-08T16:16:40.555858Z","level":"info","event":"Running statement: SELECT COUNT(*) FROM demo_user.client_b_load_status\nWHERE status = 'COMPLETE' AND processed = 0, parameters: None","logger":"airflow.task.hooks.airflow.providers.oracle.hooks.oracle.OracleHook","filename":"sql.py","lineno":861}
{"timestamp":"2026-07-08T16:16:40.557400Z","level":"info","event":"Rows affected: 0","logger":"airflow.task.hooks.airflow.providers.oracle.hooks.oracle.OracleHook","filename":"sql.py","lineno":879}
{"timestamp":"2026-07-08T16:16:50.617174Z","level":"info","event":"Poking: SELECT COUNT(*) FROM demo_user.client_b_load_status\nWHERE status = 'COMPLETE' AND processed = 0 (with parameters None)","logger":"airflow.task.operators.airflow.providers.common.sql.sensors.sql.SqlSensor","filename":"sql.py","lineno":100}
{"timestamp":"2026-07-08T16:16:50.726327Z","level":"info","event":"Running statement: SELECT COUNT(*) FROM demo_user.client_b_load_status\nWHERE status = 'COMPLETE' AND processed = 0, parameters: None","logger":"airflow.task.hooks.airflow.providers.oracle.hooks.oracle.OracleHook","filename":"sql.py","lineno":861}
{"timestamp":"2026-07-08T16:16:50.727819Z","level":"info","event":"Rows affected: 0","logger":"airflow.task.hooks.airflow.providers.oracle.hooks.oracle.OracleHook","filename":"sql.py","lineno":879}
{"timestamp":"2026-07-08T16:17:00.755252Z","level":"info","event":"Poking: SELECT COUNT(*) FROM demo_user.client_b_load_status\nWHERE status = 'COMPLETE' AND processed = 0 (with parameters None)","logger":"airflow.task.operators.airflow.providers.common.sql.sensors.sql.SqlSensor","filename":"sql.py","lineno":100}
{"timestamp":"2026-07-08T16:17:00.816651Z","level":"info","event":"Running statement: SELECT COUNT(*) FROM demo_user.client_b_load_status\nWHERE status = 'COMPLETE' AND processed = 0, parameters: None","logger":"airflow.task.hooks.airflow.providers.oracle.hooks.oracle.OracleHook","filename":"sql.py","lineno":861}
{"timestamp":"2026-07-08T16:17:00.818618Z","level":"info","event":"Rows affected: 0","logger":"airflow.task.hooks.airflow.providers.oracle.hooks.oracle.OracleHook","filename":"sql.py","lineno":879}
{"timestamp":"2026-07-08T16:17:10.857384Z","level":"info","event":"Poking: SELECT COUNT(*) FROM demo_user.client_b_load_status\nWHERE status = 'COMPLETE' AND processed = 0 (with parameters None)","logger":"airflow.task.operators.airflow.providers.common.sql.sensors.sql.SqlSensor","filename":"sql.py","lineno":100}
{"timestamp":"2026-07-08T16:17:10.915172Z","level":"info","event":"Running statement: SELECT COUNT(*) FROM demo_user.client_b_load_status\nWHERE status = 'COMPLETE' AND processed = 0, parameters: None","logger":"airflow.task.hooks.airflow.providers.oracle.hooks.oracle.OracleHook","filename":"sql.py","lineno":861}
{"timestamp":"2026-07-08T16:17:10.916247Z","level":"info","event":"Rows affected: 0","logger":"airflow.task.hooks.airflow.providers.oracle.hooks.oracle.OracleHook","filename":"sql.py","lineno":879}
{"timestamp":"2026-07-08T16:17:20.946012Z","level":"info","event":"Poking: SELECT COUNT(*) FROM demo_user.client_b_load_status\nWHERE status = 'COMPLETE' AND processed = 0 (with parameters None)","logger":"airflow.task.operators.airflow.providers.common.sql.sensors.sql.SqlSensor","filename":"sql.py","lineno":100}
{"timestamp":"2026-07-08T16:17:21.013366Z","level":"info","event":"Running statement: SELECT COUNT(*) FROM demo_user.client_b_load_status\nWHERE status = 'COMPLETE' AND processed = 0, parameters: None","logger":"airflow.task.hooks.airflow.providers.oracle.hooks.oracle.OracleHook","filename":"sql.py","lineno":861}
{"timestamp":"2026-07-08T16:17:21.014583Z","level":"info","event":"Rows affected: 0","logger":"airflow.task.hooks.airflow.providers.oracle.hooks.oracle.OracleHook","filename":"sql.py","lineno":879}
{"timestamp":"2026-07-08T16:17:31.047138Z","level":"info","event":"Poking: SELECT COUNT(*) FROM demo_user.client_b_load_status\nWHERE status = 'COMPLETE' AND processed = 0 (with parameters None)","logger":"airflow.task.operators.airflow.providers.common.sql.sensors.sql.SqlSensor","filename":"sql.py","lineno":100}
{"timestamp":"2026-07-08T16:17:31.112411Z","level":"info","event":"Running statement: SELECT COUNT(*) FROM demo_user.client_b_load_status\nWHERE status = 'COMPLETE' AND processed = 0, parameters: None","logger":"airflow.task.hooks.airflow.providers.oracle.hooks.oracle.OracleHook","filename":"sql.py","lineno":861}
{"timestamp":"2026-07-08T16:17:31.113637Z","level":"info","event":"Rows affected: 0","logger":"airflow.task.hooks.airflow.providers.oracle.hooks.oracle.OracleHook","filename":"sql.py","lineno":879}
{"timestamp":"2026-07-08T16:17:41.151905Z","level":"info","event":"Poking: SELECT COUNT(*) FROM demo_user.client_b_load_status\nWHERE status = 'COMPLETE' AND processed = 0 (with parameters None)","logger":"airflow.task.operators.airflow.providers.common.sql.sensors.sql.SqlSensor","filename":"sql.py","lineno":100}
{"timestamp":"2026-07-08T16:17:41.222737Z","level":"info","event":"Running statement: SELECT COUNT(*) FROM demo_user.client_b_load_status\nWHERE status = 'COMPLETE' AND processed = 0, parameters: None","logger":"airflow.task.hooks.airflow.providers.oracle.hooks.oracle.OracleHook","filename":"sql.py","lineno":861}
{"timestamp":"2026-07-08T16:17:41.223937Z","level":"info","event":"Rows affected: 0","logger":"airflow.task.hooks.airflow.providers.oracle.hooks.oracle.OracleHook","filename":"sql.py","lineno":879}
{"timestamp":"2026-07-08T16:17:51.252221Z","level":"info","event":"Poking: SELECT COUNT(*) FROM demo_user.client_b_load_status\nWHERE status = 'COMPLETE' AND processed = 0 (with parameters None)","logger":"airflow.task.operators.airflow.providers.common.sql.sensors.sql.SqlSensor","filename":"sql.py","lineno":100}
{"timestamp":"2026-07-08T16:17:51.302299Z","level":"info","event":"Running statement: SELECT COUNT(*) FROM demo_user.client_b_load_status\nWHERE status = 'COMPLETE' AND processed = 0, parameters: None","logger":"airflow.task.hooks.airflow.providers.oracle.hooks.oracle.OracleHook","filename":"sql.py","lineno":861}
{"timestamp":"2026-07-08T16:17:51.303300Z","level":"info","event":"Rows affected: 0","logger":"airflow.task.hooks.airflow.providers.oracle.hooks.oracle.OracleHook","filename":"sql.py","lineno":879}
{"timestamp":"2026-07-08T16:18:01.327778Z","level":"info","event":"Poking: SELECT COUNT(*) FROM demo_user.client_b_load_status\nWHERE status = 'COMPLETE' AND processed = 0 (with parameters None)","logger":"airflow.task.operators.airflow.providers.common.sql.sensors.sql.SqlSensor","filename":"sql.py","lineno":100}
{"timestamp":"2026-07-08T16:18:01.373992Z","level":"info","event":"Running statement: SELECT COUNT(*) FROM demo_user.client_b_load_status\nWHERE status = 'COMPLETE' AND processed = 0, parameters: None","logger":"airflow.task.hooks.airflow.providers.oracle.hooks.oracle.OracleHook","filename":"sql.py","lineno":861}
{"timestamp":"2026-07-08T16:18:01.375110Z","level":"info","event":"Rows affected: 0","logger":"airflow.task.hooks.airflow.providers.oracle.hooks.oracle.OracleHook","filename":"sql.py","lineno":879}
{"timestamp":"2026-07-08T16:18:11.403108Z","level":"info","event":"Poking: SELECT COUNT(*) FROM demo_user.client_b_load_status\nWHERE status = 'COMPLETE' AND processed = 0 (with parameters None)","logger":"airflow.task.operators.airflow.providers.common.sql.sensors.sql.SqlSensor","filename":"sql.py","lineno":100}
{"timestamp":"2026-07-08T16:18:11.453156Z","level":"info","event":"Running statement: SELECT COUNT(*) FROM demo_user.client_b_load_status\nWHERE status = 'COMPLETE' AND processed = 0, parameters: None","logger":"airflow.task.hooks.airflow.providers.oracle.hooks.oracle.OracleHook","filename":"sql.py","lineno":861}
{"timestamp":"2026-07-08T16:18:11.454128Z","level":"info","event":"Rows affected: 0","logger":"airflow.task.hooks.airflow.providers.oracle.hooks.oracle.OracleHook","filename":"sql.py","lineno":879}
{"timestamp":"2026-07-08T16:18:21.487645Z","level":"info","event":"Poking: SELECT COUNT(*) FROM demo_user.client_b_load_status\nWHERE status = 'COMPLETE' AND processed = 0 (with parameters None)","logger":"airflow.task.operators.airflow.providers.common.sql.sensors.sql.SqlSensor","filename":"sql.py","lineno":100}
{"timestamp":"2026-07-08T16:18:21.551411Z","level":"info","event":"Running statement: SELECT COUNT(*) FROM demo_user.client_b_load_status\nWHERE status = 'COMPLETE' AND processed = 0, parameters: None","logger":"airflow.task.hooks.airflow.providers.oracle.hooks.oracle.OracleHook","filename":"sql.py","lineno":861}
{"timestamp":"2026-07-08T16:18:21.553409Z","level":"info","event":"Rows affected: 0","logger":"airflow.task.hooks.airflow.providers.oracle.hooks.oracle.OracleHook","filename":"sql.py","lineno":879}
{"timestamp":"2026-07-08T16:18:31.587119Z","level":"info","event":"Poking: SELECT COUNT(*) FROM demo_user.client_b_load_status\nWHERE status = 'COMPLETE' AND processed = 0 (with parameters None)","logger":"airflow.task.operators.airflow.providers.common.sql.sensors.sql.SqlSensor","filename":"sql.py","lineno":100}
{"timestamp":"2026-07-08T16:18:31.659381Z","level":"info","event":"Running statement: SELECT COUNT(*) FROM demo_user.client_b_load_status\nWHERE status = 'COMPLETE' AND processed = 0, parameters: None","logger":"airflow.task.hooks.airflow.providers.oracle.hooks.oracle.OracleHook","filename":"sql.py","lineno":861}
{"timestamp":"2026-07-08T16:18:31.660910Z","level":"info","event":"Rows affected: 0","logger":"airflow.task.hooks.airflow.providers.oracle.hooks.oracle.OracleHook","filename":"sql.py","lineno":879}
{"timestamp":"2026-07-08T16:18:41.692218Z","level":"info","event":"Poking: SELECT COUNT(*) FROM demo_user.client_b_load_status\nWHERE status = 'COMPLETE' AND processed = 0 (with parameters None)","logger":"airflow.task.operators.airflow.providers.common.sql.sensors.sql.SqlSensor","filename":"sql.py","lineno":100}
{"timestamp":"2026-07-08T16:18:41.748840Z","level":"info","event":"Running statement: SELECT COUNT(*) FROM demo_user.client_b_load_status\nWHERE status = 'COMPLETE' AND processed = 0, parameters: None","logger":"airflow.task.hooks.airflow.providers.oracle.hooks.oracle.OracleHook","filename":"sql.py","lineno":861}
{"timestamp":"2026-07-08T16:18:41.749802Z","level":"info","event":"Rows affected: 0","logger":"airflow.task.hooks.airflow.providers.oracle.hooks.oracle.OracleHook","filename":"sql.py","lineno":879}
{"timestamp":"2026-07-08T16:18:51.782605Z","level":"info","event":"Poking: SELECT COUNT(*) FROM demo_user.client_b_load_status\nWHERE status = 'COMPLETE' AND processed = 0 (with parameters None)","logger":"airflow.task.operators.airflow.providers.common.sql.sensors.sql.SqlSensor","filename":"sql.py","lineno":100}
{"timestamp":"2026-07-08T16:18:51.844414Z","level":"info","event":"Running statement: SELECT COUNT(*) FROM demo_user.client_b_load_status\nWHERE status = 'COMPLETE' AND processed = 0, parameters: None","logger":"airflow.task.hooks.airflow.providers.oracle.hooks.oracle.OracleHook","filename":"sql.py","lineno":861}
{"timestamp":"2026-07-08T16:18:51.845708Z","level":"info","event":"Rows affected: 0","logger":"airflow.task.hooks.airflow.providers.oracle.hooks.oracle.OracleHook","filename":"sql.py","lineno":879}
{"timestamp":"2026-07-08T16:19:01.877255Z","level":"info","event":"Poking: SELECT COUNT(*) FROM demo_user.client_b_load_status\nWHERE status = 'COMPLETE' AND processed = 0 (with parameters None)","logger":"airflow.task.operators.airflow.providers.common.sql.sensors.sql.SqlSensor","filename":"sql.py","lineno":100}
{"timestamp":"2026-07-08T16:19:01.934349Z","level":"info","event":"Running statement: SELECT COUNT(*) FROM demo_user.client_b_load_status\nWHERE status = 'COMPLETE' AND processed = 0, parameters: None","logger":"airflow.task.hooks.airflow.providers.oracle.hooks.oracle.OracleHook","filename":"sql.py","lineno":861}
{"timestamp":"2026-07-08T16:19:01.935368Z","level":"info","event":"Rows affected: 0","logger":"airflow.task.hooks.airflow.providers.oracle.hooks.oracle.OracleHook","filename":"sql.py","lineno":879}
{"timestamp":"2026-07-08T16:19:11.968619Z","level":"info","event":"Poking: SELECT COUNT(*) FROM demo_user.client_b_load_status\nWHERE status = 'COMPLETE' AND processed = 0 (with parameters None)","logger":"airflow.task.operators.airflow.providers.common.sql.sensors.sql.SqlSensor","filename":"sql.py","lineno":100}
{"timestamp":"2026-07-08T16:19:12.030444Z","level":"info","event":"Running statement: SELECT COUNT(*) FROM demo_user.client_b_load_status\nWHERE status = 'COMPLETE' AND processed = 0, parameters: None","logger":"airflow.task.hooks.airflow.providers.oracle.hooks.oracle.OracleHook","filename":"sql.py","lineno":861}
{"timestamp":"2026-07-08T16:19:12.031793Z","level":"info","event":"Rows affected: 0","logger":"airflow.task.hooks.airflow.providers.oracle.hooks.oracle.OracleHook","filename":"sql.py","lineno":879}
{"timestamp":"2026-07-08T16:19:22.065009Z","level":"info","event":"Poking: SELECT COUNT(*) FROM demo_user.client_b_load_status\nWHERE status = 'COMPLETE' AND processed = 0 (with parameters None)","logger":"airflow.task.operators.airflow.providers.common.sql.sensors.sql.SqlSensor","filename":"sql.py","lineno":100}
{"timestamp":"2026-07-08T16:19:22.115988Z","level":"info","event":"Running statement: SELECT COUNT(*) FROM demo_user.client_b_load_status\nWHERE status = 'COMPLETE' AND processed = 0, parameters: None","logger":"airflow.task.hooks.airflow.providers.oracle.hooks.oracle.OracleHook","filename":"sql.py","lineno":861}
{"timestamp":"2026-07-08T16:19:22.116888Z","level":"info","event":"Rows affected: 0","logger":"airflow.task.hooks.airflow.providers.oracle.hooks.oracle.OracleHook","filename":"sql.py","lineno":879}
{"timestamp":"2026-07-08T16:19:32.151325Z","level":"info","event":"Poking: SELECT COUNT(*) FROM demo_user.client_b_load_status\nWHERE status = 'COMPLETE' AND processed = 0 (with parameters None)","logger":"airflow.task.operators.airflow.providers.common.sql.sensors.sql.SqlSensor","filename":"sql.py","lineno":100}
{"timestamp":"2026-07-08T16:19:32.205351Z","level":"info","event":"Running statement: SELECT COUNT(*) FROM demo_user.client_b_load_status\nWHERE status = 'COMPLETE' AND processed = 0, parameters: None","logger":"airflow.task.hooks.airflow.providers.oracle.hooks.oracle.OracleHook","filename":"sql.py","lineno":861}
{"timestamp":"2026-07-08T16:19:32.206408Z","level":"info","event":"Rows affected: 0","logger":"airflow.task.hooks.airflow.providers.oracle.hooks.oracle.OracleHook","filename":"sql.py","lineno":879}
{"timestamp":"2026-07-08T16:19:42.246736Z","level":"info","event":"Poking: SELECT COUNT(*) FROM demo_user.client_b_load_status\nWHERE status = 'COMPLETE' AND processed = 0 (with parameters None)","logger":"airflow.task.operators.airflow.providers.common.sql.sensors.sql.SqlSensor","filename":"sql.py","lineno":100}
{"timestamp":"2026-07-08T16:19:42.313351Z","level":"info","event":"Running statement: SELECT COUNT(*) FROM demo_user.client_b_load_status\nWHERE status = 'COMPLETE' AND processed = 0, parameters: None","logger":"airflow.task.hooks.airflow.providers.oracle.hooks.oracle.OracleHook","filename":"sql.py","lineno":861}
{"timestamp":"2026-07-08T16:19:42.314789Z","level":"info","event":"Rows affected: 0","logger":"airflow.task.hooks.airflow.providers.oracle.hooks.oracle.OracleHook","filename":"sql.py","lineno":879}
{"timestamp":"2026-07-08T16:19:52.354025Z","level":"info","event":"Poking: SELECT COUNT(*) FROM demo_user.client_b_load_status\nWHERE status = 'COMPLETE' AND processed = 0 (with parameters None)","logger":"airflow.task.operators.airflow.providers.common.sql.sensors.sql.SqlSensor","filename":"sql.py","lineno":100}
{"timestamp":"2026-07-08T16:19:52.411746Z","level":"info","event":"Running statement: SELECT COUNT(*) FROM demo_user.client_b_load_status\nWHERE status = 'COMPLETE' AND processed = 0, parameters: None","logger":"airflow.task.hooks.airflow.providers.oracle.hooks.oracle.OracleHook","filename":"sql.py","lineno":861}
{"timestamp":"2026-07-08T16:19:52.413030Z","level":"info","event":"Rows affected: 0","logger":"airflow.task.hooks.airflow.providers.oracle.hooks.oracle.OracleHook","filename":"sql.py","lineno":879}
{"timestamp":"2026-07-08T16:20:02.453827Z","level":"info","event":"Poking: SELECT COUNT(*) FROM demo_user.client_b_load_status\nWHERE status = 'COMPLETE' AND processed = 0 (with parameters None)","logger":"airflow.task.operators.airflow.providers.common.sql.sensors.sql.SqlSensor","filename":"sql.py","lineno":100}
{"timestamp":"2026-07-08T16:20:02.533711Z","level":"info","event":"Running statement: SELECT COUNT(*) FROM demo_user.client_b_load_status\nWHERE status = 'COMPLETE' AND processed = 0, parameters: None","logger":"airflow.task.hooks.airflow.providers.oracle.hooks.oracle.OracleHook","filename":"sql.py","lineno":861}
{"timestamp":"2026-07-08T16:20:02.535519Z","level":"info","event":"Rows affected: 0","logger":"airflow.task.hooks.airflow.providers.oracle.hooks.oracle.OracleHook","filename":"sql.py","lineno":879}
{"timestamp":"2026-07-08T16:20:12.567793Z","level":"info","event":"Poking: SELECT COUNT(*) FROM demo_user.client_b_load_status\nWHERE status = 'COMPLETE' AND processed = 0 (with parameters None)","logger":"airflow.task.operators.airflow.providers.common.sql.sensors.sql.SqlSensor","filename":"sql.py","lineno":100}
{"timestamp":"2026-07-08T16:20:12.630900Z","level":"info","event":"Running statement: SELECT COUNT(*) FROM demo_user.client_b_load_status\nWHERE status = 'COMPLETE' AND processed = 0, parameters: None","logger":"airflow.task.hooks.airflow.providers.oracle.hooks.oracle.OracleHook","filename":"sql.py","lineno":861}
{"timestamp":"2026-07-08T16:20:12.632436Z","level":"info","event":"Rows affected: 0","logger":"airflow.task.hooks.airflow.providers.oracle.hooks.oracle.OracleHook","filename":"sql.py","lineno":879}
{"timestamp":"2026-07-08T16:20:22.666430Z","level":"info","event":"Poking: SELECT COUNT(*) FROM demo_user.client_b_load_status\nWHERE status = 'COMPLETE' AND processed = 0 (with parameters None)","logger":"airflow.task.operators.airflow.providers.common.sql.sensors.sql.SqlSensor","filename":"sql.py","lineno":100}
{"timestamp":"2026-07-08T16:20:22.716867Z","level":"info","event":"Running statement: SELECT COUNT(*) FROM demo_user.client_b_load_status\nWHERE status = 'COMPLETE' AND processed = 0, parameters: None","logger":"airflow.task.hooks.airflow.providers.oracle.hooks.oracle.OracleHook","filename":"sql.py","lineno":861}
{"timestamp":"2026-07-08T16:20:22.717765Z","level":"info","event":"Rows affected: 0","logger":"airflow.task.hooks.airflow.providers.oracle.hooks.oracle.OracleHook","filename":"sql.py","lineno":879}
{"timestamp":"2026-07-08T16:20:32.749252Z","level":"info","event":"Poking: SELECT COUNT(*) FROM demo_user.client_b_load_status\nWHERE status = 'COMPLETE' AND processed = 0 (with parameters None)","logger":"airflow.task.operators.airflow.providers.common.sql.sensors.sql.SqlSensor","filename":"sql.py","lineno":100}
{"timestamp":"2026-07-08T16:20:32.801166Z","level":"info","event":"Running statement: SELECT COUNT(*) FROM demo_user.client_b_load_status\nWHERE status = 'COMPLETE' AND processed = 0, parameters: None","logger":"airflow.task.hooks.airflow.providers.oracle.hooks.oracle.OracleHook","filename":"sql.py","lineno":861}
{"timestamp":"2026-07-08T16:20:32.802135Z","level":"info","event":"Rows affected: 0","logger":"airflow.task.hooks.airflow.providers.oracle.hooks.oracle.OracleHook","filename":"sql.py","lineno":879}
{"timestamp":"2026-07-08T16:20:42.837091Z","level":"info","event":"Poking: SELECT COUNT(*) FROM demo_user.client_b_load_status\nWHERE status = 'COMPLETE' AND processed = 0 (with parameters None)","logger":"airflow.task.operators.airflow.providers.common.sql.sensors.sql.SqlSensor","filename":"sql.py","lineno":100}
{"timestamp":"2026-07-08T16:20:42.909709Z","level":"info","event":"Running statement: SELECT COUNT(*) FROM demo_user.client_b_load_status\nWHERE status = 'COMPLETE' AND processed = 0, parameters: None","logger":"airflow.task.hooks.airflow.providers.oracle.hooks.oracle.OracleHook","filename":"sql.py","lineno":861}
{"timestamp":"2026-07-08T16:20:42.910880Z","level":"info","event":"Rows affected: 0","logger":"airflow.task.hooks.airflow.providers.oracle.hooks.oracle.OracleHook","filename":"sql.py","lineno":879}
{"timestamp":"2026-07-08T16:20:52.941904Z","level":"info","event":"Poking: SELECT COUNT(*) FROM demo_user.client_b_load_status\nWHERE status = 'COMPLETE' AND processed = 0 (with parameters None)","logger":"airflow.task.operators.airflow.providers.common.sql.sensors.sql.SqlSensor","filename":"sql.py","lineno":100}
{"timestamp":"2026-07-08T16:20:52.997846Z","level":"info","event":"Running statement: SELECT COUNT(*) FROM demo_user.client_b_load_status\nWHERE status = 'COMPLETE' AND processed = 0, parameters: None","logger":"airflow.task.hooks.airflow.providers.oracle.hooks.oracle.OracleHook","filename":"sql.py","lineno":861}
{"timestamp":"2026-07-08T16:20:52.998860Z","level":"info","event":"Rows affected: 0","logger":"airflow.task.hooks.airflow.providers.oracle.hooks.oracle.OracleHook","filename":"sql.py","lineno":879}
{"timestamp":"2026-07-08T16:21:03.027935Z","level":"info","event":"Poking: SELECT COUNT(*) FROM demo_user.client_b_load_status\nWHERE status = 'COMPLETE' AND processed = 0 (with parameters None)","logger":"airflow.task.operators.airflow.providers.common.sql.sensors.sql.SqlSensor","filename":"sql.py","lineno":100}
{"timestamp":"2026-07-08T16:21:03.081986Z","level":"info","event":"Running statement: SELECT COUNT(*) FROM demo_user.client_b_load_status\nWHERE status = 'COMPLETE' AND processed = 0, parameters: None","logger":"airflow.task.hooks.airflow.providers.oracle.hooks.oracle.OracleHook","filename":"sql.py","lineno":861}
{"timestamp":"2026-07-08T16:21:03.083538Z","level":"info","event":"Rows affected: 0","logger":"airflow.task.hooks.airflow.providers.oracle.hooks.oracle.OracleHook","filename":"sql.py","lineno":879}
{"timestamp":"2026-07-08T16:21:13.118809Z","level":"info","event":"Poking: SELECT COUNT(*) FROM demo_user.client_b_load_status\nWHERE status = 'COMPLETE' AND processed = 0 (with parameters None)","logger":"airflow.task.operators.airflow.providers.common.sql.sensors.sql.SqlSensor","filename":"sql.py","lineno":100}
{"timestamp":"2026-07-08T16:21:13.171471Z","level":"info","event":"Running statement: SELECT COUNT(*) FROM demo_user.client_b_load_status\nWHERE status = 'COMPLETE' AND processed = 0, parameters: None","logger":"airflow.task.hooks.airflow.providers.oracle.hooks.oracle.OracleHook","filename":"sql.py","lineno":861}
{"timestamp":"2026-07-08T16:21:13.172436Z","level":"info","event":"Rows affected: 0","logger":"airflow.task.hooks.airflow.providers.oracle.hooks.oracle.OracleHook","filename":"sql.py","lineno":879}
{"timestamp":"2026-07-08T16:21:23.232726Z","level":"info","event":"Poking: SELECT COUNT(*) FROM demo_user.client_b_load_status\nWHERE status = 'COMPLETE' AND processed = 0 (with parameters None)","logger":"airflow.task.operators.airflow.providers.common.sql.sensors.sql.SqlSensor","filename":"sql.py","lineno":100}
{"timestamp":"2026-07-08T16:21:23.346226Z","level":"info","event":"Running statement: SELECT COUNT(*) FROM demo_user.client_b_load_status\nWHERE status = 'COMPLETE' AND processed = 0, parameters: None","logger":"airflow.task.hooks.airflow.providers.oracle.hooks.oracle.OracleHook","filename":"sql.py","lineno":861}
{"timestamp":"2026-07-08T16:21:23.348431Z","level":"info","event":"Rows affected: 0","logger":"airflow.task.hooks.airflow.providers.oracle.hooks.oracle.OracleHook","filename":"sql.py","lineno":879}
{"timestamp":"2026-07-08T16:21:33.395582Z","level":"info","event":"Poking: SELECT COUNT(*) FROM demo_user.client_b_load_status\nWHERE status = 'COMPLETE' AND processed = 0 (with parameters None)","logger":"airflow.task.operators.airflow.providers.common.sql.sensors.sql.SqlSensor","filename":"sql.py","lineno":100}
{"timestamp":"2026-07-08T16:21:33.475850Z","level":"info","event":"Running statement: SELECT COUNT(*) FROM demo_user.client_b_load_status\nWHERE status = 'COMPLETE' AND processed = 0, parameters: None","logger":"airflow.task.hooks.airflow.providers.oracle.hooks.oracle.OracleHook","filename":"sql.py","lineno":861}
{"timestamp":"2026-07-08T16:21:33.477882Z","level":"info","event":"Rows affected: 0","logger":"airflow.task.hooks.airflow.providers.oracle.hooks.oracle.OracleHook","filename":"sql.py","lineno":879}
{"timestamp":"2026-07-08T16:21:43.517012Z","level":"info","event":"Poking: SELECT COUNT(*) FROM demo_user.client_b_load_status\nWHERE status = 'COMPLETE' AND processed = 0 (with parameters None)","logger":"airflow.task.operators.airflow.providers.common.sql.sensors.sql.SqlSensor","filename":"sql.py","lineno":100}
{"timestamp":"2026-07-08T16:21:43.571363Z","level":"info","event":"Running statement: SELECT COUNT(*) FROM demo_user.client_b_load_status\nWHERE status = 'COMPLETE' AND processed = 0, parameters: None","logger":"airflow.task.hooks.airflow.providers.oracle.hooks.oracle.OracleHook","filename":"sql.py","lineno":861}
{"timestamp":"2026-07-08T16:21:43.572917Z","level":"info","event":"Rows affected: 0","logger":"airflow.task.hooks.airflow.providers.oracle.hooks.oracle.OracleHook","filename":"sql.py","lineno":879}
{"timestamp":"2026-07-08T16:21:53.615147Z","level":"info","event":"Poking: SELECT COUNT(*) FROM demo_user.client_b_load_status\nWHERE status = 'COMPLETE' AND processed = 0 (with parameters None)","logger":"airflow.task.operators.airflow.providers.common.sql.sensors.sql.SqlSensor","filename":"sql.py","lineno":100}
{"timestamp":"2026-07-08T16:21:53.685134Z","level":"info","event":"Running statement: SELECT COUNT(*) FROM demo_user.client_b_load_status\nWHERE status = 'COMPLETE' AND processed = 0, parameters: None","logger":"airflow.task.hooks.airflow.providers.oracle.hooks.oracle.OracleHook","filename":"sql.py","lineno":861}
{"timestamp":"2026-07-08T16:21:53.686988Z","level":"info","event":"Rows affected: 0","logger":"airflow.task.hooks.airflow.providers.oracle.hooks.oracle.OracleHook","filename":"sql.py","lineno":879}
{"timestamp":"2026-07-08T16:22:03.723767Z","level":"info","event":"Poking: SELECT COUNT(*) FROM demo_user.client_b_load_status\nWHERE status = 'COMPLETE' AND processed = 0 (with parameters None)","logger":"airflow.task.operators.airflow.providers.common.sql.sensors.sql.SqlSensor","filename":"sql.py","lineno":100}
{"timestamp":"2026-07-08T16:22:03.789411Z","level":"info","event":"Running statement: SELECT COUNT(*) FROM demo_user.client_b_load_status\nWHERE status = 'COMPLETE' AND processed = 0, parameters: None","logger":"airflow.task.hooks.airflow.providers.oracle.hooks.oracle.OracleHook","filename":"sql.py","lineno":861}
{"timestamp":"2026-07-08T16:22:03.790540Z","level":"info","event":"Rows affected: 0","logger":"airflow.task.hooks.airflow.providers.oracle.hooks.oracle.OracleHook","filename":"sql.py","lineno":879}
{"timestamp":"2026-07-08T16:22:13.832909Z","level":"info","event":"Poking: SELECT COUNT(*) FROM demo_user.client_b_load_status\nWHERE status = 'COMPLETE' AND processed = 0 (with parameters None)","logger":"airflow.task.operators.airflow.providers.common.sql.sensors.sql.SqlSensor","filename":"sql.py","lineno":100}
{"timestamp":"2026-07-08T16:22:13.891143Z","level":"info","event":"Running statement: SELECT COUNT(*) FROM demo_user.client_b_load_status\nWHERE status = 'COMPLETE' AND processed = 0, parameters: None","logger":"airflow.task.hooks.airflow.providers.oracle.hooks.oracle.OracleHook","filename":"sql.py","lineno":861}
{"timestamp":"2026-07-08T16:22:13.892285Z","level":"info","event":"Rows affected: 0","logger":"airflow.task.hooks.airflow.providers.oracle.hooks.oracle.OracleHook","filename":"sql.py","lineno":879}
{"timestamp":"2026-07-08T16:22:23.919916Z","level":"info","event":"Poking: SELECT COUNT(*) FROM demo_user.client_b_load_status\nWHERE status = 'COMPLETE' AND processed = 0 (with parameters None)","logger":"airflow.task.operators.airflow.providers.common.sql.sensors.sql.SqlSensor","filename":"sql.py","lineno":100}
{"timestamp":"2026-07-08T16:22:23.975002Z","level":"info","event":"Running statement: SELECT COUNT(*) FROM demo_user.client_b_load_status\nWHERE status = 'COMPLETE' AND processed = 0, parameters: None","logger":"airflow.task.hooks.airflow.providers.oracle.hooks.oracle.OracleHook","filename":"sql.py","lineno":861}
{"timestamp":"2026-07-08T16:22:23.976368Z","level":"info","event":"Rows affected: 0","logger":"airflow.task.hooks.airflow.providers.oracle.hooks.oracle.OracleHook","filename":"sql.py","lineno":879}
{"timestamp":"2026-07-08T16:22:34.017276Z","level":"info","event":"Poking: SELECT COUNT(*) FROM demo_user.client_b_load_status\nWHERE status = 'COMPLETE' AND processed = 0 (with parameters None)","logger":"airflow.task.operators.airflow.providers.common.sql.sensors.sql.SqlSensor","filename":"sql.py","lineno":100}
{"timestamp":"2026-07-08T16:22:34.073873Z","level":"info","event":"Running statement: SELECT COUNT(*) FROM demo_user.client_b_load_status\nWHERE status = 'COMPLETE' AND processed = 0, parameters: None","logger":"airflow.task.hooks.airflow.providers.oracle.hooks.oracle.OracleHook","filename":"sql.py","lineno":861}
{"timestamp":"2026-07-08T16:22:34.074863Z","level":"info","event":"Rows affected: 0","logger":"airflow.task.hooks.airflow.providers.oracle.hooks.oracle.OracleHook","filename":"sql.py","lineno":879}
{"timestamp":"2026-07-08T16:22:44.107831Z","level":"info","event":"Poking: SELECT COUNT(*) FROM demo_user.client_b_load_status\nWHERE status = 'COMPLETE' AND processed = 0 (with parameters None)","logger":"airflow.task.operators.airflow.providers.common.sql.sensors.sql.SqlSensor","filename":"sql.py","lineno":100}
{"timestamp":"2026-07-08T16:22:44.163135Z","level":"info","event":"Running statement: SELECT COUNT(*) FROM demo_user.client_b_load_status\nWHERE status = 'COMPLETE' AND processed = 0, parameters: None","logger":"airflow.task.hooks.airflow.providers.oracle.hooks.oracle.OracleHook","filename":"sql.py","lineno":861}
{"timestamp":"2026-07-08T16:22:44.164979Z","level":"info","event":"Rows affected: 0","logger":"airflow.task.hooks.airflow.providers.oracle.hooks.oracle.OracleHook","filename":"sql.py","lineno":879}
{"timestamp":"2026-07-08T16:22:54.206390Z","level":"info","event":"Poking: SELECT COUNT(*) FROM demo_user.client_b_load_status\nWHERE status = 'COMPLETE' AND processed = 0 (with parameters None)","logger":"airflow.task.operators.airflow.providers.common.sql.sensors.sql.SqlSensor","filename":"sql.py","lineno":100}
{"timestamp":"2026-07-08T16:22:54.265688Z","level":"info","event":"Running statement: SELECT COUNT(*) FROM demo_user.client_b_load_status\nWHERE status = 'COMPLETE' AND processed = 0, parameters: None","logger":"airflow.task.hooks.airflow.providers.oracle.hooks.oracle.OracleHook","filename":"sql.py","lineno":861}
{"timestamp":"2026-07-08T16:22:54.266682Z","level":"info","event":"Rows affected: 0","logger":"airflow.task.hooks.airflow.providers.oracle.hooks.oracle.OracleHook","filename":"sql.py","lineno":879}
{"timestamp":"2026-07-08T16:23:04.304111Z","level":"info","event":"Poking: SELECT COUNT(*) FROM demo_user.client_b_load_status\nWHERE status = 'COMPLETE' AND processed = 0 (with parameters None)","logger":"airflow.task.operators.airflow.providers.common.sql.sensors.sql.SqlSensor","filename":"sql.py","lineno":100}
{"timestamp":"2026-07-08T16:23:04.366586Z","level":"info","event":"Running statement: SELECT COUNT(*) FROM demo_user.client_b_load_status\nWHERE status = 'COMPLETE' AND processed = 0, parameters: None","logger":"airflow.task.hooks.airflow.providers.oracle.hooks.oracle.OracleHook","filename":"sql.py","lineno":861}
{"timestamp":"2026-07-08T16:23:04.367876Z","level":"info","event":"Rows affected: 0","logger":"airflow.task.hooks.airflow.providers.oracle.hooks.oracle.OracleHook","filename":"sql.py","lineno":879}
{"timestamp":"2026-07-08T16:23:14.412531Z","level":"info","event":"Poking: SELECT COUNT(*) FROM demo_user.client_b_load_status\nWHERE status = 'COMPLETE' AND processed = 0 (with parameters None)","logger":"airflow.task.operators.airflow.providers.common.sql.sensors.sql.SqlSensor","filename":"sql.py","lineno":100}
{"timestamp":"2026-07-08T16:23:14.474726Z","level":"info","event":"Running statement: SELECT COUNT(*) FROM demo_user.client_b_load_status\nWHERE status = 'COMPLETE' AND processed = 0, parameters: None","logger":"airflow.task.hooks.airflow.providers.oracle.hooks.oracle.OracleHook","filename":"sql.py","lineno":861}
{"timestamp":"2026-07-08T16:23:14.476110Z","level":"info","event":"Rows affected: 0","logger":"airflow.task.hooks.airflow.providers.oracle.hooks.oracle.OracleHook","filename":"sql.py","lineno":879}
{"timestamp":"2026-07-08T16:23:24.509455Z","level":"info","event":"Poking: SELECT COUNT(*) FROM demo_user.client_b_load_status\nWHERE status = 'COMPLETE' AND processed = 0 (with parameters None)","logger":"airflow.task.operators.airflow.providers.common.sql.sensors.sql.SqlSensor","filename":"sql.py","lineno":100}
{"timestamp":"2026-07-08T16:23:24.567918Z","level":"info","event":"Running statement: SELECT COUNT(*) FROM demo_user.client_b_load_status\nWHERE status = 'COMPLETE' AND processed = 0, parameters: None","logger":"airflow.task.hooks.airflow.providers.oracle.hooks.oracle.OracleHook","filename":"sql.py","lineno":861}
{"timestamp":"2026-07-08T16:23:24.569284Z","level":"info","event":"Rows affected: 0","logger":"airflow.task.hooks.airflow.providers.oracle.hooks.oracle.OracleHook","filename":"sql.py","lineno":879}
{"timestamp":"2026-07-08T16:23:34.608443Z","level":"info","event":"Poking: SELECT COUNT(*) FROM demo_user.client_b_load_status\nWHERE status = 'COMPLETE' AND processed = 0 (with parameters None)","logger":"airflow.task.operators.airflow.providers.common.sql.sensors.sql.SqlSensor","filename":"sql.py","lineno":100}
{"timestamp":"2026-07-08T16:23:34.676369Z","level":"info","event":"Running statement: SELECT COUNT(*) FROM demo_user.client_b_load_status\nWHERE status = 'COMPLETE' AND processed = 0, parameters: None","logger":"airflow.task.hooks.airflow.providers.oracle.hooks.oracle.OracleHook","filename":"sql.py","lineno":861}
{"timestamp":"2026-07-08T16:23:34.678001Z","level":"info","event":"Rows affected: 0","logger":"airflow.task.hooks.airflow.providers.oracle.hooks.oracle.OracleHook","filename":"sql.py","lineno":879}
{"timestamp":"2026-07-08T16:23:44.710572Z","level":"info","event":"Poking: SELECT COUNT(*) FROM demo_user.client_b_load_status\nWHERE status = 'COMPLETE' AND processed = 0 (with parameters None)","logger":"airflow.task.operators.airflow.providers.common.sql.sensors.sql.SqlSensor","filename":"sql.py","lineno":100}
{"timestamp":"2026-07-08T16:23:44.757252Z","level":"info","event":"Running statement: SELECT COUNT(*) FROM demo_user.client_b_load_status\nWHERE status = 'COMPLETE' AND processed = 0, parameters: None","logger":"airflow.task.hooks.airflow.providers.oracle.hooks.oracle.OracleHook","filename":"sql.py","lineno":861}
{"timestamp":"2026-07-08T16:23:44.758180Z","level":"info","event":"Rows affected: 0","logger":"airflow.task.hooks.airflow.providers.oracle.hooks.oracle.OracleHook","filename":"sql.py","lineno":879}
{"timestamp":"2026-07-08T16:23:54.813347Z","level":"info","event":"Poking: SELECT COUNT(*) FROM demo_user.client_b_load_status\nWHERE status = 'COMPLETE' AND processed = 0 (with parameters None)","logger":"airflow.task.operators.airflow.providers.common.sql.sensors.sql.SqlSensor","filename":"sql.py","lineno":100}
{"timestamp":"2026-07-08T16:23:54.874258Z","level":"info","event":"Running statement: SELECT COUNT(*) FROM demo_user.client_b_load_status\nWHERE status = 'COMPLETE' AND processed = 0, parameters: None","logger":"airflow.task.hooks.airflow.providers.oracle.hooks.oracle.OracleHook","filename":"sql.py","lineno":861}
{"timestamp":"2026-07-08T16:23:54.875844Z","level":"info","event":"Rows affected: 0","logger":"airflow.task.hooks.airflow.providers.oracle.hooks.oracle.OracleHook","filename":"sql.py","lineno":879}
{"timestamp":"2026-07-08T16:24:04.915662Z","level":"info","event":"Poking: SELECT COUNT(*) FROM demo_user.client_b_load_status\nWHERE status = 'COMPLETE' AND processed = 0 (with parameters None)","logger":"airflow.task.operators.airflow.providers.common.sql.sensors.sql.SqlSensor","filename":"sql.py","lineno":100}
{"timestamp":"2026-07-08T16:24:04.984583Z","level":"info","event":"Running statement: SELECT COUNT(*) FROM demo_user.client_b_load_status\nWHERE status = 'COMPLETE' AND processed = 0, parameters: None","logger":"airflow.task.hooks.airflow.providers.oracle.hooks.oracle.OracleHook","filename":"sql.py","lineno":861}
{"timestamp":"2026-07-08T16:24:04.985727Z","level":"info","event":"Rows affected: 0","logger":"airflow.task.hooks.airflow.providers.oracle.hooks.oracle.OracleHook","filename":"sql.py","lineno":879}
{"timestamp":"2026-07-08T16:24:15.026271Z","level":"info","event":"Poking: SELECT COUNT(*) FROM demo_user.client_b_load_status\nWHERE status = 'COMPLETE' AND processed = 0 (with parameters None)","logger":"airflow.task.operators.airflow.providers.common.sql.sensors.sql.SqlSensor","filename":"sql.py","lineno":100}
{"timestamp":"2026-07-08T16:24:15.083087Z","level":"info","event":"Running statement: SELECT COUNT(*) FROM demo_user.client_b_load_status\nWHERE status = 'COMPLETE' AND processed = 0, parameters: None","logger":"airflow.task.hooks.airflow.providers.oracle.hooks.oracle.OracleHook","filename":"sql.py","lineno":861}
{"timestamp":"2026-07-08T16:24:15.084120Z","level":"info","event":"Rows affected: 0","logger":"airflow.task.hooks.airflow.providers.oracle.hooks.oracle.OracleHook","filename":"sql.py","lineno":879}
{"timestamp":"2026-07-08T16:24:25.133495Z","level":"info","event":"Poking: SELECT COUNT(*) FROM demo_user.client_b_load_status\nWHERE status = 'COMPLETE' AND processed = 0 (with parameters None)","logger":"airflow.task.operators.airflow.providers.common.sql.sensors.sql.SqlSensor","filename":"sql.py","lineno":100}
{"timestamp":"2026-07-08T16:24:25.190650Z","level":"info","event":"Running statement: SELECT COUNT(*) FROM demo_user.client_b_load_status\nWHERE status = 'COMPLETE' AND processed = 0, parameters: None","logger":"airflow.task.hooks.airflow.providers.oracle.hooks.oracle.OracleHook","filename":"sql.py","lineno":861}
{"timestamp":"2026-07-08T16:24:25.191742Z","level":"info","event":"Rows affected: 0","logger":"airflow.task.hooks.airflow.providers.oracle.hooks.oracle.OracleHook","filename":"sql.py","lineno":879}
{"timestamp":"2026-07-08T16:24:35.232520Z","level":"info","event":"Poking: SELECT COUNT(*) FROM demo_user.client_b_load_status\nWHERE status = 'COMPLETE' AND processed = 0 (with parameters None)","logger":"airflow.task.operators.airflow.providers.common.sql.sensors.sql.SqlSensor","filename":"sql.py","lineno":100}
{"timestamp":"2026-07-08T16:24:35.288725Z","level":"info","event":"Running statement: SELECT COUNT(*) FROM demo_user.client_b_load_status\nWHERE status = 'COMPLETE' AND processed = 0, parameters: None","logger":"airflow.task.hooks.airflow.providers.oracle.hooks.oracle.OracleHook","filename":"sql.py","lineno":861}
{"timestamp":"2026-07-08T16:24:35.289742Z","level":"info","event":"Rows affected: 0","logger":"airflow.task.hooks.airflow.providers.oracle.hooks.oracle.OracleHook","filename":"sql.py","lineno":879}
{"timestamp":"2026-07-08T16:24:45.327265Z","level":"info","event":"Poking: SELECT COUNT(*) FROM demo_user.client_b_load_status\nWHERE status = 'COMPLETE' AND processed = 0 (with parameters None)","logger":"airflow.task.operators.airflow.providers.common.sql.sensors.sql.SqlSensor","filename":"sql.py","lineno":100}
{"timestamp":"2026-07-08T16:24:45.382973Z","level":"info","event":"Running statement: SELECT COUNT(*) FROM demo_user.client_b_load_status\nWHERE status = 'COMPLETE' AND processed = 0, parameters: None","logger":"airflow.task.hooks.airflow.providers.oracle.hooks.oracle.OracleHook","filename":"sql.py","lineno":861}
{"timestamp":"2026-07-08T16:24:45.384176Z","level":"info","event":"Rows affected: 0","logger":"airflow.task.hooks.airflow.providers.oracle.hooks.oracle.OracleHook","filename":"sql.py","lineno":879}
{"timestamp":"2026-07-08T16:24:55.425103Z","level":"info","event":"Poking: SELECT COUNT(*) FROM demo_user.client_b_load_status\nWHERE status = 'COMPLETE' AND processed = 0 (with parameters None)","logger":"airflow.task.operators.airflow.providers.common.sql.sensors.sql.SqlSensor","filename":"sql.py","lineno":100}
{"timestamp":"2026-07-08T16:24:55.483964Z","level":"info","event":"Running statement: SELECT COUNT(*) FROM demo_user.client_b_load_status\nWHERE status = 'COMPLETE' AND processed = 0, parameters: None","logger":"airflow.task.hooks.airflow.providers.oracle.hooks.oracle.OracleHook","filename":"sql.py","lineno":861}
{"timestamp":"2026-07-08T16:24:55.485697Z","level":"info","event":"Rows affected: 0","logger":"airflow.task.hooks.airflow.providers.oracle.hooks.oracle.OracleHook","filename":"sql.py","lineno":879}
{"timestamp":"2026-07-08T16:25:05.527863Z","level":"info","event":"Poking: SELECT COUNT(*) FROM demo_user.client_b_load_status\nWHERE status = 'COMPLETE' AND processed = 0 (with parameters None)","logger":"airflow.task.operators.airflow.providers.common.sql.sensors.sql.SqlSensor","filename":"sql.py","lineno":100}
{"timestamp":"2026-07-08T16:25:05.595300Z","level":"info","event":"Running statement: SELECT COUNT(*) FROM demo_user.client_b_load_status\nWHERE status = 'COMPLETE' AND processed = 0, parameters: None","logger":"airflow.task.hooks.airflow.providers.oracle.hooks.oracle.OracleHook","filename":"sql.py","lineno":861}
{"timestamp":"2026-07-08T16:25:05.596799Z","level":"info","event":"Rows affected: 0","logger":"airflow.task.hooks.airflow.providers.oracle.hooks.oracle.OracleHook","filename":"sql.py","lineno":879}
{"timestamp":"2026-07-08T16:25:15.640198Z","level":"info","event":"Poking: SELECT COUNT(*) FROM demo_user.client_b_load_status\nWHERE status = 'COMPLETE' AND processed = 0 (with parameters None)","logger":"airflow.task.operators.airflow.providers.common.sql.sensors.sql.SqlSensor","filename":"sql.py","lineno":100}
{"timestamp":"2026-07-08T16:25:15.698263Z","level":"info","event":"Running statement: SELECT COUNT(*) FROM demo_user.client_b_load_status\nWHERE status = 'COMPLETE' AND processed = 0, parameters: None","logger":"airflow.task.hooks.airflow.providers.oracle.hooks.oracle.OracleHook","filename":"sql.py","lineno":861}
{"timestamp":"2026-07-08T16:25:15.699923Z","level":"info","event":"Rows affected: 0","logger":"airflow.task.hooks.airflow.providers.oracle.hooks.oracle.OracleHook","filename":"sql.py","lineno":879}
{"timestamp":"2026-07-08T16:25:25.744333Z","level":"info","event":"Poking: SELECT COUNT(*) FROM demo_user.client_b_load_status\nWHERE status = 'COMPLETE' AND processed = 0 (with parameters None)","logger":"airflow.task.operators.airflow.providers.common.sql.sensors.sql.SqlSensor","filename":"sql.py","lineno":100}
{"timestamp":"2026-07-08T16:25:25.805611Z","level":"info","event":"Running statement: SELECT COUNT(*) FROM demo_user.client_b_load_status\nWHERE status = 'COMPLETE' AND processed = 0, parameters: None","logger":"airflow.task.hooks.airflow.providers.oracle.hooks.oracle.OracleHook","filename":"sql.py","lineno":861}
{"timestamp":"2026-07-08T16:25:25.806658Z","level":"info","event":"Rows affected: 0","logger":"airflow.task.hooks.airflow.providers.oracle.hooks.oracle.OracleHook","filename":"sql.py","lineno":879}
{"timestamp":"2026-07-08T16:25:35.847894Z","level":"info","event":"Poking: SELECT COUNT(*) FROM demo_user.client_b_load_status\nWHERE status = 'COMPLETE' AND processed = 0 (with parameters None)","logger":"airflow.task.operators.airflow.providers.common.sql.sensors.sql.SqlSensor","filename":"sql.py","lineno":100}
{"timestamp":"2026-07-08T16:25:35.915586Z","level":"info","event":"Running statement: SELECT COUNT(*) FROM demo_user.client_b_load_status\nWHERE status = 'COMPLETE' AND processed = 0, parameters: None","logger":"airflow.task.hooks.airflow.providers.oracle.hooks.oracle.OracleHook","filename":"sql.py","lineno":861}
{"timestamp":"2026-07-08T16:25:35.916831Z","level":"info","event":"Rows affected: 0","logger":"airflow.task.hooks.airflow.providers.oracle.hooks.oracle.OracleHook","filename":"sql.py","lineno":879}
{"timestamp":"2026-07-08T16:25:45.959141Z","level":"info","event":"Poking: SELECT COUNT(*) FROM demo_user.client_b_load_status\nWHERE status = 'COMPLETE' AND processed = 0 (with parameters None)","logger":"airflow.task.operators.airflow.providers.common.sql.sensors.sql.SqlSensor","filename":"sql.py","lineno":100}
{"timestamp":"2026-07-08T16:25:46.016835Z","level":"info","event":"Running statement: SELECT COUNT(*) FROM demo_user.client_b_load_status\nWHERE status = 'COMPLETE' AND processed = 0, parameters: None","logger":"airflow.task.hooks.airflow.providers.oracle.hooks.oracle.OracleHook","filename":"sql.py","lineno":861}
{"timestamp":"2026-07-08T16:25:46.017808Z","level":"info","event":"Rows affected: 0","logger":"airflow.task.hooks.airflow.providers.oracle.hooks.oracle.OracleHook","filename":"sql.py","lineno":879}
{"timestamp":"2026-07-08T16:25:56.054211Z","level":"info","event":"Poking: SELECT COUNT(*) FROM demo_user.client_b_load_status\nWHERE status = 'COMPLETE' AND processed = 0 (with parameters None)","logger":"airflow.task.operators.airflow.providers.common.sql.sensors.sql.SqlSensor","filename":"sql.py","lineno":100}
{"timestamp":"2026-07-08T16:25:56.115314Z","level":"info","event":"Running statement: SELECT COUNT(*) FROM demo_user.client_b_load_status\nWHERE status = 'COMPLETE' AND processed = 0, parameters: None","logger":"airflow.task.hooks.airflow.providers.oracle.hooks.oracle.OracleHook","filename":"sql.py","lineno":861}
{"timestamp":"2026-07-08T16:25:56.116475Z","level":"info","event":"Rows affected: 0","logger":"airflow.task.hooks.airflow.providers.oracle.hooks.oracle.OracleHook","filename":"sql.py","lineno":879}
{"timestamp":"2026-07-08T16:26:06.148228Z","level":"info","event":"Poking: SELECT COUNT(*) FROM demo_user.client_b_load_status\nWHERE status = 'COMPLETE' AND processed = 0 (with parameters None)","logger":"airflow.task.operators.airflow.providers.common.sql.sensors.sql.SqlSensor","filename":"sql.py","lineno":100}
{"timestamp":"2026-07-08T16:26:06.260999Z","level":"info","event":"Running statement: SELECT COUNT(*) FROM demo_user.client_b_load_status\nWHERE status = 'COMPLETE' AND processed = 0, parameters: None","logger":"airflow.task.hooks.airflow.providers.oracle.hooks.oracle.OracleHook","filename":"sql.py","lineno":861}
{"timestamp":"2026-07-08T16:26:06.263255Z","level":"info","event":"Rows affected: 0","logger":"airflow.task.hooks.airflow.providers.oracle.hooks.oracle.OracleHook","filename":"sql.py","lineno":879}
{"timestamp":"2026-07-08T16:26:16.294702Z","level":"info","event":"Poking: SELECT COUNT(*) FROM demo_user.client_b_load_status\nWHERE status = 'COMPLETE' AND processed = 0 (with parameters None)","logger":"airflow.task.operators.airflow.providers.common.sql.sensors.sql.SqlSensor","filename":"sql.py","lineno":100}
{"timestamp":"2026-07-08T16:26:16.374052Z","level":"info","event":"Running statement: SELECT COUNT(*) FROM demo_user.client_b_load_status\nWHERE status = 'COMPLETE' AND processed = 0, parameters: None","logger":"airflow.task.hooks.airflow.providers.oracle.hooks.oracle.OracleHook","filename":"sql.py","lineno":861}
{"timestamp":"2026-07-08T16:26:16.375320Z","level":"info","event":"Rows affected: 0","logger":"airflow.task.hooks.airflow.providers.oracle.hooks.oracle.OracleHook","filename":"sql.py","lineno":879}
{"timestamp":"2026-07-08T16:26:26.425297Z","level":"info","event":"Poking: SELECT COUNT(*) FROM demo_user.client_b_load_status\nWHERE status = 'COMPLETE' AND processed = 0 (with parameters None)","logger":"airflow.task.operators.airflow.providers.common.sql.sensors.sql.SqlSensor","filename":"sql.py","lineno":100}
{"timestamp":"2026-07-08T16:26:26.519756Z","level":"info","event":"Running statement: SELECT COUNT(*) FROM demo_user.client_b_load_status\nWHERE status = 'COMPLETE' AND processed = 0, parameters: None","logger":"airflow.task.hooks.airflow.providers.oracle.hooks.oracle.OracleHook","filename":"sql.py","lineno":861}
{"timestamp":"2026-07-08T16:26:26.522105Z","level":"info","event":"Rows affected: 0","logger":"airflow.task.hooks.airflow.providers.oracle.hooks.oracle.OracleHook","filename":"sql.py","lineno":879}
{"timestamp":"2026-07-08T16:26:36.556473Z","level":"info","event":"Poking: SELECT COUNT(*) FROM demo_user.client_b_load_status\nWHERE status = 'COMPLETE' AND processed = 0 (with parameters None)","logger":"airflow.task.operators.airflow.providers.common.sql.sensors.sql.SqlSensor","filename":"sql.py","lineno":100}
{"timestamp":"2026-07-08T16:26:36.620173Z","level":"info","event":"Running statement: SELECT COUNT(*) FROM demo_user.client_b_load_status\nWHERE status = 'COMPLETE' AND processed = 0, parameters: None","logger":"airflow.task.hooks.airflow.providers.oracle.hooks.oracle.OracleHook","filename":"sql.py","lineno":861}
{"timestamp":"2026-07-08T16:26:36.621912Z","level":"info","event":"Rows affected: 0","logger":"airflow.task.hooks.airflow.providers.oracle.hooks.oracle.OracleHook","filename":"sql.py","lineno":879}
{"timestamp":"2026-07-08T16:26:46.658276Z","level":"info","event":"Poking: SELECT COUNT(*) FROM demo_user.client_b_load_status\nWHERE status = 'COMPLETE' AND processed = 0 (with parameters None)","logger":"airflow.task.operators.airflow.providers.common.sql.sensors.sql.SqlSensor","filename":"sql.py","lineno":100}
{"timestamp":"2026-07-08T16:26:46.719458Z","level":"info","event":"Running statement: SELECT COUNT(*) FROM demo_user.client_b_load_status\nWHERE status = 'COMPLETE' AND processed = 0, parameters: None","logger":"airflow.task.hooks.airflow.providers.oracle.hooks.oracle.OracleHook","filename":"sql.py","lineno":861}
{"timestamp":"2026-07-08T16:26:46.720720Z","level":"info","event":"Rows affected: 0","logger":"airflow.task.hooks.airflow.providers.oracle.hooks.oracle.OracleHook","filename":"sql.py","lineno":879}
{"timestamp":"2026-07-08T16:26:56.759435Z","level":"info","event":"Poking: SELECT COUNT(*) FROM demo_user.client_b_load_status\nWHERE status = 'COMPLETE' AND processed = 0 (with parameters None)","logger":"airflow.task.operators.airflow.providers.common.sql.sensors.sql.SqlSensor","filename":"sql.py","lineno":100}
{"timestamp":"2026-07-08T16:26:56.817700Z","level":"info","event":"Running statement: SELECT COUNT(*) FROM demo_user.client_b_load_status\nWHERE status = 'COMPLETE' AND processed = 0, parameters: None","logger":"airflow.task.hooks.airflow.providers.oracle.hooks.oracle.OracleHook","filename":"sql.py","lineno":861}
{"timestamp":"2026-07-08T16:26:56.818982Z","level":"info","event":"Rows affected: 0","logger":"airflow.task.hooks.airflow.providers.oracle.hooks.oracle.OracleHook","filename":"sql.py","lineno":879}
{"timestamp":"2026-07-08T16:27:06.860477Z","level":"info","event":"Poking: SELECT COUNT(*) FROM demo_user.client_b_load_status\nWHERE status = 'COMPLETE' AND processed = 0 (with parameters None)","logger":"airflow.task.operators.airflow.providers.common.sql.sensors.sql.SqlSensor","filename":"sql.py","lineno":100}
{"timestamp":"2026-07-08T16:27:06.941468Z","level":"info","event":"Running statement: SELECT COUNT(*) FROM demo_user.client_b_load_status\nWHERE status = 'COMPLETE' AND processed = 0, parameters: None","logger":"airflow.task.hooks.airflow.providers.oracle.hooks.oracle.OracleHook","filename":"sql.py","lineno":861}
{"timestamp":"2026-07-08T16:27:06.943330Z","level":"info","event":"Rows affected: 0","logger":"airflow.task.hooks.airflow.providers.oracle.hooks.oracle.OracleHook","filename":"sql.py","lineno":879}
{"timestamp":"2026-07-08T16:27:16.986152Z","level":"info","event":"Poking: SELECT COUNT(*) FROM demo_user.client_b_load_status\nWHERE status = 'COMPLETE' AND processed = 0 (with parameters None)","logger":"airflow.task.operators.airflow.providers.common.sql.sensors.sql.SqlSensor","filename":"sql.py","lineno":100}
{"timestamp":"2026-07-08T16:27:17.046035Z","level":"info","event":"Running statement: SELECT COUNT(*) FROM demo_user.client_b_load_status\nWHERE status = 'COMPLETE' AND processed = 0, parameters: None","logger":"airflow.task.hooks.airflow.providers.oracle.hooks.oracle.OracleHook","filename":"sql.py","lineno":861}
{"timestamp":"2026-07-08T16:27:17.046956Z","level":"info","event":"Rows affected: 0","logger":"airflow.task.hooks.airflow.providers.oracle.hooks.oracle.OracleHook","filename":"sql.py","lineno":879}
{"timestamp":"2026-07-08T16:27:27.086002Z","level":"info","event":"Poking: SELECT COUNT(*) FROM demo_user.client_b_load_status\nWHERE status = 'COMPLETE' AND processed = 0 (with parameters None)","logger":"airflow.task.operators.airflow.providers.common.sql.sensors.sql.SqlSensor","filename":"sql.py","lineno":100}
{"timestamp":"2026-07-08T16:27:27.201045Z","level":"info","event":"Running statement: SELECT COUNT(*) FROM demo_user.client_b_load_status\nWHERE status = 'COMPLETE' AND processed = 0, parameters: None","logger":"airflow.task.hooks.airflow.providers.oracle.hooks.oracle.OracleHook","filename":"sql.py","lineno":861}
{"timestamp":"2026-07-08T16:27:27.203354Z","level":"info","event":"Rows affected: 0","logger":"airflow.task.hooks.airflow.providers.oracle.hooks.oracle.OracleHook","filename":"sql.py","lineno":879}
{"timestamp":"2026-07-08T16:27:37.243494Z","level":"info","event":"Poking: SELECT COUNT(*) FROM demo_user.client_b_load_status\nWHERE status = 'COMPLETE' AND processed = 0 (with parameters None)","logger":"airflow.task.operators.airflow.providers.common.sql.sensors.sql.SqlSensor","filename":"sql.py","lineno":100}
{"timestamp":"2026-07-08T16:27:37.341563Z","level":"info","event":"Running statement: SELECT COUNT(*) FROM demo_user.client_b_load_status\nWHERE status = 'COMPLETE' AND processed = 0, parameters: None","logger":"airflow.task.hooks.airflow.providers.oracle.hooks.oracle.OracleHook","filename":"sql.py","lineno":861}
{"timestamp":"2026-07-08T16:27:37.344073Z","level":"info","event":"Rows affected: 0","logger":"airflow.task.hooks.airflow.providers.oracle.hooks.oracle.OracleHook","filename":"sql.py","lineno":879}
{"timestamp":"2026-07-08T16:27:47.385793Z","level":"info","event":"Poking: SELECT COUNT(*) FROM demo_user.client_b_load_status\nWHERE status = 'COMPLETE' AND processed = 0 (with parameters None)","logger":"airflow.task.operators.airflow.providers.common.sql.sensors.sql.SqlSensor","filename":"sql.py","lineno":100}
{"timestamp":"2026-07-08T16:27:47.453377Z","level":"info","event":"Running statement: SELECT COUNT(*) FROM demo_user.client_b_load_status\nWHERE status = 'COMPLETE' AND processed = 0, parameters: None","logger":"airflow.task.hooks.airflow.providers.oracle.hooks.oracle.OracleHook","filename":"sql.py","lineno":861}
{"timestamp":"2026-07-08T16:27:47.455023Z","level":"info","event":"Rows affected: 0","logger":"airflow.task.hooks.airflow.providers.oracle.hooks.oracle.OracleHook","filename":"sql.py","lineno":879}
{"timestamp":"2026-07-08T16:27:57.494890Z","level":"info","event":"Poking: SELECT COUNT(*) FROM demo_user.client_b_load_status\nWHERE status = 'COMPLETE' AND processed = 0 (with parameters None)","logger":"airflow.task.operators.airflow.providers.common.sql.sensors.sql.SqlSensor","filename":"sql.py","lineno":100}
{"timestamp":"2026-07-08T16:27:57.562657Z","level":"info","event":"Running statement: SELECT COUNT(*) FROM demo_user.client_b_load_status\nWHERE status = 'COMPLETE' AND processed = 0, parameters: None","logger":"airflow.task.hooks.airflow.providers.oracle.hooks.oracle.OracleHook","filename":"sql.py","lineno":861}
{"timestamp":"2026-07-08T16:27:57.563778Z","level":"info","event":"Rows affected: 0","logger":"airflow.task.hooks.airflow.providers.oracle.hooks.oracle.OracleHook","filename":"sql.py","lineno":879}
{"timestamp":"2026-07-08T16:28:07.623179Z","level":"info","event":"Poking: SELECT COUNT(*) FROM demo_user.client_b_load_status\nWHERE status = 'COMPLETE' AND processed = 0 (with parameters None)","logger":"airflow.task.operators.airflow.providers.common.sql.sensors.sql.SqlSensor","filename":"sql.py","lineno":100}
{"timestamp":"2026-07-08T16:28:07.701014Z","level":"info","event":"Running statement: SELECT COUNT(*) FROM demo_user.client_b_load_status\nWHERE status = 'COMPLETE' AND processed = 0, parameters: None","logger":"airflow.task.hooks.airflow.providers.oracle.hooks.oracle.OracleHook","filename":"sql.py","lineno":861}
{"timestamp":"2026-07-08T16:28:07.702561Z","level":"info","event":"Rows affected: 0","logger":"airflow.task.hooks.airflow.providers.oracle.hooks.oracle.OracleHook","filename":"sql.py","lineno":879}
{"timestamp":"2026-07-08T16:28:17.744516Z","level":"info","event":"Poking: SELECT COUNT(*) FROM demo_user.client_b_load_status\nWHERE status = 'COMPLETE' AND processed = 0 (with parameters None)","logger":"airflow.task.operators.airflow.providers.common.sql.sensors.sql.SqlSensor","filename":"sql.py","lineno":100}
{"timestamp":"2026-07-08T16:28:17.802639Z","level":"info","event":"Running statement: SELECT COUNT(*) FROM demo_user.client_b_load_status\nWHERE status = 'COMPLETE' AND processed = 0, parameters: None","logger":"airflow.task.hooks.airflow.providers.oracle.hooks.oracle.OracleHook","filename":"sql.py","lineno":861}
{"timestamp":"2026-07-08T16:28:17.803685Z","level":"info","event":"Rows affected: 0","logger":"airflow.task.hooks.airflow.providers.oracle.hooks.oracle.OracleHook","filename":"sql.py","lineno":879}
{"timestamp":"2026-07-08T16:28:27.841317Z","level":"info","event":"Poking: SELECT COUNT(*) FROM demo_user.client_b_load_status\nWHERE status = 'COMPLETE' AND processed = 0 (with parameters None)","logger":"airflow.task.operators.airflow.providers.common.sql.sensors.sql.SqlSensor","filename":"sql.py","lineno":100}
{"timestamp":"2026-07-08T16:28:27.896399Z","level":"info","event":"Running statement: SELECT COUNT(*) FROM demo_user.client_b_load_status\nWHERE status = 'COMPLETE' AND processed = 0, parameters: None","logger":"airflow.task.hooks.airflow.providers.oracle.hooks.oracle.OracleHook","filename":"sql.py","lineno":861}
{"timestamp":"2026-07-08T16:28:27.897483Z","level":"info","event":"Rows affected: 0","logger":"airflow.task.hooks.airflow.providers.oracle.hooks.oracle.OracleHook","filename":"sql.py","lineno":879}
{"timestamp":"2026-07-08T16:28:37.965185Z","level":"info","event":"Poking: SELECT COUNT(*) FROM demo_user.client_b_load_status\nWHERE status = 'COMPLETE' AND processed = 0 (with parameters None)","logger":"airflow.task.operators.airflow.providers.common.sql.sensors.sql.SqlSensor","filename":"sql.py","lineno":100}
{"timestamp":"2026-07-08T16:28:38.021910Z","level":"info","event":"Running statement: SELECT COUNT(*) FROM demo_user.client_b_load_status\nWHERE status = 'COMPLETE' AND processed = 0, parameters: None","logger":"airflow.task.hooks.airflow.providers.oracle.hooks.oracle.OracleHook","filename":"sql.py","lineno":861}
{"timestamp":"2026-07-08T16:28:38.023202Z","level":"info","event":"Rows affected: 0","logger":"airflow.task.hooks.airflow.providers.oracle.hooks.oracle.OracleHook","filename":"sql.py","lineno":879}
{"timestamp":"2026-07-08T16:28:48.062140Z","level":"info","event":"Poking: SELECT COUNT(*) FROM demo_user.client_b_load_status\nWHERE status = 'COMPLETE' AND processed = 0 (with parameters None)","logger":"airflow.task.operators.airflow.providers.common.sql.sensors.sql.SqlSensor","filename":"sql.py","lineno":100}
{"timestamp":"2026-07-08T16:28:48.117898Z","level":"info","event":"Running statement: SELECT COUNT(*) FROM demo_user.client_b_load_status\nWHERE status = 'COMPLETE' AND processed = 0, parameters: None","logger":"airflow.task.hooks.airflow.providers.oracle.hooks.oracle.OracleHook","filename":"sql.py","lineno":861}
{"timestamp":"2026-07-08T16:28:48.118945Z","level":"info","event":"Rows affected: 0","logger":"airflow.task.hooks.airflow.providers.oracle.hooks.oracle.OracleHook","filename":"sql.py","lineno":879}
{"timestamp":"2026-07-08T16:28:58.154201Z","level":"info","event":"Poking: SELECT COUNT(*) FROM demo_user.client_b_load_status\nWHERE status = 'COMPLETE' AND processed = 0 (with parameters None)","logger":"airflow.task.operators.airflow.providers.common.sql.sensors.sql.SqlSensor","filename":"sql.py","lineno":100}
{"timestamp":"2026-07-08T16:28:58.232037Z","level":"info","event":"Running statement: SELECT COUNT(*) FROM demo_user.client_b_load_status\nWHERE status = 'COMPLETE' AND processed = 0, parameters: None","logger":"airflow.task.hooks.airflow.providers.oracle.hooks.oracle.OracleHook","filename":"sql.py","lineno":861}
{"timestamp":"2026-07-08T16:28:58.233632Z","level":"info","event":"Rows affected: 0","logger":"airflow.task.hooks.airflow.providers.oracle.hooks.oracle.OracleHook","filename":"sql.py","lineno":879}
{"timestamp":"2026-07-08T16:29:08.270320Z","level":"info","event":"Poking: SELECT COUNT(*) FROM demo_user.client_b_load_status\nWHERE status = 'COMPLETE' AND processed = 0 (with parameters None)","logger":"airflow.task.operators.airflow.providers.common.sql.sensors.sql.SqlSensor","filename":"sql.py","lineno":100}
{"timestamp":"2026-07-08T16:29:08.330745Z","level":"info","event":"Running statement: SELECT COUNT(*) FROM demo_user.client_b_load_status\nWHERE status = 'COMPLETE' AND processed = 0, parameters: None","logger":"airflow.task.hooks.airflow.providers.oracle.hooks.oracle.OracleHook","filename":"sql.py","lineno":861}
{"timestamp":"2026-07-08T16:29:08.331875Z","level":"info","event":"Rows affected: 0","logger":"airflow.task.hooks.airflow.providers.oracle.hooks.oracle.OracleHook","filename":"sql.py","lineno":879}
{"timestamp":"2026-07-08T16:29:18.379458Z","level":"info","event":"Poking: SELECT COUNT(*) FROM demo_user.client_b_load_status\nWHERE status = 'COMPLETE' AND processed = 0 (with parameters None)","logger":"airflow.task.operators.airflow.providers.common.sql.sensors.sql.SqlSensor","filename":"sql.py","lineno":100}
{"timestamp":"2026-07-08T16:29:18.476498Z","level":"info","event":"Running statement: SELECT COUNT(*) FROM demo_user.client_b_load_status\nWHERE status = 'COMPLETE' AND processed = 0, parameters: None","logger":"airflow.task.hooks.airflow.providers.oracle.hooks.oracle.OracleHook","filename":"sql.py","lineno":861}
{"timestamp":"2026-07-08T16:29:18.478484Z","level":"info","event":"Rows affected: 0","logger":"airflow.task.hooks.airflow.providers.oracle.hooks.oracle.OracleHook","filename":"sql.py","lineno":879}
{"timestamp":"2026-07-08T16:29:28.519144Z","level":"info","event":"Poking: SELECT COUNT(*) FROM demo_user.client_b_load_status\nWHERE status = 'COMPLETE' AND processed = 0 (with parameters None)","logger":"airflow.task.operators.airflow.providers.common.sql.sensors.sql.SqlSensor","filename":"sql.py","lineno":100}
{"timestamp":"2026-07-08T16:29:28.589470Z","level":"info","event":"Running statement: SELECT COUNT(*) FROM demo_user.client_b_load_status\nWHERE status = 'COMPLETE' AND processed = 0, parameters: None","logger":"airflow.task.hooks.airflow.providers.oracle.hooks.oracle.OracleHook","filename":"sql.py","lineno":861}
{"timestamp":"2026-07-08T16:29:28.590940Z","level":"info","event":"Rows affected: 0","logger":"airflow.task.hooks.airflow.providers.oracle.hooks.oracle.OracleHook","filename":"sql.py","lineno":879}
{"timestamp":"2026-07-08T16:29:38.634548Z","level":"info","event":"Poking: SELECT COUNT(*) FROM demo_user.client_b_load_status\nWHERE status = 'COMPLETE' AND processed = 0 (with parameters None)","logger":"airflow.task.operators.airflow.providers.common.sql.sensors.sql.SqlSensor","filename":"sql.py","lineno":100}
{"timestamp":"2026-07-08T16:29:38.701043Z","level":"info","event":"Running statement: SELECT COUNT(*) FROM demo_user.client_b_load_status\nWHERE status = 'COMPLETE' AND processed = 0, parameters: None","logger":"airflow.task.hooks.airflow.providers.oracle.hooks.oracle.OracleHook","filename":"sql.py","lineno":861}
{"timestamp":"2026-07-08T16:29:38.702766Z","level":"info","event":"Rows affected: 0","logger":"airflow.task.hooks.airflow.providers.oracle.hooks.oracle.OracleHook","filename":"sql.py","lineno":879}
{"timestamp":"2026-07-08T16:29:48.743841Z","level":"info","event":"Poking: SELECT COUNT(*) FROM demo_user.client_b_load_status\nWHERE status = 'COMPLETE' AND processed = 0 (with parameters None)","logger":"airflow.task.operators.airflow.providers.common.sql.sensors.sql.SqlSensor","filename":"sql.py","lineno":100}
{"timestamp":"2026-07-08T16:29:48.804413Z","level":"info","event":"Running statement: SELECT COUNT(*) FROM demo_user.client_b_load_status\nWHERE status = 'COMPLETE' AND processed = 0, parameters: None","logger":"airflow.task.hooks.airflow.providers.oracle.hooks.oracle.OracleHook","filename":"sql.py","lineno":861}
{"timestamp":"2026-07-08T16:29:48.805718Z","level":"info","event":"Rows affected: 0","logger":"airflow.task.hooks.airflow.providers.oracle.hooks.oracle.OracleHook","filename":"sql.py","lineno":879}
{"timestamp":"2026-07-08T16:29:58.845134Z","level":"info","event":"Poking: SELECT COUNT(*) FROM demo_user.client_b_load_status\nWHERE status = 'COMPLETE' AND processed = 0 (with parameters None)","logger":"airflow.task.operators.airflow.providers.common.sql.sensors.sql.SqlSensor","filename":"sql.py","lineno":100}
{"timestamp":"2026-07-08T16:29:58.905011Z","level":"info","event":"Running statement: SELECT COUNT(*) FROM demo_user.client_b_load_status\nWHERE status = 'COMPLETE' AND processed = 0, parameters: None","logger":"airflow.task.hooks.airflow.providers.oracle.hooks.oracle.OracleHook","filename":"sql.py","lineno":861}
{"timestamp":"2026-07-08T16:29:58.906502Z","level":"info","event":"Rows affected: 0","logger":"airflow.task.hooks.airflow.providers.oracle.hooks.oracle.OracleHook","filename":"sql.py","lineno":879}
{"timestamp":"2026-07-08T16:30:08.980244Z","level":"info","event":"Poking: SELECT COUNT(*) FROM demo_user.client_b_load_status\nWHERE status = 'COMPLETE' AND processed = 0 (with parameters None)","logger":"airflow.task.operators.airflow.providers.common.sql.sensors.sql.SqlSensor","filename":"sql.py","lineno":100}
{"timestamp":"2026-07-08T16:30:09.090595Z","level":"info","event":"Running statement: SELECT COUNT(*) FROM demo_user.client_b_load_status\nWHERE status = 'COMPLETE' AND processed = 0, parameters: None","logger":"airflow.task.hooks.airflow.providers.oracle.hooks.oracle.OracleHook","filename":"sql.py","lineno":861}
{"timestamp":"2026-07-08T16:30:09.093536Z","level":"info","event":"Rows affected: 0","logger":"airflow.task.hooks.airflow.providers.oracle.hooks.oracle.OracleHook","filename":"sql.py","lineno":879}
{"timestamp":"2026-07-08T16:30:19.139765Z","level":"info","event":"Poking: SELECT COUNT(*) FROM demo_user.client_b_load_status\nWHERE status = 'COMPLETE' AND processed = 0 (with parameters None)","logger":"airflow.task.operators.airflow.providers.common.sql.sensors.sql.SqlSensor","filename":"sql.py","lineno":100}
{"timestamp":"2026-07-08T16:30:19.200363Z","level":"info","event":"Running statement: SELECT COUNT(*) FROM demo_user.client_b_load_status\nWHERE status = 'COMPLETE' AND processed = 0, parameters: None","logger":"airflow.task.hooks.airflow.providers.oracle.hooks.oracle.OracleHook","filename":"sql.py","lineno":861}
{"timestamp":"2026-07-08T16:30:19.201426Z","level":"info","event":"Rows affected: 0","logger":"airflow.task.hooks.airflow.providers.oracle.hooks.oracle.OracleHook","filename":"sql.py","lineno":879}
{"timestamp":"2026-07-08T16:30:29.229803Z","level":"info","event":"Poking: SELECT COUNT(*) FROM demo_user.client_b_load_status\nWHERE status = 'COMPLETE' AND processed = 0 (with parameters None)","logger":"airflow.task.operators.airflow.providers.common.sql.sensors.sql.SqlSensor","filename":"sql.py","lineno":100}
{"timestamp":"2026-07-08T16:30:29.276402Z","level":"info","event":"Running statement: SELECT COUNT(*) FROM demo_user.client_b_load_status\nWHERE status = 'COMPLETE' AND processed = 0, parameters: None","logger":"airflow.task.hooks.airflow.providers.oracle.hooks.oracle.OracleHook","filename":"sql.py","lineno":861}
{"timestamp":"2026-07-08T16:30:29.277483Z","level":"info","event":"Rows affected: 0","logger":"airflow.task.hooks.airflow.providers.oracle.hooks.oracle.OracleHook","filename":"sql.py","lineno":879}
{"timestamp":"2026-07-08T16:30:39.320038Z","level":"info","event":"Poking: SELECT COUNT(*) FROM demo_user.client_b_load_status\nWHERE status = 'COMPLETE' AND processed = 0 (with parameters None)","logger":"airflow.task.operators.airflow.providers.common.sql.sensors.sql.SqlSensor","filename":"sql.py","lineno":100}
{"timestamp":"2026-07-08T16:30:39.410017Z","level":"info","event":"Running statement: SELECT COUNT(*) FROM demo_user.client_b_load_status\nWHERE status = 'COMPLETE' AND processed = 0, parameters: None","logger":"airflow.task.hooks.airflow.providers.oracle.hooks.oracle.OracleHook","filename":"sql.py","lineno":861}
{"timestamp":"2026-07-08T16:30:39.411716Z","level":"info","event":"Rows affected: 0","logger":"airflow.task.hooks.airflow.providers.oracle.hooks.oracle.OracleHook","filename":"sql.py","lineno":879}
{"timestamp":"2026-07-08T16:30:49.495155Z","level":"info","event":"Poking: SELECT COUNT(*) FROM demo_user.client_b_load_status\nWHERE status = 'COMPLETE' AND processed = 0 (with parameters None)","logger":"airflow.task.operators.airflow.providers.common.sql.sensors.sql.SqlSensor","filename":"sql.py","lineno":100}
{"timestamp":"2026-07-08T16:30:49.606981Z","level":"info","event":"Running statement: SELECT COUNT(*) FROM demo_user.client_b_load_status\nWHERE status = 'COMPLETE' AND processed = 0, parameters: None","logger":"airflow.task.hooks.airflow.providers.oracle.hooks.oracle.OracleHook","filename":"sql.py","lineno":861}
{"timestamp":"2026-07-08T16:30:49.608417Z","level":"info","event":"Rows affected: 0","logger":"airflow.task.hooks.airflow.providers.oracle.hooks.oracle.OracleHook","filename":"sql.py","lineno":879}
{"timestamp":"2026-07-08T16:30:59.672286Z","level":"info","event":"Poking: SELECT COUNT(*) FROM demo_user.client_b_load_status\nWHERE status = 'COMPLETE' AND processed = 0 (with parameters None)","logger":"airflow.task.operators.airflow.providers.common.sql.sensors.sql.SqlSensor","filename":"sql.py","lineno":100}
{"timestamp":"2026-07-08T16:30:59.786467Z","level":"info","event":"Running statement: SELECT COUNT(*) FROM demo_user.client_b_load_status\nWHERE status = 'COMPLETE' AND processed = 0, parameters: None","logger":"airflow.task.hooks.airflow.providers.oracle.hooks.oracle.OracleHook","filename":"sql.py","lineno":861}
{"timestamp":"2026-07-08T16:30:59.789330Z","level":"info","event":"Rows affected: 0","logger":"airflow.task.hooks.airflow.providers.oracle.hooks.oracle.OracleHook","filename":"sql.py","lineno":879}
{"timestamp":"2026-07-08T16:31:09.843152Z","level":"info","event":"Poking: SELECT COUNT(*) FROM demo_user.client_b_load_status\nWHERE status = 'COMPLETE' AND processed = 0 (with parameters None)","logger":"airflow.task.operators.airflow.providers.common.sql.sensors.sql.SqlSensor","filename":"sql.py","lineno":100}
{"timestamp":"2026-07-08T16:31:09.938046Z","level":"info","event":"Running statement: SELECT COUNT(*) FROM demo_user.client_b_load_status\nWHERE status = 'COMPLETE' AND processed = 0, parameters: None","logger":"airflow.task.hooks.airflow.providers.oracle.hooks.oracle.OracleHook","filename":"sql.py","lineno":861}
{"timestamp":"2026-07-08T16:31:09.939800Z","level":"info","event":"Rows affected: 0","logger":"airflow.task.hooks.airflow.providers.oracle.hooks.oracle.OracleHook","filename":"sql.py","lineno":879}
{"timestamp":"2026-07-08T16:31:19.985523Z","level":"info","event":"Poking: SELECT COUNT(*) FROM demo_user.client_b_load_status\nWHERE status = 'COMPLETE' AND processed = 0 (with parameters None)","logger":"airflow.task.operators.airflow.providers.common.sql.sensors.sql.SqlSensor","filename":"sql.py","lineno":100}
{"timestamp":"2026-07-08T16:31:20.045382Z","level":"info","event":"Running statement: SELECT COUNT(*) FROM demo_user.client_b_load_status\nWHERE status = 'COMPLETE' AND processed = 0, parameters: None","logger":"airflow.task.hooks.airflow.providers.oracle.hooks.oracle.OracleHook","filename":"sql.py","lineno":861}
{"timestamp":"2026-07-08T16:31:20.047194Z","level":"info","event":"Rows affected: 0","logger":"airflow.task.hooks.airflow.providers.oracle.hooks.oracle.OracleHook","filename":"sql.py","lineno":879}
{"timestamp":"2026-07-08T16:31:30.091847Z","level":"info","event":"Poking: SELECT COUNT(*) FROM demo_user.client_b_load_status\nWHERE status = 'COMPLETE' AND processed = 0 (with parameters None)","logger":"airflow.task.operators.airflow.providers.common.sql.sensors.sql.SqlSensor","filename":"sql.py","lineno":100}
{"timestamp":"2026-07-08T16:31:30.160720Z","level":"info","event":"Running statement: SELECT COUNT(*) FROM demo_user.client_b_load_status\nWHERE status = 'COMPLETE' AND processed = 0, parameters: None","logger":"airflow.task.hooks.airflow.providers.oracle.hooks.oracle.OracleHook","filename":"sql.py","lineno":861}
{"timestamp":"2026-07-08T16:31:30.161894Z","level":"info","event":"Rows affected: 0","logger":"airflow.task.hooks.airflow.providers.oracle.hooks.oracle.OracleHook","filename":"sql.py","lineno":879}
{"timestamp":"2026-07-08T16:31:40.201700Z","level":"info","event":"Poking: SELECT COUNT(*) FROM demo_user.client_b_load_status\nWHERE status = 'COMPLETE' AND processed = 0 (with parameters None)","logger":"airflow.task.operators.airflow.providers.common.sql.sensors.sql.SqlSensor","filename":"sql.py","lineno":100}
{"timestamp":"2026-07-08T16:31:40.267516Z","level":"info","event":"Running statement: SELECT COUNT(*) FROM demo_user.client_b_load_status\nWHERE status = 'COMPLETE' AND processed = 0, parameters: None","logger":"airflow.task.hooks.airflow.providers.oracle.hooks.oracle.OracleHook","filename":"sql.py","lineno":861}
{"timestamp":"2026-07-08T16:31:40.268982Z","level":"info","event":"Rows affected: 0","logger":"airflow.task.hooks.airflow.providers.oracle.hooks.oracle.OracleHook","filename":"sql.py","lineno":879}
{"timestamp":"2026-07-08T16:31:50.319072Z","level":"info","event":"Poking: SELECT COUNT(*) FROM demo_user.client_b_load_status\nWHERE status = 'COMPLETE' AND processed = 0 (with parameters None)","logger":"airflow.task.operators.airflow.providers.common.sql.sensors.sql.SqlSensor","filename":"sql.py","lineno":100}
{"timestamp":"2026-07-08T16:31:50.380181Z","level":"info","event":"Running statement: SELECT COUNT(*) FROM demo_user.client_b_load_status\nWHERE status = 'COMPLETE' AND processed = 0, parameters: None","logger":"airflow.task.hooks.airflow.providers.oracle.hooks.oracle.OracleHook","filename":"sql.py","lineno":861}
{"timestamp":"2026-07-08T16:31:50.381367Z","level":"info","event":"Rows affected: 0","logger":"airflow.task.hooks.airflow.providers.oracle.hooks.oracle.OracleHook","filename":"sql.py","lineno":879}
{"timestamp":"2026-07-08T16:32:00.417459Z","level":"info","event":"Poking: SELECT COUNT(*) FROM demo_user.client_b_load_status\nWHERE status = 'COMPLETE' AND processed = 0 (with parameters None)","logger":"airflow.task.operators.airflow.providers.common.sql.sensors.sql.SqlSensor","filename":"sql.py","lineno":100}
{"timestamp":"2026-07-08T16:32:00.507003Z","level":"info","event":"Running statement: SELECT COUNT(*) FROM demo_user.client_b_load_status\nWHERE status = 'COMPLETE' AND processed = 0, parameters: None","logger":"airflow.task.hooks.airflow.providers.oracle.hooks.oracle.OracleHook","filename":"sql.py","lineno":861}
{"timestamp":"2026-07-08T16:32:00.508250Z","level":"info","event":"Rows affected: 0","logger":"airflow.task.hooks.airflow.providers.oracle.hooks.oracle.OracleHook","filename":"sql.py","lineno":879}
{"timestamp":"2026-07-08T16:32:10.547761Z","level":"info","event":"Poking: SELECT COUNT(*) FROM demo_user.client_b_load_status\nWHERE status = 'COMPLETE' AND processed = 0 (with parameters None)","logger":"airflow.task.operators.airflow.providers.common.sql.sensors.sql.SqlSensor","filename":"sql.py","lineno":100}
{"timestamp":"2026-07-08T16:32:10.602738Z","level":"info","event":"Running statement: SELECT COUNT(*) FROM demo_user.client_b_load_status\nWHERE status = 'COMPLETE' AND processed = 0, parameters: None","logger":"airflow.task.hooks.airflow.providers.oracle.hooks.oracle.OracleHook","filename":"sql.py","lineno":861}
{"timestamp":"2026-07-08T16:32:10.603861Z","level":"info","event":"Rows affected: 0","logger":"airflow.task.hooks.airflow.providers.oracle.hooks.oracle.OracleHook","filename":"sql.py","lineno":879}
{"timestamp":"2026-07-08T16:32:20.693694Z","level":"info","event":"Poking: SELECT COUNT(*) FROM demo_user.client_b_load_status\nWHERE status = 'COMPLETE' AND processed = 0 (with parameters None)","logger":"airflow.task.operators.airflow.providers.common.sql.sensors.sql.SqlSensor","filename":"sql.py","lineno":100}
{"timestamp":"2026-07-08T16:32:20.763734Z","level":"info","event":"Running statement: SELECT COUNT(*) FROM demo_user.client_b_load_status\nWHERE status = 'COMPLETE' AND processed = 0, parameters: None","logger":"airflow.task.hooks.airflow.providers.oracle.hooks.oracle.OracleHook","filename":"sql.py","lineno":861}
{"timestamp":"2026-07-08T16:32:20.765394Z","level":"info","event":"Rows affected: 0","logger":"airflow.task.hooks.airflow.providers.oracle.hooks.oracle.OracleHook","filename":"sql.py","lineno":879}
{"timestamp":"2026-07-08T16:32:30.801461Z","level":"info","event":"Poking: SELECT COUNT(*) FROM demo_user.client_b_load_status\nWHERE status = 'COMPLETE' AND processed = 0 (with parameters None)","logger":"airflow.task.operators.airflow.providers.common.sql.sensors.sql.SqlSensor","filename":"sql.py","lineno":100}
{"timestamp":"2026-07-08T16:32:30.857393Z","level":"info","event":"Running statement: SELECT COUNT(*) FROM demo_user.client_b_load_status\nWHERE status = 'COMPLETE' AND processed = 0, parameters: None","logger":"airflow.task.hooks.airflow.providers.oracle.hooks.oracle.OracleHook","filename":"sql.py","lineno":861}
{"timestamp":"2026-07-08T16:32:30.858279Z","level":"info","event":"Rows affected: 0","logger":"airflow.task.hooks.airflow.providers.oracle.hooks.oracle.OracleHook","filename":"sql.py","lineno":879}
{"timestamp":"2026-07-08T16:32:40.895167Z","level":"info","event":"Poking: SELECT COUNT(*) FROM demo_user.client_b_load_status\nWHERE status = 'COMPLETE' AND processed = 0 (with parameters None)","logger":"airflow.task.operators.airflow.providers.common.sql.sensors.sql.SqlSensor","filename":"sql.py","lineno":100}
{"timestamp":"2026-07-08T16:32:40.989352Z","level":"info","event":"Running statement: SELECT COUNT(*) FROM demo_user.client_b_load_status\nWHERE status = 'COMPLETE' AND processed = 0, parameters: None","logger":"airflow.task.hooks.airflow.providers.oracle.hooks.oracle.OracleHook","filename":"sql.py","lineno":861}
{"timestamp":"2026-07-08T16:32:40.991275Z","level":"info","event":"Rows affected: 0","logger":"airflow.task.hooks.airflow.providers.oracle.hooks.oracle.OracleHook","filename":"sql.py","lineno":879}
{"timestamp":"2026-07-08T16:32:51.038097Z","level":"info","event":"Poking: SELECT COUNT(*) FROM demo_user.client_b_load_status\nWHERE status = 'COMPLETE' AND processed = 0 (with parameters None)","logger":"airflow.task.operators.airflow.providers.common.sql.sensors.sql.SqlSensor","filename":"sql.py","lineno":100}
{"timestamp":"2026-07-08T16:32:51.091810Z","level":"info","event":"Running statement: SELECT COUNT(*) FROM demo_user.client_b_load_status\nWHERE status = 'COMPLETE' AND processed = 0, parameters: None","logger":"airflow.task.hooks.airflow.providers.oracle.hooks.oracle.OracleHook","filename":"sql.py","lineno":861}
{"timestamp":"2026-07-08T16:32:51.093102Z","level":"info","event":"Rows affected: 0","logger":"airflow.task.hooks.airflow.providers.oracle.hooks.oracle.OracleHook","filename":"sql.py","lineno":879}
{"timestamp":"2026-07-08T16:33:01.130848Z","level":"info","event":"Poking: SELECT COUNT(*) FROM demo_user.client_b_load_status\nWHERE status = 'COMPLETE' AND processed = 0 (with parameters None)","logger":"airflow.task.operators.airflow.providers.common.sql.sensors.sql.SqlSensor","filename":"sql.py","lineno":100}
{"timestamp":"2026-07-08T16:33:01.189328Z","level":"info","event":"Running statement: SELECT COUNT(*) FROM demo_user.client_b_load_status\nWHERE status = 'COMPLETE' AND processed = 0, parameters: None","logger":"airflow.task.hooks.airflow.providers.oracle.hooks.oracle.OracleHook","filename":"sql.py","lineno":861}
{"timestamp":"2026-07-08T16:33:01.190522Z","level":"info","event":"Rows affected: 0","logger":"airflow.task.hooks.airflow.providers.oracle.hooks.oracle.OracleHook","filename":"sql.py","lineno":879}
{"timestamp":"2026-07-08T16:33:11.225379Z","level":"info","event":"Poking: SELECT COUNT(*) FROM demo_user.client_b_load_status\nWHERE status = 'COMPLETE' AND processed = 0 (with parameters None)","logger":"airflow.task.operators.airflow.providers.common.sql.sensors.sql.SqlSensor","filename":"sql.py","lineno":100}
{"timestamp":"2026-07-08T16:33:11.282226Z","level":"info","event":"Running statement: SELECT COUNT(*) FROM demo_user.client_b_load_status\nWHERE status = 'COMPLETE' AND processed = 0, parameters: None","logger":"airflow.task.hooks.airflow.providers.oracle.hooks.oracle.OracleHook","filename":"sql.py","lineno":861}
{"timestamp":"2026-07-08T16:33:11.283399Z","level":"info","event":"Rows affected: 0","logger":"airflow.task.hooks.airflow.providers.oracle.hooks.oracle.OracleHook","filename":"sql.py","lineno":879}
{"timestamp":"2026-07-08T16:33:21.329914Z","level":"info","event":"Poking: SELECT COUNT(*) FROM demo_user.client_b_load_status\nWHERE status = 'COMPLETE' AND processed = 0 (with parameters None)","logger":"airflow.task.operators.airflow.providers.common.sql.sensors.sql.SqlSensor","filename":"sql.py","lineno":100}
{"timestamp":"2026-07-08T16:33:21.400537Z","level":"info","event":"Running statement: SELECT COUNT(*) FROM demo_user.client_b_load_status\nWHERE status = 'COMPLETE' AND processed = 0, parameters: None","logger":"airflow.task.hooks.airflow.providers.oracle.hooks.oracle.OracleHook","filename":"sql.py","lineno":861}
{"timestamp":"2026-07-08T16:33:21.402049Z","level":"info","event":"Rows affected: 0","logger":"airflow.task.hooks.airflow.providers.oracle.hooks.oracle.OracleHook","filename":"sql.py","lineno":879}
{"timestamp":"2026-07-08T16:33:31.458398Z","level":"info","event":"Poking: SELECT COUNT(*) FROM demo_user.client_b_load_status\nWHERE status = 'COMPLETE' AND processed = 0 (with parameters None)","logger":"airflow.task.operators.airflow.providers.common.sql.sensors.sql.SqlSensor","filename":"sql.py","lineno":100}
{"timestamp":"2026-07-08T16:33:31.664878Z","level":"info","event":"Running statement: SELECT COUNT(*) FROM demo_user.client_b_load_status\nWHERE status = 'COMPLETE' AND processed = 0, parameters: None","logger":"airflow.task.hooks.airflow.providers.oracle.hooks.oracle.OracleHook","filename":"sql.py","lineno":861}
{"timestamp":"2026-07-08T16:33:31.666296Z","level":"info","event":"Rows affected: 0","logger":"airflow.task.hooks.airflow.providers.oracle.hooks.oracle.OracleHook","filename":"sql.py","lineno":879}
{"timestamp":"2026-07-08T16:33:41.712352Z","level":"info","event":"Poking: SELECT COUNT(*) FROM demo_user.client_b_load_status\nWHERE status = 'COMPLETE' AND processed = 0 (with parameters None)","logger":"airflow.task.operators.airflow.providers.common.sql.sensors.sql.SqlSensor","filename":"sql.py","lineno":100}
{"timestamp":"2026-07-08T16:33:41.784734Z","level":"info","event":"Running statement: SELECT COUNT(*) FROM demo_user.client_b_load_status\nWHERE status = 'COMPLETE' AND processed = 0, parameters: None","logger":"airflow.task.hooks.airflow.providers.oracle.hooks.oracle.OracleHook","filename":"sql.py","lineno":861}
{"timestamp":"2026-07-08T16:33:41.786313Z","level":"info","event":"Rows affected: 0","logger":"airflow.task.hooks.airflow.providers.oracle.hooks.oracle.OracleHook","filename":"sql.py","lineno":879}
{"timestamp":"2026-07-08T16:33:51.828069Z","level":"info","event":"Poking: SELECT COUNT(*) FROM demo_user.client_b_load_status\nWHERE status = 'COMPLETE' AND processed = 0 (with parameters None)","logger":"airflow.task.operators.airflow.providers.common.sql.sensors.sql.SqlSensor","filename":"sql.py","lineno":100}
{"timestamp":"2026-07-08T16:33:51.884187Z","level":"info","event":"Running statement: SELECT COUNT(*) FROM demo_user.client_b_load_status\nWHERE status = 'COMPLETE' AND processed = 0, parameters: None","logger":"airflow.task.hooks.airflow.providers.oracle.hooks.oracle.OracleHook","filename":"sql.py","lineno":861}
{"timestamp":"2026-07-08T16:33:51.885118Z","level":"info","event":"Rows affected: 0","logger":"airflow.task.hooks.airflow.providers.oracle.hooks.oracle.OracleHook","filename":"sql.py","lineno":879}
{"timestamp":"2026-07-08T16:34:01.885471Z","level":"info","event":"Poking: SELECT COUNT(*) FROM demo_user.client_b_load_status\nWHERE status = 'COMPLETE' AND processed = 0 (with parameters None)","logger":"airflow.task.operators.airflow.providers.common.sql.sensors.sql.SqlSensor","filename":"sql.py","lineno":100}
{"timestamp":"2026-07-08T16:34:01.974813Z","level":"info","event":"Running statement: SELECT COUNT(*) FROM demo_user.client_b_load_status\nWHERE status = 'COMPLETE' AND processed = 0, parameters: None","logger":"airflow.task.hooks.airflow.providers.oracle.hooks.oracle.OracleHook","filename":"sql.py","lineno":861}
{"timestamp":"2026-07-08T16:34:01.977664Z","level":"info","event":"Rows affected: 0","logger":"airflow.task.hooks.airflow.providers.oracle.hooks.oracle.OracleHook","filename":"sql.py","lineno":879}
{"timestamp":"2026-07-08T16:34:12.097056Z","level":"info","event":"Poking: SELECT COUNT(*) FROM demo_user.client_b_load_status\nWHERE status = 'COMPLETE' AND processed = 0 (with parameters None)","logger":"airflow.task.operators.airflow.providers.common.sql.sensors.sql.SqlSensor","filename":"sql.py","lineno":100}
{"timestamp":"2026-07-08T16:34:12.293335Z","level":"info","event":"Running statement: SELECT COUNT(*) FROM demo_user.client_b_load_status\nWHERE status = 'COMPLETE' AND processed = 0, parameters: None","logger":"airflow.task.hooks.airflow.providers.oracle.hooks.oracle.OracleHook","filename":"sql.py","lineno":861}
{"timestamp":"2026-07-08T16:34:12.303832Z","level":"info","event":"Rows affected: 0","logger":"airflow.task.hooks.airflow.providers.oracle.hooks.oracle.OracleHook","filename":"sql.py","lineno":879}
{"timestamp":"2026-07-08T16:34:22.382686Z","level":"info","event":"Poking: SELECT COUNT(*) FROM demo_user.client_b_load_status\nWHERE status = 'COMPLETE' AND processed = 0 (with parameters None)","logger":"airflow.task.operators.airflow.providers.common.sql.sensors.sql.SqlSensor","filename":"sql.py","lineno":100}
{"timestamp":"2026-07-08T16:34:22.496813Z","level":"info","event":"Running statement: SELECT COUNT(*) FROM demo_user.client_b_load_status\nWHERE status = 'COMPLETE' AND processed = 0, parameters: None","logger":"airflow.task.hooks.airflow.providers.oracle.hooks.oracle.OracleHook","filename":"sql.py","lineno":861}
{"timestamp":"2026-07-08T16:34:22.498591Z","level":"info","event":"Rows affected: 0","logger":"airflow.task.hooks.airflow.providers.oracle.hooks.oracle.OracleHook","filename":"sql.py","lineno":879}
{"timestamp":"2026-07-08T16:34:32.523437Z","level":"info","event":"Poking: SELECT COUNT(*) FROM demo_user.client_b_load_status\nWHERE status = 'COMPLETE' AND processed = 0 (with parameters None)","logger":"airflow.task.operators.airflow.providers.common.sql.sensors.sql.SqlSensor","filename":"sql.py","lineno":100}
{"timestamp":"2026-07-08T16:34:32.626352Z","level":"info","event":"Running statement: SELECT COUNT(*) FROM demo_user.client_b_load_status\nWHERE status = 'COMPLETE' AND processed = 0, parameters: None","logger":"airflow.task.hooks.airflow.providers.oracle.hooks.oracle.OracleHook","filename":"sql.py","lineno":861}
{"timestamp":"2026-07-08T16:34:32.629130Z","level":"info","event":"Rows affected: 0","logger":"airflow.task.hooks.airflow.providers.oracle.hooks.oracle.OracleHook","filename":"sql.py","lineno":879}
{"timestamp":"2026-07-08T16:34:42.704412Z","level":"info","event":"Poking: SELECT COUNT(*) FROM demo_user.client_b_load_status\nWHERE status = 'COMPLETE' AND processed = 0 (with parameters None)","logger":"airflow.task.operators.airflow.providers.common.sql.sensors.sql.SqlSensor","filename":"sql.py","lineno":100}
{"timestamp":"2026-07-08T16:34:42.827542Z","level":"info","event":"Running statement: SELECT COUNT(*) FROM demo_user.client_b_load_status\nWHERE status = 'COMPLETE' AND processed = 0, parameters: None","logger":"airflow.task.hooks.airflow.providers.oracle.hooks.oracle.OracleHook","filename":"sql.py","lineno":861}
{"timestamp":"2026-07-08T16:34:42.831415Z","level":"info","event":"Rows affected: 0","logger":"airflow.task.hooks.airflow.providers.oracle.hooks.oracle.OracleHook","filename":"sql.py","lineno":879}
{"timestamp":"2026-07-08T16:34:52.902865Z","level":"info","event":"Poking: SELECT COUNT(*) FROM demo_user.client_b_load_status\nWHERE status = 'COMPLETE' AND processed = 0 (with parameters None)","logger":"airflow.task.operators.airflow.providers.common.sql.sensors.sql.SqlSensor","filename":"sql.py","lineno":100}
{"timestamp":"2026-07-08T16:34:53.016317Z","level":"info","event":"Running statement: SELECT COUNT(*) FROM demo_user.client_b_load_status\nWHERE status = 'COMPLETE' AND processed = 0, parameters: None","logger":"airflow.task.hooks.airflow.providers.oracle.hooks.oracle.OracleHook","filename":"sql.py","lineno":861}
{"timestamp":"2026-07-08T16:34:53.018330Z","level":"info","event":"Rows affected: 0","logger":"airflow.task.hooks.airflow.providers.oracle.hooks.oracle.OracleHook","filename":"sql.py","lineno":879}
{"timestamp":"2026-07-08T16:35:03.081526Z","level":"info","event":"Poking: SELECT COUNT(*) FROM demo_user.client_b_load_status\nWHERE status = 'COMPLETE' AND processed = 0 (with parameters None)","logger":"airflow.task.operators.airflow.providers.common.sql.sensors.sql.SqlSensor","filename":"sql.py","lineno":100}
{"timestamp":"2026-07-08T16:35:03.229374Z","level":"info","event":"Running statement: SELECT COUNT(*) FROM demo_user.client_b_load_status\nWHERE status = 'COMPLETE' AND processed = 0, parameters: None","logger":"airflow.task.hooks.airflow.providers.oracle.hooks.oracle.OracleHook","filename":"sql.py","lineno":861}
{"timestamp":"2026-07-08T16:35:03.232653Z","level":"info","event":"Rows affected: 0","logger":"airflow.task.hooks.airflow.providers.oracle.hooks.oracle.OracleHook","filename":"sql.py","lineno":879}
{"timestamp":"2026-07-08T16:35:13.269626Z","level":"info","event":"Poking: SELECT COUNT(*) FROM demo_user.client_b_load_status\nWHERE status = 'COMPLETE' AND processed = 0 (with parameters None)","logger":"airflow.task.operators.airflow.providers.common.sql.sensors.sql.SqlSensor","filename":"sql.py","lineno":100}
{"timestamp":"2026-07-08T16:35:13.328560Z","level":"info","event":"Running statement: SELECT COUNT(*) FROM demo_user.client_b_load_status\nWHERE status = 'COMPLETE' AND processed = 0, parameters: None","logger":"airflow.task.hooks.airflow.providers.oracle.hooks.oracle.OracleHook","filename":"sql.py","lineno":861}
{"timestamp":"2026-07-08T16:35:13.329908Z","level":"info","event":"Rows affected: 0","logger":"airflow.task.hooks.airflow.providers.oracle.hooks.oracle.OracleHook","filename":"sql.py","lineno":879}
{"timestamp":"2026-07-08T16:35:23.353612Z","level":"info","event":"Poking: SELECT COUNT(*) FROM demo_user.client_b_load_status\nWHERE status = 'COMPLETE' AND processed = 0 (with parameters None)","logger":"airflow.task.operators.airflow.providers.common.sql.sensors.sql.SqlSensor","filename":"sql.py","lineno":100}
{"timestamp":"2026-07-08T16:35:23.408275Z","level":"info","event":"Running statement: SELECT COUNT(*) FROM demo_user.client_b_load_status\nWHERE status = 'COMPLETE' AND processed = 0, parameters: None","logger":"airflow.task.hooks.airflow.providers.oracle.hooks.oracle.OracleHook","filename":"sql.py","lineno":861}
{"timestamp":"2026-07-08T16:35:23.409207Z","level":"info","event":"Rows affected: 0","logger":"airflow.task.hooks.airflow.providers.oracle.hooks.oracle.OracleHook","filename":"sql.py","lineno":879}
{"timestamp":"2026-07-08T16:35:33.451026Z","level":"info","event":"Poking: SELECT COUNT(*) FROM demo_user.client_b_load_status\nWHERE status = 'COMPLETE' AND processed = 0 (with parameters None)","logger":"airflow.task.operators.airflow.providers.common.sql.sensors.sql.SqlSensor","filename":"sql.py","lineno":100}
{"timestamp":"2026-07-08T16:35:33.538666Z","level":"info","event":"Running statement: SELECT COUNT(*) FROM demo_user.client_b_load_status\nWHERE status = 'COMPLETE' AND processed = 0, parameters: None","logger":"airflow.task.hooks.airflow.providers.oracle.hooks.oracle.OracleHook","filename":"sql.py","lineno":861}
{"timestamp":"2026-07-08T16:35:33.541443Z","level":"info","event":"Rows affected: 0","logger":"airflow.task.hooks.airflow.providers.oracle.hooks.oracle.OracleHook","filename":"sql.py","lineno":879}
{"timestamp":"2026-07-08T16:35:43.597865Z","level":"info","event":"Poking: SELECT COUNT(*) FROM demo_user.client_b_load_status\nWHERE status = 'COMPLETE' AND processed = 0 (with parameters None)","logger":"airflow.task.operators.airflow.providers.common.sql.sensors.sql.SqlSensor","filename":"sql.py","lineno":100}
{"timestamp":"2026-07-08T16:35:43.660978Z","level":"info","event":"Running statement: SELECT COUNT(*) FROM demo_user.client_b_load_status\nWHERE status = 'COMPLETE' AND processed = 0, parameters: None","logger":"airflow.task.hooks.airflow.providers.oracle.hooks.oracle.OracleHook","filename":"sql.py","lineno":861}
{"timestamp":"2026-07-08T16:35:43.661986Z","level":"info","event":"Rows affected: 0","logger":"airflow.task.hooks.airflow.providers.oracle.hooks.oracle.OracleHook","filename":"sql.py","lineno":879}
{"timestamp":"2026-07-08T16:35:53.714620Z","level":"info","event":"Poking: SELECT COUNT(*) FROM demo_user.client_b_load_status\nWHERE status = 'COMPLETE' AND processed = 0 (with parameters None)","logger":"airflow.task.operators.airflow.providers.common.sql.sensors.sql.SqlSensor","filename":"sql.py","lineno":100}
{"timestamp":"2026-07-08T16:35:53.832641Z","level":"info","event":"Running statement: SELECT COUNT(*) FROM demo_user.client_b_load_status\nWHERE status = 'COMPLETE' AND processed = 0, parameters: None","logger":"airflow.task.hooks.airflow.providers.oracle.hooks.oracle.OracleHook","filename":"sql.py","lineno":861}
{"timestamp":"2026-07-08T16:35:53.836119Z","level":"info","event":"Rows affected: 0","logger":"airflow.task.hooks.airflow.providers.oracle.hooks.oracle.OracleHook","filename":"sql.py","lineno":879}
{"timestamp":"2026-07-08T16:36:03.895902Z","level":"info","event":"Poking: SELECT COUNT(*) FROM demo_user.client_b_load_status\nWHERE status = 'COMPLETE' AND processed = 0 (with parameters None)","logger":"airflow.task.operators.airflow.providers.common.sql.sensors.sql.SqlSensor","filename":"sql.py","lineno":100}
{"timestamp":"2026-07-08T16:36:04.008348Z","level":"info","event":"Running statement: SELECT COUNT(*) FROM demo_user.client_b_load_status\nWHERE status = 'COMPLETE' AND processed = 0, parameters: None","logger":"airflow.task.hooks.airflow.providers.oracle.hooks.oracle.OracleHook","filename":"sql.py","lineno":861}
{"timestamp":"2026-07-08T16:36:04.010071Z","level":"info","event":"Rows affected: 0","logger":"airflow.task.hooks.airflow.providers.oracle.hooks.oracle.OracleHook","filename":"sql.py","lineno":879}
{"timestamp":"2026-07-08T16:36:14.071188Z","level":"info","event":"Poking: SELECT COUNT(*) FROM demo_user.client_b_load_status\nWHERE status = 'COMPLETE' AND processed = 0 (with parameters None)","logger":"airflow.task.operators.airflow.providers.common.sql.sensors.sql.SqlSensor","filename":"sql.py","lineno":100}
{"timestamp":"2026-07-08T16:36:14.197647Z","level":"info","event":"Running statement: SELECT COUNT(*) FROM demo_user.client_b_load_status\nWHERE status = 'COMPLETE' AND processed = 0, parameters: None","logger":"airflow.task.hooks.airflow.providers.oracle.hooks.oracle.OracleHook","filename":"sql.py","lineno":861}
{"timestamp":"2026-07-08T16:36:14.199467Z","level":"info","event":"Rows affected: 0","logger":"airflow.task.hooks.airflow.providers.oracle.hooks.oracle.OracleHook","filename":"sql.py","lineno":879}
{"timestamp":"2026-07-08T16:36:24.261799Z","level":"info","event":"Poking: SELECT COUNT(*) FROM demo_user.client_b_load_status\nWHERE status = 'COMPLETE' AND processed = 0 (with parameters None)","logger":"airflow.task.operators.airflow.providers.common.sql.sensors.sql.SqlSensor","filename":"sql.py","lineno":100}
{"timestamp":"2026-07-08T16:36:24.325492Z","level":"info","event":"Running statement: SELECT COUNT(*) FROM demo_user.client_b_load_status\nWHERE status = 'COMPLETE' AND processed = 0, parameters: None","logger":"airflow.task.hooks.airflow.providers.oracle.hooks.oracle.OracleHook","filename":"sql.py","lineno":861}
{"timestamp":"2026-07-08T16:36:24.326742Z","level":"info","event":"Rows affected: 0","logger":"airflow.task.hooks.airflow.providers.oracle.hooks.oracle.OracleHook","filename":"sql.py","lineno":879}
{"timestamp":"2026-07-08T16:36:34.370723Z","level":"info","event":"Poking: SELECT COUNT(*) FROM demo_user.client_b_load_status\nWHERE status = 'COMPLETE' AND processed = 0 (with parameters None)","logger":"airflow.task.operators.airflow.providers.common.sql.sensors.sql.SqlSensor","filename":"sql.py","lineno":100}
{"timestamp":"2026-07-08T16:36:34.439217Z","level":"info","event":"Running statement: SELECT COUNT(*) FROM demo_user.client_b_load_status\nWHERE status = 'COMPLETE' AND processed = 0, parameters: None","logger":"airflow.task.hooks.airflow.providers.oracle.hooks.oracle.OracleHook","filename":"sql.py","lineno":861}
{"timestamp":"2026-07-08T16:36:34.441161Z","level":"info","event":"Rows affected: 0","logger":"airflow.task.hooks.airflow.providers.oracle.hooks.oracle.OracleHook","filename":"sql.py","lineno":879}
{"timestamp":"2026-07-08T16:36:44.486024Z","level":"info","event":"Poking: SELECT COUNT(*) FROM demo_user.client_b_load_status\nWHERE status = 'COMPLETE' AND processed = 0 (with parameters None)","logger":"airflow.task.operators.airflow.providers.common.sql.sensors.sql.SqlSensor","filename":"sql.py","lineno":100}
{"timestamp":"2026-07-08T16:36:44.559616Z","level":"info","event":"Running statement: SELECT COUNT(*) FROM demo_user.client_b_load_status\nWHERE status = 'COMPLETE' AND processed = 0, parameters: None","logger":"airflow.task.hooks.airflow.providers.oracle.hooks.oracle.OracleHook","filename":"sql.py","lineno":861}
{"timestamp":"2026-07-08T16:36:44.560861Z","level":"info","event":"Rows affected: 0","logger":"airflow.task.hooks.airflow.providers.oracle.hooks.oracle.OracleHook","filename":"sql.py","lineno":879}
{"timestamp":"2026-07-08T16:36:54.598710Z","level":"info","event":"Poking: SELECT COUNT(*) FROM demo_user.client_b_load_status\nWHERE status = 'COMPLETE' AND processed = 0 (with parameters None)","logger":"airflow.task.operators.airflow.providers.common.sql.sensors.sql.SqlSensor","filename":"sql.py","lineno":100}
{"timestamp":"2026-07-08T16:36:54.661690Z","level":"info","event":"Running statement: SELECT COUNT(*) FROM demo_user.client_b_load_status\nWHERE status = 'COMPLETE' AND processed = 0, parameters: None","logger":"airflow.task.hooks.airflow.providers.oracle.hooks.oracle.OracleHook","filename":"sql.py","lineno":861}
{"timestamp":"2026-07-08T16:36:54.662709Z","level":"info","event":"Rows affected: 0","logger":"airflow.task.hooks.airflow.providers.oracle.hooks.oracle.OracleHook","filename":"sql.py","lineno":879}
{"timestamp":"2026-07-08T16:37:04.700145Z","level":"info","event":"Poking: SELECT COUNT(*) FROM demo_user.client_b_load_status\nWHERE status = 'COMPLETE' AND processed = 0 (with parameters None)","logger":"airflow.task.operators.airflow.providers.common.sql.sensors.sql.SqlSensor","filename":"sql.py","lineno":100}
{"timestamp":"2026-07-08T16:37:04.765747Z","level":"info","event":"Running statement: SELECT COUNT(*) FROM demo_user.client_b_load_status\nWHERE status = 'COMPLETE' AND processed = 0, parameters: None","logger":"airflow.task.hooks.airflow.providers.oracle.hooks.oracle.OracleHook","filename":"sql.py","lineno":861}
{"timestamp":"2026-07-08T16:37:04.766876Z","level":"info","event":"Rows affected: 0","logger":"airflow.task.hooks.airflow.providers.oracle.hooks.oracle.OracleHook","filename":"sql.py","lineno":879}
{"timestamp":"2026-07-08T16:37:14.791208Z","level":"info","event":"Poking: SELECT COUNT(*) FROM demo_user.client_b_load_status\nWHERE status = 'COMPLETE' AND processed = 0 (with parameters None)","logger":"airflow.task.operators.airflow.providers.common.sql.sensors.sql.SqlSensor","filename":"sql.py","lineno":100}
{"timestamp":"2026-07-08T16:37:14.844656Z","level":"info","event":"Running statement: SELECT COUNT(*) FROM demo_user.client_b_load_status\nWHERE status = 'COMPLETE' AND processed = 0, parameters: None","logger":"airflow.task.hooks.airflow.providers.oracle.hooks.oracle.OracleHook","filename":"sql.py","lineno":861}
{"timestamp":"2026-07-08T16:37:14.846053Z","level":"info","event":"Rows affected: 0","logger":"airflow.task.hooks.airflow.providers.oracle.hooks.oracle.OracleHook","filename":"sql.py","lineno":879}
{"timestamp":"2026-07-08T16:37:24.885939Z","level":"info","event":"Poking: SELECT COUNT(*) FROM demo_user.client_b_load_status\nWHERE status = 'COMPLETE' AND processed = 0 (with parameters None)","logger":"airflow.task.operators.airflow.providers.common.sql.sensors.sql.SqlSensor","filename":"sql.py","lineno":100}
{"timestamp":"2026-07-08T16:37:24.950636Z","level":"info","event":"Running statement: SELECT COUNT(*) FROM demo_user.client_b_load_status\nWHERE status = 'COMPLETE' AND processed = 0, parameters: None","logger":"airflow.task.hooks.airflow.providers.oracle.hooks.oracle.OracleHook","filename":"sql.py","lineno":861}
{"timestamp":"2026-07-08T16:37:24.951767Z","level":"info","event":"Rows affected: 0","logger":"airflow.task.hooks.airflow.providers.oracle.hooks.oracle.OracleHook","filename":"sql.py","lineno":879}
{"timestamp":"2026-07-08T16:37:35.009173Z","level":"info","event":"Poking: SELECT COUNT(*) FROM demo_user.client_b_load_status\nWHERE status = 'COMPLETE' AND processed = 0 (with parameters None)","logger":"airflow.task.operators.airflow.providers.common.sql.sensors.sql.SqlSensor","filename":"sql.py","lineno":100}
{"timestamp":"2026-07-08T16:37:35.070120Z","level":"info","event":"Running statement: SELECT COUNT(*) FROM demo_user.client_b_load_status\nWHERE status = 'COMPLETE' AND processed = 0, parameters: None","logger":"airflow.task.hooks.airflow.providers.oracle.hooks.oracle.OracleHook","filename":"sql.py","lineno":861}
{"timestamp":"2026-07-08T16:37:35.072320Z","level":"info","event":"Rows affected: 0","logger":"airflow.task.hooks.airflow.providers.oracle.hooks.oracle.OracleHook","filename":"sql.py","lineno":879}
{"timestamp":"2026-07-08T16:37:45.113994Z","level":"info","event":"Poking: SELECT COUNT(*) FROM demo_user.client_b_load_status\nWHERE status = 'COMPLETE' AND processed = 0 (with parameters None)","logger":"airflow.task.operators.airflow.providers.common.sql.sensors.sql.SqlSensor","filename":"sql.py","lineno":100}
{"timestamp":"2026-07-08T16:37:45.247873Z","level":"info","event":"Running statement: SELECT COUNT(*) FROM demo_user.client_b_load_status\nWHERE status = 'COMPLETE' AND processed = 0, parameters: None","logger":"airflow.task.hooks.airflow.providers.oracle.hooks.oracle.OracleHook","filename":"sql.py","lineno":861}
{"timestamp":"2026-07-08T16:37:45.249670Z","level":"info","event":"Rows affected: 0","logger":"airflow.task.hooks.airflow.providers.oracle.hooks.oracle.OracleHook","filename":"sql.py","lineno":879}
{"timestamp":"2026-07-08T16:37:55.299777Z","level":"info","event":"Poking: SELECT COUNT(*) FROM demo_user.client_b_load_status\nWHERE status = 'COMPLETE' AND processed = 0 (with parameters None)","logger":"airflow.task.operators.airflow.providers.common.sql.sensors.sql.SqlSensor","filename":"sql.py","lineno":100}
{"timestamp":"2026-07-08T16:37:55.393531Z","level":"info","event":"Running statement: SELECT COUNT(*) FROM demo_user.client_b_load_status\nWHERE status = 'COMPLETE' AND processed = 0, parameters: None","logger":"airflow.task.hooks.airflow.providers.oracle.hooks.oracle.OracleHook","filename":"sql.py","lineno":861}
{"timestamp":"2026-07-08T16:37:55.394948Z","level":"info","event":"Rows affected: 0","logger":"airflow.task.hooks.airflow.providers.oracle.hooks.oracle.OracleHook","filename":"sql.py","lineno":879}
{"timestamp":"2026-07-08T16:38:05.438536Z","level":"info","event":"Poking: SELECT COUNT(*) FROM demo_user.client_b_load_status\nWHERE status = 'COMPLETE' AND processed = 0 (with parameters None)","logger":"airflow.task.operators.airflow.providers.common.sql.sensors.sql.SqlSensor","filename":"sql.py","lineno":100}
{"timestamp":"2026-07-08T16:38:05.501395Z","level":"info","event":"Running statement: SELECT COUNT(*) FROM demo_user.client_b_load_status\nWHERE status = 'COMPLETE' AND processed = 0, parameters: None","logger":"airflow.task.hooks.airflow.providers.oracle.hooks.oracle.OracleHook","filename":"sql.py","lineno":861}
{"timestamp":"2026-07-08T16:38:05.503161Z","level":"info","event":"Rows affected: 0","logger":"airflow.task.hooks.airflow.providers.oracle.hooks.oracle.OracleHook","filename":"sql.py","lineno":879}
{"timestamp":"2026-07-08T16:38:15.545458Z","level":"info","event":"Poking: SELECT COUNT(*) FROM demo_user.client_b_load_status\nWHERE status = 'COMPLETE' AND processed = 0 (with parameters None)","logger":"airflow.task.operators.airflow.providers.common.sql.sensors.sql.SqlSensor","filename":"sql.py","lineno":100}
{"timestamp":"2026-07-08T16:38:15.604708Z","level":"info","event":"Running statement: SELECT COUNT(*) FROM demo_user.client_b_load_status\nWHERE status = 'COMPLETE' AND processed = 0, parameters: None","logger":"airflow.task.hooks.airflow.providers.oracle.hooks.oracle.OracleHook","filename":"sql.py","lineno":861}
{"timestamp":"2026-07-08T16:38:15.605783Z","level":"info","event":"Rows affected: 0","logger":"airflow.task.hooks.airflow.providers.oracle.hooks.oracle.OracleHook","filename":"sql.py","lineno":879}
{"timestamp":"2026-07-08T16:38:25.639802Z","level":"info","event":"Poking: SELECT COUNT(*) FROM demo_user.client_b_load_status\nWHERE status = 'COMPLETE' AND processed = 0 (with parameters None)","logger":"airflow.task.operators.airflow.providers.common.sql.sensors.sql.SqlSensor","filename":"sql.py","lineno":100}
{"timestamp":"2026-07-08T16:38:25.705669Z","level":"info","event":"Running statement: SELECT COUNT(*) FROM demo_user.client_b_load_status\nWHERE status = 'COMPLETE' AND processed = 0, parameters: None","logger":"airflow.task.hooks.airflow.providers.oracle.hooks.oracle.OracleHook","filename":"sql.py","lineno":861}
{"timestamp":"2026-07-08T16:38:25.706966Z","level":"info","event":"Rows affected: 0","logger":"airflow.task.hooks.airflow.providers.oracle.hooks.oracle.OracleHook","filename":"sql.py","lineno":879}
{"timestamp":"2026-07-08T16:38:35.744692Z","level":"info","event":"Poking: SELECT COUNT(*) FROM demo_user.client_b_load_status\nWHERE status = 'COMPLETE' AND processed = 0 (with parameters None)","logger":"airflow.task.operators.airflow.providers.common.sql.sensors.sql.SqlSensor","filename":"sql.py","lineno":100}
{"timestamp":"2026-07-08T16:38:35.809688Z","level":"info","event":"Running statement: SELECT COUNT(*) FROM demo_user.client_b_load_status\nWHERE status = 'COMPLETE' AND processed = 0, parameters: None","logger":"airflow.task.hooks.airflow.providers.oracle.hooks.oracle.OracleHook","filename":"sql.py","lineno":861}
{"timestamp":"2026-07-08T16:38:35.811185Z","level":"info","event":"Rows affected: 0","logger":"airflow.task.hooks.airflow.providers.oracle.hooks.oracle.OracleHook","filename":"sql.py","lineno":879}
{"timestamp":"2026-07-08T16:38:45.853021Z","level":"info","event":"Poking: SELECT COUNT(*) FROM demo_user.client_b_load_status\nWHERE status = 'COMPLETE' AND processed = 0 (with parameters None)","logger":"airflow.task.operators.airflow.providers.common.sql.sensors.sql.SqlSensor","filename":"sql.py","lineno":100}
{"timestamp":"2026-07-08T16:38:45.913824Z","level":"info","event":"Running statement: SELECT COUNT(*) FROM demo_user.client_b_load_status\nWHERE status = 'COMPLETE' AND processed = 0, parameters: None","logger":"airflow.task.hooks.airflow.providers.oracle.hooks.oracle.OracleHook","filename":"sql.py","lineno":861}
{"timestamp":"2026-07-08T16:38:45.915056Z","level":"info","event":"Rows affected: 0","logger":"airflow.task.hooks.airflow.providers.oracle.hooks.oracle.OracleHook","filename":"sql.py","lineno":879}
{"timestamp":"2026-07-08T16:38:55.951144Z","level":"info","event":"Poking: SELECT COUNT(*) FROM demo_user.client_b_load_status\nWHERE status = 'COMPLETE' AND processed = 0 (with parameters None)","logger":"airflow.task.operators.airflow.providers.common.sql.sensors.sql.SqlSensor","filename":"sql.py","lineno":100}
{"timestamp":"2026-07-08T16:38:56.019081Z","level":"info","event":"Running statement: SELECT COUNT(*) FROM demo_user.client_b_load_status\nWHERE status = 'COMPLETE' AND processed = 0, parameters: None","logger":"airflow.task.hooks.airflow.providers.oracle.hooks.oracle.OracleHook","filename":"sql.py","lineno":861}
{"timestamp":"2026-07-08T16:38:56.020839Z","level":"info","event":"Rows affected: 0","logger":"airflow.task.hooks.airflow.providers.oracle.hooks.oracle.OracleHook","filename":"sql.py","lineno":879}
{"timestamp":"2026-07-08T16:39:06.056818Z","level":"info","event":"Poking: SELECT COUNT(*) FROM demo_user.client_b_load_status\nWHERE status = 'COMPLETE' AND processed = 0 (with parameters None)","logger":"airflow.task.operators.airflow.providers.common.sql.sensors.sql.SqlSensor","filename":"sql.py","lineno":100}
{"timestamp":"2026-07-08T16:39:06.118237Z","level":"info","event":"Running statement: SELECT COUNT(*) FROM demo_user.client_b_load_status\nWHERE status = 'COMPLETE' AND processed = 0, parameters: None","logger":"airflow.task.hooks.airflow.providers.oracle.hooks.oracle.OracleHook","filename":"sql.py","lineno":861}
{"timestamp":"2026-07-08T16:39:06.120033Z","level":"info","event":"Rows affected: 0","logger":"airflow.task.hooks.airflow.providers.oracle.hooks.oracle.OracleHook","filename":"sql.py","lineno":879}
{"timestamp":"2026-07-08T16:39:16.162767Z","level":"info","event":"Poking: SELECT COUNT(*) FROM demo_user.client_b_load_status\nWHERE status = 'COMPLETE' AND processed = 0 (with parameters None)","logger":"airflow.task.operators.airflow.providers.common.sql.sensors.sql.SqlSensor","filename":"sql.py","lineno":100}
{"timestamp":"2026-07-08T16:39:16.239230Z","level":"info","event":"Running statement: SELECT COUNT(*) FROM demo_user.client_b_load_status\nWHERE status = 'COMPLETE' AND processed = 0, parameters: None","logger":"airflow.task.hooks.airflow.providers.oracle.hooks.oracle.OracleHook","filename":"sql.py","lineno":861}
{"timestamp":"2026-07-08T16:39:16.241589Z","level":"info","event":"Rows affected: 0","logger":"airflow.task.hooks.airflow.providers.oracle.hooks.oracle.OracleHook","filename":"sql.py","lineno":879}
{"timestamp":"2026-07-08T16:39:26.289321Z","level":"info","event":"Poking: SELECT COUNT(*) FROM demo_user.client_b_load_status\nWHERE status = 'COMPLETE' AND processed = 0 (with parameters None)","logger":"airflow.task.operators.airflow.providers.common.sql.sensors.sql.SqlSensor","filename":"sql.py","lineno":100}
{"timestamp":"2026-07-08T16:39:26.361219Z","level":"info","event":"Running statement: SELECT COUNT(*) FROM demo_user.client_b_load_status\nWHERE status = 'COMPLETE' AND processed = 0, parameters: None","logger":"airflow.task.hooks.airflow.providers.oracle.hooks.oracle.OracleHook","filename":"sql.py","lineno":861}
{"timestamp":"2026-07-08T16:39:26.363129Z","level":"info","event":"Rows affected: 0","logger":"airflow.task.hooks.airflow.providers.oracle.hooks.oracle.OracleHook","filename":"sql.py","lineno":879}
{"timestamp":"2026-07-08T16:39:36.402789Z","level":"info","event":"Poking: SELECT COUNT(*) FROM demo_user.client_b_load_status\nWHERE status = 'COMPLETE' AND processed = 0 (with parameters None)","logger":"airflow.task.operators.airflow.providers.common.sql.sensors.sql.SqlSensor","filename":"sql.py","lineno":100}
{"timestamp":"2026-07-08T16:39:36.493244Z","level":"info","event":"Running statement: SELECT COUNT(*) FROM demo_user.client_b_load_status\nWHERE status = 'COMPLETE' AND processed = 0, parameters: None","logger":"airflow.task.hooks.airflow.providers.oracle.hooks.oracle.OracleHook","filename":"sql.py","lineno":861}
{"timestamp":"2026-07-08T16:39:36.495008Z","level":"info","event":"Rows affected: 0","logger":"airflow.task.hooks.airflow.providers.oracle.hooks.oracle.OracleHook","filename":"sql.py","lineno":879}
{"timestamp":"2026-07-08T16:39:46.548480Z","level":"info","event":"Poking: SELECT COUNT(*) FROM demo_user.client_b_load_status\nWHERE status = 'COMPLETE' AND processed = 0 (with parameters None)","logger":"airflow.task.operators.airflow.providers.common.sql.sensors.sql.SqlSensor","filename":"sql.py","lineno":100}
{"timestamp":"2026-07-08T16:39:46.666338Z","level":"info","event":"Running statement: SELECT COUNT(*) FROM demo_user.client_b_load_status\nWHERE status = 'COMPLETE' AND processed = 0, parameters: None","logger":"airflow.task.hooks.airflow.providers.oracle.hooks.oracle.OracleHook","filename":"sql.py","lineno":861}
{"timestamp":"2026-07-08T16:39:46.668630Z","level":"info","event":"Rows affected: 0","logger":"airflow.task.hooks.airflow.providers.oracle.hooks.oracle.OracleHook","filename":"sql.py","lineno":879}
{"timestamp":"2026-07-08T16:39:56.709438Z","level":"info","event":"Poking: SELECT COUNT(*) FROM demo_user.client_b_load_status\nWHERE status = 'COMPLETE' AND processed = 0 (with parameters None)","logger":"airflow.task.operators.airflow.providers.common.sql.sensors.sql.SqlSensor","filename":"sql.py","lineno":100}
{"timestamp":"2026-07-08T16:39:56.777010Z","level":"info","event":"Running statement: SELECT COUNT(*) FROM demo_user.client_b_load_status\nWHERE status = 'COMPLETE' AND processed = 0, parameters: None","logger":"airflow.task.hooks.airflow.providers.oracle.hooks.oracle.OracleHook","filename":"sql.py","lineno":861}
{"timestamp":"2026-07-08T16:39:56.778822Z","level":"info","event":"Rows affected: 0","logger":"airflow.task.hooks.airflow.providers.oracle.hooks.oracle.OracleHook","filename":"sql.py","lineno":879}
{"timestamp":"2026-07-08T16:40:06.813231Z","level":"info","event":"Poking: SELECT COUNT(*) FROM demo_user.client_b_load_status\nWHERE status = 'COMPLETE' AND processed = 0 (with parameters None)","logger":"airflow.task.operators.airflow.providers.common.sql.sensors.sql.SqlSensor","filename":"sql.py","lineno":100}
{"timestamp":"2026-07-08T16:40:06.875947Z","level":"info","event":"Running statement: SELECT COUNT(*) FROM demo_user.client_b_load_status\nWHERE status = 'COMPLETE' AND processed = 0, parameters: None","logger":"airflow.task.hooks.airflow.providers.oracle.hooks.oracle.OracleHook","filename":"sql.py","lineno":861}
{"timestamp":"2026-07-08T16:40:06.877069Z","level":"info","event":"Rows affected: 0","logger":"airflow.task.hooks.airflow.providers.oracle.hooks.oracle.OracleHook","filename":"sql.py","lineno":879}
{"timestamp":"2026-07-08T16:40:16.920755Z","level":"info","event":"Poking: SELECT COUNT(*) FROM demo_user.client_b_load_status\nWHERE status = 'COMPLETE' AND processed = 0 (with parameters None)","logger":"airflow.task.operators.airflow.providers.common.sql.sensors.sql.SqlSensor","filename":"sql.py","lineno":100}
{"timestamp":"2026-07-08T16:40:16.990988Z","level":"info","event":"Running statement: SELECT COUNT(*) FROM demo_user.client_b_load_status\nWHERE status = 'COMPLETE' AND processed = 0, parameters: None","logger":"airflow.task.hooks.airflow.providers.oracle.hooks.oracle.OracleHook","filename":"sql.py","lineno":861}
{"timestamp":"2026-07-08T16:40:16.992751Z","level":"info","event":"Rows affected: 0","logger":"airflow.task.hooks.airflow.providers.oracle.hooks.oracle.OracleHook","filename":"sql.py","lineno":879}
{"timestamp":"2026-07-08T16:40:27.038925Z","level":"info","event":"Poking: SELECT COUNT(*) FROM demo_user.client_b_load_status\nWHERE status = 'COMPLETE' AND processed = 0 (with parameters None)","logger":"airflow.task.operators.airflow.providers.common.sql.sensors.sql.SqlSensor","filename":"sql.py","lineno":100}
{"timestamp":"2026-07-08T16:40:27.104224Z","level":"info","event":"Running statement: SELECT COUNT(*) FROM demo_user.client_b_load_status\nWHERE status = 'COMPLETE' AND processed = 0, parameters: None","logger":"airflow.task.hooks.airflow.providers.oracle.hooks.oracle.OracleHook","filename":"sql.py","lineno":861}
{"timestamp":"2026-07-08T16:40:27.105546Z","level":"info","event":"Rows affected: 0","logger":"airflow.task.hooks.airflow.providers.oracle.hooks.oracle.OracleHook","filename":"sql.py","lineno":879}
{"timestamp":"2026-07-08T16:40:37.155296Z","level":"info","event":"Poking: SELECT COUNT(*) FROM demo_user.client_b_load_status\nWHERE status = 'COMPLETE' AND processed = 0 (with parameters None)","logger":"airflow.task.operators.airflow.providers.common.sql.sensors.sql.SqlSensor","filename":"sql.py","lineno":100}
{"timestamp":"2026-07-08T16:40:37.285896Z","level":"info","event":"Running statement: SELECT COUNT(*) FROM demo_user.client_b_load_status\nWHERE status = 'COMPLETE' AND processed = 0, parameters: None","logger":"airflow.task.hooks.airflow.providers.oracle.hooks.oracle.OracleHook","filename":"sql.py","lineno":861}
{"timestamp":"2026-07-08T16:40:37.287694Z","level":"info","event":"Rows affected: 0","logger":"airflow.task.hooks.airflow.providers.oracle.hooks.oracle.OracleHook","filename":"sql.py","lineno":879}
{"timestamp":"2026-07-08T16:40:47.334127Z","level":"info","event":"Poking: SELECT COUNT(*) FROM demo_user.client_b_load_status\nWHERE status = 'COMPLETE' AND processed = 0 (with parameters None)","logger":"airflow.task.operators.airflow.providers.common.sql.sensors.sql.SqlSensor","filename":"sql.py","lineno":100}
{"timestamp":"2026-07-08T16:40:47.408522Z","level":"info","event":"Running statement: SELECT COUNT(*) FROM demo_user.client_b_load_status\nWHERE status = 'COMPLETE' AND processed = 0, parameters: None","logger":"airflow.task.hooks.airflow.providers.oracle.hooks.oracle.OracleHook","filename":"sql.py","lineno":861}
{"timestamp":"2026-07-08T16:40:47.409642Z","level":"info","event":"Rows affected: 0","logger":"airflow.task.hooks.airflow.providers.oracle.hooks.oracle.OracleHook","filename":"sql.py","lineno":879}
{"timestamp":"2026-07-08T16:40:57.448498Z","level":"info","event":"Poking: SELECT COUNT(*) FROM demo_user.client_b_load_status\nWHERE status = 'COMPLETE' AND processed = 0 (with parameters None)","logger":"airflow.task.operators.airflow.providers.common.sql.sensors.sql.SqlSensor","filename":"sql.py","lineno":100}
{"timestamp":"2026-07-08T16:40:57.528323Z","level":"info","event":"Running statement: SELECT COUNT(*) FROM demo_user.client_b_load_status\nWHERE status = 'COMPLETE' AND processed = 0, parameters: None","logger":"airflow.task.hooks.airflow.providers.oracle.hooks.oracle.OracleHook","filename":"sql.py","lineno":861}
{"timestamp":"2026-07-08T16:40:57.530415Z","level":"info","event":"Rows affected: 0","logger":"airflow.task.hooks.airflow.providers.oracle.hooks.oracle.OracleHook","filename":"sql.py","lineno":879}
{"timestamp":"2026-07-08T16:41:07.568834Z","level":"info","event":"Poking: SELECT COUNT(*) FROM demo_user.client_b_load_status\nWHERE status = 'COMPLETE' AND processed = 0 (with parameters None)","logger":"airflow.task.operators.airflow.providers.common.sql.sensors.sql.SqlSensor","filename":"sql.py","lineno":100}
{"timestamp":"2026-07-08T16:41:07.632380Z","level":"info","event":"Running statement: SELECT COUNT(*) FROM demo_user.client_b_load_status\nWHERE status = 'COMPLETE' AND processed = 0, parameters: None","logger":"airflow.task.hooks.airflow.providers.oracle.hooks.oracle.OracleHook","filename":"sql.py","lineno":861}
{"timestamp":"2026-07-08T16:41:07.634143Z","level":"info","event":"Rows affected: 0","logger":"airflow.task.hooks.airflow.providers.oracle.hooks.oracle.OracleHook","filename":"sql.py","lineno":879}
{"timestamp":"2026-07-08T16:41:17.681335Z","level":"info","event":"Poking: SELECT COUNT(*) FROM demo_user.client_b_load_status\nWHERE status = 'COMPLETE' AND processed = 0 (with parameters None)","logger":"airflow.task.operators.airflow.providers.common.sql.sensors.sql.SqlSensor","filename":"sql.py","lineno":100}
{"timestamp":"2026-07-08T16:41:17.743218Z","level":"info","event":"Running statement: SELECT COUNT(*) FROM demo_user.client_b_load_status\nWHERE status = 'COMPLETE' AND processed = 0, parameters: None","logger":"airflow.task.hooks.airflow.providers.oracle.hooks.oracle.OracleHook","filename":"sql.py","lineno":861}
{"timestamp":"2026-07-08T16:41:17.744492Z","level":"info","event":"Rows affected: 0","logger":"airflow.task.hooks.airflow.providers.oracle.hooks.oracle.OracleHook","filename":"sql.py","lineno":879}
{"timestamp":"2026-07-08T16:41:27.829508Z","level":"info","event":"Poking: SELECT COUNT(*) FROM demo_user.client_b_load_status\nWHERE status = 'COMPLETE' AND processed = 0 (with parameters None)","logger":"airflow.task.operators.airflow.providers.common.sql.sensors.sql.SqlSensor","filename":"sql.py","lineno":100}
{"timestamp":"2026-07-08T16:41:27.915573Z","level":"info","event":"Running statement: SELECT COUNT(*) FROM demo_user.client_b_load_status\nWHERE status = 'COMPLETE' AND processed = 0, parameters: None","logger":"airflow.task.hooks.airflow.providers.oracle.hooks.oracle.OracleHook","filename":"sql.py","lineno":861}
{"timestamp":"2026-07-08T16:41:27.917902Z","level":"info","event":"Rows affected: 0","logger":"airflow.task.hooks.airflow.providers.oracle.hooks.oracle.OracleHook","filename":"sql.py","lineno":879}
{"timestamp":"2026-07-08T16:41:37.953534Z","level":"info","event":"Poking: SELECT COUNT(*) FROM demo_user.client_b_load_status\nWHERE status = 'COMPLETE' AND processed = 0 (with parameters None)","logger":"airflow.task.operators.airflow.providers.common.sql.sensors.sql.SqlSensor","filename":"sql.py","lineno":100}
{"timestamp":"2026-07-08T16:41:38.016802Z","level":"info","event":"Running statement: SELECT COUNT(*) FROM demo_user.client_b_load_status\nWHERE status = 'COMPLETE' AND processed = 0, parameters: None","logger":"airflow.task.hooks.airflow.providers.oracle.hooks.oracle.OracleHook","filename":"sql.py","lineno":861}
{"timestamp":"2026-07-08T16:41:38.018128Z","level":"info","event":"Rows affected: 0","logger":"airflow.task.hooks.airflow.providers.oracle.hooks.oracle.OracleHook","filename":"sql.py","lineno":879}
{"timestamp":"2026-07-08T16:41:48.084781Z","level":"info","event":"Poking: SELECT COUNT(*) FROM demo_user.client_b_load_status\nWHERE status = 'COMPLETE' AND processed = 0 (with parameters None)","logger":"airflow.task.operators.airflow.providers.common.sql.sensors.sql.SqlSensor","filename":"sql.py","lineno":100}
{"timestamp":"2026-07-08T16:41:48.166905Z","level":"info","event":"Running statement: SELECT COUNT(*) FROM demo_user.client_b_load_status\nWHERE status = 'COMPLETE' AND processed = 0, parameters: None","logger":"airflow.task.hooks.airflow.providers.oracle.hooks.oracle.OracleHook","filename":"sql.py","lineno":861}
{"timestamp":"2026-07-08T16:41:48.168452Z","level":"info","event":"Rows affected: 0","logger":"airflow.task.hooks.airflow.providers.oracle.hooks.oracle.OracleHook","filename":"sql.py","lineno":879}
{"timestamp":"2026-07-08T16:41:58.216296Z","level":"info","event":"Poking: SELECT COUNT(*) FROM demo_user.client_b_load_status\nWHERE status = 'COMPLETE' AND processed = 0 (with parameters None)","logger":"airflow.task.operators.airflow.providers.common.sql.sensors.sql.SqlSensor","filename":"sql.py","lineno":100}
{"timestamp":"2026-07-08T16:41:58.286855Z","level":"info","event":"Running statement: SELECT COUNT(*) FROM demo_user.client_b_load_status\nWHERE status = 'COMPLETE' AND processed = 0, parameters: None","logger":"airflow.task.hooks.airflow.providers.oracle.hooks.oracle.OracleHook","filename":"sql.py","lineno":861}
{"timestamp":"2026-07-08T16:41:58.288284Z","level":"info","event":"Rows affected: 0","logger":"airflow.task.hooks.airflow.providers.oracle.hooks.oracle.OracleHook","filename":"sql.py","lineno":879}
{"timestamp":"2026-07-08T16:42:08.331594Z","level":"info","event":"Poking: SELECT COUNT(*) FROM demo_user.client_b_load_status\nWHERE status = 'COMPLETE' AND processed = 0 (with parameters None)","logger":"airflow.task.operators.airflow.providers.common.sql.sensors.sql.SqlSensor","filename":"sql.py","lineno":100}
{"timestamp":"2026-07-08T16:42:08.403456Z","level":"info","event":"Running statement: SELECT COUNT(*) FROM demo_user.client_b_load_status\nWHERE status = 'COMPLETE' AND processed = 0, parameters: None","logger":"airflow.task.hooks.airflow.providers.oracle.hooks.oracle.OracleHook","filename":"sql.py","lineno":861}
{"timestamp":"2026-07-08T16:42:08.407946Z","level":"info","event":"Rows affected: 0","logger":"airflow.task.hooks.airflow.providers.oracle.hooks.oracle.OracleHook","filename":"sql.py","lineno":879}
{"timestamp":"2026-07-08T16:42:18.443816Z","level":"info","event":"Poking: SELECT COUNT(*) FROM demo_user.client_b_load_status\nWHERE status = 'COMPLETE' AND processed = 0 (with parameters None)","logger":"airflow.task.operators.airflow.providers.common.sql.sensors.sql.SqlSensor","filename":"sql.py","lineno":100}
{"timestamp":"2026-07-08T16:42:18.530211Z","level":"info","event":"Running statement: SELECT COUNT(*) FROM demo_user.client_b_load_status\nWHERE status = 'COMPLETE' AND processed = 0, parameters: None","logger":"airflow.task.hooks.airflow.providers.oracle.hooks.oracle.OracleHook","filename":"sql.py","lineno":861}
{"timestamp":"2026-07-08T16:42:18.533979Z","level":"info","event":"Rows affected: 0","logger":"airflow.task.hooks.airflow.providers.oracle.hooks.oracle.OracleHook","filename":"sql.py","lineno":879}
{"timestamp":"2026-07-08T16:42:28.619217Z","level":"info","event":"Poking: SELECT COUNT(*) FROM demo_user.client_b_load_status\nWHERE status = 'COMPLETE' AND processed = 0 (with parameters None)","logger":"airflow.task.operators.airflow.providers.common.sql.sensors.sql.SqlSensor","filename":"sql.py","lineno":100}
{"timestamp":"2026-07-08T16:42:28.690428Z","level":"info","event":"Running statement: SELECT COUNT(*) FROM demo_user.client_b_load_status\nWHERE status = 'COMPLETE' AND processed = 0, parameters: None","logger":"airflow.task.hooks.airflow.providers.oracle.hooks.oracle.OracleHook","filename":"sql.py","lineno":861}
{"timestamp":"2026-07-08T16:42:28.691516Z","level":"info","event":"Rows affected: 0","logger":"airflow.task.hooks.airflow.providers.oracle.hooks.oracle.OracleHook","filename":"sql.py","lineno":879}
{"timestamp":"2026-07-08T16:42:38.748148Z","level":"info","event":"Poking: SELECT COUNT(*) FROM demo_user.client_b_load_status\nWHERE status = 'COMPLETE' AND processed = 0 (with parameters None)","logger":"airflow.task.operators.airflow.providers.common.sql.sensors.sql.SqlSensor","filename":"sql.py","lineno":100}
{"timestamp":"2026-07-08T16:42:38.835450Z","level":"info","event":"Running statement: SELECT COUNT(*) FROM demo_user.client_b_load_status\nWHERE status = 'COMPLETE' AND processed = 0, parameters: None","logger":"airflow.task.hooks.airflow.providers.oracle.hooks.oracle.OracleHook","filename":"sql.py","lineno":861}
{"timestamp":"2026-07-08T16:42:38.836867Z","level":"info","event":"Rows affected: 0","logger":"airflow.task.hooks.airflow.providers.oracle.hooks.oracle.OracleHook","filename":"sql.py","lineno":879}
{"timestamp":"2026-07-08T16:42:48.894243Z","level":"info","event":"Poking: SELECT COUNT(*) FROM demo_user.client_b_load_status\nWHERE status = 'COMPLETE' AND processed = 0 (with parameters None)","logger":"airflow.task.operators.airflow.providers.common.sql.sensors.sql.SqlSensor","filename":"sql.py","lineno":100}
{"timestamp":"2026-07-08T16:42:49.001160Z","level":"info","event":"Running statement: SELECT COUNT(*) FROM demo_user.client_b_load_status\nWHERE status = 'COMPLETE' AND processed = 0, parameters: None","logger":"airflow.task.hooks.airflow.providers.oracle.hooks.oracle.OracleHook","filename":"sql.py","lineno":861}
{"timestamp":"2026-07-08T16:42:49.004126Z","level":"info","event":"Rows affected: 0","logger":"airflow.task.hooks.airflow.providers.oracle.hooks.oracle.OracleHook","filename":"sql.py","lineno":879}
{"timestamp":"2026-07-08T16:42:59.042170Z","level":"info","event":"Poking: SELECT COUNT(*) FROM demo_user.client_b_load_status\nWHERE status = 'COMPLETE' AND processed = 0 (with parameters None)","logger":"airflow.task.operators.airflow.providers.common.sql.sensors.sql.SqlSensor","filename":"sql.py","lineno":100}
{"timestamp":"2026-07-08T16:42:59.119529Z","level":"info","event":"Running statement: SELECT COUNT(*) FROM demo_user.client_b_load_status\nWHERE status = 'COMPLETE' AND processed = 0, parameters: None","logger":"airflow.task.hooks.airflow.providers.oracle.hooks.oracle.OracleHook","filename":"sql.py","lineno":861}
{"timestamp":"2026-07-08T16:42:59.122456Z","level":"info","event":"Rows affected: 0","logger":"airflow.task.hooks.airflow.providers.oracle.hooks.oracle.OracleHook","filename":"sql.py","lineno":879}
{"timestamp":"2026-07-08T16:43:09.204603Z","level":"info","event":"Poking: SELECT COUNT(*) FROM demo_user.client_b_load_status\nWHERE status = 'COMPLETE' AND processed = 0 (with parameters None)","logger":"airflow.task.operators.airflow.providers.common.sql.sensors.sql.SqlSensor","filename":"sql.py","lineno":100}
{"timestamp":"2026-07-08T16:43:09.376195Z","level":"info","event":"Running statement: SELECT COUNT(*) FROM demo_user.client_b_load_status\nWHERE status = 'COMPLETE' AND processed = 0, parameters: None","logger":"airflow.task.hooks.airflow.providers.oracle.hooks.oracle.OracleHook","filename":"sql.py","lineno":861}
{"timestamp":"2026-07-08T16:43:09.378159Z","level":"info","event":"Rows affected: 0","logger":"airflow.task.hooks.airflow.providers.oracle.hooks.oracle.OracleHook","filename":"sql.py","lineno":879}
{"timestamp":"2026-07-08T16:43:19.419389Z","level":"info","event":"Poking: SELECT COUNT(*) FROM demo_user.client_b_load_status\nWHERE status = 'COMPLETE' AND processed = 0 (with parameters None)","logger":"airflow.task.operators.airflow.providers.common.sql.sensors.sql.SqlSensor","filename":"sql.py","lineno":100}
{"timestamp":"2026-07-08T16:43:19.497440Z","level":"info","event":"Running statement: SELECT COUNT(*) FROM demo_user.client_b_load_status\nWHERE status = 'COMPLETE' AND processed = 0, parameters: None","logger":"airflow.task.hooks.airflow.providers.oracle.hooks.oracle.OracleHook","filename":"sql.py","lineno":861}
{"timestamp":"2026-07-08T16:43:19.499007Z","level":"info","event":"Rows affected: 0","logger":"airflow.task.hooks.airflow.providers.oracle.hooks.oracle.OracleHook","filename":"sql.py","lineno":879}
{"timestamp":"2026-07-08T16:43:29.530509Z","level":"info","event":"Poking: SELECT COUNT(*) FROM demo_user.client_b_load_status\nWHERE status = 'COMPLETE' AND processed = 0 (with parameters None)","logger":"airflow.task.operators.airflow.providers.common.sql.sensors.sql.SqlSensor","filename":"sql.py","lineno":100}
{"timestamp":"2026-07-08T16:43:29.599315Z","level":"info","event":"Running statement: SELECT COUNT(*) FROM demo_user.client_b_load_status\nWHERE status = 'COMPLETE' AND processed = 0, parameters: None","logger":"airflow.task.hooks.airflow.providers.oracle.hooks.oracle.OracleHook","filename":"sql.py","lineno":861}
{"timestamp":"2026-07-08T16:43:29.600450Z","level":"info","event":"Rows affected: 0","logger":"airflow.task.hooks.airflow.providers.oracle.hooks.oracle.OracleHook","filename":"sql.py","lineno":879}
{"timestamp":"2026-07-08T16:43:39.669712Z","level":"info","event":"Poking: SELECT COUNT(*) FROM demo_user.client_b_load_status\nWHERE status = 'COMPLETE' AND processed = 0 (with parameters None)","logger":"airflow.task.operators.airflow.providers.common.sql.sensors.sql.SqlSensor","filename":"sql.py","lineno":100}
{"timestamp":"2026-07-08T16:43:39.736539Z","level":"info","event":"Running statement: SELECT COUNT(*) FROM demo_user.client_b_load_status\nWHERE status = 'COMPLETE' AND processed = 0, parameters: None","logger":"airflow.task.hooks.airflow.providers.oracle.hooks.oracle.OracleHook","filename":"sql.py","lineno":861}
{"timestamp":"2026-07-08T16:43:39.738450Z","level":"info","event":"Rows affected: 0","logger":"airflow.task.hooks.airflow.providers.oracle.hooks.oracle.OracleHook","filename":"sql.py","lineno":879}
{"timestamp":"2026-07-08T16:43:49.782786Z","level":"info","event":"Poking: SELECT COUNT(*) FROM demo_user.client_b_load_status\nWHERE status = 'COMPLETE' AND processed = 0 (with parameters None)","logger":"airflow.task.operators.airflow.providers.common.sql.sensors.sql.SqlSensor","filename":"sql.py","lineno":100}
{"timestamp":"2026-07-08T16:43:49.842112Z","level":"info","event":"Running statement: SELECT COUNT(*) FROM demo_user.client_b_load_status\nWHERE status = 'COMPLETE' AND processed = 0, parameters: None","logger":"airflow.task.hooks.airflow.providers.oracle.hooks.oracle.OracleHook","filename":"sql.py","lineno":861}
{"timestamp":"2026-07-08T16:43:49.843371Z","level":"info","event":"Rows affected: 0","logger":"airflow.task.hooks.airflow.providers.oracle.hooks.oracle.OracleHook","filename":"sql.py","lineno":879}
{"timestamp":"2026-07-08T16:43:59.882029Z","level":"info","event":"Poking: SELECT COUNT(*) FROM demo_user.client_b_load_status\nWHERE status = 'COMPLETE' AND processed = 0 (with parameters None)","logger":"airflow.task.operators.airflow.providers.common.sql.sensors.sql.SqlSensor","filename":"sql.py","lineno":100}
{"timestamp":"2026-07-08T16:43:59.947166Z","level":"info","event":"Running statement: SELECT COUNT(*) FROM demo_user.client_b_load_status\nWHERE status = 'COMPLETE' AND processed = 0, parameters: None","logger":"airflow.task.hooks.airflow.providers.oracle.hooks.oracle.OracleHook","filename":"sql.py","lineno":861}
{"timestamp":"2026-07-08T16:43:59.948200Z","level":"info","event":"Rows affected: 0","logger":"airflow.task.hooks.airflow.providers.oracle.hooks.oracle.OracleHook","filename":"sql.py","lineno":879}
{"timestamp":"2026-07-08T16:44:09.980951Z","level":"info","event":"Poking: SELECT COUNT(*) FROM demo_user.client_b_load_status\nWHERE status = 'COMPLETE' AND processed = 0 (with parameters None)","logger":"airflow.task.operators.airflow.providers.common.sql.sensors.sql.SqlSensor","filename":"sql.py","lineno":100}
{"timestamp":"2026-07-08T16:44:10.045405Z","level":"info","event":"Running statement: SELECT COUNT(*) FROM demo_user.client_b_load_status\nWHERE status = 'COMPLETE' AND processed = 0, parameters: None","logger":"airflow.task.hooks.airflow.providers.oracle.hooks.oracle.OracleHook","filename":"sql.py","lineno":861}
{"timestamp":"2026-07-08T16:44:10.046730Z","level":"info","event":"Rows affected: 0","logger":"airflow.task.hooks.airflow.providers.oracle.hooks.oracle.OracleHook","filename":"sql.py","lineno":879}
{"timestamp":"2026-07-08T16:44:20.112736Z","level":"info","event":"Poking: SELECT COUNT(*) FROM demo_user.client_b_load_status\nWHERE status = 'COMPLETE' AND processed = 0 (with parameters None)","logger":"airflow.task.operators.airflow.providers.common.sql.sensors.sql.SqlSensor","filename":"sql.py","lineno":100}
{"timestamp":"2026-07-08T16:44:20.192651Z","level":"info","event":"Running statement: SELECT COUNT(*) FROM demo_user.client_b_load_status\nWHERE status = 'COMPLETE' AND processed = 0, parameters: None","logger":"airflow.task.hooks.airflow.providers.oracle.hooks.oracle.OracleHook","filename":"sql.py","lineno":861}
{"timestamp":"2026-07-08T16:44:20.194579Z","level":"info","event":"Rows affected: 0","logger":"airflow.task.hooks.airflow.providers.oracle.hooks.oracle.OracleHook","filename":"sql.py","lineno":879}
{"timestamp":"2026-07-08T16:44:30.230838Z","level":"info","event":"Poking: SELECT COUNT(*) FROM demo_user.client_b_load_status\nWHERE status = 'COMPLETE' AND processed = 0 (with parameters None)","logger":"airflow.task.operators.airflow.providers.common.sql.sensors.sql.SqlSensor","filename":"sql.py","lineno":100}
{"timestamp":"2026-07-08T16:44:30.289206Z","level":"info","event":"Running statement: SELECT COUNT(*) FROM demo_user.client_b_load_status\nWHERE status = 'COMPLETE' AND processed = 0, parameters: None","logger":"airflow.task.hooks.airflow.providers.oracle.hooks.oracle.OracleHook","filename":"sql.py","lineno":861}
{"timestamp":"2026-07-08T16:44:30.290517Z","level":"info","event":"Rows affected: 0","logger":"airflow.task.hooks.airflow.providers.oracle.hooks.oracle.OracleHook","filename":"sql.py","lineno":879}
{"timestamp":"2026-07-08T16:44:40.331931Z","level":"info","event":"Poking: SELECT COUNT(*) FROM demo_user.client_b_load_status\nWHERE status = 'COMPLETE' AND processed = 0 (with parameters None)","logger":"airflow.task.operators.airflow.providers.common.sql.sensors.sql.SqlSensor","filename":"sql.py","lineno":100}
{"timestamp":"2026-07-08T16:44:40.409433Z","level":"info","event":"Running statement: SELECT COUNT(*) FROM demo_user.client_b_load_status\nWHERE status = 'COMPLETE' AND processed = 0, parameters: None","logger":"airflow.task.hooks.airflow.providers.oracle.hooks.oracle.OracleHook","filename":"sql.py","lineno":861}
{"timestamp":"2026-07-08T16:44:40.411373Z","level":"info","event":"Rows affected: 0","logger":"airflow.task.hooks.airflow.providers.oracle.hooks.oracle.OracleHook","filename":"sql.py","lineno":879}
{"timestamp":"2026-07-08T16:44:50.452857Z","level":"info","event":"Poking: SELECT COUNT(*) FROM demo_user.client_b_load_status\nWHERE status = 'COMPLETE' AND processed = 0 (with parameters None)","logger":"airflow.task.operators.airflow.providers.common.sql.sensors.sql.SqlSensor","filename":"sql.py","lineno":100}
{"timestamp":"2026-07-08T16:44:50.516943Z","level":"info","event":"Running statement: SELECT COUNT(*) FROM demo_user.client_b_load_status\nWHERE status = 'COMPLETE' AND processed = 0, parameters: None","logger":"airflow.task.hooks.airflow.providers.oracle.hooks.oracle.OracleHook","filename":"sql.py","lineno":861}
{"timestamp":"2026-07-08T16:44:50.518161Z","level":"info","event":"Rows affected: 0","logger":"airflow.task.hooks.airflow.providers.oracle.hooks.oracle.OracleHook","filename":"sql.py","lineno":879}
{"timestamp":"2026-07-08T16:45:00.554514Z","level":"info","event":"Poking: SELECT COUNT(*) FROM demo_user.client_b_load_status\nWHERE status = 'COMPLETE' AND processed = 0 (with parameters None)","logger":"airflow.task.operators.airflow.providers.common.sql.sensors.sql.SqlSensor","filename":"sql.py","lineno":100}
{"timestamp":"2026-07-08T16:45:00.627641Z","level":"info","event":"Running statement: SELECT COUNT(*) FROM demo_user.client_b_load_status\nWHERE status = 'COMPLETE' AND processed = 0, parameters: None","logger":"airflow.task.hooks.airflow.providers.oracle.hooks.oracle.OracleHook","filename":"sql.py","lineno":861}
{"timestamp":"2026-07-08T16:45:00.629179Z","level":"info","event":"Rows affected: 0","logger":"airflow.task.hooks.airflow.providers.oracle.hooks.oracle.OracleHook","filename":"sql.py","lineno":879}
{"timestamp":"2026-07-08T16:45:10.666313Z","level":"info","event":"Poking: SELECT COUNT(*) FROM demo_user.client_b_load_status\nWHERE status = 'COMPLETE' AND processed = 0 (with parameters None)","logger":"airflow.task.operators.airflow.providers.common.sql.sensors.sql.SqlSensor","filename":"sql.py","lineno":100}
{"timestamp":"2026-07-08T16:45:10.724727Z","level":"info","event":"Running statement: SELECT COUNT(*) FROM demo_user.client_b_load_status\nWHERE status = 'COMPLETE' AND processed = 0, parameters: None","logger":"airflow.task.hooks.airflow.providers.oracle.hooks.oracle.OracleHook","filename":"sql.py","lineno":861}
{"timestamp":"2026-07-08T16:45:10.726427Z","level":"info","event":"Rows affected: 0","logger":"airflow.task.hooks.airflow.providers.oracle.hooks.oracle.OracleHook","filename":"sql.py","lineno":879}
{"timestamp":"2026-07-08T16:45:20.765760Z","level":"info","event":"Poking: SELECT COUNT(*) FROM demo_user.client_b_load_status\nWHERE status = 'COMPLETE' AND processed = 0 (with parameters None)","logger":"airflow.task.operators.airflow.providers.common.sql.sensors.sql.SqlSensor","filename":"sql.py","lineno":100}
{"timestamp":"2026-07-08T16:45:20.828474Z","level":"info","event":"Running statement: SELECT COUNT(*) FROM demo_user.client_b_load_status\nWHERE status = 'COMPLETE' AND processed = 0, parameters: None","logger":"airflow.task.hooks.airflow.providers.oracle.hooks.oracle.OracleHook","filename":"sql.py","lineno":861}
{"timestamp":"2026-07-08T16:45:20.829713Z","level":"info","event":"Rows affected: 0","logger":"airflow.task.hooks.airflow.providers.oracle.hooks.oracle.OracleHook","filename":"sql.py","lineno":879}
{"timestamp":"2026-07-08T16:45:30.862545Z","level":"info","event":"Poking: SELECT COUNT(*) FROM demo_user.client_b_load_status\nWHERE status = 'COMPLETE' AND processed = 0 (with parameters None)","logger":"airflow.task.operators.airflow.providers.common.sql.sensors.sql.SqlSensor","filename":"sql.py","lineno":100}
{"timestamp":"2026-07-08T16:45:30.917111Z","level":"info","event":"Running statement: SELECT COUNT(*) FROM demo_user.client_b_load_status\nWHERE status = 'COMPLETE' AND processed = 0, parameters: None","logger":"airflow.task.hooks.airflow.providers.oracle.hooks.oracle.OracleHook","filename":"sql.py","lineno":861}
{"timestamp":"2026-07-08T16:45:30.918275Z","level":"info","event":"Rows affected: 0","logger":"airflow.task.hooks.airflow.providers.oracle.hooks.oracle.OracleHook","filename":"sql.py","lineno":879}
{"timestamp":"2026-07-08T16:45:40.960028Z","level":"info","event":"Poking: SELECT COUNT(*) FROM demo_user.client_b_load_status\nWHERE status = 'COMPLETE' AND processed = 0 (with parameters None)","logger":"airflow.task.operators.airflow.providers.common.sql.sensors.sql.SqlSensor","filename":"sql.py","lineno":100}
{"timestamp":"2026-07-08T16:45:41.026693Z","level":"info","event":"Running statement: SELECT COUNT(*) FROM demo_user.client_b_load_status\nWHERE status = 'COMPLETE' AND processed = 0, parameters: None","logger":"airflow.task.hooks.airflow.providers.oracle.hooks.oracle.OracleHook","filename":"sql.py","lineno":861}
{"timestamp":"2026-07-08T16:45:41.027977Z","level":"info","event":"Rows affected: 0","logger":"airflow.task.hooks.airflow.providers.oracle.hooks.oracle.OracleHook","filename":"sql.py","lineno":879}
{"timestamp":"2026-07-08T16:45:51.062658Z","level":"info","event":"Poking: SELECT COUNT(*) FROM demo_user.client_b_load_status\nWHERE status = 'COMPLETE' AND processed = 0 (with parameters None)","logger":"airflow.task.operators.airflow.providers.common.sql.sensors.sql.SqlSensor","filename":"sql.py","lineno":100}
{"timestamp":"2026-07-08T16:45:51.128475Z","level":"info","event":"Running statement: SELECT COUNT(*) FROM demo_user.client_b_load_status\nWHERE status = 'COMPLETE' AND processed = 0, parameters: None","logger":"airflow.task.hooks.airflow.providers.oracle.hooks.oracle.OracleHook","filename":"sql.py","lineno":861}
{"timestamp":"2026-07-08T16:45:51.129887Z","level":"info","event":"Rows affected: 0","logger":"airflow.task.hooks.airflow.providers.oracle.hooks.oracle.OracleHook","filename":"sql.py","lineno":879}
{"timestamp":"2026-07-08T16:46:01.163735Z","level":"info","event":"Poking: SELECT COUNT(*) FROM demo_user.client_b_load_status\nWHERE status = 'COMPLETE' AND processed = 0 (with parameters None)","logger":"airflow.task.operators.airflow.providers.common.sql.sensors.sql.SqlSensor","filename":"sql.py","lineno":100}
{"timestamp":"2026-07-08T16:46:01.224696Z","level":"info","event":"Running statement: SELECT COUNT(*) FROM demo_user.client_b_load_status\nWHERE status = 'COMPLETE' AND processed = 0, parameters: None","logger":"airflow.task.hooks.airflow.providers.oracle.hooks.oracle.OracleHook","filename":"sql.py","lineno":861}
{"timestamp":"2026-07-08T16:46:01.226030Z","level":"info","event":"Rows affected: 0","logger":"airflow.task.hooks.airflow.providers.oracle.hooks.oracle.OracleHook","filename":"sql.py","lineno":879}
{"timestamp":"2026-07-08T16:46:11.265061Z","level":"info","event":"Poking: SELECT COUNT(*) FROM demo_user.client_b_load_status\nWHERE status = 'COMPLETE' AND processed = 0 (with parameters None)","logger":"airflow.task.operators.airflow.providers.common.sql.sensors.sql.SqlSensor","filename":"sql.py","lineno":100}
{"timestamp":"2026-07-08T16:46:11.332455Z","level":"info","event":"Running statement: SELECT COUNT(*) FROM demo_user.client_b_load_status\nWHERE status = 'COMPLETE' AND processed = 0, parameters: None","logger":"airflow.task.hooks.airflow.providers.oracle.hooks.oracle.OracleHook","filename":"sql.py","lineno":861}
{"timestamp":"2026-07-08T16:46:11.333464Z","level":"info","event":"Rows affected: 0","logger":"airflow.task.hooks.airflow.providers.oracle.hooks.oracle.OracleHook","filename":"sql.py","lineno":879}
{"timestamp":"2026-07-08T16:46:21.374888Z","level":"info","event":"Poking: SELECT COUNT(*) FROM demo_user.client_b_load_status\nWHERE status = 'COMPLETE' AND processed = 0 (with parameters None)","logger":"airflow.task.operators.airflow.providers.common.sql.sensors.sql.SqlSensor","filename":"sql.py","lineno":100}
{"timestamp":"2026-07-08T16:46:21.434390Z","level":"info","event":"Running statement: SELECT COUNT(*) FROM demo_user.client_b_load_status\nWHERE status = 'COMPLETE' AND processed = 0, parameters: None","logger":"airflow.task.hooks.airflow.providers.oracle.hooks.oracle.OracleHook","filename":"sql.py","lineno":861}
{"timestamp":"2026-07-08T16:46:21.435451Z","level":"info","event":"Rows affected: 0","logger":"airflow.task.hooks.airflow.providers.oracle.hooks.oracle.OracleHook","filename":"sql.py","lineno":879}
{"timestamp":"2026-07-08T16:46:31.481428Z","level":"info","event":"Poking: SELECT COUNT(*) FROM demo_user.client_b_load_status\nWHERE status = 'COMPLETE' AND processed = 0 (with parameters None)","logger":"airflow.task.operators.airflow.providers.common.sql.sensors.sql.SqlSensor","filename":"sql.py","lineno":100}
{"timestamp":"2026-07-08T16:46:31.567421Z","level":"info","event":"Running statement: SELECT COUNT(*) FROM demo_user.client_b_load_status\nWHERE status = 'COMPLETE' AND processed = 0, parameters: None","logger":"airflow.task.hooks.airflow.providers.oracle.hooks.oracle.OracleHook","filename":"sql.py","lineno":861}
{"timestamp":"2026-07-08T16:46:31.569038Z","level":"info","event":"Rows affected: 0","logger":"airflow.task.hooks.airflow.providers.oracle.hooks.oracle.OracleHook","filename":"sql.py","lineno":879}
{"timestamp":"2026-07-08T16:46:41.602093Z","level":"info","event":"Poking: SELECT COUNT(*) FROM demo_user.client_b_load_status\nWHERE status = 'COMPLETE' AND processed = 0 (with parameters None)","logger":"airflow.task.operators.airflow.providers.common.sql.sensors.sql.SqlSensor","filename":"sql.py","lineno":100}
{"timestamp":"2026-07-08T16:46:41.674279Z","level":"info","event":"Running statement: SELECT COUNT(*) FROM demo_user.client_b_load_status\nWHERE status = 'COMPLETE' AND processed = 0, parameters: None","logger":"airflow.task.hooks.airflow.providers.oracle.hooks.oracle.OracleHook","filename":"sql.py","lineno":861}
{"timestamp":"2026-07-08T16:46:41.676874Z","level":"info","event":"Rows affected: 0","logger":"airflow.task.hooks.airflow.providers.oracle.hooks.oracle.OracleHook","filename":"sql.py","lineno":879}
{"timestamp":"2026-07-08T16:46:51.702431Z","level":"info","event":"Poking: SELECT COUNT(*) FROM demo_user.client_b_load_status\nWHERE status = 'COMPLETE' AND processed = 0 (with parameters None)","logger":"airflow.task.operators.airflow.providers.common.sql.sensors.sql.SqlSensor","filename":"sql.py","lineno":100}
{"timestamp":"2026-07-08T16:46:51.756558Z","level":"info","event":"Running statement: SELECT COUNT(*) FROM demo_user.client_b_load_status\nWHERE status = 'COMPLETE' AND processed = 0, parameters: None","logger":"airflow.task.hooks.airflow.providers.oracle.hooks.oracle.OracleHook","filename":"sql.py","lineno":861}
{"timestamp":"2026-07-08T16:46:51.757791Z","level":"info","event":"Rows affected: 0","logger":"airflow.task.hooks.airflow.providers.oracle.hooks.oracle.OracleHook","filename":"sql.py","lineno":879}
{"timestamp":"2026-07-08T16:47:01.788221Z","level":"info","event":"Poking: SELECT COUNT(*) FROM demo_user.client_b_load_status\nWHERE status = 'COMPLETE' AND processed = 0 (with parameters None)","logger":"airflow.task.operators.airflow.providers.common.sql.sensors.sql.SqlSensor","filename":"sql.py","lineno":100}
{"timestamp":"2026-07-08T16:47:01.837850Z","level":"info","event":"Running statement: SELECT COUNT(*) FROM demo_user.client_b_load_status\nWHERE status = 'COMPLETE' AND processed = 0, parameters: None","logger":"airflow.task.hooks.airflow.providers.oracle.hooks.oracle.OracleHook","filename":"sql.py","lineno":861}
{"timestamp":"2026-07-08T16:47:01.839462Z","level":"info","event":"Rows affected: 0","logger":"airflow.task.hooks.airflow.providers.oracle.hooks.oracle.OracleHook","filename":"sql.py","lineno":879}
{"timestamp":"2026-07-08T16:47:11.875792Z","level":"info","event":"Poking: SELECT COUNT(*) FROM demo_user.client_b_load_status\nWHERE status = 'COMPLETE' AND processed = 0 (with parameters None)","logger":"airflow.task.operators.airflow.providers.common.sql.sensors.sql.SqlSensor","filename":"sql.py","lineno":100}
{"timestamp":"2026-07-08T16:47:11.926021Z","level":"info","event":"Running statement: SELECT COUNT(*) FROM demo_user.client_b_load_status\nWHERE status = 'COMPLETE' AND processed = 0, parameters: None","logger":"airflow.task.hooks.airflow.providers.oracle.hooks.oracle.OracleHook","filename":"sql.py","lineno":861}
{"timestamp":"2026-07-08T16:47:11.926957Z","level":"info","event":"Rows affected: 0","logger":"airflow.task.hooks.airflow.providers.oracle.hooks.oracle.OracleHook","filename":"sql.py","lineno":879}
{"timestamp":"2026-07-08T16:47:21.960454Z","level":"info","event":"Poking: SELECT COUNT(*) FROM demo_user.client_b_load_status\nWHERE status = 'COMPLETE' AND processed = 0 (with parameters None)","logger":"airflow.task.operators.airflow.providers.common.sql.sensors.sql.SqlSensor","filename":"sql.py","lineno":100}
{"timestamp":"2026-07-08T16:47:22.017921Z","level":"info","event":"Running statement: SELECT COUNT(*) FROM demo_user.client_b_load_status\nWHERE status = 'COMPLETE' AND processed = 0, parameters: None","logger":"airflow.task.hooks.airflow.providers.oracle.hooks.oracle.OracleHook","filename":"sql.py","lineno":861}
{"timestamp":"2026-07-08T16:47:22.019212Z","level":"info","event":"Rows affected: 0","logger":"airflow.task.hooks.airflow.providers.oracle.hooks.oracle.OracleHook","filename":"sql.py","lineno":879}
{"timestamp":"2026-07-08T16:47:32.055106Z","level":"info","event":"Poking: SELECT COUNT(*) FROM demo_user.client_b_load_status\nWHERE status = 'COMPLETE' AND processed = 0 (with parameters None)","logger":"airflow.task.operators.airflow.providers.common.sql.sensors.sql.SqlSensor","filename":"sql.py","lineno":100}
{"timestamp":"2026-07-08T16:47:32.114266Z","level":"info","event":"Running statement: SELECT COUNT(*) FROM demo_user.client_b_load_status\nWHERE status = 'COMPLETE' AND processed = 0, parameters: None","logger":"airflow.task.hooks.airflow.providers.oracle.hooks.oracle.OracleHook","filename":"sql.py","lineno":861}
{"timestamp":"2026-07-08T16:47:32.115349Z","level":"info","event":"Rows affected: 0","logger":"airflow.task.hooks.airflow.providers.oracle.hooks.oracle.OracleHook","filename":"sql.py","lineno":879}
{"timestamp":"2026-07-08T16:47:42.151159Z","level":"info","event":"Poking: SELECT COUNT(*) FROM demo_user.client_b_load_status\nWHERE status = 'COMPLETE' AND processed = 0 (with parameters None)","logger":"airflow.task.operators.airflow.providers.common.sql.sensors.sql.SqlSensor","filename":"sql.py","lineno":100}
{"timestamp":"2026-07-08T16:47:42.212289Z","level":"info","event":"Running statement: SELECT COUNT(*) FROM demo_user.client_b_load_status\nWHERE status = 'COMPLETE' AND processed = 0, parameters: None","logger":"airflow.task.hooks.airflow.providers.oracle.hooks.oracle.OracleHook","filename":"sql.py","lineno":861}
{"timestamp":"2026-07-08T16:47:42.213189Z","level":"info","event":"Rows affected: 0","logger":"airflow.task.hooks.airflow.providers.oracle.hooks.oracle.OracleHook","filename":"sql.py","lineno":879}
{"timestamp":"2026-07-08T16:47:52.251472Z","level":"info","event":"Poking: SELECT COUNT(*) FROM demo_user.client_b_load_status\nWHERE status = 'COMPLETE' AND processed = 0 (with parameters None)","logger":"airflow.task.operators.airflow.providers.common.sql.sensors.sql.SqlSensor","filename":"sql.py","lineno":100}
{"timestamp":"2026-07-08T16:47:52.316274Z","level":"info","event":"Running statement: SELECT COUNT(*) FROM demo_user.client_b_load_status\nWHERE status = 'COMPLETE' AND processed = 0, parameters: None","logger":"airflow.task.hooks.airflow.providers.oracle.hooks.oracle.OracleHook","filename":"sql.py","lineno":861}
{"timestamp":"2026-07-08T16:47:52.317389Z","level":"info","event":"Rows affected: 0","logger":"airflow.task.hooks.airflow.providers.oracle.hooks.oracle.OracleHook","filename":"sql.py","lineno":879}
{"timestamp":"2026-07-08T16:48:02.346165Z","level":"info","event":"Poking: SELECT COUNT(*) FROM demo_user.client_b_load_status\nWHERE status = 'COMPLETE' AND processed = 0 (with parameters None)","logger":"airflow.task.operators.airflow.providers.common.sql.sensors.sql.SqlSensor","filename":"sql.py","lineno":100}
{"timestamp":"2026-07-08T16:48:02.402920Z","level":"info","event":"Running statement: SELECT COUNT(*) FROM demo_user.client_b_load_status\nWHERE status = 'COMPLETE' AND processed = 0, parameters: None","logger":"airflow.task.hooks.airflow.providers.oracle.hooks.oracle.OracleHook","filename":"sql.py","lineno":861}
{"timestamp":"2026-07-08T16:48:02.404281Z","level":"info","event":"Rows affected: 0","logger":"airflow.task.hooks.airflow.providers.oracle.hooks.oracle.OracleHook","filename":"sql.py","lineno":879}
{"timestamp":"2026-07-08T16:48:12.438496Z","level":"info","event":"Poking: SELECT COUNT(*) FROM demo_user.client_b_load_status\nWHERE status = 'COMPLETE' AND processed = 0 (with parameters None)","logger":"airflow.task.operators.airflow.providers.common.sql.sensors.sql.SqlSensor","filename":"sql.py","lineno":100}
{"timestamp":"2026-07-08T16:48:12.513239Z","level":"info","event":"Running statement: SELECT COUNT(*) FROM demo_user.client_b_load_status\nWHERE status = 'COMPLETE' AND processed = 0, parameters: None","logger":"airflow.task.hooks.airflow.providers.oracle.hooks.oracle.OracleHook","filename":"sql.py","lineno":861}
{"timestamp":"2026-07-08T16:48:12.514913Z","level":"info","event":"Rows affected: 0","logger":"airflow.task.hooks.airflow.providers.oracle.hooks.oracle.OracleHook","filename":"sql.py","lineno":879}
{"timestamp":"2026-07-08T16:48:22.554001Z","level":"info","event":"Poking: SELECT COUNT(*) FROM demo_user.client_b_load_status\nWHERE status = 'COMPLETE' AND processed = 0 (with parameters None)","logger":"airflow.task.operators.airflow.providers.common.sql.sensors.sql.SqlSensor","filename":"sql.py","lineno":100}
{"timestamp":"2026-07-08T16:48:22.619961Z","level":"info","event":"Running statement: SELECT COUNT(*) FROM demo_user.client_b_load_status\nWHERE status = 'COMPLETE' AND processed = 0, parameters: None","logger":"airflow.task.hooks.airflow.providers.oracle.hooks.oracle.OracleHook","filename":"sql.py","lineno":861}
{"timestamp":"2026-07-08T16:48:22.622259Z","level":"info","event":"Rows affected: 0","logger":"airflow.task.hooks.airflow.providers.oracle.hooks.oracle.OracleHook","filename":"sql.py","lineno":879}
{"timestamp":"2026-07-08T16:48:32.661967Z","level":"info","event":"Poking: SELECT COUNT(*) FROM demo_user.client_b_load_status\nWHERE status = 'COMPLETE' AND processed = 0 (with parameters None)","logger":"airflow.task.operators.airflow.providers.common.sql.sensors.sql.SqlSensor","filename":"sql.py","lineno":100}
{"timestamp":"2026-07-08T16:48:32.720298Z","level":"info","event":"Running statement: SELECT COUNT(*) FROM demo_user.client_b_load_status\nWHERE status = 'COMPLETE' AND processed = 0, parameters: None","logger":"airflow.task.hooks.airflow.providers.oracle.hooks.oracle.OracleHook","filename":"sql.py","lineno":861}
{"timestamp":"2026-07-08T16:48:32.721439Z","level":"info","event":"Rows affected: 0","logger":"airflow.task.hooks.airflow.providers.oracle.hooks.oracle.OracleHook","filename":"sql.py","lineno":879}
{"timestamp":"2026-07-08T16:48:42.763811Z","level":"info","event":"Poking: SELECT COUNT(*) FROM demo_user.client_b_load_status\nWHERE status = 'COMPLETE' AND processed = 0 (with parameters None)","logger":"airflow.task.operators.airflow.providers.common.sql.sensors.sql.SqlSensor","filename":"sql.py","lineno":100}
{"timestamp":"2026-07-08T16:48:42.828777Z","level":"info","event":"Running statement: SELECT COUNT(*) FROM demo_user.client_b_load_status\nWHERE status = 'COMPLETE' AND processed = 0, parameters: None","logger":"airflow.task.hooks.airflow.providers.oracle.hooks.oracle.OracleHook","filename":"sql.py","lineno":861}
{"timestamp":"2026-07-08T16:48:42.830295Z","level":"info","event":"Rows affected: 0","logger":"airflow.task.hooks.airflow.providers.oracle.hooks.oracle.OracleHook","filename":"sql.py","lineno":879}
{"timestamp":"2026-07-08T16:48:52.873669Z","level":"info","event":"Poking: SELECT COUNT(*) FROM demo_user.client_b_load_status\nWHERE status = 'COMPLETE' AND processed = 0 (with parameters None)","logger":"airflow.task.operators.airflow.providers.common.sql.sensors.sql.SqlSensor","filename":"sql.py","lineno":100}
{"timestamp":"2026-07-08T16:48:52.933867Z","level":"info","event":"Running statement: SELECT COUNT(*) FROM demo_user.client_b_load_status\nWHERE status = 'COMPLETE' AND processed = 0, parameters: None","logger":"airflow.task.hooks.airflow.providers.oracle.hooks.oracle.OracleHook","filename":"sql.py","lineno":861}
{"timestamp":"2026-07-08T16:48:52.935231Z","level":"info","event":"Rows affected: 0","logger":"airflow.task.hooks.airflow.providers.oracle.hooks.oracle.OracleHook","filename":"sql.py","lineno":879}
{"timestamp":"2026-07-08T16:49:02.974645Z","level":"info","event":"Poking: SELECT COUNT(*) FROM demo_user.client_b_load_status\nWHERE status = 'COMPLETE' AND processed = 0 (with parameters None)","logger":"airflow.task.operators.airflow.providers.common.sql.sensors.sql.SqlSensor","filename":"sql.py","lineno":100}
{"timestamp":"2026-07-08T16:49:03.032878Z","level":"info","event":"Running statement: SELECT COUNT(*) FROM demo_user.client_b_load_status\nWHERE status = 'COMPLETE' AND processed = 0, parameters: None","logger":"airflow.task.hooks.airflow.providers.oracle.hooks.oracle.OracleHook","filename":"sql.py","lineno":861}
{"timestamp":"2026-07-08T16:49:03.034092Z","level":"info","event":"Rows affected: 0","logger":"airflow.task.hooks.airflow.providers.oracle.hooks.oracle.OracleHook","filename":"sql.py","lineno":879}
{"timestamp":"2026-07-08T16:49:13.082141Z","level":"info","event":"Poking: SELECT COUNT(*) FROM demo_user.client_b_load_status\nWHERE status = 'COMPLETE' AND processed = 0 (with parameters None)","logger":"airflow.task.operators.airflow.providers.common.sql.sensors.sql.SqlSensor","filename":"sql.py","lineno":100}
{"timestamp":"2026-07-08T16:49:13.147181Z","level":"info","event":"Running statement: SELECT COUNT(*) FROM demo_user.client_b_load_status\nWHERE status = 'COMPLETE' AND processed = 0, parameters: None","logger":"airflow.task.hooks.airflow.providers.oracle.hooks.oracle.OracleHook","filename":"sql.py","lineno":861}
{"timestamp":"2026-07-08T16:49:13.148489Z","level":"info","event":"Rows affected: 0","logger":"airflow.task.hooks.airflow.providers.oracle.hooks.oracle.OracleHook","filename":"sql.py","lineno":879}
{"timestamp":"2026-07-08T16:49:23.192090Z","level":"info","event":"Poking: SELECT COUNT(*) FROM demo_user.client_b_load_status\nWHERE status = 'COMPLETE' AND processed = 0 (with parameters None)","logger":"airflow.task.operators.airflow.providers.common.sql.sensors.sql.SqlSensor","filename":"sql.py","lineno":100}
{"timestamp":"2026-07-08T16:49:23.255190Z","level":"info","event":"Running statement: SELECT COUNT(*) FROM demo_user.client_b_load_status\nWHERE status = 'COMPLETE' AND processed = 0, parameters: None","logger":"airflow.task.hooks.airflow.providers.oracle.hooks.oracle.OracleHook","filename":"sql.py","lineno":861}
{"timestamp":"2026-07-08T16:49:23.256454Z","level":"info","event":"Rows affected: 0","logger":"airflow.task.hooks.airflow.providers.oracle.hooks.oracle.OracleHook","filename":"sql.py","lineno":879}
{"timestamp":"2026-07-08T16:49:33.296996Z","level":"info","event":"Poking: SELECT COUNT(*) FROM demo_user.client_b_load_status\nWHERE status = 'COMPLETE' AND processed = 0 (with parameters None)","logger":"airflow.task.operators.airflow.providers.common.sql.sensors.sql.SqlSensor","filename":"sql.py","lineno":100}
{"timestamp":"2026-07-08T16:49:33.358494Z","level":"info","event":"Running statement: SELECT COUNT(*) FROM demo_user.client_b_load_status\nWHERE status = 'COMPLETE' AND processed = 0, parameters: None","logger":"airflow.task.hooks.airflow.providers.oracle.hooks.oracle.OracleHook","filename":"sql.py","lineno":861}
{"timestamp":"2026-07-08T16:49:33.359781Z","level":"info","event":"Rows affected: 0","logger":"airflow.task.hooks.airflow.providers.oracle.hooks.oracle.OracleHook","filename":"sql.py","lineno":879}
{"timestamp":"2026-07-08T16:49:43.405923Z","level":"info","event":"Poking: SELECT COUNT(*) FROM demo_user.client_b_load_status\nWHERE status = 'COMPLETE' AND processed = 0 (with parameters None)","logger":"airflow.task.operators.airflow.providers.common.sql.sensors.sql.SqlSensor","filename":"sql.py","lineno":100}
{"timestamp":"2026-07-08T16:49:43.474337Z","level":"info","event":"Running statement: SELECT COUNT(*) FROM demo_user.client_b_load_status\nWHERE status = 'COMPLETE' AND processed = 0, parameters: None","logger":"airflow.task.hooks.airflow.providers.oracle.hooks.oracle.OracleHook","filename":"sql.py","lineno":861}
{"timestamp":"2026-07-08T16:49:43.475785Z","level":"info","event":"Rows affected: 0","logger":"airflow.task.hooks.airflow.providers.oracle.hooks.oracle.OracleHook","filename":"sql.py","lineno":879}
{"timestamp":"2026-07-08T16:49:53.518189Z","level":"info","event":"Poking: SELECT COUNT(*) FROM demo_user.client_b_load_status\nWHERE status = 'COMPLETE' AND processed = 0 (with parameters None)","logger":"airflow.task.operators.airflow.providers.common.sql.sensors.sql.SqlSensor","filename":"sql.py","lineno":100}
{"timestamp":"2026-07-08T16:49:53.582735Z","level":"info","event":"Running statement: SELECT COUNT(*) FROM demo_user.client_b_load_status\nWHERE status = 'COMPLETE' AND processed = 0, parameters: None","logger":"airflow.task.hooks.airflow.providers.oracle.hooks.oracle.OracleHook","filename":"sql.py","lineno":861}
{"timestamp":"2026-07-08T16:49:53.584728Z","level":"info","event":"Rows affected: 0","logger":"airflow.task.hooks.airflow.providers.oracle.hooks.oracle.OracleHook","filename":"sql.py","lineno":879}
{"timestamp":"2026-07-08T16:50:03.626645Z","level":"info","event":"Poking: SELECT COUNT(*) FROM demo_user.client_b_load_status\nWHERE status = 'COMPLETE' AND processed = 0 (with parameters None)","logger":"airflow.task.operators.airflow.providers.common.sql.sensors.sql.SqlSensor","filename":"sql.py","lineno":100}
{"timestamp":"2026-07-08T16:50:03.686950Z","level":"info","event":"Running statement: SELECT COUNT(*) FROM demo_user.client_b_load_status\nWHERE status = 'COMPLETE' AND processed = 0, parameters: None","logger":"airflow.task.hooks.airflow.providers.oracle.hooks.oracle.OracleHook","filename":"sql.py","lineno":861}
{"timestamp":"2026-07-08T16:50:03.687995Z","level":"info","event":"Rows affected: 0","logger":"airflow.task.hooks.airflow.providers.oracle.hooks.oracle.OracleHook","filename":"sql.py","lineno":879}
{"timestamp":"2026-07-08T16:50:13.700927Z","level":"info","event":"Poking: SELECT COUNT(*) FROM demo_user.client_b_load_status\nWHERE status = 'COMPLETE' AND processed = 0 (with parameters None)","logger":"airflow.task.operators.airflow.providers.common.sql.sensors.sql.SqlSensor","filename":"sql.py","lineno":100}
{"timestamp":"2026-07-08T16:50:13.770669Z","level":"info","event":"Running statement: SELECT COUNT(*) FROM demo_user.client_b_load_status\nWHERE status = 'COMPLETE' AND processed = 0, parameters: None","logger":"airflow.task.hooks.airflow.providers.oracle.hooks.oracle.OracleHook","filename":"sql.py","lineno":861}
{"timestamp":"2026-07-08T16:50:13.771922Z","level":"info","event":"Rows affected: 0","logger":"airflow.task.hooks.airflow.providers.oracle.hooks.oracle.OracleHook","filename":"sql.py","lineno":879}
{"timestamp":"2026-07-08T16:50:23.811818Z","level":"info","event":"Poking: SELECT COUNT(*) FROM demo_user.client_b_load_status\nWHERE status = 'COMPLETE' AND processed = 0 (with parameters None)","logger":"airflow.task.operators.airflow.providers.common.sql.sensors.sql.SqlSensor","filename":"sql.py","lineno":100}
{"timestamp":"2026-07-08T16:50:23.868193Z","level":"info","event":"Running statement: SELECT COUNT(*) FROM demo_user.client_b_load_status\nWHERE status = 'COMPLETE' AND processed = 0, parameters: None","logger":"airflow.task.hooks.airflow.providers.oracle.hooks.oracle.OracleHook","filename":"sql.py","lineno":861}
{"timestamp":"2026-07-08T16:50:23.869693Z","level":"info","event":"Rows affected: 0","logger":"airflow.task.hooks.airflow.providers.oracle.hooks.oracle.OracleHook","filename":"sql.py","lineno":879}
{"timestamp":"2026-07-08T16:50:33.903972Z","level":"info","event":"Poking: SELECT COUNT(*) FROM demo_user.client_b_load_status\nWHERE status = 'COMPLETE' AND processed = 0 (with parameters None)","logger":"airflow.task.operators.airflow.providers.common.sql.sensors.sql.SqlSensor","filename":"sql.py","lineno":100}
{"timestamp":"2026-07-08T16:50:33.973199Z","level":"info","event":"Running statement: SELECT COUNT(*) FROM demo_user.client_b_load_status\nWHERE status = 'COMPLETE' AND processed = 0, parameters: None","logger":"airflow.task.hooks.airflow.providers.oracle.hooks.oracle.OracleHook","filename":"sql.py","lineno":861}
{"timestamp":"2026-07-08T16:50:33.974823Z","level":"info","event":"Rows affected: 0","logger":"airflow.task.hooks.airflow.providers.oracle.hooks.oracle.OracleHook","filename":"sql.py","lineno":879}
{"timestamp":"2026-07-08T16:50:44.012824Z","level":"info","event":"Poking: SELECT COUNT(*) FROM demo_user.client_b_load_status\nWHERE status = 'COMPLETE' AND processed = 0 (with parameters None)","logger":"airflow.task.operators.airflow.providers.common.sql.sensors.sql.SqlSensor","filename":"sql.py","lineno":100}
{"timestamp":"2026-07-08T16:50:44.089061Z","level":"info","event":"Running statement: SELECT COUNT(*) FROM demo_user.client_b_load_status\nWHERE status = 'COMPLETE' AND processed = 0, parameters: None","logger":"airflow.task.hooks.airflow.providers.oracle.hooks.oracle.OracleHook","filename":"sql.py","lineno":861}
{"timestamp":"2026-07-08T16:50:44.090507Z","level":"info","event":"Rows affected: 0","logger":"airflow.task.hooks.airflow.providers.oracle.hooks.oracle.OracleHook","filename":"sql.py","lineno":879}
{"timestamp":"2026-07-08T16:50:54.132964Z","level":"info","event":"Poking: SELECT COUNT(*) FROM demo_user.client_b_load_status\nWHERE status = 'COMPLETE' AND processed = 0 (with parameters None)","logger":"airflow.task.operators.airflow.providers.common.sql.sensors.sql.SqlSensor","filename":"sql.py","lineno":100}
{"timestamp":"2026-07-08T16:50:54.193612Z","level":"info","event":"Running statement: SELECT COUNT(*) FROM demo_user.client_b_load_status\nWHERE status = 'COMPLETE' AND processed = 0, parameters: None","logger":"airflow.task.hooks.airflow.providers.oracle.hooks.oracle.OracleHook","filename":"sql.py","lineno":861}
{"timestamp":"2026-07-08T16:50:54.194922Z","level":"info","event":"Rows affected: 0","logger":"airflow.task.hooks.airflow.providers.oracle.hooks.oracle.OracleHook","filename":"sql.py","lineno":879}
{"timestamp":"2026-07-08T16:51:04.237996Z","level":"info","event":"Poking: SELECT COUNT(*) FROM demo_user.client_b_load_status\nWHERE status = 'COMPLETE' AND processed = 0 (with parameters None)","logger":"airflow.task.operators.airflow.providers.common.sql.sensors.sql.SqlSensor","filename":"sql.py","lineno":100}
{"timestamp":"2026-07-08T16:51:04.297981Z","level":"info","event":"Running statement: SELECT COUNT(*) FROM demo_user.client_b_load_status\nWHERE status = 'COMPLETE' AND processed = 0, parameters: None","logger":"airflow.task.hooks.airflow.providers.oracle.hooks.oracle.OracleHook","filename":"sql.py","lineno":861}
{"timestamp":"2026-07-08T16:51:04.299409Z","level":"info","event":"Rows affected: 0","logger":"airflow.task.hooks.airflow.providers.oracle.hooks.oracle.OracleHook","filename":"sql.py","lineno":879}
{"timestamp":"2026-07-08T16:51:14.343599Z","level":"info","event":"Poking: SELECT COUNT(*) FROM demo_user.client_b_load_status\nWHERE status = 'COMPLETE' AND processed = 0 (with parameters None)","logger":"airflow.task.operators.airflow.providers.common.sql.sensors.sql.SqlSensor","filename":"sql.py","lineno":100}
{"timestamp":"2026-07-08T16:51:14.402281Z","level":"info","event":"Running statement: SELECT COUNT(*) FROM demo_user.client_b_load_status\nWHERE status = 'COMPLETE' AND processed = 0, parameters: None","logger":"airflow.task.hooks.airflow.providers.oracle.hooks.oracle.OracleHook","filename":"sql.py","lineno":861}
{"timestamp":"2026-07-08T16:51:14.403202Z","level":"info","event":"Rows affected: 0","logger":"airflow.task.hooks.airflow.providers.oracle.hooks.oracle.OracleHook","filename":"sql.py","lineno":879}
{"timestamp":"2026-07-08T16:51:24.453044Z","level":"info","event":"Poking: SELECT COUNT(*) FROM demo_user.client_b_load_status\nWHERE status = 'COMPLETE' AND processed = 0 (with parameters None)","logger":"airflow.task.operators.airflow.providers.common.sql.sensors.sql.SqlSensor","filename":"sql.py","lineno":100}
{"timestamp":"2026-07-08T16:51:24.552437Z","level":"info","event":"Running statement: SELECT COUNT(*) FROM demo_user.client_b_load_status\nWHERE status = 'COMPLETE' AND processed = 0, parameters: None","logger":"airflow.task.hooks.airflow.providers.oracle.hooks.oracle.OracleHook","filename":"sql.py","lineno":861}
{"timestamp":"2026-07-08T16:51:24.555631Z","level":"info","event":"Rows affected: 0","logger":"airflow.task.hooks.airflow.providers.oracle.hooks.oracle.OracleHook","filename":"sql.py","lineno":879}
{"timestamp":"2026-07-08T16:51:34.600775Z","level":"info","event":"Poking: SELECT COUNT(*) FROM demo_user.client_b_load_status\nWHERE status = 'COMPLETE' AND processed = 0 (with parameters None)","logger":"airflow.task.operators.airflow.providers.common.sql.sensors.sql.SqlSensor","filename":"sql.py","lineno":100}
{"timestamp":"2026-07-08T16:51:34.667276Z","level":"info","event":"Running statement: SELECT COUNT(*) FROM demo_user.client_b_load_status\nWHERE status = 'COMPLETE' AND processed = 0, parameters: None","logger":"airflow.task.hooks.airflow.providers.oracle.hooks.oracle.OracleHook","filename":"sql.py","lineno":861}
{"timestamp":"2026-07-08T16:51:34.668825Z","level":"info","event":"Rows affected: 0","logger":"airflow.task.hooks.airflow.providers.oracle.hooks.oracle.OracleHook","filename":"sql.py","lineno":879}
{"timestamp":"2026-07-08T16:51:44.725027Z","level":"info","event":"Poking: SELECT COUNT(*) FROM demo_user.client_b_load_status\nWHERE status = 'COMPLETE' AND processed = 0 (with parameters None)","logger":"airflow.task.operators.airflow.providers.common.sql.sensors.sql.SqlSensor","filename":"sql.py","lineno":100}
{"timestamp":"2026-07-08T16:51:44.791962Z","level":"info","event":"Running statement: SELECT COUNT(*) FROM demo_user.client_b_load_status\nWHERE status = 'COMPLETE' AND processed = 0, parameters: None","logger":"airflow.task.hooks.airflow.providers.oracle.hooks.oracle.OracleHook","filename":"sql.py","lineno":861}
{"timestamp":"2026-07-08T16:51:44.793624Z","level":"info","event":"Rows affected: 0","logger":"airflow.task.hooks.airflow.providers.oracle.hooks.oracle.OracleHook","filename":"sql.py","lineno":879}
{"timestamp":"2026-07-08T16:51:54.853286Z","level":"info","event":"Poking: SELECT COUNT(*) FROM demo_user.client_b_load_status\nWHERE status = 'COMPLETE' AND processed = 0 (with parameters None)","logger":"airflow.task.operators.airflow.providers.common.sql.sensors.sql.SqlSensor","filename":"sql.py","lineno":100}
{"timestamp":"2026-07-08T16:51:54.913792Z","level":"info","event":"Running statement: SELECT COUNT(*) FROM demo_user.client_b_load_status\nWHERE status = 'COMPLETE' AND processed = 0, parameters: None","logger":"airflow.task.hooks.airflow.providers.oracle.hooks.oracle.OracleHook","filename":"sql.py","lineno":861}
{"timestamp":"2026-07-08T16:51:54.915023Z","level":"info","event":"Rows affected: 0","logger":"airflow.task.hooks.airflow.providers.oracle.hooks.oracle.OracleHook","filename":"sql.py","lineno":879}
{"timestamp":"2026-07-08T16:52:04.952774Z","level":"info","event":"Poking: SELECT COUNT(*) FROM demo_user.client_b_load_status\nWHERE status = 'COMPLETE' AND processed = 0 (with parameters None)","logger":"airflow.task.operators.airflow.providers.common.sql.sensors.sql.SqlSensor","filename":"sql.py","lineno":100}
{"timestamp":"2026-07-08T16:52:05.006811Z","level":"info","event":"Running statement: SELECT COUNT(*) FROM demo_user.client_b_load_status\nWHERE status = 'COMPLETE' AND processed = 0, parameters: None","logger":"airflow.task.hooks.airflow.providers.oracle.hooks.oracle.OracleHook","filename":"sql.py","lineno":861}
{"timestamp":"2026-07-08T16:52:05.007765Z","level":"info","event":"Rows affected: 0","logger":"airflow.task.hooks.airflow.providers.oracle.hooks.oracle.OracleHook","filename":"sql.py","lineno":879}
{"timestamp":"2026-07-08T16:52:15.047462Z","level":"info","event":"Poking: SELECT COUNT(*) FROM demo_user.client_b_load_status\nWHERE status = 'COMPLETE' AND processed = 0 (with parameters None)","logger":"airflow.task.operators.airflow.providers.common.sql.sensors.sql.SqlSensor","filename":"sql.py","lineno":100}
{"timestamp":"2026-07-08T16:52:15.103350Z","level":"info","event":"Running statement: SELECT COUNT(*) FROM demo_user.client_b_load_status\nWHERE status = 'COMPLETE' AND processed = 0, parameters: None","logger":"airflow.task.hooks.airflow.providers.oracle.hooks.oracle.OracleHook","filename":"sql.py","lineno":861}
{"timestamp":"2026-07-08T16:52:15.104300Z","level":"info","event":"Rows affected: 0","logger":"airflow.task.hooks.airflow.providers.oracle.hooks.oracle.OracleHook","filename":"sql.py","lineno":879}
{"timestamp":"2026-07-08T16:52:25.150264Z","level":"info","event":"Poking: SELECT COUNT(*) FROM demo_user.client_b_load_status\nWHERE status = 'COMPLETE' AND processed = 0 (with parameters None)","logger":"airflow.task.operators.airflow.providers.common.sql.sensors.sql.SqlSensor","filename":"sql.py","lineno":100}
{"timestamp":"2026-07-08T16:52:25.222676Z","level":"info","event":"Running statement: SELECT COUNT(*) FROM demo_user.client_b_load_status\nWHERE status = 'COMPLETE' AND processed = 0, parameters: None","logger":"airflow.task.hooks.airflow.providers.oracle.hooks.oracle.OracleHook","filename":"sql.py","lineno":861}
{"timestamp":"2026-07-08T16:52:25.223668Z","level":"info","event":"Rows affected: 0","logger":"airflow.task.hooks.airflow.providers.oracle.hooks.oracle.OracleHook","filename":"sql.py","lineno":879}
{"timestamp":"2026-07-08T16:52:35.265521Z","level":"info","event":"Poking: SELECT COUNT(*) FROM demo_user.client_b_load_status\nWHERE status = 'COMPLETE' AND processed = 0 (with parameters None)","logger":"airflow.task.operators.airflow.providers.common.sql.sensors.sql.SqlSensor","filename":"sql.py","lineno":100}
{"timestamp":"2026-07-08T16:52:35.329044Z","level":"info","event":"Running statement: SELECT COUNT(*) FROM demo_user.client_b_load_status\nWHERE status = 'COMPLETE' AND processed = 0, parameters: None","logger":"airflow.task.hooks.airflow.providers.oracle.hooks.oracle.OracleHook","filename":"sql.py","lineno":861}
{"timestamp":"2026-07-08T16:52:35.330420Z","level":"info","event":"Rows affected: 0","logger":"airflow.task.hooks.airflow.providers.oracle.hooks.oracle.OracleHook","filename":"sql.py","lineno":879}
{"timestamp":"2026-07-08T16:52:45.370280Z","level":"info","event":"Poking: SELECT COUNT(*) FROM demo_user.client_b_load_status\nWHERE status = 'COMPLETE' AND processed = 0 (with parameters None)","logger":"airflow.task.operators.airflow.providers.common.sql.sensors.sql.SqlSensor","filename":"sql.py","lineno":100}
{"timestamp":"2026-07-08T16:52:45.428280Z","level":"info","event":"Running statement: SELECT COUNT(*) FROM demo_user.client_b_load_status\nWHERE status = 'COMPLETE' AND processed = 0, parameters: None","logger":"airflow.task.hooks.airflow.providers.oracle.hooks.oracle.OracleHook","filename":"sql.py","lineno":861}
{"timestamp":"2026-07-08T16:52:45.429969Z","level":"info","event":"Rows affected: 0","logger":"airflow.task.hooks.airflow.providers.oracle.hooks.oracle.OracleHook","filename":"sql.py","lineno":879}
{"timestamp":"2026-07-08T16:52:55.474903Z","level":"info","event":"Poking: SELECT COUNT(*) FROM demo_user.client_b_load_status\nWHERE status = 'COMPLETE' AND processed = 0 (with parameters None)","logger":"airflow.task.operators.airflow.providers.common.sql.sensors.sql.SqlSensor","filename":"sql.py","lineno":100}
{"timestamp":"2026-07-08T16:52:55.541525Z","level":"info","event":"Running statement: SELECT COUNT(*) FROM demo_user.client_b_load_status\nWHERE status = 'COMPLETE' AND processed = 0, parameters: None","logger":"airflow.task.hooks.airflow.providers.oracle.hooks.oracle.OracleHook","filename":"sql.py","lineno":861}
{"timestamp":"2026-07-08T16:52:55.542759Z","level":"info","event":"Rows affected: 0","logger":"airflow.task.hooks.airflow.providers.oracle.hooks.oracle.OracleHook","filename":"sql.py","lineno":879}
{"timestamp":"2026-07-08T16:53:05.583660Z","level":"info","event":"Poking: SELECT COUNT(*) FROM demo_user.client_b_load_status\nWHERE status = 'COMPLETE' AND processed = 0 (with parameters None)","logger":"airflow.task.operators.airflow.providers.common.sql.sensors.sql.SqlSensor","filename":"sql.py","lineno":100}
{"timestamp":"2026-07-08T16:53:05.642929Z","level":"info","event":"Running statement: SELECT COUNT(*) FROM demo_user.client_b_load_status\nWHERE status = 'COMPLETE' AND processed = 0, parameters: None","logger":"airflow.task.hooks.airflow.providers.oracle.hooks.oracle.OracleHook","filename":"sql.py","lineno":861}
{"timestamp":"2026-07-08T16:53:05.644325Z","level":"info","event":"Rows affected: 0","logger":"airflow.task.hooks.airflow.providers.oracle.hooks.oracle.OracleHook","filename":"sql.py","lineno":879}
{"timestamp":"2026-07-08T16:53:15.687689Z","level":"info","event":"Poking: SELECT COUNT(*) FROM demo_user.client_b_load_status\nWHERE status = 'COMPLETE' AND processed = 0 (with parameters None)","logger":"airflow.task.operators.airflow.providers.common.sql.sensors.sql.SqlSensor","filename":"sql.py","lineno":100}
{"timestamp":"2026-07-08T16:53:15.748438Z","level":"info","event":"Running statement: SELECT COUNT(*) FROM demo_user.client_b_load_status\nWHERE status = 'COMPLETE' AND processed = 0, parameters: None","logger":"airflow.task.hooks.airflow.providers.oracle.hooks.oracle.OracleHook","filename":"sql.py","lineno":861}
{"timestamp":"2026-07-08T16:53:15.749541Z","level":"info","event":"Rows affected: 0","logger":"airflow.task.hooks.airflow.providers.oracle.hooks.oracle.OracleHook","filename":"sql.py","lineno":879}
{"timestamp":"2026-07-08T16:53:25.788881Z","level":"info","event":"Poking: SELECT COUNT(*) FROM demo_user.client_b_load_status\nWHERE status = 'COMPLETE' AND processed = 0 (with parameters None)","logger":"airflow.task.operators.airflow.providers.common.sql.sensors.sql.SqlSensor","filename":"sql.py","lineno":100}
{"timestamp":"2026-07-08T16:53:25.842917Z","level":"info","event":"Running statement: SELECT COUNT(*) FROM demo_user.client_b_load_status\nWHERE status = 'COMPLETE' AND processed = 0, parameters: None","logger":"airflow.task.hooks.airflow.providers.oracle.hooks.oracle.OracleHook","filename":"sql.py","lineno":861}
{"timestamp":"2026-07-08T16:53:25.844059Z","level":"info","event":"Rows affected: 0","logger":"airflow.task.hooks.airflow.providers.oracle.hooks.oracle.OracleHook","filename":"sql.py","lineno":879}
{"timestamp":"2026-07-08T16:53:35.881502Z","level":"info","event":"Poking: SELECT COUNT(*) FROM demo_user.client_b_load_status\nWHERE status = 'COMPLETE' AND processed = 0 (with parameters None)","logger":"airflow.task.operators.airflow.providers.common.sql.sensors.sql.SqlSensor","filename":"sql.py","lineno":100}
{"timestamp":"2026-07-08T16:53:35.941611Z","level":"info","event":"Running statement: SELECT COUNT(*) FROM demo_user.client_b_load_status\nWHERE status = 'COMPLETE' AND processed = 0, parameters: None","logger":"airflow.task.hooks.airflow.providers.oracle.hooks.oracle.OracleHook","filename":"sql.py","lineno":861}
{"timestamp":"2026-07-08T16:53:35.943684Z","level":"info","event":"Rows affected: 0","logger":"airflow.task.hooks.airflow.providers.oracle.hooks.oracle.OracleHook","filename":"sql.py","lineno":879}
{"timestamp":"2026-07-08T16:53:45.987068Z","level":"info","event":"Poking: SELECT COUNT(*) FROM demo_user.client_b_load_status\nWHERE status = 'COMPLETE' AND processed = 0 (with parameters None)","logger":"airflow.task.operators.airflow.providers.common.sql.sensors.sql.SqlSensor","filename":"sql.py","lineno":100}
{"timestamp":"2026-07-08T16:53:46.056066Z","level":"info","event":"Running statement: SELECT COUNT(*) FROM demo_user.client_b_load_status\nWHERE status = 'COMPLETE' AND processed = 0, parameters: None","logger":"airflow.task.hooks.airflow.providers.oracle.hooks.oracle.OracleHook","filename":"sql.py","lineno":861}
{"timestamp":"2026-07-08T16:53:46.057486Z","level":"info","event":"Rows affected: 0","logger":"airflow.task.hooks.airflow.providers.oracle.hooks.oracle.OracleHook","filename":"sql.py","lineno":879}
{"timestamp":"2026-07-08T16:53:56.103037Z","level":"info","event":"Poking: SELECT COUNT(*) FROM demo_user.client_b_load_status\nWHERE status = 'COMPLETE' AND processed = 0 (with parameters None)","logger":"airflow.task.operators.airflow.providers.common.sql.sensors.sql.SqlSensor","filename":"sql.py","lineno":100}
{"timestamp":"2026-07-08T16:53:56.167130Z","level":"info","event":"Running statement: SELECT COUNT(*) FROM demo_user.client_b_load_status\nWHERE status = 'COMPLETE' AND processed = 0, parameters: None","logger":"airflow.task.hooks.airflow.providers.oracle.hooks.oracle.OracleHook","filename":"sql.py","lineno":861}
{"timestamp":"2026-07-08T16:53:56.168578Z","level":"info","event":"Rows affected: 0","logger":"airflow.task.hooks.airflow.providers.oracle.hooks.oracle.OracleHook","filename":"sql.py","lineno":879}
{"timestamp":"2026-07-08T16:54:06.214920Z","level":"info","event":"Poking: SELECT COUNT(*) FROM demo_user.client_b_load_status\nWHERE status = 'COMPLETE' AND processed = 0 (with parameters None)","logger":"airflow.task.operators.airflow.providers.common.sql.sensors.sql.SqlSensor","filename":"sql.py","lineno":100}
{"timestamp":"2026-07-08T16:54:06.277247Z","level":"info","event":"Running statement: SELECT COUNT(*) FROM demo_user.client_b_load_status\nWHERE status = 'COMPLETE' AND processed = 0, parameters: None","logger":"airflow.task.hooks.airflow.providers.oracle.hooks.oracle.OracleHook","filename":"sql.py","lineno":861}
{"timestamp":"2026-07-08T16:54:06.278714Z","level":"info","event":"Rows affected: 0","logger":"airflow.task.hooks.airflow.providers.oracle.hooks.oracle.OracleHook","filename":"sql.py","lineno":879}
{"timestamp":"2026-07-08T16:54:16.324304Z","level":"info","event":"Poking: SELECT COUNT(*) FROM demo_user.client_b_load_status\nWHERE status = 'COMPLETE' AND processed = 0 (with parameters None)","logger":"airflow.task.operators.airflow.providers.common.sql.sensors.sql.SqlSensor","filename":"sql.py","lineno":100}
{"timestamp":"2026-07-08T16:54:16.399268Z","level":"info","event":"Running statement: SELECT COUNT(*) FROM demo_user.client_b_load_status\nWHERE status = 'COMPLETE' AND processed = 0, parameters: None","logger":"airflow.task.hooks.airflow.providers.oracle.hooks.oracle.OracleHook","filename":"sql.py","lineno":861}
{"timestamp":"2026-07-08T16:54:16.400500Z","level":"info","event":"Rows affected: 0","logger":"airflow.task.hooks.airflow.providers.oracle.hooks.oracle.OracleHook","filename":"sql.py","lineno":879}
{"timestamp":"2026-07-08T16:54:26.445576Z","level":"info","event":"Poking: SELECT COUNT(*) FROM demo_user.client_b_load_status\nWHERE status = 'COMPLETE' AND processed = 0 (with parameters None)","logger":"airflow.task.operators.airflow.providers.common.sql.sensors.sql.SqlSensor","filename":"sql.py","lineno":100}
{"timestamp":"2026-07-08T16:54:26.562157Z","level":"info","event":"Running statement: SELECT COUNT(*) FROM demo_user.client_b_load_status\nWHERE status = 'COMPLETE' AND processed = 0, parameters: None","logger":"airflow.task.hooks.airflow.providers.oracle.hooks.oracle.OracleHook","filename":"sql.py","lineno":861}
{"timestamp":"2026-07-08T16:54:26.564416Z","level":"info","event":"Rows affected: 0","logger":"airflow.task.hooks.airflow.providers.oracle.hooks.oracle.OracleHook","filename":"sql.py","lineno":879}
{"timestamp":"2026-07-08T16:54:36.603654Z","level":"info","event":"Poking: SELECT COUNT(*) FROM demo_user.client_b_load_status\nWHERE status = 'COMPLETE' AND processed = 0 (with parameters None)","logger":"airflow.task.operators.airflow.providers.common.sql.sensors.sql.SqlSensor","filename":"sql.py","lineno":100}
{"timestamp":"2026-07-08T16:54:36.692069Z","level":"info","event":"Running statement: SELECT COUNT(*) FROM demo_user.client_b_load_status\nWHERE status = 'COMPLETE' AND processed = 0, parameters: None","logger":"airflow.task.hooks.airflow.providers.oracle.hooks.oracle.OracleHook","filename":"sql.py","lineno":861}
{"timestamp":"2026-07-08T16:54:36.693590Z","level":"info","event":"Rows affected: 0","logger":"airflow.task.hooks.airflow.providers.oracle.hooks.oracle.OracleHook","filename":"sql.py","lineno":879}
{"timestamp":"2026-07-08T16:54:46.743845Z","level":"info","event":"Poking: SELECT COUNT(*) FROM demo_user.client_b_load_status\nWHERE status = 'COMPLETE' AND processed = 0 (with parameters None)","logger":"airflow.task.operators.airflow.providers.common.sql.sensors.sql.SqlSensor","filename":"sql.py","lineno":100}
{"timestamp":"2026-07-08T16:54:46.804207Z","level":"info","event":"Running statement: SELECT COUNT(*) FROM demo_user.client_b_load_status\nWHERE status = 'COMPLETE' AND processed = 0, parameters: None","logger":"airflow.task.hooks.airflow.providers.oracle.hooks.oracle.OracleHook","filename":"sql.py","lineno":861}
{"timestamp":"2026-07-08T16:54:46.805151Z","level":"info","event":"Rows affected: 0","logger":"airflow.task.hooks.airflow.providers.oracle.hooks.oracle.OracleHook","filename":"sql.py","lineno":879}
{"timestamp":"2026-07-08T16:54:56.877931Z","level":"info","event":"Poking: SELECT COUNT(*) FROM demo_user.client_b_load_status\nWHERE status = 'COMPLETE' AND processed = 0 (with parameters None)","logger":"airflow.task.operators.airflow.providers.common.sql.sensors.sql.SqlSensor","filename":"sql.py","lineno":100}
{"timestamp":"2026-07-08T16:54:57.032375Z","level":"info","event":"Running statement: SELECT COUNT(*) FROM demo_user.client_b_load_status\nWHERE status = 'COMPLETE' AND processed = 0, parameters: None","logger":"airflow.task.hooks.airflow.providers.oracle.hooks.oracle.OracleHook","filename":"sql.py","lineno":861}
{"timestamp":"2026-07-08T16:54:57.034799Z","level":"info","event":"Rows affected: 0","logger":"airflow.task.hooks.airflow.providers.oracle.hooks.oracle.OracleHook","filename":"sql.py","lineno":879}
{"timestamp":"2026-07-08T16:55:07.072527Z","level":"info","event":"Poking: SELECT COUNT(*) FROM demo_user.client_b_load_status\nWHERE status = 'COMPLETE' AND processed = 0 (with parameters None)","logger":"airflow.task.operators.airflow.providers.common.sql.sensors.sql.SqlSensor","filename":"sql.py","lineno":100}
{"timestamp":"2026-07-08T16:55:07.143704Z","level":"info","event":"Running statement: SELECT COUNT(*) FROM demo_user.client_b_load_status\nWHERE status = 'COMPLETE' AND processed = 0, parameters: None","logger":"airflow.task.hooks.airflow.providers.oracle.hooks.oracle.OracleHook","filename":"sql.py","lineno":861}
{"timestamp":"2026-07-08T16:55:07.145043Z","level":"info","event":"Rows affected: 0","logger":"airflow.task.hooks.airflow.providers.oracle.hooks.oracle.OracleHook","filename":"sql.py","lineno":879}
{"timestamp":"2026-07-08T16:55:17.196667Z","level":"info","event":"Poking: SELECT COUNT(*) FROM demo_user.client_b_load_status\nWHERE status = 'COMPLETE' AND processed = 0 (with parameters None)","logger":"airflow.task.operators.airflow.providers.common.sql.sensors.sql.SqlSensor","filename":"sql.py","lineno":100}
{"timestamp":"2026-07-08T16:55:17.264111Z","level":"info","event":"Running statement: SELECT COUNT(*) FROM demo_user.client_b_load_status\nWHERE status = 'COMPLETE' AND processed = 0, parameters: None","logger":"airflow.task.hooks.airflow.providers.oracle.hooks.oracle.OracleHook","filename":"sql.py","lineno":861}
{"timestamp":"2026-07-08T16:55:17.265641Z","level":"info","event":"Rows affected: 0","logger":"airflow.task.hooks.airflow.providers.oracle.hooks.oracle.OracleHook","filename":"sql.py","lineno":879}
{"timestamp":"2026-07-08T16:55:27.311031Z","level":"info","event":"Poking: SELECT COUNT(*) FROM demo_user.client_b_load_status\nWHERE status = 'COMPLETE' AND processed = 0 (with parameters None)","logger":"airflow.task.operators.airflow.providers.common.sql.sensors.sql.SqlSensor","filename":"sql.py","lineno":100}
{"timestamp":"2026-07-08T16:55:27.406719Z","level":"info","event":"Running statement: SELECT COUNT(*) FROM demo_user.client_b_load_status\nWHERE status = 'COMPLETE' AND processed = 0, parameters: None","logger":"airflow.task.hooks.airflow.providers.oracle.hooks.oracle.OracleHook","filename":"sql.py","lineno":861}
{"timestamp":"2026-07-08T16:55:27.408672Z","level":"info","event":"Rows affected: 0","logger":"airflow.task.hooks.airflow.providers.oracle.hooks.oracle.OracleHook","filename":"sql.py","lineno":879}
{"timestamp":"2026-07-08T16:55:37.466458Z","level":"info","event":"Poking: SELECT COUNT(*) FROM demo_user.client_b_load_status\nWHERE status = 'COMPLETE' AND processed = 0 (with parameters None)","logger":"airflow.task.operators.airflow.providers.common.sql.sensors.sql.SqlSensor","filename":"sql.py","lineno":100}
{"timestamp":"2026-07-08T16:55:37.558356Z","level":"info","event":"Running statement: SELECT COUNT(*) FROM demo_user.client_b_load_status\nWHERE status = 'COMPLETE' AND processed = 0, parameters: None","logger":"airflow.task.hooks.airflow.providers.oracle.hooks.oracle.OracleHook","filename":"sql.py","lineno":861}
{"timestamp":"2026-07-08T16:55:37.560567Z","level":"info","event":"Rows affected: 0","logger":"airflow.task.hooks.airflow.providers.oracle.hooks.oracle.OracleHook","filename":"sql.py","lineno":879}
{"timestamp":"2026-07-08T16:55:47.618114Z","level":"info","event":"Poking: SELECT COUNT(*) FROM demo_user.client_b_load_status\nWHERE status = 'COMPLETE' AND processed = 0 (with parameters None)","logger":"airflow.task.operators.airflow.providers.common.sql.sensors.sql.SqlSensor","filename":"sql.py","lineno":100}
{"timestamp":"2026-07-08T16:55:47.694028Z","level":"info","event":"Running statement: SELECT COUNT(*) FROM demo_user.client_b_load_status\nWHERE status = 'COMPLETE' AND processed = 0, parameters: None","logger":"airflow.task.hooks.airflow.providers.oracle.hooks.oracle.OracleHook","filename":"sql.py","lineno":861}
{"timestamp":"2026-07-08T16:55:47.695601Z","level":"info","event":"Rows affected: 0","logger":"airflow.task.hooks.airflow.providers.oracle.hooks.oracle.OracleHook","filename":"sql.py","lineno":879}
{"timestamp":"2026-07-08T16:55:57.736499Z","level":"info","event":"Poking: SELECT COUNT(*) FROM demo_user.client_b_load_status\nWHERE status = 'COMPLETE' AND processed = 0 (with parameters None)","logger":"airflow.task.operators.airflow.providers.common.sql.sensors.sql.SqlSensor","filename":"sql.py","lineno":100}
{"timestamp":"2026-07-08T16:55:57.801790Z","level":"info","event":"Running statement: SELECT COUNT(*) FROM demo_user.client_b_load_status\nWHERE status = 'COMPLETE' AND processed = 0, parameters: None","logger":"airflow.task.hooks.airflow.providers.oracle.hooks.oracle.OracleHook","filename":"sql.py","lineno":861}
{"timestamp":"2026-07-08T16:55:57.802856Z","level":"info","event":"Rows affected: 0","logger":"airflow.task.hooks.airflow.providers.oracle.hooks.oracle.OracleHook","filename":"sql.py","lineno":879}
{"timestamp":"2026-07-08T16:56:07.838426Z","level":"info","event":"Poking: SELECT COUNT(*) FROM demo_user.client_b_load_status\nWHERE status = 'COMPLETE' AND processed = 0 (with parameters None)","logger":"airflow.task.operators.airflow.providers.common.sql.sensors.sql.SqlSensor","filename":"sql.py","lineno":100}
{"timestamp":"2026-07-08T16:56:07.897046Z","level":"info","event":"Running statement: SELECT COUNT(*) FROM demo_user.client_b_load_status\nWHERE status = 'COMPLETE' AND processed = 0, parameters: None","logger":"airflow.task.hooks.airflow.providers.oracle.hooks.oracle.OracleHook","filename":"sql.py","lineno":861}
{"timestamp":"2026-07-08T16:56:07.898105Z","level":"info","event":"Rows affected: 0","logger":"airflow.task.hooks.airflow.providers.oracle.hooks.oracle.OracleHook","filename":"sql.py","lineno":879}
{"timestamp":"2026-07-08T16:56:17.941581Z","level":"info","event":"Poking: SELECT COUNT(*) FROM demo_user.client_b_load_status\nWHERE status = 'COMPLETE' AND processed = 0 (with parameters None)","logger":"airflow.task.operators.airflow.providers.common.sql.sensors.sql.SqlSensor","filename":"sql.py","lineno":100}
{"timestamp":"2026-07-08T16:56:18.001376Z","level":"info","event":"Running statement: SELECT COUNT(*) FROM demo_user.client_b_load_status\nWHERE status = 'COMPLETE' AND processed = 0, parameters: None","logger":"airflow.task.hooks.airflow.providers.oracle.hooks.oracle.OracleHook","filename":"sql.py","lineno":861}
{"timestamp":"2026-07-08T16:56:18.002589Z","level":"info","event":"Rows affected: 0","logger":"airflow.task.hooks.airflow.providers.oracle.hooks.oracle.OracleHook","filename":"sql.py","lineno":879}
{"timestamp":"2026-07-08T16:56:28.034716Z","level":"info","event":"Poking: SELECT COUNT(*) FROM demo_user.client_b_load_status\nWHERE status = 'COMPLETE' AND processed = 0 (with parameters None)","logger":"airflow.task.operators.airflow.providers.common.sql.sensors.sql.SqlSensor","filename":"sql.py","lineno":100}
{"timestamp":"2026-07-08T16:56:28.097947Z","level":"info","event":"Running statement: SELECT COUNT(*) FROM demo_user.client_b_load_status\nWHERE status = 'COMPLETE' AND processed = 0, parameters: None","logger":"airflow.task.hooks.airflow.providers.oracle.hooks.oracle.OracleHook","filename":"sql.py","lineno":861}
{"timestamp":"2026-07-08T16:56:28.099077Z","level":"info","event":"Rows affected: 0","logger":"airflow.task.hooks.airflow.providers.oracle.hooks.oracle.OracleHook","filename":"sql.py","lineno":879}
{"timestamp":"2026-07-08T16:56:38.138357Z","level":"info","event":"Poking: SELECT COUNT(*) FROM demo_user.client_b_load_status\nWHERE status = 'COMPLETE' AND processed = 0 (with parameters None)","logger":"airflow.task.operators.airflow.providers.common.sql.sensors.sql.SqlSensor","filename":"sql.py","lineno":100}
{"timestamp":"2026-07-08T16:56:38.210749Z","level":"info","event":"Running statement: SELECT COUNT(*) FROM demo_user.client_b_load_status\nWHERE status = 'COMPLETE' AND processed = 0, parameters: None","logger":"airflow.task.hooks.airflow.providers.oracle.hooks.oracle.OracleHook","filename":"sql.py","lineno":861}
{"timestamp":"2026-07-08T16:56:38.212363Z","level":"info","event":"Rows affected: 0","logger":"airflow.task.hooks.airflow.providers.oracle.hooks.oracle.OracleHook","filename":"sql.py","lineno":879}
{"timestamp":"2026-07-08T16:56:48.246182Z","level":"info","event":"Poking: SELECT COUNT(*) FROM demo_user.client_b_load_status\nWHERE status = 'COMPLETE' AND processed = 0 (with parameters None)","logger":"airflow.task.operators.airflow.providers.common.sql.sensors.sql.SqlSensor","filename":"sql.py","lineno":100}
{"timestamp":"2026-07-08T16:56:48.301274Z","level":"info","event":"Running statement: SELECT COUNT(*) FROM demo_user.client_b_load_status\nWHERE status = 'COMPLETE' AND processed = 0, parameters: None","logger":"airflow.task.hooks.airflow.providers.oracle.hooks.oracle.OracleHook","filename":"sql.py","lineno":861}
{"timestamp":"2026-07-08T16:56:48.302411Z","level":"info","event":"Rows affected: 0","logger":"airflow.task.hooks.airflow.providers.oracle.hooks.oracle.OracleHook","filename":"sql.py","lineno":879}
{"timestamp":"2026-07-08T16:56:58.344438Z","level":"info","event":"Poking: SELECT COUNT(*) FROM demo_user.client_b_load_status\nWHERE status = 'COMPLETE' AND processed = 0 (with parameters None)","logger":"airflow.task.operators.airflow.providers.common.sql.sensors.sql.SqlSensor","filename":"sql.py","lineno":100}
{"timestamp":"2026-07-08T16:56:58.407206Z","level":"info","event":"Running statement: SELECT COUNT(*) FROM demo_user.client_b_load_status\nWHERE status = 'COMPLETE' AND processed = 0, parameters: None","logger":"airflow.task.hooks.airflow.providers.oracle.hooks.oracle.OracleHook","filename":"sql.py","lineno":861}
{"timestamp":"2026-07-08T16:56:58.409095Z","level":"info","event":"Rows affected: 0","logger":"airflow.task.hooks.airflow.providers.oracle.hooks.oracle.OracleHook","filename":"sql.py","lineno":879}
{"timestamp":"2026-07-08T16:57:08.448734Z","level":"info","event":"Poking: SELECT COUNT(*) FROM demo_user.client_b_load_status\nWHERE status = 'COMPLETE' AND processed = 0 (with parameters None)","logger":"airflow.task.operators.airflow.providers.common.sql.sensors.sql.SqlSensor","filename":"sql.py","lineno":100}
{"timestamp":"2026-07-08T16:57:08.512977Z","level":"info","event":"Running statement: SELECT COUNT(*) FROM demo_user.client_b_load_status\nWHERE status = 'COMPLETE' AND processed = 0, parameters: None","logger":"airflow.task.hooks.airflow.providers.oracle.hooks.oracle.OracleHook","filename":"sql.py","lineno":861}
{"timestamp":"2026-07-08T16:57:08.514216Z","level":"info","event":"Rows affected: 0","logger":"airflow.task.hooks.airflow.providers.oracle.hooks.oracle.OracleHook","filename":"sql.py","lineno":879}
{"timestamp":"2026-07-08T16:57:18.562136Z","level":"info","event":"Poking: SELECT COUNT(*) FROM demo_user.client_b_load_status\nWHERE status = 'COMPLETE' AND processed = 0 (with parameters None)","logger":"airflow.task.operators.airflow.providers.common.sql.sensors.sql.SqlSensor","filename":"sql.py","lineno":100}
{"timestamp":"2026-07-08T16:57:18.670306Z","level":"info","event":"Running statement: SELECT COUNT(*) FROM demo_user.client_b_load_status\nWHERE status = 'COMPLETE' AND processed = 0, parameters: None","logger":"airflow.task.hooks.airflow.providers.oracle.hooks.oracle.OracleHook","filename":"sql.py","lineno":861}
{"timestamp":"2026-07-08T16:57:18.672682Z","level":"info","event":"Rows affected: 0","logger":"airflow.task.hooks.airflow.providers.oracle.hooks.oracle.OracleHook","filename":"sql.py","lineno":879}
{"timestamp":"2026-07-08T16:57:28.721526Z","level":"info","event":"Poking: SELECT COUNT(*) FROM demo_user.client_b_load_status\nWHERE status = 'COMPLETE' AND processed = 0 (with parameters None)","logger":"airflow.task.operators.airflow.providers.common.sql.sensors.sql.SqlSensor","filename":"sql.py","lineno":100}
{"timestamp":"2026-07-08T16:57:28.846467Z","level":"info","event":"Running statement: SELECT COUNT(*) FROM demo_user.client_b_load_status\nWHERE status = 'COMPLETE' AND processed = 0, parameters: None","logger":"airflow.task.hooks.airflow.providers.oracle.hooks.oracle.OracleHook","filename":"sql.py","lineno":861}
{"timestamp":"2026-07-08T16:57:28.848337Z","level":"info","event":"Rows affected: 0","logger":"airflow.task.hooks.airflow.providers.oracle.hooks.oracle.OracleHook","filename":"sql.py","lineno":879}
{"timestamp":"2026-07-08T16:57:38.913241Z","level":"info","event":"Poking: SELECT COUNT(*) FROM demo_user.client_b_load_status\nWHERE status = 'COMPLETE' AND processed = 0 (with parameters None)","logger":"airflow.task.operators.airflow.providers.common.sql.sensors.sql.SqlSensor","filename":"sql.py","lineno":100}
{"timestamp":"2026-07-08T16:57:39.035489Z","level":"info","event":"Running statement: SELECT COUNT(*) FROM demo_user.client_b_load_status\nWHERE status = 'COMPLETE' AND processed = 0, parameters: None","logger":"airflow.task.hooks.airflow.providers.oracle.hooks.oracle.OracleHook","filename":"sql.py","lineno":861}
{"timestamp":"2026-07-08T16:57:39.038488Z","level":"info","event":"Rows affected: 0","logger":"airflow.task.hooks.airflow.providers.oracle.hooks.oracle.OracleHook","filename":"sql.py","lineno":879}
{"timestamp":"2026-07-08T16:57:49.083527Z","level":"info","event":"Poking: SELECT COUNT(*) FROM demo_user.client_b_load_status\nWHERE status = 'COMPLETE' AND processed = 0 (with parameters None)","logger":"airflow.task.operators.airflow.providers.common.sql.sensors.sql.SqlSensor","filename":"sql.py","lineno":100}
{"timestamp":"2026-07-08T16:57:49.191092Z","level":"info","event":"Running statement: SELECT COUNT(*) FROM demo_user.client_b_load_status\nWHERE status = 'COMPLETE' AND processed = 0, parameters: None","logger":"airflow.task.hooks.airflow.providers.oracle.hooks.oracle.OracleHook","filename":"sql.py","lineno":861}
{"timestamp":"2026-07-08T16:57:49.193762Z","level":"info","event":"Rows affected: 0","logger":"airflow.task.hooks.airflow.providers.oracle.hooks.oracle.OracleHook","filename":"sql.py","lineno":879}
{"timestamp":"2026-07-08T16:57:59.242165Z","level":"info","event":"Poking: SELECT COUNT(*) FROM demo_user.client_b_load_status\nWHERE status = 'COMPLETE' AND processed = 0 (with parameters None)","logger":"airflow.task.operators.airflow.providers.common.sql.sensors.sql.SqlSensor","filename":"sql.py","lineno":100}
{"timestamp":"2026-07-08T16:57:59.314626Z","level":"info","event":"Running statement: SELECT COUNT(*) FROM demo_user.client_b_load_status\nWHERE status = 'COMPLETE' AND processed = 0, parameters: None","logger":"airflow.task.hooks.airflow.providers.oracle.hooks.oracle.OracleHook","filename":"sql.py","lineno":861}
{"timestamp":"2026-07-08T16:57:59.315808Z","level":"info","event":"Rows affected: 0","logger":"airflow.task.hooks.airflow.providers.oracle.hooks.oracle.OracleHook","filename":"sql.py","lineno":879}
{"timestamp":"2026-07-08T16:58:09.363305Z","level":"info","event":"Poking: SELECT COUNT(*) FROM demo_user.client_b_load_status\nWHERE status = 'COMPLETE' AND processed = 0 (with parameters None)","logger":"airflow.task.operators.airflow.providers.common.sql.sensors.sql.SqlSensor","filename":"sql.py","lineno":100}
{"timestamp":"2026-07-08T16:58:09.438460Z","level":"info","event":"Running statement: SELECT COUNT(*) FROM demo_user.client_b_load_status\nWHERE status = 'COMPLETE' AND processed = 0, parameters: None","logger":"airflow.task.hooks.airflow.providers.oracle.hooks.oracle.OracleHook","filename":"sql.py","lineno":861}
{"timestamp":"2026-07-08T16:58:09.439922Z","level":"info","event":"Rows affected: 0","logger":"airflow.task.hooks.airflow.providers.oracle.hooks.oracle.OracleHook","filename":"sql.py","lineno":879}
{"timestamp":"2026-07-08T16:58:19.482544Z","level":"info","event":"Poking: SELECT COUNT(*) FROM demo_user.client_b_load_status\nWHERE status = 'COMPLETE' AND processed = 0 (with parameters None)","logger":"airflow.task.operators.airflow.providers.common.sql.sensors.sql.SqlSensor","filename":"sql.py","lineno":100}
{"timestamp":"2026-07-08T16:58:19.542281Z","level":"info","event":"Running statement: SELECT COUNT(*) FROM demo_user.client_b_load_status\nWHERE status = 'COMPLETE' AND processed = 0, parameters: None","logger":"airflow.task.hooks.airflow.providers.oracle.hooks.oracle.OracleHook","filename":"sql.py","lineno":861}
{"timestamp":"2026-07-08T16:58:19.543787Z","level":"info","event":"Rows affected: 0","logger":"airflow.task.hooks.airflow.providers.oracle.hooks.oracle.OracleHook","filename":"sql.py","lineno":879}
{"timestamp":"2026-07-08T16:58:29.574017Z","level":"info","event":"Poking: SELECT COUNT(*) FROM demo_user.client_b_load_status\nWHERE status = 'COMPLETE' AND processed = 0 (with parameters None)","logger":"airflow.task.operators.airflow.providers.common.sql.sensors.sql.SqlSensor","filename":"sql.py","lineno":100}
{"timestamp":"2026-07-08T16:58:29.647932Z","level":"info","event":"Running statement: SELECT COUNT(*) FROM demo_user.client_b_load_status\nWHERE status = 'COMPLETE' AND processed = 0, parameters: None","logger":"airflow.task.hooks.airflow.providers.oracle.hooks.oracle.OracleHook","filename":"sql.py","lineno":861}
{"timestamp":"2026-07-08T16:58:29.650094Z","level":"info","event":"Rows affected: 0","logger":"airflow.task.hooks.airflow.providers.oracle.hooks.oracle.OracleHook","filename":"sql.py","lineno":879}
{"timestamp":"2026-07-08T16:58:39.686703Z","level":"info","event":"Poking: SELECT COUNT(*) FROM demo_user.client_b_load_status\nWHERE status = 'COMPLETE' AND processed = 0 (with parameters None)","logger":"airflow.task.operators.airflow.providers.common.sql.sensors.sql.SqlSensor","filename":"sql.py","lineno":100}
{"timestamp":"2026-07-08T16:58:39.740464Z","level":"info","event":"Running statement: SELECT COUNT(*) FROM demo_user.client_b_load_status\nWHERE status = 'COMPLETE' AND processed = 0, parameters: None","logger":"airflow.task.hooks.airflow.providers.oracle.hooks.oracle.OracleHook","filename":"sql.py","lineno":861}
{"timestamp":"2026-07-08T16:58:39.741441Z","level":"info","event":"Rows affected: 0","logger":"airflow.task.hooks.airflow.providers.oracle.hooks.oracle.OracleHook","filename":"sql.py","lineno":879}
{"timestamp":"2026-07-08T16:58:49.784199Z","level":"info","event":"Poking: SELECT COUNT(*) FROM demo_user.client_b_load_status\nWHERE status = 'COMPLETE' AND processed = 0 (with parameters None)","logger":"airflow.task.operators.airflow.providers.common.sql.sensors.sql.SqlSensor","filename":"sql.py","lineno":100}
{"timestamp":"2026-07-08T16:58:49.850225Z","level":"info","event":"Running statement: SELECT COUNT(*) FROM demo_user.client_b_load_status\nWHERE status = 'COMPLETE' AND processed = 0, parameters: None","logger":"airflow.task.hooks.airflow.providers.oracle.hooks.oracle.OracleHook","filename":"sql.py","lineno":861}
{"timestamp":"2026-07-08T16:58:49.851173Z","level":"info","event":"Rows affected: 0","logger":"airflow.task.hooks.airflow.providers.oracle.hooks.oracle.OracleHook","filename":"sql.py","lineno":879}
{"timestamp":"2026-07-08T16:58:59.899136Z","level":"info","event":"Poking: SELECT COUNT(*) FROM demo_user.client_b_load_status\nWHERE status = 'COMPLETE' AND processed = 0 (with parameters None)","logger":"airflow.task.operators.airflow.providers.common.sql.sensors.sql.SqlSensor","filename":"sql.py","lineno":100}
{"timestamp":"2026-07-08T16:58:59.983491Z","level":"info","event":"Running statement: SELECT COUNT(*) FROM demo_user.client_b_load_status\nWHERE status = 'COMPLETE' AND processed = 0, parameters: None","logger":"airflow.task.hooks.airflow.providers.oracle.hooks.oracle.OracleHook","filename":"sql.py","lineno":861}
{"timestamp":"2026-07-08T16:58:59.985816Z","level":"info","event":"Rows affected: 0","logger":"airflow.task.hooks.airflow.providers.oracle.hooks.oracle.OracleHook","filename":"sql.py","lineno":879}
{"timestamp":"2026-07-08T16:59:10.028612Z","level":"info","event":"Poking: SELECT COUNT(*) FROM demo_user.client_b_load_status\nWHERE status = 'COMPLETE' AND processed = 0 (with parameters None)","logger":"airflow.task.operators.airflow.providers.common.sql.sensors.sql.SqlSensor","filename":"sql.py","lineno":100}
{"timestamp":"2026-07-08T16:59:10.093714Z","level":"info","event":"Running statement: SELECT COUNT(*) FROM demo_user.client_b_load_status\nWHERE status = 'COMPLETE' AND processed = 0, parameters: None","logger":"airflow.task.hooks.airflow.providers.oracle.hooks.oracle.OracleHook","filename":"sql.py","lineno":861}
{"timestamp":"2026-07-08T16:59:10.095709Z","level":"info","event":"Rows affected: 0","logger":"airflow.task.hooks.airflow.providers.oracle.hooks.oracle.OracleHook","filename":"sql.py","lineno":879}
{"timestamp":"2026-07-08T16:59:20.141399Z","level":"info","event":"Poking: SELECT COUNT(*) FROM demo_user.client_b_load_status\nWHERE status = 'COMPLETE' AND processed = 0 (with parameters None)","logger":"airflow.task.operators.airflow.providers.common.sql.sensors.sql.SqlSensor","filename":"sql.py","lineno":100}
{"timestamp":"2026-07-08T16:59:20.196041Z","level":"info","event":"Running statement: SELECT COUNT(*) FROM demo_user.client_b_load_status\nWHERE status = 'COMPLETE' AND processed = 0, parameters: None","logger":"airflow.task.hooks.airflow.providers.oracle.hooks.oracle.OracleHook","filename":"sql.py","lineno":861}
{"timestamp":"2026-07-08T16:59:20.197239Z","level":"info","event":"Rows affected: 0","logger":"airflow.task.hooks.airflow.providers.oracle.hooks.oracle.OracleHook","filename":"sql.py","lineno":879}
{"timestamp":"2026-07-08T16:59:30.433891Z","level":"info","event":"Poking: SELECT COUNT(*) FROM demo_user.client_b_load_status\nWHERE status = 'COMPLETE' AND processed = 0 (with parameters None)","logger":"airflow.task.operators.airflow.providers.common.sql.sensors.sql.SqlSensor","filename":"sql.py","lineno":100}
{"timestamp":"2026-07-08T16:59:30.495723Z","level":"info","event":"Running statement: SELECT COUNT(*) FROM demo_user.client_b_load_status\nWHERE status = 'COMPLETE' AND processed = 0, parameters: None","logger":"airflow.task.hooks.airflow.providers.oracle.hooks.oracle.OracleHook","filename":"sql.py","lineno":861}
{"timestamp":"2026-07-08T16:59:30.496943Z","level":"info","event":"Rows affected: 0","logger":"airflow.task.hooks.airflow.providers.oracle.hooks.oracle.OracleHook","filename":"sql.py","lineno":879}
{"timestamp":"2026-07-08T16:59:40.579001Z","level":"info","event":"Poking: SELECT COUNT(*) FROM demo_user.client_b_load_status\nWHERE status = 'COMPLETE' AND processed = 0 (with parameters None)","logger":"airflow.task.operators.airflow.providers.common.sql.sensors.sql.SqlSensor","filename":"sql.py","lineno":100}
{"timestamp":"2026-07-08T16:59:40.794030Z","level":"info","event":"Running statement: SELECT COUNT(*) FROM demo_user.client_b_load_status\nWHERE status = 'COMPLETE' AND processed = 0, parameters: None","logger":"airflow.task.hooks.airflow.providers.oracle.hooks.oracle.OracleHook","filename":"sql.py","lineno":861}
{"timestamp":"2026-07-08T16:59:40.797316Z","level":"info","event":"Rows affected: 0","logger":"airflow.task.hooks.airflow.providers.oracle.hooks.oracle.OracleHook","filename":"sql.py","lineno":879}
{"timestamp":"2026-07-08T16:59:50.843535Z","level":"info","event":"Poking: SELECT COUNT(*) FROM demo_user.client_b_load_status\nWHERE status = 'COMPLETE' AND processed = 0 (with parameters None)","logger":"airflow.task.operators.airflow.providers.common.sql.sensors.sql.SqlSensor","filename":"sql.py","lineno":100}
{"timestamp":"2026-07-08T16:59:50.972943Z","level":"info","event":"Running statement: SELECT COUNT(*) FROM demo_user.client_b_load_status\nWHERE status = 'COMPLETE' AND processed = 0, parameters: None","logger":"airflow.task.hooks.airflow.providers.oracle.hooks.oracle.OracleHook","filename":"sql.py","lineno":861}
{"timestamp":"2026-07-08T16:59:50.975078Z","level":"info","event":"Rows affected: 0","logger":"airflow.task.hooks.airflow.providers.oracle.hooks.oracle.OracleHook","filename":"sql.py","lineno":879}
{"timestamp":"2026-07-08T17:00:01.007187Z","level":"info","event":"Poking: SELECT COUNT(*) FROM demo_user.client_b_load_status\nWHERE status = 'COMPLETE' AND processed = 0 (with parameters None)","logger":"airflow.task.operators.airflow.providers.common.sql.sensors.sql.SqlSensor","filename":"sql.py","lineno":100}
{"timestamp":"2026-07-08T17:00:01.068155Z","level":"info","event":"Running statement: SELECT COUNT(*) FROM demo_user.client_b_load_status\nWHERE status = 'COMPLETE' AND processed = 0, parameters: None","logger":"airflow.task.hooks.airflow.providers.oracle.hooks.oracle.OracleHook","filename":"sql.py","lineno":861}
{"timestamp":"2026-07-08T17:00:01.069652Z","level":"info","event":"Rows affected: 0","logger":"airflow.task.hooks.airflow.providers.oracle.hooks.oracle.OracleHook","filename":"sql.py","lineno":879}
{"timestamp":"2026-07-08T17:00:11.110922Z","level":"info","event":"Poking: SELECT COUNT(*) FROM demo_user.client_b_load_status\nWHERE status = 'COMPLETE' AND processed = 0 (with parameters None)","logger":"airflow.task.operators.airflow.providers.common.sql.sensors.sql.SqlSensor","filename":"sql.py","lineno":100}
{"timestamp":"2026-07-08T17:00:11.162779Z","level":"info","event":"Running statement: SELECT COUNT(*) FROM demo_user.client_b_load_status\nWHERE status = 'COMPLETE' AND processed = 0, parameters: None","logger":"airflow.task.hooks.airflow.providers.oracle.hooks.oracle.OracleHook","filename":"sql.py","lineno":861}
{"timestamp":"2026-07-08T17:00:11.163748Z","level":"info","event":"Rows affected: 0","logger":"airflow.task.hooks.airflow.providers.oracle.hooks.oracle.OracleHook","filename":"sql.py","lineno":879}
{"timestamp":"2026-07-08T17:00:21.193040Z","level":"info","event":"Poking: SELECT COUNT(*) FROM demo_user.client_b_load_status\nWHERE status = 'COMPLETE' AND processed = 0 (with parameters None)","logger":"airflow.task.operators.airflow.providers.common.sql.sensors.sql.SqlSensor","filename":"sql.py","lineno":100}
{"timestamp":"2026-07-08T17:00:21.247273Z","level":"info","event":"Running statement: SELECT COUNT(*) FROM demo_user.client_b_load_status\nWHERE status = 'COMPLETE' AND processed = 0, parameters: None","logger":"airflow.task.hooks.airflow.providers.oracle.hooks.oracle.OracleHook","filename":"sql.py","lineno":861}
{"timestamp":"2026-07-08T17:00:21.249047Z","level":"info","event":"Rows affected: 0","logger":"airflow.task.hooks.airflow.providers.oracle.hooks.oracle.OracleHook","filename":"sql.py","lineno":879}
