[0m16:24:59.405289 [debug] [MainThread]: Sending event: {'category': 'dbt', 'action': 'invocation', 'label': 'start', 'context': [<snowplow_tracker.self_describing_json.SelfDescribingJson object at 0x000001F3FC207410>, <snowplow_tracker.self_describing_json.SelfDescribingJson object at 0x000001F3FC0B0250>, <snowplow_tracker.self_describing_json.SelfDescribingJson object at 0x000001F3FC0B11D0>]}


============================== 16:24:59.413635 | 1bf2ae76-e0a4-4f2d-aeb3-372e5d4bfe2d ==============================
[0m16:24:59.413635 [info ] [MainThread]: Running with dbt=1.12.0-b1
[0m16:24:59.414610 [debug] [MainThread]: running dbt with arguments {'version_check': 'False', 'no_print': 'None', 'static_parser': 'True', 'target_path': 'None', 'warn_error_options': 'WarnErrorOptionsV2(error=[], warn=[], silence=[])', 'printer_width': '80', 'write_json': 'True', 'introspect': 'True', 'log_cache_events': 'False', 'empty': 'None', 'cache_selected_only': 'False', 'log_format': 'default', 'debug': 'False', 'fail_fast': 'False', 'profiles_dir': '.', 'send_anonymous_usage_stats': 'True', 'quiet': 'False', 'warn_error': 'None', 'partial_parse': 'True', 'use_colors': 'True', 'invocation_command': 'dbt debug --profiles-dir . --no-version-check', 'indirect_selection': 'eager', 'use_experimental_parser': 'False', 'log_path': 'C:\\Users\\oracle_warehouse_demo\\oracle_warehouse_demo\\dbt_project\\logs'}
[0m16:24:59.437384 [info ] [MainThread]: dbt version: 1.12.0-b1
[0m16:24:59.437384 [info ] [MainThread]: python version: 3.11.9
[0m16:24:59.438893 [info ] [MainThread]: python path: C:\Users\ahmed.elshaar\AppData\Local\Programs\Python\Python311\python.exe
[0m16:24:59.438893 [info ] [MainThread]: os info: Windows-10-10.0.26100-SP0
[0m16:24:59.492648 [info ] [MainThread]: Using profiles dir at .
[0m16:24:59.493578 [info ] [MainThread]: Using profiles.yml file at .\profiles.yml
[0m16:24:59.494510 [info ] [MainThread]: Using dbt_project.yml file at C:\Users\oracle_warehouse_demo\oracle_warehouse_demo\dbt_project\dbt_project.yml
[0m16:24:59.495576 [info ] [MainThread]: adapter type: postgres
[0m16:24:59.495576 [info ] [MainThread]: adapter version: 1.10.0
[0m16:24:59.587058 [info ] [MainThread]: Configuration:
[0m16:24:59.588044 [info ] [MainThread]:   profiles.yml file [[32mOK found and valid[0m]
[0m16:24:59.589012 [info ] [MainThread]:   dbt_project.yml file [[32mOK found and valid[0m]
[0m16:24:59.589012 [info ] [MainThread]: Required dependencies:
[0m16:24:59.589988 [debug] [MainThread]: Executing "git --help"
[0m16:24:59.592955 [info ] [MainThread]:  - git [[31mERROR[0m]

[0m16:24:59.592955 [info ] [MainThread]: Connection:
[0m16:24:59.593895 [info ] [MainThread]:   host: 192.168.56.104
[0m16:24:59.593895 [info ] [MainThread]:   port: 5432
[0m16:24:59.594835 [info ] [MainThread]:   user: dlt_user
[0m16:24:59.594835 [info ] [MainThread]:   database: warehouse
[0m16:24:59.594835 [info ] [MainThread]:   schema: marts
[0m16:24:59.597510 [info ] [MainThread]:   connect_timeout: 30
[0m16:24:59.599470 [info ] [MainThread]:   role: None
[0m16:24:59.599470 [info ] [MainThread]:   search_path: None
[0m16:24:59.600459 [info ] [MainThread]:   keepalives_idle: 0
[0m16:24:59.601422 [info ] [MainThread]:   sslmode: None
[0m16:24:59.601422 [info ] [MainThread]:   sslcert: None
[0m16:24:59.602398 [info ] [MainThread]:   sslkey: None
[0m16:24:59.602398 [info ] [MainThread]:   sslrootcert: None
[0m16:24:59.603375 [info ] [MainThread]:   application_name: dbt
[0m16:24:59.603375 [info ] [MainThread]:   retries: 1
[0m16:24:59.604351 [info ] [MainThread]: Registered adapter: postgres=1.10.0
[0m16:24:59.830626 [debug] [MainThread]: Acquiring new postgres connection 'debug'
[0m16:24:59.912059 [debug] [MainThread]: Using postgres connection "debug"
[0m16:24:59.912059 [debug] [MainThread]: On debug: select 1 as id
[0m16:24:59.912059 [debug] [MainThread]: Opening a new connection, currently in state init
[0m16:24:59.979255 [debug] [MainThread]: SQL status: SELECT 1 in 0.067 seconds
[0m16:24:59.980253 [debug] [MainThread]: On debug: Close
[0m16:24:59.981771 [info ] [MainThread]:   Connection test: [[32mOK connection ok[0m]

[0m16:24:59.982390 [info ] [MainThread]: [31m1 check failed:[0m
[0m16:24:59.987838 [info ] [MainThread]: Error from git --help: Could not find command, ensure it is in the user's PATH and that the user has permissions to run it: "git"

[0m16:24:59.990766 [debug] [MainThread]: Command `dbt debug` failed at 16:24:59.990766 after 0.70 seconds
[0m16:24:59.997160 [debug] [MainThread]: Connection 'debug' was properly closed.
[0m16:24:59.998136 [debug] [MainThread]: Sending event: {'category': 'dbt', 'action': 'invocation', 'label': 'end', 'context': [<snowplow_tracker.self_describing_json.SelfDescribingJson object at 0x000001F3FC1ABED0>, <snowplow_tracker.self_describing_json.SelfDescribingJson object at 0x000001F3FC1A83D0>, <snowplow_tracker.self_describing_json.SelfDescribingJson object at 0x000001F3FC213350>]}
[0m16:24:59.998136 [debug] [MainThread]: Flushing usage events
[0m16:25:01.073373 [debug] [MainThread]: An error was encountered while trying to flush usage events
[0m16:25:39.307736 [debug] [MainThread]: Sending event: {'category': 'dbt', 'action': 'invocation', 'label': 'start', 'context': [<snowplow_tracker.self_describing_json.SelfDescribingJson object at 0x0000020AE0193C10>, <snowplow_tracker.self_describing_json.SelfDescribingJson object at 0x0000020AE54FFF90>, <snowplow_tracker.self_describing_json.SelfDescribingJson object at 0x0000020AE42CEAD0>]}


============================== 16:25:39.310770 | b7c54911-d995-472d-a75f-e898f0a49527 ==============================
[0m16:25:39.310770 [info ] [MainThread]: Running with dbt=1.12.0-b1
[0m16:25:39.311727 [debug] [MainThread]: running dbt with arguments {'static_parser': 'True', 'no_print': 'None', 'version_check': 'False', 'warn_error_options': 'WarnErrorOptionsV2(error=[], warn=[], silence=[])', 'target_path': 'None', 'printer_width': '80', 'write_json': 'True', 'introspect': 'True', 'log_cache_events': 'False', 'empty': 'False', 'cache_selected_only': 'False', 'log_format': 'default', 'debug': 'False', 'fail_fast': 'False', 'profiles_dir': '.', 'send_anonymous_usage_stats': 'True', 'quiet': 'False', 'warn_error': 'None', 'partial_parse': 'True', 'use_colors': 'True', 'invocation_command': 'dbt run --profiles-dir . --no-version-check', 'indirect_selection': 'eager', 'use_experimental_parser': 'False', 'log_path': 'C:\\Users\\oracle_warehouse_demo\\oracle_warehouse_demo\\dbt_project\\logs'}
[0m16:25:39.519272 [debug] [MainThread]: Sending event: {'category': 'dbt', 'action': 'project_id', 'label': 'b7c54911-d995-472d-a75f-e898f0a49527', 'context': [<snowplow_tracker.self_describing_json.SelfDescribingJson object at 0x0000020AE5820190>]}
[0m16:25:39.581379 [debug] [MainThread]: Sending event: {'category': 'dbt', 'action': 'adapter_info', 'label': 'b7c54911-d995-472d-a75f-e898f0a49527', 'context': [<snowplow_tracker.self_describing_json.SelfDescribingJson object at 0x0000020AE0CDB1D0>]}
[0m16:25:39.582359 [info ] [MainThread]: Registered adapter: postgres=1.10.0
[0m16:25:39.752308 [debug] [MainThread]: checksum: 4b91f4c523c0b4ed776bba520637b0d686e516c359f7decf36a3011f8415033e, vars: {}, profile: oracle_warehouse, target: prod, version: 1.12.0b1
[0m16:25:39.753819 [info ] [MainThread]: Unable to do partial parsing because saved manifest not found. Starting full parse.
[0m16:25:39.754802 [debug] [MainThread]: Sending event: {'category': 'dbt', 'action': 'partial_parser', 'label': 'b7c54911-d995-472d-a75f-e898f0a49527', 'context': [<snowplow_tracker.self_describing_json.SelfDescribingJson object at 0x0000020AE42CEC50>]}
[0m16:25:40.459219 [error] [MainThread]: [[31mERROR[0m]: Encountered an error:
Compilation Error in model delta_report (models\marts\delta_report.sql)
  invalid syntax for function call expression
    line 12
      config(
[0m16:25:40.460724 [debug] [MainThread]: Command `dbt run` failed at 16:25:40.460724 after 1.27 seconds
[0m16:25:40.461706 [debug] [MainThread]: Sending event: {'category': 'dbt', 'action': 'invocation', 'label': 'end', 'context': [<snowplow_tracker.self_describing_json.SelfDescribingJson object at 0x0000020AE55089D0>, <snowplow_tracker.self_describing_json.SelfDescribingJson object at 0x0000020AE5E6F150>, <snowplow_tracker.self_describing_json.SelfDescribingJson object at 0x0000020AE447A4D0>]}
[0m16:25:40.462685 [debug] [MainThread]: Flushing usage events
[0m16:25:41.412898 [debug] [MainThread]: An error was encountered while trying to flush usage events
[0m16:27:04.001933 [debug] [MainThread]: Sending event: {'category': 'dbt', 'action': 'invocation', 'label': 'start', 'context': [<snowplow_tracker.self_describing_json.SelfDescribingJson object at 0x0000017076F9BDD0>, <snowplow_tracker.self_describing_json.SelfDescribingJson object at 0x0000017076F9B910>, <snowplow_tracker.self_describing_json.SelfDescribingJson object at 0x0000017076F9A710>]}


============================== 16:27:04.006863 | f35a3be0-e68c-489a-a919-b02b94a07a7b ==============================
[0m16:27:04.006863 [info ] [MainThread]: Running with dbt=1.12.0-b1
[0m16:27:04.007822 [debug] [MainThread]: running dbt with arguments {'static_parser': 'True', 'no_print': 'None', 'version_check': 'False', 'warn_error_options': 'WarnErrorOptionsV2(error=[], warn=[], silence=[])', 'target_path': 'None', 'printer_width': '80', 'write_json': 'True', 'empty': 'False', 'log_cache_events': 'False', 'introspect': 'True', 'cache_selected_only': 'False', 'log_format': 'default', 'debug': 'False', 'fail_fast': 'False', 'partial_parse': 'True', 'send_anonymous_usage_stats': 'True', 'quiet': 'False', 'warn_error': 'None', 'profiles_dir': '.', 'use_colors': 'True', 'indirect_selection': 'eager', 'invocation_command': 'dbt run --profiles-dir . --no-version-check', 'use_experimental_parser': 'False', 'log_path': 'C:\\Users\\oracle_warehouse_demo\\oracle_warehouse_demo\\dbt_project\\logs'}
[0m16:27:04.185645 [debug] [MainThread]: Sending event: {'category': 'dbt', 'action': 'project_id', 'label': 'f35a3be0-e68c-489a-a919-b02b94a07a7b', 'context': [<snowplow_tracker.self_describing_json.SelfDescribingJson object at 0x000001707724E250>]}
[0m16:27:04.256236 [debug] [MainThread]: Sending event: {'category': 'dbt', 'action': 'adapter_info', 'label': 'f35a3be0-e68c-489a-a919-b02b94a07a7b', 'context': [<snowplow_tracker.self_describing_json.SelfDescribingJson object at 0x000001707277B5D0>]}
[0m16:27:04.257220 [info ] [MainThread]: Registered adapter: postgres=1.10.0
[0m16:27:04.447767 [debug] [MainThread]: checksum: 4b91f4c523c0b4ed776bba520637b0d686e516c359f7decf36a3011f8415033e, vars: {}, profile: oracle_warehouse, target: prod, version: 1.12.0b1
[0m16:27:04.447767 [info ] [MainThread]: Unable to do partial parsing because saved manifest not found. Starting full parse.
[0m16:27:04.449276 [debug] [MainThread]: Sending event: {'category': 'dbt', 'action': 'partial_parser', 'label': 'f35a3be0-e68c-489a-a919-b02b94a07a7b', 'context': [<snowplow_tracker.self_describing_json.SelfDescribingJson object at 0x0000017075F1C7D0>]}
[0m16:27:05.206959 [error] [MainThread]: [[31mERROR[0m]: Encountered an error:
Compilation Error in model fct_orders (models\marts\fct_orders.sql)
  invalid syntax for function call expression
    line 17
      config(
[0m16:27:05.208482 [debug] [MainThread]: Command `dbt run` failed at 16:27:05.207397 after 1.32 seconds
[0m16:27:05.208482 [debug] [MainThread]: Sending event: {'category': 'dbt', 'action': 'invocation', 'label': 'end', 'context': [<snowplow_tracker.self_describing_json.SelfDescribingJson object at 0x00000170770BFD10>, <snowplow_tracker.self_describing_json.SelfDescribingJson object at 0x00000170779402D0>, <snowplow_tracker.self_describing_json.SelfDescribingJson object at 0x0000017075C84610>]}
[0m16:27:05.208986 [debug] [MainThread]: Flushing usage events
[0m16:27:06.105156 [debug] [MainThread]: An error was encountered while trying to flush usage events
[0m16:28:06.744597 [debug] [MainThread]: Sending event: {'category': 'dbt', 'action': 'invocation', 'label': 'start', 'context': [<snowplow_tracker.self_describing_json.SelfDescribingJson object at 0x000001C2DBBE7F50>, <snowplow_tracker.self_describing_json.SelfDescribingJson object at 0x000001C2DF3A8410>, <snowplow_tracker.self_describing_json.SelfDescribingJson object at 0x000001C2DF3A8A90>]}


============================== 16:28:06.747118 | dcdc83f8-3727-41d0-b2d7-7c575a82977a ==============================
[0m16:28:06.747118 [info ] [MainThread]: Running with dbt=1.12.0-b1
[0m16:28:06.748109 [debug] [MainThread]: running dbt with arguments {'static_parser': 'True', 'no_print': 'None', 'version_check': 'False', 'warn_error_options': 'WarnErrorOptionsV2(error=[], warn=[], silence=[])', 'target_path': 'None', 'printer_width': '80', 'write_json': 'True', 'empty': 'False', 'log_cache_events': 'False', 'introspect': 'True', 'cache_selected_only': 'False', 'fail_fast': 'False', 'debug': 'False', 'log_format': 'default', 'partial_parse': 'True', 'send_anonymous_usage_stats': 'True', 'quiet': 'False', 'warn_error': 'None', 'profiles_dir': '.', 'indirect_selection': 'eager', 'use_colors': 'True', 'invocation_command': 'dbt run --profiles-dir . --no-version-check', 'use_experimental_parser': 'False', 'log_path': 'C:\\Users\\oracle_warehouse_demo\\oracle_warehouse_demo\\dbt_project\\logs'}
[0m16:28:06.921834 [debug] [MainThread]: Sending event: {'category': 'dbt', 'action': 'project_id', 'label': 'dcdc83f8-3727-41d0-b2d7-7c575a82977a', 'context': [<snowplow_tracker.self_describing_json.SelfDescribingJson object at 0x000001C2DBDD6150>]}
[0m16:28:06.979442 [debug] [MainThread]: Sending event: {'category': 'dbt', 'action': 'adapter_info', 'label': 'dcdc83f8-3727-41d0-b2d7-7c575a82977a', 'context': [<snowplow_tracker.self_describing_json.SelfDescribingJson object at 0x000001C2DBBFAE90>]}
[0m16:28:06.980534 [info ] [MainThread]: Registered adapter: postgres=1.10.0
[0m16:28:07.156741 [debug] [MainThread]: checksum: 4b91f4c523c0b4ed776bba520637b0d686e516c359f7decf36a3011f8415033e, vars: {}, profile: oracle_warehouse, target: prod, version: 1.12.0b1
[0m16:28:07.157719 [info ] [MainThread]: Unable to do partial parsing because saved manifest not found. Starting full parse.
[0m16:28:07.157719 [debug] [MainThread]: Sending event: {'category': 'dbt', 'action': 'partial_parser', 'label': 'dcdc83f8-3727-41d0-b2d7-7c575a82977a', 'context': [<snowplow_tracker.self_describing_json.SelfDescribingJson object at 0x000001C2E0521D50>]}
[0m16:28:08.136435 [warn ] [MainThread]: [[33mWARNING[0m][MissingArgumentsPropertyInGenericTestDeprecation]: Deprecated
functionality
Found top-level arguments to test `accepted_values` defined on 'fct_orders' in
package 'oracle_warehouse' (models\marts\schema.yml). Arguments to generic tests
should be nested under the `arguments` property.
[0m16:28:08.137589 [debug] [MainThread]: Sending event: {'category': 'dbt', 'action': 'deprecation', 'label': 'dcdc83f8-3727-41d0-b2d7-7c575a82977a', 'property_': 'warn', 'context': [<snowplow_tracker.self_describing_json.SelfDescribingJson object at 0x000001C2E10A7290>]}
[0m16:28:08.403896 [debug] [MainThread]: Sending event: {'category': 'dbt', 'action': 'load_project', 'label': 'dcdc83f8-3727-41d0-b2d7-7c575a82977a', 'context': [<snowplow_tracker.self_describing_json.SelfDescribingJson object at 0x000001C2E0DD0550>]}
[0m16:28:08.474217 [debug] [MainThread]: Wrote artifact WritableManifest to C:\Users\oracle_warehouse_demo\oracle_warehouse_demo\dbt_project\target\manifest.json
[0m16:28:08.478800 [debug] [MainThread]: Wrote artifact SemanticManifest to C:\Users\oracle_warehouse_demo\oracle_warehouse_demo\dbt_project\target\semantic_manifest.json
[0m16:28:08.493297 [debug] [MainThread]: Sending event: {'category': 'dbt', 'action': 'resource_counts', 'label': 'dcdc83f8-3727-41d0-b2d7-7c575a82977a', 'context': [<snowplow_tracker.self_describing_json.SelfDescribingJson object at 0x000001C2E0E85D90>]}
[0m16:28:08.493297 [info ] [MainThread]: Found 4 models, 15 data tests, 2 sources, 475 macros
[0m16:28:08.494308 [debug] [MainThread]: Sending event: {'category': 'dbt', 'action': 'runnable_timing', 'label': 'dcdc83f8-3727-41d0-b2d7-7c575a82977a', 'context': [<snowplow_tracker.self_describing_json.SelfDescribingJson object at 0x000001C2E0D71190>]}
[0m16:28:08.496228 [info ] [MainThread]: 
[0m16:28:08.497215 [info ] [MainThread]: Concurrency: 4 threads (target='prod')
[0m16:28:08.497215 [info ] [MainThread]: 
[0m16:28:08.498722 [debug] [MainThread]: Acquiring new postgres connection 'master'
[0m16:28:08.503609 [debug] [ThreadPool]: Acquiring new postgres connection 'list_warehouse'
[0m16:28:08.552588 [debug] [ThreadPool]: Using postgres connection "list_warehouse"
[0m16:28:08.553564 [debug] [ThreadPool]: On list_warehouse: /* {"app": "dbt", "dbt_version": "1.12.0b1", "profile_name": "oracle_warehouse", "target_name": "prod", "connection_name": "list_warehouse"} */

    select distinct nspname from pg_namespace
  
[0m16:28:08.553564 [debug] [ThreadPool]: Opening a new connection, currently in state init
[0m16:28:08.621987 [debug] [ThreadPool]: SQL status: SELECT 7 in 0.069 seconds
[0m16:28:08.624867 [debug] [ThreadPool]: On list_warehouse: Close
[0m16:28:08.626816 [debug] [ThreadPool]: Re-using an available connection from the pool (formerly list_warehouse, now create_warehouse_marts_marts)
[0m16:28:08.626816 [debug] [ThreadPool]: Creating schema "database: "warehouse"
schema: "marts_marts"
"
[0m16:28:08.634187 [debug] [ThreadPool]: Using postgres connection "create_warehouse_marts_marts"
[0m16:28:08.634187 [debug] [ThreadPool]: On create_warehouse_marts_marts: /* {"app": "dbt", "dbt_version": "1.12.0b1", "profile_name": "oracle_warehouse", "target_name": "prod", "connection_name": "create_warehouse_marts_marts"} */
create schema if not exists "marts_marts"
[0m16:28:08.635173 [debug] [ThreadPool]: Opening a new connection, currently in state closed
[0m16:28:08.681856 [debug] [ThreadPool]: SQL status: CREATE SCHEMA in 0.047 seconds
[0m16:28:08.683790 [debug] [ThreadPool]: On create_warehouse_marts_marts: COMMIT
[0m16:28:08.683790 [debug] [ThreadPool]: Using postgres connection "create_warehouse_marts_marts"
[0m16:28:08.684767 [debug] [ThreadPool]: On create_warehouse_marts_marts: COMMIT
[0m16:28:08.695255 [debug] [ThreadPool]: SQL status: COMMIT in 0.012 seconds
[0m16:28:08.696862 [debug] [ThreadPool]: On create_warehouse_marts_marts: Close
[0m16:28:08.698821 [debug] [ThreadPool]: Acquiring new postgres connection 'list_warehouse_marts_marts'
[0m16:28:08.703703 [debug] [ThreadPool]: Using postgres connection "list_warehouse_marts_marts"
[0m16:28:08.703703 [debug] [ThreadPool]: On list_warehouse_marts_marts: /* {"app": "dbt", "dbt_version": "1.12.0b1", "profile_name": "oracle_warehouse", "target_name": "prod", "connection_name": "list_warehouse_marts_marts"} */
select
      'warehouse' as database,
      tablename as name,
      schemaname as schema,
      'table' as type
    from pg_tables
    where schemaname ilike 'marts_marts'
    union all
    select
      'warehouse' as database,
      viewname as name,
      schemaname as schema,
      'view' as type
    from pg_views
    where schemaname ilike 'marts_marts'
    union all
    select
      'warehouse' as database,
      matviewname as name,
      schemaname as schema,
      'materialized_view' as type
    from pg_matviews
    where schemaname ilike 'marts_marts'
  
[0m16:28:08.704682 [debug] [ThreadPool]: Opening a new connection, currently in state init
[0m16:28:08.787959 [debug] [ThreadPool]: SQL status: SELECT 0 in 0.083 seconds
[0m16:28:08.788929 [debug] [ThreadPool]: On list_warehouse_marts_marts: ROLLBACK
[0m16:28:08.792518 [debug] [ThreadPool]: On list_warehouse_marts_marts: Close
[0m16:28:08.798266 [debug] [MainThread]: Using postgres connection "master"
[0m16:28:08.798266 [debug] [MainThread]: On master: /* {"app": "dbt", "dbt_version": "1.12.0b1", "profile_name": "oracle_warehouse", "target_name": "prod", "connection_name": "master"} */
select distinct
        dependent_namespace.nspname as dependent_schema,
        dependent_class.relname as dependent_name,
        referenced_namespace.nspname as referenced_schema,
        referenced_class.relname as referenced_name

    -- Query for views: views are entries in pg_class with an entry in pg_rewrite, but we avoid
    -- a seq scan on pg_rewrite by leveraging the fact there is an "internal" row in pg_depend for
    -- the view...
    from pg_class as dependent_class
    join pg_namespace as dependent_namespace on dependent_namespace.oid = dependent_class.relnamespace
    join pg_depend as dependent_depend on dependent_depend.refobjid = dependent_class.oid
        and dependent_depend.classid = 'pg_rewrite'::regclass
        and dependent_depend.refclassid = 'pg_class'::regclass
        and dependent_depend.deptype = 'i'

    -- ... and via pg_depend (that has a row per column, hence the need for "distinct" above, and
    -- making sure to exclude the internal row to avoid a view appearing to depend on itself)...
    join pg_depend as joining_depend on joining_depend.objid = dependent_depend.objid
        and joining_depend.classid = 'pg_rewrite'::regclass
        and joining_depend.refclassid = 'pg_class'::regclass
        and joining_depend.refobjid != dependent_depend.refobjid

    -- ... we can find the tables they query from in pg_class, but excluding system tables. Note we
    -- don't need need to exclude _dependent_ system tables, because they only query from other
    -- system tables, and so are automatically excluded by excluding _referenced_ system tables
    join pg_class as referenced_class on referenced_class.oid = joining_depend.refobjid
    join pg_namespace as referenced_namespace on referenced_namespace.oid = referenced_class.relnamespace
        and referenced_namespace.nspname != 'information_schema'
        and referenced_namespace.nspname not like 'pg\_%'

    order by
        dependent_schema, dependent_name, referenced_schema, referenced_name;
[0m16:28:08.799354 [debug] [MainThread]: Opening a new connection, currently in state init
[0m16:28:08.916471 [debug] [MainThread]: SQL status: SELECT 0 in 0.117 seconds
[0m16:28:08.917449 [debug] [MainThread]: Sending event: {'category': 'dbt', 'action': 'runnable_timing', 'label': 'dcdc83f8-3727-41d0-b2d7-7c575a82977a', 'context': [<snowplow_tracker.self_describing_json.SelfDescribingJson object at 0x000001C2E14B7E90>]}
[0m16:28:08.918425 [debug] [MainThread]: On master: ROLLBACK
[0m16:28:08.922349 [debug] [MainThread]: On master: COMMIT
[0m16:28:08.923308 [debug] [MainThread]: Using postgres connection "master"
[0m16:28:08.923308 [debug] [MainThread]: On master: COMMIT
[0m16:28:08.930918 [debug] [MainThread]: SQL status: COMMIT in 0.006 seconds
[0m16:28:08.930918 [debug] [MainThread]: On master: Close
[0m16:28:08.939198 [debug] [Thread-1 (]: Began running node model.oracle_warehouse.stg_customers
[0m16:28:08.940174 [debug] [Thread-2 (]: Began running node model.oracle_warehouse.stg_orders
[0m16:28:08.940174 [info ] [Thread-1 (]: 1 of 4 START sql view model marts_marts.stg_customers .......................... [RUN]
[0m16:28:08.941153 [info ] [Thread-2 (]: 2 of 4 START sql view model marts_marts.stg_orders ............................. [RUN]
[0m16:28:08.942128 [debug] [Thread-1 (]: Acquiring new postgres connection 'model.oracle_warehouse.stg_customers'
[0m16:28:08.943105 [debug] [Thread-2 (]: Acquiring new postgres connection 'model.oracle_warehouse.stg_orders'
[0m16:28:08.943105 [debug] [Thread-1 (]: Began compiling node model.oracle_warehouse.stg_customers
[0m16:28:08.944081 [debug] [Thread-2 (]: Began compiling node model.oracle_warehouse.stg_orders
[0m16:28:08.950510 [debug] [Thread-1 (]: Writing injected SQL for node "model.oracle_warehouse.stg_customers"
[0m16:28:08.954430 [debug] [Thread-2 (]: Writing injected SQL for node "model.oracle_warehouse.stg_orders"
[0m16:28:08.955938 [debug] [Thread-1 (]: Began executing node model.oracle_warehouse.stg_customers
[0m16:28:08.968574 [debug] [Thread-2 (]: Began executing node model.oracle_warehouse.stg_orders
[0m16:28:08.990117 [debug] [Thread-2 (]: Writing runtime sql for node "model.oracle_warehouse.stg_orders"
[0m16:28:08.991092 [debug] [Thread-1 (]: Writing runtime sql for node "model.oracle_warehouse.stg_customers"
[0m16:28:08.993046 [debug] [Thread-2 (]: Using postgres connection "model.oracle_warehouse.stg_orders"
[0m16:28:08.993046 [debug] [Thread-2 (]: On model.oracle_warehouse.stg_orders: /* {"app": "dbt", "dbt_version": "1.12.0b1", "profile_name": "oracle_warehouse", "target_name": "prod", "node_id": "model.oracle_warehouse.stg_orders"} */

  create view "warehouse"."marts_marts"."stg_orders__dbt_tmp"
    
    
  as (
    -- =============================================================================
-- models/staging/stg_orders.sql
-- =============================================================================
-- Lightweight VIEW over the raw DLT-loaded orders table.
-- Purpose: cast types, rename columns, filter soft-deletes.
-- Materialized as a VIEW so it always reflects the latest DLT load.
-- =============================================================================



SELECT
    order_id::INTEGER                   AS order_id,
    customer_id::INTEGER                AS customer_id,

    UPPER(TRIM(status))                 AS status,
    amount::NUMERIC(10,2)               AS amount,
    UPPER(TRIM(product_code))           AS product_code,

    created_at::TIMESTAMPTZ             AS created_at,
    updated_at::TIMESTAMPTZ             AS updated_at,

    -- DLT metadata columns — kept for delta filtering in marts
    _dlt_id                             AS _dlt_id,
    _dlt_loaded_at                      AS _dlt_loaded_at

FROM "warehouse"."staging"."orders"

-- Filter soft-deleted rows (is_deleted=1 set in Oracle before export)
WHERE COALESCE(is_deleted, 0) = 0
  );
[0m16:28:08.994024 [debug] [Thread-1 (]: Using postgres connection "model.oracle_warehouse.stg_customers"
[0m16:28:08.994024 [debug] [Thread-2 (]: Opening a new connection, currently in state init
[0m16:28:08.994024 [debug] [Thread-1 (]: On model.oracle_warehouse.stg_customers: /* {"app": "dbt", "dbt_version": "1.12.0b1", "profile_name": "oracle_warehouse", "target_name": "prod", "node_id": "model.oracle_warehouse.stg_customers"} */

  create view "warehouse"."marts_marts"."stg_customers__dbt_tmp"
    
    
  as (
    -- =============================================================================
-- models/staging/stg_customers.sql
-- =============================================================================



SELECT
    customer_id::INTEGER                AS customer_id,
    INITCAP(TRIM(full_name))            AS full_name,
    LOWER(TRIM(email))                  AS email,
    UPPER(TRIM(country))                AS country,
    UPPER(TRIM(tier))                   AS tier,   -- GOLD / SILVER / STANDARD

    created_at::TIMESTAMPTZ             AS created_at,
    updated_at::TIMESTAMPTZ             AS updated_at,

    _dlt_id                             AS _dlt_id,
    _dlt_loaded_at                      AS _dlt_loaded_at

FROM "warehouse"."staging"."customers"
WHERE COALESCE(is_deleted, 0) = 0
  );
[0m16:28:08.994999 [debug] [Thread-1 (]: Opening a new connection, currently in state init
[0m16:28:09.082201 [debug] [Thread-2 (]: Postgres adapter: Postgres error: column "_dlt_loaded_at" does not exist
LINE 30:     _dlt_loaded_at                      AS _dlt_loaded_at
             ^

[0m16:28:09.083178 [debug] [Thread-2 (]: On model.oracle_warehouse.stg_orders: ROLLBACK
[0m16:28:09.086126 [debug] [Thread-2 (]: On model.oracle_warehouse.stg_orders: Close
[0m16:28:09.086126 [debug] [Thread-1 (]: Postgres adapter: Postgres error: column "_dlt_loaded_at" does not exist
LINE 24:     _dlt_loaded_at                      AS _dlt_loaded_at
             ^

[0m16:28:09.088095 [debug] [Thread-1 (]: On model.oracle_warehouse.stg_customers: ROLLBACK
[0m16:28:09.092761 [debug] [Thread-1 (]: On model.oracle_warehouse.stg_customers: Close
[0m16:28:09.097642 [debug] [Thread-2 (]: Database Error in model stg_orders (models\staging\stg_orders.sql)
  column "_dlt_loaded_at" does not exist
  LINE 30:     _dlt_loaded_at                      AS _dlt_loaded_at
               ^
  compiled code at target\run\oracle_warehouse\models\staging\stg_orders.sql
[0m16:28:09.101102 [debug] [Thread-1 (]: Database Error in model stg_customers (models\staging\stg_customers.sql)
  column "_dlt_loaded_at" does not exist
  LINE 24:     _dlt_loaded_at                      AS _dlt_loaded_at
               ^
  compiled code at target\run\oracle_warehouse\models\staging\stg_customers.sql
[0m16:28:09.102085 [debug] [Thread-2 (]: Sending event: {'category': 'dbt', 'action': 'run_model', 'label': 'dcdc83f8-3727-41d0-b2d7-7c575a82977a', 'context': [<snowplow_tracker.self_describing_json.SelfDescribingJson object at 0x000001C2E14A7ED0>]}
[0m16:28:09.103061 [debug] [Thread-1 (]: Sending event: {'category': 'dbt', 'action': 'run_model', 'label': 'dcdc83f8-3727-41d0-b2d7-7c575a82977a', 'context': [<snowplow_tracker.self_describing_json.SelfDescribingJson object at 0x000001C2E1453FD0>]}
[0m16:28:09.103061 [error] [Thread-2 (]: 2 of 4 ERROR creating sql view model marts_marts.stg_orders .................... [[31mERROR[0m in 0.16s]
[0m16:28:09.105015 [debug] [Thread-2 (]: Finished running node model.oracle_warehouse.stg_orders
[0m16:28:09.104036 [error] [Thread-1 (]: 1 of 4 ERROR creating sql view model marts_marts.stg_customers ................. [[31mERROR[0m in 0.16s]
[0m16:28:09.105993 [debug] [Thread-7 (]: Marking all children of 'model.oracle_warehouse.stg_orders' to be skipped because of status 'error'.  Reason: Database Error in model stg_orders (models\staging\stg_orders.sql)
  column "_dlt_loaded_at" does not exist
  LINE 30:     _dlt_loaded_at                      AS _dlt_loaded_at
               ^
  compiled code at target\run\oracle_warehouse\models\staging\stg_orders.sql.
[0m16:28:09.105993 [debug] [Thread-1 (]: Finished running node model.oracle_warehouse.stg_customers
[0m16:28:09.107943 [debug] [Thread-4 (]: Began running node model.oracle_warehouse.delta_report
[0m16:28:09.107943 [debug] [Thread-7 (]: Marking all children of 'model.oracle_warehouse.stg_customers' to be skipped because of status 'error'.  Reason: Database Error in model stg_customers (models\staging\stg_customers.sql)
  column "_dlt_loaded_at" does not exist
  LINE 24:     _dlt_loaded_at                      AS _dlt_loaded_at
               ^
  compiled code at target\run\oracle_warehouse\models\staging\stg_customers.sql.
[0m16:28:09.108919 [info ] [Thread-4 (]: 3 of 4 SKIP relation marts_marts.delta_report .................................. [[33mSKIP[0m]
[0m16:28:09.108919 [debug] [Thread-2 (]: Began running node model.oracle_warehouse.fct_orders
[0m16:28:09.109896 [debug] [Thread-4 (]: Finished running node model.oracle_warehouse.delta_report
[0m16:28:09.109896 [info ] [Thread-2 (]: 4 of 4 SKIP relation marts_marts.fct_orders .................................... [[33mSKIP[0m]
[0m16:28:09.109896 [debug] [Thread-2 (]: Finished running node model.oracle_warehouse.fct_orders
[0m16:28:09.112383 [debug] [MainThread]: On master: COMMIT
[0m16:28:09.113388 [debug] [MainThread]: Using postgres connection "master"
[0m16:28:09.113388 [debug] [MainThread]: On master: COMMIT
[0m16:28:09.113388 [debug] [MainThread]: Opening a new connection, currently in state closed
[0m16:28:09.166733 [debug] [MainThread]: SQL status: COMMIT in 0.052 seconds
[0m16:28:09.166733 [debug] [MainThread]: On master: Close
[0m16:28:09.167707 [debug] [MainThread]: Connection 'master' was properly closed.
[0m16:28:09.167707 [debug] [MainThread]: Connection 'create_warehouse_marts_marts' was properly closed.
[0m16:28:09.168703 [debug] [MainThread]: Connection 'list_warehouse_marts_marts' was properly closed.
[0m16:28:09.168703 [debug] [MainThread]: Connection 'model.oracle_warehouse.stg_customers' was properly closed.
[0m16:28:09.168703 [debug] [MainThread]: Connection 'model.oracle_warehouse.stg_orders' was properly closed.
[0m16:28:09.169657 [info ] [MainThread]: 
[0m16:28:09.169657 [info ] [MainThread]: Finished running 2 incremental models, 2 view models in 0 hours 0 minutes and 0.67 seconds (0.67s).
[0m16:28:09.171879 [debug] [MainThread]: Command end result
[0m16:28:09.195209 [debug] [MainThread]: Wrote artifact WritableManifest to C:\Users\oracle_warehouse_demo\oracle_warehouse_demo\dbt_project\target\manifest.json
[0m16:28:09.198177 [debug] [MainThread]: Wrote artifact SemanticManifest to C:\Users\oracle_warehouse_demo\oracle_warehouse_demo\dbt_project\target\semantic_manifest.json
[0m16:28:09.204048 [debug] [MainThread]: Wrote artifact RunExecutionResult to C:\Users\oracle_warehouse_demo\oracle_warehouse_demo\dbt_project\target\run_results.json
[0m16:28:09.204048 [info ] [MainThread]: 
[0m16:28:09.205591 [info ] [MainThread]: [31mCompleted with 2 errors, 0 partial successes, and 0 warnings:[0m
[0m16:28:09.206578 [info ] [MainThread]: 
[0m16:28:09.207557 [error] [MainThread]: [[31mERROR[0m]: in model stg_orders (models\staging\stg_orders.sql)
[0m16:28:09.207557 [error] [MainThread]:   Database Error in model stg_orders (models\staging\stg_orders.sql)
  column "_dlt_loaded_at" does not exist
  LINE 30:     _dlt_loaded_at                      AS _dlt_loaded_at
               ^
  compiled code at target\run\oracle_warehouse\models\staging\stg_orders.sql
[0m16:28:09.208562 [info ] [MainThread]: 
[0m16:28:09.209508 [info ] [MainThread]:   compiled code at target\compiled\oracle_warehouse\models\staging\stg_orders.sql
[0m16:28:09.209508 [info ] [MainThread]: 
[0m16:28:09.210485 [error] [MainThread]: [[31mERROR[0m]: in model stg_customers (models\staging\stg_customers.sql)
[0m16:28:09.211461 [error] [MainThread]:   Database Error in model stg_customers (models\staging\stg_customers.sql)
  column "_dlt_loaded_at" does not exist
  LINE 24:     _dlt_loaded_at                      AS _dlt_loaded_at
               ^
  compiled code at target\run\oracle_warehouse\models\staging\stg_customers.sql
[0m16:28:09.211461 [info ] [MainThread]: 
[0m16:28:09.212436 [info ] [MainThread]:   compiled code at target\compiled\oracle_warehouse\models\staging\stg_customers.sql
[0m16:28:09.213412 [info ] [MainThread]: 
[0m16:28:09.213412 [info ] [MainThread]: Done. PASS=0 WARN=0 ERROR=2 SKIP=2 NO-OP=0 TOTAL=4
[0m16:28:09.213412 [warn ] [MainThread]: [[33mWARNING[0m][DeprecationsSummary]: Deprecated functionality
Summary of encountered deprecations:
- MissingArgumentsPropertyInGenericTestDeprecation: 2 occurrences
To see all deprecation instances instead of just the first occurrence of each,
run command again with the `--show-all-deprecations` flag. You may also need to
run with `--no-partial-parse` as some deprecations are only encountered during
parsing.
[0m16:28:09.217994 [debug] [MainThread]: Command `dbt run` failed at 16:28:09.217017 after 2.58 seconds
[0m16:28:09.218988 [debug] [MainThread]: Sending event: {'category': 'dbt', 'action': 'invocation', 'label': 'end', 'context': [<snowplow_tracker.self_describing_json.SelfDescribingJson object at 0x000001C2DF3A8AD0>, <snowplow_tracker.self_describing_json.SelfDescribingJson object at 0x000001C2DE1701D0>, <snowplow_tracker.self_describing_json.SelfDescribingJson object at 0x000001C2DF44F250>]}
[0m16:28:09.218988 [debug] [MainThread]: Flushing usage events
[0m16:28:10.472330 [debug] [MainThread]: An error was encountered while trying to flush usage events
[0m16:53:23.048356 [debug] [MainThread]: Sending event: {'category': 'dbt', 'action': 'invocation', 'label': 'start', 'context': [<snowplow_tracker.self_describing_json.SelfDescribingJson object at 0x0000017EB7279310>, <snowplow_tracker.self_describing_json.SelfDescribingJson object at 0x0000017EB83B4290>, <snowplow_tracker.self_describing_json.SelfDescribingJson object at 0x0000017EB7324610>]}


============================== 16:53:23.051332 | 45cfc624-58d3-4f2a-9350-690bf289059f ==============================
[0m16:53:23.051332 [info ] [MainThread]: Running with dbt=1.12.0-b1
[0m16:53:23.052327 [debug] [MainThread]: running dbt with arguments {'version_check': 'False', 'no_print': 'None', 'static_parser': 'True', 'target_path': 'None', 'warn_error_options': 'WarnErrorOptionsV2(error=[], warn=[], silence=[])', 'printer_width': '80', 'write_json': 'True', 'empty': 'False', 'log_cache_events': 'False', 'introspect': 'True', 'cache_selected_only': 'False', 'log_format': 'default', 'debug': 'False', 'fail_fast': 'False', 'profiles_dir': '.', 'send_anonymous_usage_stats': 'True', 'quiet': 'False', 'warn_error': 'None', 'partial_parse': 'True', 'indirect_selection': 'eager', 'use_colors': 'True', 'invocation_command': 'dbt run --profiles-dir . --no-version-check', 'use_experimental_parser': 'False', 'log_path': 'C:\\Users\\oracle_warehouse_demo\\oracle_warehouse_demo\\dbt_project\\logs'}
[0m16:53:23.210578 [debug] [MainThread]: Sending event: {'category': 'dbt', 'action': 'project_id', 'label': '45cfc624-58d3-4f2a-9350-690bf289059f', 'context': [<snowplow_tracker.self_describing_json.SelfDescribingJson object at 0x0000017EB8610290>]}
[0m16:53:23.266898 [debug] [MainThread]: Sending event: {'category': 'dbt', 'action': 'adapter_info', 'label': '45cfc624-58d3-4f2a-9350-690bf289059f', 'context': [<snowplow_tracker.self_describing_json.SelfDescribingJson object at 0x0000017EB3ADA590>]}
[0m16:53:23.268028 [info ] [MainThread]: Registered adapter: postgres=1.10.0
[0m16:53:23.455024 [debug] [MainThread]: checksum: 4b91f4c523c0b4ed776bba520637b0d686e516c359f7decf36a3011f8415033e, vars: {}, profile: oracle_warehouse, target: prod, version: 1.12.0b1
[0m16:53:23.567579 [debug] [MainThread]: Partial parsing enabled: 0 files deleted, 0 files added, 4 files changed.
[0m16:53:23.568557 [debug] [MainThread]: Partial parsing: updated file: oracle_warehouse://models\marts\fct_orders.sql
[0m16:53:23.568557 [debug] [MainThread]: Partial parsing: updated file: oracle_warehouse://models\marts\delta_report.sql
[0m16:53:23.569533 [debug] [MainThread]: Partial parsing: updated file: oracle_warehouse://models\staging\stg_customers.sql
[0m16:53:23.569533 [debug] [MainThread]: Partial parsing: updated file: oracle_warehouse://models\staging\stg_orders.sql
[0m16:53:24.106000 [warn ] [MainThread]: [[33mWARNING[0m][MissingArgumentsPropertyInGenericTestDeprecation]: Deprecated
functionality
Found top-level arguments to test `accepted_values` defined on 'fct_orders' in
package 'oracle_warehouse' (models\marts\schema.yml). Arguments to generic tests
should be nested under the `arguments` property.
[0m16:53:24.107076 [debug] [MainThread]: Sending event: {'category': 'dbt', 'action': 'deprecation', 'label': '45cfc624-58d3-4f2a-9350-690bf289059f', 'property_': 'warn', 'context': [<snowplow_tracker.self_describing_json.SelfDescribingJson object at 0x0000017EB8EFDC90>]}
[0m16:53:24.182370 [debug] [MainThread]: Sending event: {'category': 'dbt', 'action': 'load_project', 'label': '45cfc624-58d3-4f2a-9350-690bf289059f', 'context': [<snowplow_tracker.self_describing_json.SelfDescribingJson object at 0x0000017EB8EE9650>]}
[0m16:53:24.250191 [debug] [MainThread]: Wrote artifact WritableManifest to C:\Users\oracle_warehouse_demo\oracle_warehouse_demo\dbt_project\target\manifest.json
[0m16:53:24.253862 [debug] [MainThread]: Wrote artifact SemanticManifest to C:\Users\oracle_warehouse_demo\oracle_warehouse_demo\dbt_project\target\semantic_manifest.json
[0m16:53:24.263186 [debug] [MainThread]: Sending event: {'category': 'dbt', 'action': 'resource_counts', 'label': '45cfc624-58d3-4f2a-9350-690bf289059f', 'context': [<snowplow_tracker.self_describing_json.SelfDescribingJson object at 0x0000017EB86E4B50>]}
[0m16:53:24.263186 [info ] [MainThread]: Found 15 data tests, 4 models, 2 sources, 475 macros
[0m16:53:24.264248 [debug] [MainThread]: Sending event: {'category': 'dbt', 'action': 'runnable_timing', 'label': '45cfc624-58d3-4f2a-9350-690bf289059f', 'context': [<snowplow_tracker.self_describing_json.SelfDescribingJson object at 0x0000017EB8EA6290>]}
[0m16:53:24.266649 [info ] [MainThread]: 
[0m16:53:24.266649 [info ] [MainThread]: Concurrency: 4 threads (target='prod')
[0m16:53:24.268156 [info ] [MainThread]: 
[0m16:53:24.268794 [debug] [MainThread]: Acquiring new postgres connection 'master'
[0m16:53:24.271831 [debug] [ThreadPool]: Acquiring new postgres connection 'list_warehouse'
[0m16:53:24.322293 [debug] [ThreadPool]: Using postgres connection "list_warehouse"
[0m16:53:24.322293 [debug] [ThreadPool]: On list_warehouse: /* {"app": "dbt", "dbt_version": "1.12.0b1", "profile_name": "oracle_warehouse", "target_name": "prod", "connection_name": "list_warehouse"} */

    select distinct nspname from pg_namespace
  
[0m16:53:24.323285 [debug] [ThreadPool]: Opening a new connection, currently in state init
[0m16:53:24.395431 [debug] [ThreadPool]: SQL status: SELECT 8 in 0.072 seconds
[0m16:53:24.396940 [debug] [ThreadPool]: On list_warehouse: Close
[0m16:53:24.398440 [debug] [ThreadPool]: Acquiring new postgres connection 'list_warehouse_marts_marts'
[0m16:53:24.408365 [debug] [ThreadPool]: Using postgres connection "list_warehouse_marts_marts"
[0m16:53:24.408365 [debug] [ThreadPool]: On list_warehouse_marts_marts: /* {"app": "dbt", "dbt_version": "1.12.0b1", "profile_name": "oracle_warehouse", "target_name": "prod", "connection_name": "list_warehouse_marts_marts"} */
select
      'warehouse' as database,
      tablename as name,
      schemaname as schema,
      'table' as type
    from pg_tables
    where schemaname ilike 'marts_marts'
    union all
    select
      'warehouse' as database,
      viewname as name,
      schemaname as schema,
      'view' as type
    from pg_views
    where schemaname ilike 'marts_marts'
    union all
    select
      'warehouse' as database,
      matviewname as name,
      schemaname as schema,
      'materialized_view' as type
    from pg_matviews
    where schemaname ilike 'marts_marts'
  
[0m16:53:24.409467 [debug] [ThreadPool]: Opening a new connection, currently in state init
[0m16:53:24.498459 [debug] [ThreadPool]: SQL status: SELECT 0 in 0.089 seconds
[0m16:53:24.500948 [debug] [ThreadPool]: On list_warehouse_marts_marts: ROLLBACK
[0m16:53:24.504060 [debug] [ThreadPool]: On list_warehouse_marts_marts: Close
[0m16:53:24.508936 [debug] [MainThread]: Using postgres connection "master"
[0m16:53:24.508936 [debug] [MainThread]: On master: /* {"app": "dbt", "dbt_version": "1.12.0b1", "profile_name": "oracle_warehouse", "target_name": "prod", "connection_name": "master"} */
select distinct
        dependent_namespace.nspname as dependent_schema,
        dependent_class.relname as dependent_name,
        referenced_namespace.nspname as referenced_schema,
        referenced_class.relname as referenced_name

    -- Query for views: views are entries in pg_class with an entry in pg_rewrite, but we avoid
    -- a seq scan on pg_rewrite by leveraging the fact there is an "internal" row in pg_depend for
    -- the view...
    from pg_class as dependent_class
    join pg_namespace as dependent_namespace on dependent_namespace.oid = dependent_class.relnamespace
    join pg_depend as dependent_depend on dependent_depend.refobjid = dependent_class.oid
        and dependent_depend.classid = 'pg_rewrite'::regclass
        and dependent_depend.refclassid = 'pg_class'::regclass
        and dependent_depend.deptype = 'i'

    -- ... and via pg_depend (that has a row per column, hence the need for "distinct" above, and
    -- making sure to exclude the internal row to avoid a view appearing to depend on itself)...
    join pg_depend as joining_depend on joining_depend.objid = dependent_depend.objid
        and joining_depend.classid = 'pg_rewrite'::regclass
        and joining_depend.refclassid = 'pg_class'::regclass
        and joining_depend.refobjid != dependent_depend.refobjid

    -- ... we can find the tables they query from in pg_class, but excluding system tables. Note we
    -- don't need need to exclude _dependent_ system tables, because they only query from other
    -- system tables, and so are automatically excluded by excluding _referenced_ system tables
    join pg_class as referenced_class on referenced_class.oid = joining_depend.refobjid
    join pg_namespace as referenced_namespace on referenced_namespace.oid = referenced_class.relnamespace
        and referenced_namespace.nspname != 'information_schema'
        and referenced_namespace.nspname not like 'pg\_%'

    order by
        dependent_schema, dependent_name, referenced_schema, referenced_name;
[0m16:53:24.509916 [debug] [MainThread]: Opening a new connection, currently in state init
[0m16:53:24.574675 [debug] [MainThread]: SQL status: SELECT 0 in 0.065 seconds
[0m16:53:24.575662 [debug] [MainThread]: Sending event: {'category': 'dbt', 'action': 'runnable_timing', 'label': '45cfc624-58d3-4f2a-9350-690bf289059f', 'context': [<snowplow_tracker.self_describing_json.SelfDescribingJson object at 0x0000017EB85D8790>]}
[0m16:53:24.576679 [debug] [MainThread]: On master: ROLLBACK
[0m16:53:24.580509 [debug] [MainThread]: On master: COMMIT
[0m16:53:24.581514 [debug] [MainThread]: Using postgres connection "master"
[0m16:53:24.581514 [debug] [MainThread]: On master: COMMIT
[0m16:53:24.585744 [debug] [MainThread]: SQL status: COMMIT in 0.004 seconds
[0m16:53:24.586720 [debug] [MainThread]: On master: Close
[0m16:53:24.593892 [debug] [Thread-1 (]: Began running node model.oracle_warehouse.stg_customers
[0m16:53:24.593892 [debug] [Thread-2 (]: Began running node model.oracle_warehouse.stg_orders
[0m16:53:24.593892 [info ] [Thread-1 (]: 1 of 4 START sql view model marts_marts.stg_customers .......................... [RUN]
[0m16:53:24.596424 [debug] [Thread-1 (]: Acquiring new postgres connection 'model.oracle_warehouse.stg_customers'
[0m16:53:24.595435 [info ] [Thread-2 (]: 2 of 4 START sql view model marts_marts.stg_orders ............................. [RUN]
[0m16:53:24.596424 [debug] [Thread-1 (]: Began compiling node model.oracle_warehouse.stg_customers
[0m16:53:24.597397 [debug] [Thread-2 (]: Acquiring new postgres connection 'model.oracle_warehouse.stg_orders'
[0m16:53:24.603290 [debug] [Thread-1 (]: Writing injected SQL for node "model.oracle_warehouse.stg_customers"
[0m16:53:24.603290 [debug] [Thread-2 (]: Began compiling node model.oracle_warehouse.stg_orders
[0m16:53:24.607083 [debug] [Thread-2 (]: Writing injected SQL for node "model.oracle_warehouse.stg_orders"
[0m16:53:24.609272 [debug] [Thread-1 (]: Began executing node model.oracle_warehouse.stg_customers
[0m16:53:24.630793 [debug] [Thread-2 (]: Began executing node model.oracle_warehouse.stg_orders
[0m16:53:24.633738 [debug] [Thread-1 (]: Writing runtime sql for node "model.oracle_warehouse.stg_customers"
[0m16:53:24.635691 [debug] [Thread-2 (]: Writing runtime sql for node "model.oracle_warehouse.stg_orders"
[0m16:53:24.637195 [debug] [Thread-1 (]: Using postgres connection "model.oracle_warehouse.stg_customers"
[0m16:53:24.638179 [debug] [Thread-1 (]: On model.oracle_warehouse.stg_customers: /* {"app": "dbt", "dbt_version": "1.12.0b1", "profile_name": "oracle_warehouse", "target_name": "prod", "node_id": "model.oracle_warehouse.stg_customers"} */

  create view "warehouse"."marts_marts"."stg_customers__dbt_tmp"
    
    
  as (
    -- =============================================================================
-- models/staging/stg_customers.sql
-- =============================================================================



SELECT
    customer_id::INTEGER                AS customer_id,
    INITCAP(TRIM(full_name))            AS full_name,
    LOWER(TRIM(email))                  AS email,
    UPPER(TRIM(country))                AS country,
    UPPER(TRIM(tier))                   AS tier,   -- GOLD / SILVER / STANDARD

    created_at::TIMESTAMPTZ             AS created_at,
    updated_at::TIMESTAMPTZ             AS updated_at,

    _dlt_id                             AS _dlt_id,
    _dlt_loaded_id                      AS _dlt_loaded_id

FROM "warehouse"."staging"."customers"
WHERE COALESCE(is_deleted, 0) = 0
  );
[0m16:53:24.638179 [debug] [Thread-2 (]: Using postgres connection "model.oracle_warehouse.stg_orders"
[0m16:53:24.638179 [debug] [Thread-1 (]: Opening a new connection, currently in state init
[0m16:53:24.639156 [debug] [Thread-2 (]: On model.oracle_warehouse.stg_orders: /* {"app": "dbt", "dbt_version": "1.12.0b1", "profile_name": "oracle_warehouse", "target_name": "prod", "node_id": "model.oracle_warehouse.stg_orders"} */

  create view "warehouse"."marts_marts"."stg_orders__dbt_tmp"
    
    
  as (
    -- =============================================================================
-- models/staging/stg_orders.sql
-- =============================================================================
-- Lightweight VIEW over the raw DLT-loaded orders table.
-- Purpose: cast types, rename columns, filter soft-deletes.
-- Materialized as a VIEW so it always reflects the latest DLT load.
-- =============================================================================



SELECT
    order_id::INTEGER                   AS order_id,
    customer_id::INTEGER                AS customer_id,

    UPPER(TRIM(status))                 AS status,
    amount::NUMERIC(10,2)               AS amount,
    UPPER(TRIM(product_code))           AS product_code,

    created_at::TIMESTAMPTZ             AS created_at,
    updated_at::TIMESTAMPTZ             AS updated_at,

    -- DLT metadata columns — kept for delta filtering in marts
    _dlt_id                             AS _dlt_id,
    _dlt_loaded_id                      AS _dlt_loaded_id

FROM "warehouse"."staging"."orders"

-- Filter soft-deleted rows (is_deleted=1 set in Oracle before export)
WHERE COALESCE(is_deleted, 0) = 0
  );
[0m16:53:24.640131 [debug] [Thread-2 (]: Opening a new connection, currently in state init
[0m16:53:24.717731 [debug] [Thread-2 (]: Postgres adapter: Postgres error: column "_dlt_loaded_id" does not exist
LINE 30:     _dlt_loaded_id                      AS _dlt_loaded_id
             ^
HINT:  Perhaps you meant to reference the column "orders._dlt_load_id".

[0m16:53:24.718718 [debug] [Thread-2 (]: On model.oracle_warehouse.stg_orders: ROLLBACK
[0m16:53:24.723208 [debug] [Thread-2 (]: On model.oracle_warehouse.stg_orders: Close
[0m16:53:24.728420 [debug] [Thread-2 (]: Database Error in model stg_orders (models\staging\stg_orders.sql)
  column "_dlt_loaded_id" does not exist
  LINE 30:     _dlt_loaded_id                      AS _dlt_loaded_id
               ^
  HINT:  Perhaps you meant to reference the column "orders._dlt_load_id".
  compiled code at target\run\oracle_warehouse\models\staging\stg_orders.sql
[0m16:53:24.729398 [debug] [Thread-1 (]: Postgres adapter: Postgres error: column "_dlt_loaded_id" does not exist
LINE 24:     _dlt_loaded_id                      AS _dlt_loaded_id
             ^
HINT:  Perhaps you meant to reference the column "customers._dlt_load_id".

[0m16:53:24.731935 [debug] [Thread-2 (]: Sending event: {'category': 'dbt', 'action': 'run_model', 'label': '45cfc624-58d3-4f2a-9350-690bf289059f', 'context': [<snowplow_tracker.self_describing_json.SelfDescribingJson object at 0x0000017EB9121490>]}
[0m16:53:24.732893 [debug] [Thread-1 (]: On model.oracle_warehouse.stg_customers: ROLLBACK
[0m16:53:24.733865 [error] [Thread-2 (]: 2 of 4 ERROR creating sql view model marts_marts.stg_orders .................... [[31mERROR[0m in 0.13s]
[0m16:53:24.734835 [debug] [Thread-2 (]: Finished running node model.oracle_warehouse.stg_orders
[0m16:53:24.735814 [debug] [Thread-7 (]: Marking all children of 'model.oracle_warehouse.stg_orders' to be skipped because of status 'error'.  Reason: Database Error in model stg_orders (models\staging\stg_orders.sql)
  column "_dlt_loaded_id" does not exist
  LINE 30:     _dlt_loaded_id                      AS _dlt_loaded_id
               ^
  HINT:  Perhaps you meant to reference the column "orders._dlt_load_id".
  compiled code at target\run\oracle_warehouse\models\staging\stg_orders.sql.
[0m16:53:24.736799 [debug] [Thread-4 (]: Began running node model.oracle_warehouse.delta_report
[0m16:53:24.737776 [debug] [Thread-1 (]: On model.oracle_warehouse.stg_customers: Close
[0m16:53:24.737776 [info ] [Thread-4 (]: 3 of 4 SKIP relation marts_marts.delta_report .................................. [[33mSKIP[0m]
[0m16:53:24.739719 [debug] [Thread-4 (]: Finished running node model.oracle_warehouse.delta_report
[0m16:53:24.741226 [debug] [Thread-1 (]: Database Error in model stg_customers (models\staging\stg_customers.sql)
  column "_dlt_loaded_id" does not exist
  LINE 24:     _dlt_loaded_id                      AS _dlt_loaded_id
               ^
  HINT:  Perhaps you meant to reference the column "customers._dlt_load_id".
  compiled code at target\run\oracle_warehouse\models\staging\stg_customers.sql
[0m16:53:24.743298 [debug] [Thread-1 (]: Sending event: {'category': 'dbt', 'action': 'run_model', 'label': '45cfc624-58d3-4f2a-9350-690bf289059f', 'context': [<snowplow_tracker.self_describing_json.SelfDescribingJson object at 0x0000017EB9353F10>]}
[0m16:53:24.743298 [error] [Thread-1 (]: 1 of 4 ERROR creating sql view model marts_marts.stg_customers ................. [[31mERROR[0m in 0.15s]
[0m16:53:24.744810 [debug] [Thread-1 (]: Finished running node model.oracle_warehouse.stg_customers
[0m16:53:24.745750 [debug] [Thread-7 (]: Marking all children of 'model.oracle_warehouse.stg_customers' to be skipped because of status 'error'.  Reason: Database Error in model stg_customers (models\staging\stg_customers.sql)
  column "_dlt_loaded_id" does not exist
  LINE 24:     _dlt_loaded_id                      AS _dlt_loaded_id
               ^
  HINT:  Perhaps you meant to reference the column "customers._dlt_load_id".
  compiled code at target\run\oracle_warehouse\models\staging\stg_customers.sql.
[0m16:53:24.746726 [debug] [Thread-2 (]: Began running node model.oracle_warehouse.fct_orders
[0m16:53:24.746726 [info ] [Thread-2 (]: 4 of 4 SKIP relation marts_marts.fct_orders .................................... [[33mSKIP[0m]
[0m16:53:24.747705 [debug] [Thread-2 (]: Finished running node model.oracle_warehouse.fct_orders
[0m16:53:24.749656 [debug] [MainThread]: On master: COMMIT
[0m16:53:24.749656 [debug] [MainThread]: Using postgres connection "master"
[0m16:53:24.749656 [debug] [MainThread]: On master: COMMIT
[0m16:53:24.749656 [debug] [MainThread]: Opening a new connection, currently in state closed
[0m16:53:24.805595 [debug] [MainThread]: SQL status: COMMIT in 0.055 seconds
[0m16:53:24.806590 [debug] [MainThread]: On master: Close
[0m16:53:24.806590 [debug] [MainThread]: Connection 'master' was properly closed.
[0m16:53:24.807565 [debug] [MainThread]: Connection 'list_warehouse' was properly closed.
[0m16:53:24.807565 [debug] [MainThread]: Connection 'list_warehouse_marts_marts' was properly closed.
[0m16:53:24.808901 [debug] [MainThread]: Connection 'model.oracle_warehouse.stg_customers' was properly closed.
[0m16:53:24.808901 [debug] [MainThread]: Connection 'model.oracle_warehouse.stg_orders' was properly closed.
[0m16:53:24.809891 [info ] [MainThread]: 
[0m16:53:24.810870 [info ] [MainThread]: Finished running 2 incremental models, 2 view models in 0 hours 0 minutes and 0.54 seconds (0.54s).
[0m16:53:24.812822 [debug] [MainThread]: Command end result
[0m16:53:24.836746 [debug] [MainThread]: Wrote artifact WritableManifest to C:\Users\oracle_warehouse_demo\oracle_warehouse_demo\dbt_project\target\manifest.json
[0m16:53:24.840242 [debug] [MainThread]: Wrote artifact SemanticManifest to C:\Users\oracle_warehouse_demo\oracle_warehouse_demo\dbt_project\target\semantic_manifest.json
[0m16:53:24.848134 [debug] [MainThread]: Wrote artifact RunExecutionResult to C:\Users\oracle_warehouse_demo\oracle_warehouse_demo\dbt_project\target\run_results.json
[0m16:53:24.848134 [info ] [MainThread]: 
[0m16:53:24.849088 [info ] [MainThread]: [31mCompleted with 2 errors, 0 partial successes, and 0 warnings:[0m
[0m16:53:24.850808 [info ] [MainThread]: 
[0m16:53:24.851386 [error] [MainThread]: [[31mERROR[0m]: in model stg_orders (models\staging\stg_orders.sql)
[0m16:53:24.851993 [error] [MainThread]:   Database Error in model stg_orders (models\staging\stg_orders.sql)
  column "_dlt_loaded_id" does not exist
  LINE 30:     _dlt_loaded_id                      AS _dlt_loaded_id
               ^
  HINT:  Perhaps you meant to reference the column "orders._dlt_load_id".
  compiled code at target\run\oracle_warehouse\models\staging\stg_orders.sql
[0m16:53:24.853112 [info ] [MainThread]: 
[0m16:53:24.854260 [info ] [MainThread]:   compiled code at target\compiled\oracle_warehouse\models\staging\stg_orders.sql
[0m16:53:24.854849 [info ] [MainThread]: 
[0m16:53:24.855970 [error] [MainThread]: [[31mERROR[0m]: in model stg_customers (models\staging\stg_customers.sql)
[0m16:53:24.857202 [error] [MainThread]:   Database Error in model stg_customers (models\staging\stg_customers.sql)
  column "_dlt_loaded_id" does not exist
  LINE 24:     _dlt_loaded_id                      AS _dlt_loaded_id
               ^
  HINT:  Perhaps you meant to reference the column "customers._dlt_load_id".
  compiled code at target\run\oracle_warehouse\models\staging\stg_customers.sql
[0m16:53:24.858479 [info ] [MainThread]: 
[0m16:53:24.862233 [info ] [MainThread]:   compiled code at target\compiled\oracle_warehouse\models\staging\stg_customers.sql
[0m16:53:24.863463 [info ] [MainThread]: 
[0m16:53:24.864044 [info ] [MainThread]: Done. PASS=0 WARN=0 ERROR=2 SKIP=2 NO-OP=0 TOTAL=4
[0m16:53:24.865276 [warn ] [MainThread]: [[33mWARNING[0m][DeprecationsSummary]: Deprecated functionality
Summary of encountered deprecations:
- MissingArgumentsPropertyInGenericTestDeprecation: 2 occurrences
To see all deprecation instances instead of just the first occurrence of each,
run command again with the `--show-all-deprecations` flag. You may also need to
run with `--no-partial-parse` as some deprecations are only encountered during
parsing.
[0m16:53:24.866490 [debug] [MainThread]: Command `dbt run` failed at 16:53:24.866490 after 1.96 seconds
[0m16:53:24.867095 [debug] [MainThread]: Sending event: {'category': 'dbt', 'action': 'invocation', 'label': 'end', 'context': [<snowplow_tracker.self_describing_json.SelfDescribingJson object at 0x0000017EB7326D50>, <snowplow_tracker.self_describing_json.SelfDescribingJson object at 0x0000017EB6FBEDD0>, <snowplow_tracker.self_describing_json.SelfDescribingJson object at 0x0000017EB731B5D0>]}
[0m16:53:24.867743 [debug] [MainThread]: Flushing usage events
[0m16:53:25.725312 [debug] [MainThread]: An error was encountered while trying to flush usage events
[0m17:15:27.028414 [debug] [MainThread]: Sending event: {'category': 'dbt', 'action': 'invocation', 'label': 'start', 'context': [<snowplow_tracker.self_describing_json.SelfDescribingJson object at 0x00000288E8CF85D0>, <snowplow_tracker.self_describing_json.SelfDescribingJson object at 0x00000288E8C34110>, <snowplow_tracker.self_describing_json.SelfDescribingJson object at 0x00000288E8C37210>]}


============================== 17:15:27.031358 | a25614dd-c211-4b16-a8a5-c5f11aa84ff3 ==============================
[0m17:15:27.031358 [info ] [MainThread]: Running with dbt=1.12.0-b1
[0m17:15:27.031358 [debug] [MainThread]: running dbt with arguments {'version_check': 'False', 'no_print': 'None', 'static_parser': 'True', 'target_path': 'None', 'warn_error_options': 'WarnErrorOptionsV2(error=[], warn=[], silence=[])', 'printer_width': '80', 'write_json': 'True', 'introspect': 'True', 'log_cache_events': 'False', 'empty': 'False', 'cache_selected_only': 'False', 'fail_fast': 'False', 'debug': 'False', 'log_format': 'default', 'profiles_dir': '.', 'send_anonymous_usage_stats': 'True', 'quiet': 'False', 'warn_error': 'None', 'partial_parse': 'True', 'invocation_command': 'dbt run --profiles-dir . --no-version-check', 'use_colors': 'True', 'indirect_selection': 'eager', 'use_experimental_parser': 'False', 'log_path': 'C:\\Users\\oracle_warehouse_demo\\oracle_warehouse_demo\\dbt_project\\logs'}
[0m17:15:27.204540 [debug] [MainThread]: Sending event: {'category': 'dbt', 'action': 'project_id', 'label': 'a25614dd-c211-4b16-a8a5-c5f11aa84ff3', 'context': [<snowplow_tracker.self_describing_json.SelfDescribingJson object at 0x00000288E8F8DA10>]}
[0m17:15:27.260700 [debug] [MainThread]: Sending event: {'category': 'dbt', 'action': 'adapter_info', 'label': 'a25614dd-c211-4b16-a8a5-c5f11aa84ff3', 'context': [<snowplow_tracker.self_describing_json.SelfDescribingJson object at 0x00000288E442A4D0>]}
[0m17:15:27.262682 [info ] [MainThread]: Registered adapter: postgres=1.10.0
[0m17:15:27.457266 [debug] [MainThread]: checksum: 4b91f4c523c0b4ed776bba520637b0d686e516c359f7decf36a3011f8415033e, vars: {}, profile: oracle_warehouse, target: prod, version: 1.12.0b1
[0m17:15:27.562632 [debug] [MainThread]: Partial parsing enabled: 0 files deleted, 0 files added, 2 files changed.
[0m17:15:27.562632 [debug] [MainThread]: Partial parsing: updated file: oracle_warehouse://models\staging\stg_customers.sql
[0m17:15:27.563616 [debug] [MainThread]: Partial parsing: updated file: oracle_warehouse://models\staging\stg_orders.sql
[0m17:15:27.860193 [debug] [MainThread]: Sending event: {'category': 'dbt', 'action': 'load_project', 'label': 'a25614dd-c211-4b16-a8a5-c5f11aa84ff3', 'context': [<snowplow_tracker.self_describing_json.SelfDescribingJson object at 0x00000288E4414750>]}
[0m17:15:27.928391 [debug] [MainThread]: Wrote artifact WritableManifest to C:\Users\oracle_warehouse_demo\oracle_warehouse_demo\dbt_project\target\manifest.json
[0m17:15:27.931336 [debug] [MainThread]: Wrote artifact SemanticManifest to C:\Users\oracle_warehouse_demo\oracle_warehouse_demo\dbt_project\target\semantic_manifest.json
[0m17:15:27.939829 [debug] [MainThread]: Sending event: {'category': 'dbt', 'action': 'resource_counts', 'label': 'a25614dd-c211-4b16-a8a5-c5f11aa84ff3', 'context': [<snowplow_tracker.self_describing_json.SelfDescribingJson object at 0x00000288E8F6D890>]}
[0m17:15:27.940793 [info ] [MainThread]: Found 15 data tests, 4 models, 2 sources, 475 macros
[0m17:15:27.942887 [debug] [MainThread]: Sending event: {'category': 'dbt', 'action': 'runnable_timing', 'label': 'a25614dd-c211-4b16-a8a5-c5f11aa84ff3', 'context': [<snowplow_tracker.self_describing_json.SelfDescribingJson object at 0x00000288E94021D0>]}
[0m17:15:27.946797 [info ] [MainThread]: 
[0m17:15:27.947776 [info ] [MainThread]: Concurrency: 4 threads (target='prod')
[0m17:15:27.948752 [info ] [MainThread]: 
[0m17:15:27.949729 [debug] [MainThread]: Acquiring new postgres connection 'master'
[0m17:15:27.952691 [debug] [ThreadPool]: Acquiring new postgres connection 'list_warehouse'
[0m17:15:27.998099 [debug] [ThreadPool]: Using postgres connection "list_warehouse"
[0m17:15:27.999085 [debug] [ThreadPool]: On list_warehouse: /* {"app": "dbt", "dbt_version": "1.12.0b1", "profile_name": "oracle_warehouse", "target_name": "prod", "connection_name": "list_warehouse"} */

    select distinct nspname from pg_namespace
  
[0m17:15:27.999085 [debug] [ThreadPool]: Opening a new connection, currently in state init
[0m17:15:28.074645 [debug] [ThreadPool]: SQL status: SELECT 8 in 0.076 seconds
[0m17:15:28.076599 [debug] [ThreadPool]: On list_warehouse: Close
[0m17:15:28.079091 [debug] [ThreadPool]: Acquiring new postgres connection 'list_warehouse_marts_marts'
[0m17:15:28.083990 [debug] [ThreadPool]: Using postgres connection "list_warehouse_marts_marts"
[0m17:15:28.083990 [debug] [ThreadPool]: On list_warehouse_marts_marts: /* {"app": "dbt", "dbt_version": "1.12.0b1", "profile_name": "oracle_warehouse", "target_name": "prod", "connection_name": "list_warehouse_marts_marts"} */
select
      'warehouse' as database,
      tablename as name,
      schemaname as schema,
      'table' as type
    from pg_tables
    where schemaname ilike 'marts_marts'
    union all
    select
      'warehouse' as database,
      viewname as name,
      schemaname as schema,
      'view' as type
    from pg_views
    where schemaname ilike 'marts_marts'
    union all
    select
      'warehouse' as database,
      matviewname as name,
      schemaname as schema,
      'materialized_view' as type
    from pg_matviews
    where schemaname ilike 'marts_marts'
  
[0m17:15:28.084969 [debug] [ThreadPool]: Opening a new connection, currently in state init
[0m17:15:28.152833 [debug] [ThreadPool]: SQL status: SELECT 0 in 0.068 seconds
[0m17:15:28.152833 [debug] [ThreadPool]: On list_warehouse_marts_marts: ROLLBACK
[0m17:15:28.157290 [debug] [ThreadPool]: On list_warehouse_marts_marts: Close
[0m17:15:28.162224 [debug] [MainThread]: Using postgres connection "master"
[0m17:15:28.162224 [debug] [MainThread]: On master: /* {"app": "dbt", "dbt_version": "1.12.0b1", "profile_name": "oracle_warehouse", "target_name": "prod", "connection_name": "master"} */
select distinct
        dependent_namespace.nspname as dependent_schema,
        dependent_class.relname as dependent_name,
        referenced_namespace.nspname as referenced_schema,
        referenced_class.relname as referenced_name

    -- Query for views: views are entries in pg_class with an entry in pg_rewrite, but we avoid
    -- a seq scan on pg_rewrite by leveraging the fact there is an "internal" row in pg_depend for
    -- the view...
    from pg_class as dependent_class
    join pg_namespace as dependent_namespace on dependent_namespace.oid = dependent_class.relnamespace
    join pg_depend as dependent_depend on dependent_depend.refobjid = dependent_class.oid
        and dependent_depend.classid = 'pg_rewrite'::regclass
        and dependent_depend.refclassid = 'pg_class'::regclass
        and dependent_depend.deptype = 'i'

    -- ... and via pg_depend (that has a row per column, hence the need for "distinct" above, and
    -- making sure to exclude the internal row to avoid a view appearing to depend on itself)...
    join pg_depend as joining_depend on joining_depend.objid = dependent_depend.objid
        and joining_depend.classid = 'pg_rewrite'::regclass
        and joining_depend.refclassid = 'pg_class'::regclass
        and joining_depend.refobjid != dependent_depend.refobjid

    -- ... we can find the tables they query from in pg_class, but excluding system tables. Note we
    -- don't need need to exclude _dependent_ system tables, because they only query from other
    -- system tables, and so are automatically excluded by excluding _referenced_ system tables
    join pg_class as referenced_class on referenced_class.oid = joining_depend.refobjid
    join pg_namespace as referenced_namespace on referenced_namespace.oid = referenced_class.relnamespace
        and referenced_namespace.nspname != 'information_schema'
        and referenced_namespace.nspname not like 'pg\_%'

    order by
        dependent_schema, dependent_name, referenced_schema, referenced_name;
[0m17:15:28.163201 [debug] [MainThread]: Opening a new connection, currently in state init
[0m17:15:28.235187 [debug] [MainThread]: SQL status: SELECT 0 in 0.072 seconds
[0m17:15:28.237033 [debug] [MainThread]: Sending event: {'category': 'dbt', 'action': 'runnable_timing', 'label': 'a25614dd-c211-4b16-a8a5-c5f11aa84ff3', 'context': [<snowplow_tracker.self_describing_json.SelfDescribingJson object at 0x00000288E9A25B10>]}
[0m17:15:28.238009 [debug] [MainThread]: On master: ROLLBACK
[0m17:15:28.242994 [debug] [MainThread]: On master: COMMIT
[0m17:15:28.242994 [debug] [MainThread]: Using postgres connection "master"
[0m17:15:28.244610 [debug] [MainThread]: On master: COMMIT
[0m17:15:28.252545 [debug] [MainThread]: SQL status: COMMIT in 0.007 seconds
[0m17:15:28.253515 [debug] [MainThread]: On master: Close
[0m17:15:28.258028 [debug] [Thread-1 (]: Began running node model.oracle_warehouse.stg_customers
[0m17:15:28.259005 [debug] [Thread-2 (]: Began running node model.oracle_warehouse.stg_orders
[0m17:15:28.259005 [info ] [Thread-1 (]: 1 of 4 START sql view model marts_marts.stg_customers .......................... [RUN]
[0m17:15:28.260957 [debug] [Thread-1 (]: Acquiring new postgres connection 'model.oracle_warehouse.stg_customers'
[0m17:15:28.260007 [info ] [Thread-2 (]: 2 of 4 START sql view model marts_marts.stg_orders ............................. [RUN]
[0m17:15:28.261935 [debug] [Thread-1 (]: Began compiling node model.oracle_warehouse.stg_customers
[0m17:15:28.261935 [debug] [Thread-2 (]: Acquiring new postgres connection 'model.oracle_warehouse.stg_orders'
[0m17:15:28.269371 [debug] [Thread-1 (]: Writing injected SQL for node "model.oracle_warehouse.stg_customers"
[0m17:15:28.269371 [debug] [Thread-2 (]: Began compiling node model.oracle_warehouse.stg_orders
[0m17:15:28.273307 [debug] [Thread-2 (]: Writing injected SQL for node "model.oracle_warehouse.stg_orders"
[0m17:15:28.274254 [debug] [Thread-1 (]: Began executing node model.oracle_warehouse.stg_customers
[0m17:15:28.274254 [debug] [Thread-2 (]: Began executing node model.oracle_warehouse.stg_orders
[0m17:15:28.301740 [debug] [Thread-2 (]: Writing runtime sql for node "model.oracle_warehouse.stg_orders"
[0m17:15:28.303576 [debug] [Thread-1 (]: Writing runtime sql for node "model.oracle_warehouse.stg_customers"
[0m17:15:28.305528 [debug] [Thread-2 (]: Using postgres connection "model.oracle_warehouse.stg_orders"
[0m17:15:28.305528 [debug] [Thread-2 (]: On model.oracle_warehouse.stg_orders: /* {"app": "dbt", "dbt_version": "1.12.0b1", "profile_name": "oracle_warehouse", "target_name": "prod", "node_id": "model.oracle_warehouse.stg_orders"} */

  create view "warehouse"."marts_marts"."stg_orders__dbt_tmp"
    
    
  as (
    -- =============================================================================
-- models/staging/stg_orders.sql
-- =============================================================================
-- Lightweight VIEW over the raw DLT-loaded orders table.
-- Purpose: cast types, rename columns, filter soft-deletes.
-- Materialized as a VIEW so it always reflects the latest DLT load.
-- =============================================================================



SELECT
    order_id::INTEGER                   AS order_id,
    customer_id::INTEGER                AS customer_id,

    UPPER(TRIM(status))                 AS status,
    amount::NUMERIC(10,2)               AS amount,
    UPPER(TRIM(product_code))           AS product_code,

    created_at::TIMESTAMPTZ             AS created_at,
    updated_at::TIMESTAMPTZ             AS updated_at,

    -- DLT metadata columns — kept for delta filtering in marts
    _dlt_id                             AS _dlt_id,
    _dlt_loade_id                      AS _dlt_loade_id

FROM "warehouse"."staging"."orders"

-- Filter soft-deleted rows (is_deleted=1 set in Oracle before export)
WHERE COALESCE(is_deleted, 0) = 0
  );
[0m17:15:28.305528 [debug] [Thread-2 (]: Opening a new connection, currently in state init
[0m17:15:28.307033 [debug] [Thread-1 (]: Using postgres connection "model.oracle_warehouse.stg_customers"
[0m17:15:28.308142 [debug] [Thread-1 (]: On model.oracle_warehouse.stg_customers: /* {"app": "dbt", "dbt_version": "1.12.0b1", "profile_name": "oracle_warehouse", "target_name": "prod", "node_id": "model.oracle_warehouse.stg_customers"} */

  create view "warehouse"."marts_marts"."stg_customers__dbt_tmp"
    
    
  as (
    -- =============================================================================
-- models/staging/stg_customers.sql
-- =============================================================================



SELECT
    customer_id::INTEGER                AS customer_id,
    INITCAP(TRIM(full_name))            AS full_name,
    LOWER(TRIM(email))                  AS email,
    UPPER(TRIM(country))                AS country,
    UPPER(TRIM(tier))                   AS tier,   -- GOLD / SILVER / STANDARD

    created_at::TIMESTAMPTZ             AS created_at,
    updated_at::TIMESTAMPTZ             AS updated_at,

    _dlt_id                             AS _dlt_id,
    _dlt_load_id                      AS _dlt_load_id

FROM "warehouse"."staging"."customers"
WHERE COALESCE(is_deleted, 0) = 0
  );
[0m17:15:28.308142 [debug] [Thread-1 (]: Opening a new connection, currently in state init
[0m17:15:28.378234 [debug] [Thread-2 (]: Postgres adapter: Postgres error: column "_dlt_loade_id" does not exist
LINE 30:     _dlt_loade_id                      AS _dlt_loade_id
             ^
HINT:  Perhaps you meant to reference the column "orders._dlt_load_id".

[0m17:15:28.379740 [debug] [Thread-2 (]: On model.oracle_warehouse.stg_orders: ROLLBACK
[0m17:15:28.382771 [debug] [Thread-2 (]: On model.oracle_warehouse.stg_orders: Close
[0m17:15:28.387565 [debug] [Thread-2 (]: Database Error in model stg_orders (models\staging\stg_orders.sql)
  column "_dlt_loade_id" does not exist
  LINE 30:     _dlt_loade_id                      AS _dlt_loade_id
               ^
  HINT:  Perhaps you meant to reference the column "orders._dlt_load_id".
  compiled code at target\run\oracle_warehouse\models\staging\stg_orders.sql
[0m17:15:28.388535 [debug] [Thread-2 (]: Sending event: {'category': 'dbt', 'action': 'run_model', 'label': 'a25614dd-c211-4b16-a8a5-c5f11aa84ff3', 'context': [<snowplow_tracker.self_describing_json.SelfDescribingJson object at 0x00000288E9E804D0>]}
[0m17:15:28.390040 [error] [Thread-2 (]: 2 of 4 ERROR creating sql view model marts_marts.stg_orders .................... [[31mERROR[0m in 0.13s]
[0m17:15:28.391023 [debug] [Thread-2 (]: Finished running node model.oracle_warehouse.stg_orders
[0m17:15:28.392000 [debug] [Thread-7 (]: Marking all children of 'model.oracle_warehouse.stg_orders' to be skipped because of status 'error'.  Reason: Database Error in model stg_orders (models\staging\stg_orders.sql)
  column "_dlt_loade_id" does not exist
  LINE 30:     _dlt_loade_id                      AS _dlt_loade_id
               ^
  HINT:  Perhaps you meant to reference the column "orders._dlt_load_id".
  compiled code at target\run\oracle_warehouse\models\staging\stg_orders.sql.
[0m17:15:28.393040 [debug] [Thread-4 (]: Began running node model.oracle_warehouse.delta_report
[0m17:15:28.393953 [info ] [Thread-4 (]: 3 of 4 SKIP relation marts_marts.delta_report .................................. [[33mSKIP[0m]
[0m17:15:28.394929 [debug] [Thread-4 (]: Finished running node model.oracle_warehouse.delta_report
[0m17:15:28.427862 [debug] [Thread-1 (]: SQL status: CREATE VIEW in 0.119 seconds
[0m17:15:28.433308 [debug] [Thread-1 (]: Using postgres connection "model.oracle_warehouse.stg_customers"
[0m17:15:28.434284 [debug] [Thread-1 (]: On model.oracle_warehouse.stg_customers: /* {"app": "dbt", "dbt_version": "1.12.0b1", "profile_name": "oracle_warehouse", "target_name": "prod", "node_id": "model.oracle_warehouse.stg_customers"} */
alter table "warehouse"."marts_marts"."stg_customers__dbt_tmp" rename to "stg_customers"
[0m17:15:28.439168 [debug] [Thread-1 (]: SQL status: ALTER TABLE in 0.004 seconds
[0m17:15:28.449471 [debug] [Thread-1 (]: On model.oracle_warehouse.stg_customers: COMMIT
[0m17:15:28.450449 [debug] [Thread-1 (]: Using postgres connection "model.oracle_warehouse.stg_customers"
[0m17:15:28.450449 [debug] [Thread-1 (]: On model.oracle_warehouse.stg_customers: COMMIT
[0m17:15:28.460590 [debug] [Thread-1 (]: SQL status: COMMIT in 0.009 seconds
[0m17:15:28.465507 [debug] [Thread-1 (]: Applying DROP to: "warehouse"."marts_marts"."stg_customers__dbt_backup"
[0m17:15:28.468437 [debug] [Thread-1 (]: Using postgres connection "model.oracle_warehouse.stg_customers"
[0m17:15:28.468437 [debug] [Thread-1 (]: On model.oracle_warehouse.stg_customers: /* {"app": "dbt", "dbt_version": "1.12.0b1", "profile_name": "oracle_warehouse", "target_name": "prod", "node_id": "model.oracle_warehouse.stg_customers"} */
drop view if exists "warehouse"."marts_marts"."stg_customers__dbt_backup" cascade
[0m17:15:28.471365 [debug] [Thread-1 (]: SQL status: DROP VIEW in 0.003 seconds
[0m17:15:28.473854 [debug] [Thread-1 (]: On model.oracle_warehouse.stg_customers: Close
[0m17:15:28.474830 [debug] [Thread-1 (]: Sending event: {'category': 'dbt', 'action': 'run_model', 'label': 'a25614dd-c211-4b16-a8a5-c5f11aa84ff3', 'context': [<snowplow_tracker.self_describing_json.SelfDescribingJson object at 0x00000288E9982550>]}
[0m17:15:28.475806 [info ] [Thread-1 (]: 1 of 4 OK created sql view model marts_marts.stg_customers ..................... [[32mCREATE VIEW[0m in 0.21s]
[0m17:15:28.476782 [debug] [Thread-1 (]: Finished running node model.oracle_warehouse.stg_customers
[0m17:15:28.477760 [debug] [Thread-2 (]: Began running node model.oracle_warehouse.fct_orders
[0m17:15:28.478735 [info ] [Thread-2 (]: 4 of 4 SKIP relation marts_marts.fct_orders .................................... [[33mSKIP[0m]
[0m17:15:28.479712 [debug] [Thread-2 (]: Finished running node model.oracle_warehouse.fct_orders
[0m17:15:28.480689 [debug] [MainThread]: On master: COMMIT
[0m17:15:28.481799 [debug] [MainThread]: Using postgres connection "master"
[0m17:15:28.481799 [debug] [MainThread]: On master: COMMIT
[0m17:15:28.481799 [debug] [MainThread]: Opening a new connection, currently in state closed
[0m17:15:28.544847 [debug] [MainThread]: SQL status: COMMIT in 0.062 seconds
[0m17:15:28.546489 [debug] [MainThread]: On master: Close
[0m17:15:28.547588 [debug] [MainThread]: Connection 'master' was properly closed.
[0m17:15:28.548554 [debug] [MainThread]: Connection 'list_warehouse' was properly closed.
[0m17:15:28.549536 [debug] [MainThread]: Connection 'list_warehouse_marts_marts' was properly closed.
[0m17:15:28.549536 [debug] [MainThread]: Connection 'model.oracle_warehouse.stg_customers' was properly closed.
[0m17:15:28.550414 [debug] [MainThread]: Connection 'model.oracle_warehouse.stg_orders' was properly closed.
[0m17:15:28.551383 [info ] [MainThread]: 
[0m17:15:28.552368 [info ] [MainThread]: Finished running 2 incremental models, 2 view models in 0 hours 0 minutes and 0.60 seconds (0.60s).
[0m17:15:28.553341 [debug] [MainThread]: Command end result
[0m17:15:28.578303 [debug] [MainThread]: Wrote artifact WritableManifest to C:\Users\oracle_warehouse_demo\oracle_warehouse_demo\dbt_project\target\manifest.json
[0m17:15:28.581036 [debug] [MainThread]: Wrote artifact SemanticManifest to C:\Users\oracle_warehouse_demo\oracle_warehouse_demo\dbt_project\target\semantic_manifest.json
[0m17:15:28.585911 [debug] [MainThread]: Wrote artifact RunExecutionResult to C:\Users\oracle_warehouse_demo\oracle_warehouse_demo\dbt_project\target\run_results.json
[0m17:15:28.585911 [info ] [MainThread]: 
[0m17:15:28.586796 [info ] [MainThread]: [31mCompleted with 1 error, 0 partial successes, and 0 warnings:[0m
[0m17:15:28.588316 [info ] [MainThread]: 
[0m17:15:28.589306 [error] [MainThread]: [[31mERROR[0m]: in model stg_orders (models\staging\stg_orders.sql)
[0m17:15:28.590313 [error] [MainThread]:   Database Error in model stg_orders (models\staging\stg_orders.sql)
  column "_dlt_loade_id" does not exist
  LINE 30:     _dlt_loade_id                      AS _dlt_loade_id
               ^
  HINT:  Perhaps you meant to reference the column "orders._dlt_load_id".
  compiled code at target\run\oracle_warehouse\models\staging\stg_orders.sql
[0m17:15:28.591258 [info ] [MainThread]: 
[0m17:15:28.592232 [info ] [MainThread]:   compiled code at target\compiled\oracle_warehouse\models\staging\stg_orders.sql
[0m17:15:28.592232 [info ] [MainThread]: 
[0m17:15:28.593210 [info ] [MainThread]: Done. PASS=1 WARN=0 ERROR=1 SKIP=2 NO-OP=0 TOTAL=4
[0m17:15:28.594182 [debug] [MainThread]: Command `dbt run` failed at 17:15:28.594182 after 1.69 seconds
[0m17:15:28.595164 [debug] [MainThread]: Sending event: {'category': 'dbt', 'action': 'invocation', 'label': 'end', 'context': [<snowplow_tracker.self_describing_json.SelfDescribingJson object at 0x00000288E8C36E50>, <snowplow_tracker.self_describing_json.SelfDescribingJson object at 0x00000288E7BAA350>, <snowplow_tracker.self_describing_json.SelfDescribingJson object at 0x00000288E8C2B510>]}
[0m17:15:28.595164 [debug] [MainThread]: Flushing usage events
[0m17:15:29.449619 [debug] [MainThread]: An error was encountered while trying to flush usage events
[0m17:17:20.731055 [debug] [MainThread]: Sending event: {'category': 'dbt', 'action': 'invocation', 'label': 'start', 'context': [<snowplow_tracker.self_describing_json.SelfDescribingJson object at 0x0000021ABD33FC10>, <snowplow_tracker.self_describing_json.SelfDescribingJson object at 0x0000021ABD004450>, <snowplow_tracker.self_describing_json.SelfDescribingJson object at 0x0000021ABD292290>]}


============================== 17:17:20.735534 | ec329e94-610c-408a-9440-27c2c2445c65 ==============================
[0m17:17:20.735534 [info ] [MainThread]: Running with dbt=1.12.0-b1
[0m17:17:20.736509 [debug] [MainThread]: running dbt with arguments {'version_check': 'False', 'no_print': 'None', 'static_parser': 'True', 'warn_error_options': 'WarnErrorOptionsV2(error=[], warn=[], silence=[])', 'target_path': 'None', 'printer_width': '80', 'write_json': 'True', 'introspect': 'True', 'log_cache_events': 'False', 'empty': 'False', 'cache_selected_only': 'False', 'log_format': 'default', 'debug': 'False', 'fail_fast': 'False', 'profiles_dir': '.', 'send_anonymous_usage_stats': 'True', 'quiet': 'False', 'warn_error': 'None', 'partial_parse': 'True', 'use_colors': 'True', 'invocation_command': 'dbt run --profiles-dir . --no-version-check', 'indirect_selection': 'eager', 'use_experimental_parser': 'False', 'log_path': 'C:\\Users\\oracle_warehouse_demo\\oracle_warehouse_demo\\dbt_project\\logs'}
[0m17:17:20.891078 [debug] [MainThread]: Sending event: {'category': 'dbt', 'action': 'project_id', 'label': 'ec329e94-610c-408a-9440-27c2c2445c65', 'context': [<snowplow_tracker.self_describing_json.SelfDescribingJson object at 0x0000021ABD34B510>]}
[0m17:17:20.948632 [debug] [MainThread]: Sending event: {'category': 'dbt', 'action': 'adapter_info', 'label': 'ec329e94-610c-408a-9440-27c2c2445c65', 'context': [<snowplow_tracker.self_describing_json.SelfDescribingJson object at 0x0000021AB9AEB690>]}
[0m17:17:20.950615 [info ] [MainThread]: Registered adapter: postgres=1.10.0
[0m17:17:21.139543 [debug] [MainThread]: checksum: 4b91f4c523c0b4ed776bba520637b0d686e516c359f7decf36a3011f8415033e, vars: {}, profile: oracle_warehouse, target: prod, version: 1.12.0b1
[0m17:17:21.243070 [debug] [MainThread]: Partial parsing enabled: 0 files deleted, 0 files added, 1 files changed.
[0m17:17:21.244048 [debug] [MainThread]: Partial parsing: updated file: oracle_warehouse://models\staging\stg_orders.sql
[0m17:17:21.551284 [debug] [MainThread]: Sending event: {'category': 'dbt', 'action': 'load_project', 'label': 'ec329e94-610c-408a-9440-27c2c2445c65', 'context': [<snowplow_tracker.self_describing_json.SelfDescribingJson object at 0x0000021ABE4DC410>]}
[0m17:17:21.618864 [debug] [MainThread]: Wrote artifact WritableManifest to C:\Users\oracle_warehouse_demo\oracle_warehouse_demo\dbt_project\target\manifest.json
[0m17:17:21.621777 [debug] [MainThread]: Wrote artifact SemanticManifest to C:\Users\oracle_warehouse_demo\oracle_warehouse_demo\dbt_project\target\semantic_manifest.json
[0m17:17:21.631225 [debug] [MainThread]: Sending event: {'category': 'dbt', 'action': 'resource_counts', 'label': 'ec329e94-610c-408a-9440-27c2c2445c65', 'context': [<snowplow_tracker.self_describing_json.SelfDescribingJson object at 0x0000021ABC42BD50>]}
[0m17:17:21.631225 [info ] [MainThread]: Found 15 data tests, 4 models, 2 sources, 475 macros
[0m17:17:21.632184 [debug] [MainThread]: Sending event: {'category': 'dbt', 'action': 'runnable_timing', 'label': 'ec329e94-610c-408a-9440-27c2c2445c65', 'context': [<snowplow_tracker.self_describing_json.SelfDescribingJson object at 0x0000021ABE9B3790>]}
[0m17:17:21.633166 [info ] [MainThread]: 
[0m17:17:21.634677 [info ] [MainThread]: Concurrency: 4 threads (target='prod')
[0m17:17:21.636637 [info ] [MainThread]: 
[0m17:17:21.637612 [debug] [MainThread]: Acquiring new postgres connection 'master'
[0m17:17:21.641518 [debug] [ThreadPool]: Acquiring new postgres connection 'list_warehouse'
[0m17:17:21.692129 [debug] [ThreadPool]: Using postgres connection "list_warehouse"
[0m17:17:21.693105 [debug] [ThreadPool]: On list_warehouse: /* {"app": "dbt", "dbt_version": "1.12.0b1", "profile_name": "oracle_warehouse", "target_name": "prod", "connection_name": "list_warehouse"} */

    select distinct nspname from pg_namespace
  
[0m17:17:21.693105 [debug] [ThreadPool]: Opening a new connection, currently in state init
[0m17:17:21.748175 [debug] [ThreadPool]: SQL status: SELECT 8 in 0.054 seconds
[0m17:17:21.750198 [debug] [ThreadPool]: On list_warehouse: Close
[0m17:17:21.752141 [debug] [ThreadPool]: Acquiring new postgres connection 'list_warehouse_marts_marts'
[0m17:17:21.758036 [debug] [ThreadPool]: Using postgres connection "list_warehouse_marts_marts"
[0m17:17:21.758036 [debug] [ThreadPool]: On list_warehouse_marts_marts: /* {"app": "dbt", "dbt_version": "1.12.0b1", "profile_name": "oracle_warehouse", "target_name": "prod", "connection_name": "list_warehouse_marts_marts"} */
select
      'warehouse' as database,
      tablename as name,
      schemaname as schema,
      'table' as type
    from pg_tables
    where schemaname ilike 'marts_marts'
    union all
    select
      'warehouse' as database,
      viewname as name,
      schemaname as schema,
      'view' as type
    from pg_views
    where schemaname ilike 'marts_marts'
    union all
    select
      'warehouse' as database,
      matviewname as name,
      schemaname as schema,
      'materialized_view' as type
    from pg_matviews
    where schemaname ilike 'marts_marts'
  
[0m17:17:21.759586 [debug] [ThreadPool]: Opening a new connection, currently in state init
[0m17:17:21.841463 [debug] [ThreadPool]: SQL status: SELECT 1 in 0.082 seconds
[0m17:17:21.844463 [debug] [ThreadPool]: On list_warehouse_marts_marts: ROLLBACK
[0m17:17:21.849349 [debug] [ThreadPool]: On list_warehouse_marts_marts: Close
[0m17:17:21.856527 [debug] [MainThread]: Using postgres connection "master"
[0m17:17:21.857499 [debug] [MainThread]: On master: /* {"app": "dbt", "dbt_version": "1.12.0b1", "profile_name": "oracle_warehouse", "target_name": "prod", "connection_name": "master"} */
select distinct
        dependent_namespace.nspname as dependent_schema,
        dependent_class.relname as dependent_name,
        referenced_namespace.nspname as referenced_schema,
        referenced_class.relname as referenced_name

    -- Query for views: views are entries in pg_class with an entry in pg_rewrite, but we avoid
    -- a seq scan on pg_rewrite by leveraging the fact there is an "internal" row in pg_depend for
    -- the view...
    from pg_class as dependent_class
    join pg_namespace as dependent_namespace on dependent_namespace.oid = dependent_class.relnamespace
    join pg_depend as dependent_depend on dependent_depend.refobjid = dependent_class.oid
        and dependent_depend.classid = 'pg_rewrite'::regclass
        and dependent_depend.refclassid = 'pg_class'::regclass
        and dependent_depend.deptype = 'i'

    -- ... and via pg_depend (that has a row per column, hence the need for "distinct" above, and
    -- making sure to exclude the internal row to avoid a view appearing to depend on itself)...
    join pg_depend as joining_depend on joining_depend.objid = dependent_depend.objid
        and joining_depend.classid = 'pg_rewrite'::regclass
        and joining_depend.refclassid = 'pg_class'::regclass
        and joining_depend.refobjid != dependent_depend.refobjid

    -- ... we can find the tables they query from in pg_class, but excluding system tables. Note we
    -- don't need need to exclude _dependent_ system tables, because they only query from other
    -- system tables, and so are automatically excluded by excluding _referenced_ system tables
    join pg_class as referenced_class on referenced_class.oid = joining_depend.refobjid
    join pg_namespace as referenced_namespace on referenced_namespace.oid = referenced_class.relnamespace
        and referenced_namespace.nspname != 'information_schema'
        and referenced_namespace.nspname not like 'pg\_%'

    order by
        dependent_schema, dependent_name, referenced_schema, referenced_name;
[0m17:17:21.857499 [debug] [MainThread]: Opening a new connection, currently in state init
[0m17:17:21.925999 [debug] [MainThread]: SQL status: SELECT 1 in 0.069 seconds
[0m17:17:21.928919 [debug] [MainThread]: Sending event: {'category': 'dbt', 'action': 'runnable_timing', 'label': 'ec329e94-610c-408a-9440-27c2c2445c65', 'context': [<snowplow_tracker.self_describing_json.SelfDescribingJson object at 0x0000021AB9E74390>]}
[0m17:17:21.928919 [debug] [MainThread]: On master: ROLLBACK
[0m17:17:21.931853 [debug] [MainThread]: On master: COMMIT
[0m17:17:21.932832 [debug] [MainThread]: Using postgres connection "master"
[0m17:17:21.932832 [debug] [MainThread]: On master: COMMIT
[0m17:17:21.939280 [debug] [MainThread]: SQL status: COMMIT in 0.006 seconds
[0m17:17:21.940237 [debug] [MainThread]: On master: Close
[0m17:17:21.947809 [debug] [Thread-1 (]: Began running node model.oracle_warehouse.stg_customers
[0m17:17:21.947809 [debug] [Thread-2 (]: Began running node model.oracle_warehouse.stg_orders
[0m17:17:21.948804 [info ] [Thread-1 (]: 1 of 4 START sql view model marts_marts.stg_customers .......................... [RUN]
[0m17:17:21.949780 [info ] [Thread-2 (]: 2 of 4 START sql view model marts_marts.stg_orders ............................. [RUN]
[0m17:17:21.949780 [debug] [Thread-1 (]: Acquiring new postgres connection 'model.oracle_warehouse.stg_customers'
[0m17:17:21.951186 [debug] [Thread-2 (]: Acquiring new postgres connection 'model.oracle_warehouse.stg_orders'
[0m17:17:21.952176 [debug] [Thread-1 (]: Began compiling node model.oracle_warehouse.stg_customers
[0m17:17:21.953187 [debug] [Thread-2 (]: Began compiling node model.oracle_warehouse.stg_orders
[0m17:17:21.958145 [debug] [Thread-1 (]: Writing injected SQL for node "model.oracle_warehouse.stg_customers"
[0m17:17:21.961676 [debug] [Thread-2 (]: Writing injected SQL for node "model.oracle_warehouse.stg_orders"
[0m17:17:21.962620 [debug] [Thread-1 (]: Began executing node model.oracle_warehouse.stg_customers
[0m17:17:21.976941 [debug] [Thread-2 (]: Began executing node model.oracle_warehouse.stg_orders
[0m17:17:21.987483 [debug] [Thread-1 (]: Writing runtime sql for node "model.oracle_warehouse.stg_customers"
[0m17:17:21.990200 [debug] [Thread-2 (]: Writing runtime sql for node "model.oracle_warehouse.stg_orders"
[0m17:17:21.991210 [debug] [Thread-1 (]: Using postgres connection "model.oracle_warehouse.stg_customers"
[0m17:17:21.991210 [debug] [Thread-1 (]: On model.oracle_warehouse.stg_customers: /* {"app": "dbt", "dbt_version": "1.12.0b1", "profile_name": "oracle_warehouse", "target_name": "prod", "node_id": "model.oracle_warehouse.stg_customers"} */

  create view "warehouse"."marts_marts"."stg_customers__dbt_tmp"
    
    
  as (
    -- =============================================================================
-- models/staging/stg_customers.sql
-- =============================================================================



SELECT
    customer_id::INTEGER                AS customer_id,
    INITCAP(TRIM(full_name))            AS full_name,
    LOWER(TRIM(email))                  AS email,
    UPPER(TRIM(country))                AS country,
    UPPER(TRIM(tier))                   AS tier,   -- GOLD / SILVER / STANDARD

    created_at::TIMESTAMPTZ             AS created_at,
    updated_at::TIMESTAMPTZ             AS updated_at,

    _dlt_id                             AS _dlt_id,
    _dlt_load_id                      AS _dlt_load_id

FROM "warehouse"."staging"."customers"
WHERE COALESCE(is_deleted, 0) = 0
  );
[0m17:17:21.992164 [debug] [Thread-1 (]: Opening a new connection, currently in state init
[0m17:17:21.992164 [debug] [Thread-2 (]: Using postgres connection "model.oracle_warehouse.stg_orders"
[0m17:17:21.993140 [debug] [Thread-2 (]: On model.oracle_warehouse.stg_orders: /* {"app": "dbt", "dbt_version": "1.12.0b1", "profile_name": "oracle_warehouse", "target_name": "prod", "node_id": "model.oracle_warehouse.stg_orders"} */

  create view "warehouse"."marts_marts"."stg_orders__dbt_tmp"
    
    
  as (
    -- =============================================================================
-- models/staging/stg_orders.sql
-- =============================================================================
-- Lightweight VIEW over the raw DLT-loaded orders table.
-- Purpose: cast types, rename columns, filter soft-deletes.
-- Materialized as a VIEW so it always reflects the latest DLT load.
-- =============================================================================



SELECT
    order_id::INTEGER                   AS order_id,
    customer_id::INTEGER                AS customer_id,

    UPPER(TRIM(status))                 AS status,
    amount::NUMERIC(10,2)               AS amount,
    UPPER(TRIM(product_code))           AS product_code,

    created_at::TIMESTAMPTZ             AS created_at,
    updated_at::TIMESTAMPTZ             AS updated_at,

    -- DLT metadata columns — kept for delta filtering in marts
    _dlt_id                             AS _dlt_id,
    _dlt_load_id                      AS _dlt_load_id

FROM "warehouse"."staging"."orders"

-- Filter soft-deleted rows (is_deleted=1 set in Oracle before export)
WHERE COALESCE(is_deleted, 0) = 0
  );
[0m17:17:21.993140 [debug] [Thread-2 (]: Opening a new connection, currently in state init
[0m17:17:22.063973 [debug] [Thread-1 (]: SQL status: CREATE VIEW in 0.071 seconds
[0m17:17:22.071434 [debug] [Thread-2 (]: SQL status: CREATE VIEW in 0.078 seconds
[0m17:17:22.072413 [debug] [Thread-1 (]: Using postgres connection "model.oracle_warehouse.stg_customers"
[0m17:17:22.075346 [debug] [Thread-2 (]: Using postgres connection "model.oracle_warehouse.stg_orders"
[0m17:17:22.076319 [debug] [Thread-1 (]: On model.oracle_warehouse.stg_customers: /* {"app": "dbt", "dbt_version": "1.12.0b1", "profile_name": "oracle_warehouse", "target_name": "prod", "node_id": "model.oracle_warehouse.stg_customers"} */
alter table "warehouse"."marts_marts"."stg_customers" rename to "stg_customers__dbt_backup"
[0m17:17:22.077302 [debug] [Thread-2 (]: On model.oracle_warehouse.stg_orders: /* {"app": "dbt", "dbt_version": "1.12.0b1", "profile_name": "oracle_warehouse", "target_name": "prod", "node_id": "model.oracle_warehouse.stg_orders"} */
alter table "warehouse"."marts_marts"."stg_orders__dbt_tmp" rename to "stg_orders"
[0m17:17:22.081772 [debug] [Thread-1 (]: SQL status: ALTER TABLE in 0.004 seconds
[0m17:17:22.084251 [debug] [Thread-1 (]: Using postgres connection "model.oracle_warehouse.stg_customers"
[0m17:17:22.085242 [debug] [Thread-2 (]: SQL status: ALTER TABLE in 0.007 seconds
[0m17:17:22.085242 [debug] [Thread-1 (]: On model.oracle_warehouse.stg_customers: /* {"app": "dbt", "dbt_version": "1.12.0b1", "profile_name": "oracle_warehouse", "target_name": "prod", "node_id": "model.oracle_warehouse.stg_customers"} */
alter table "warehouse"."marts_marts"."stg_customers__dbt_tmp" rename to "stg_customers"
[0m17:17:22.096474 [debug] [Thread-2 (]: On model.oracle_warehouse.stg_orders: COMMIT
[0m17:17:22.096474 [debug] [Thread-2 (]: Using postgres connection "model.oracle_warehouse.stg_orders"
[0m17:17:22.097340 [debug] [Thread-2 (]: On model.oracle_warehouse.stg_orders: COMMIT
[0m17:17:22.100394 [debug] [Thread-1 (]: SQL status: ALTER TABLE in 0.003 seconds
[0m17:17:22.102542 [debug] [Thread-1 (]: On model.oracle_warehouse.stg_customers: COMMIT
[0m17:17:22.103466 [debug] [Thread-1 (]: Using postgres connection "model.oracle_warehouse.stg_customers"
[0m17:17:22.103466 [debug] [Thread-1 (]: On model.oracle_warehouse.stg_customers: COMMIT
[0m17:17:22.104499 [debug] [Thread-2 (]: SQL status: COMMIT in 0.007 seconds
[0m17:17:22.108298 [debug] [Thread-2 (]: Applying DROP to: "warehouse"."marts_marts"."stg_orders__dbt_backup"
[0m17:17:22.111798 [debug] [Thread-2 (]: Using postgres connection "model.oracle_warehouse.stg_orders"
[0m17:17:22.112903 [debug] [Thread-1 (]: SQL status: COMMIT in 0.009 seconds
[0m17:17:22.112903 [debug] [Thread-2 (]: On model.oracle_warehouse.stg_orders: /* {"app": "dbt", "dbt_version": "1.12.0b1", "profile_name": "oracle_warehouse", "target_name": "prod", "node_id": "model.oracle_warehouse.stg_orders"} */
drop view if exists "warehouse"."marts_marts"."stg_orders__dbt_backup" cascade
[0m17:17:22.114734 [debug] [Thread-1 (]: Applying DROP to: "warehouse"."marts_marts"."stg_customers__dbt_backup"
[0m17:17:22.115714 [debug] [Thread-1 (]: Using postgres connection "model.oracle_warehouse.stg_customers"
[0m17:17:22.115714 [debug] [Thread-1 (]: On model.oracle_warehouse.stg_customers: /* {"app": "dbt", "dbt_version": "1.12.0b1", "profile_name": "oracle_warehouse", "target_name": "prod", "node_id": "model.oracle_warehouse.stg_customers"} */
drop view if exists "warehouse"."marts_marts"."stg_customers__dbt_backup" cascade
[0m17:17:22.120741 [debug] [Thread-2 (]: SQL status: DROP VIEW in 0.005 seconds
[0m17:17:22.122363 [debug] [Thread-2 (]: On model.oracle_warehouse.stg_orders: Close
[0m17:17:22.124426 [debug] [Thread-2 (]: Sending event: {'category': 'dbt', 'action': 'run_model', 'label': 'ec329e94-610c-408a-9440-27c2c2445c65', 'context': [<snowplow_tracker.self_describing_json.SelfDescribingJson object at 0x0000021ABF073C50>]}
[0m17:17:22.125359 [info ] [Thread-2 (]: 2 of 4 OK created sql view model marts_marts.stg_orders ........................ [[32mCREATE VIEW[0m in 0.17s]
[0m17:17:22.126275 [debug] [Thread-2 (]: Finished running node model.oracle_warehouse.stg_orders
[0m17:17:22.127250 [debug] [Thread-4 (]: Began running node model.oracle_warehouse.delta_report
[0m17:17:22.127250 [info ] [Thread-4 (]: 3 of 4 START sql incremental model marts_marts.delta_report .................... [RUN]
[0m17:17:22.129206 [debug] [Thread-4 (]: Acquiring new postgres connection 'model.oracle_warehouse.delta_report'
[0m17:17:22.129206 [debug] [Thread-4 (]: Began compiling node model.oracle_warehouse.delta_report
[0m17:17:22.134623 [debug] [Thread-4 (]: Writing injected SQL for node "model.oracle_warehouse.delta_report"
[0m17:17:22.138530 [debug] [Thread-4 (]: Began executing node model.oracle_warehouse.delta_report
[0m17:17:22.155432 [debug] [Thread-1 (]: SQL status: DROP VIEW in 0.039 seconds
[0m17:17:22.165148 [debug] [Thread-4 (]: Writing runtime sql for node "model.oracle_warehouse.delta_report"
[0m17:17:22.166980 [debug] [Thread-1 (]: On model.oracle_warehouse.stg_customers: Close
[0m17:17:22.167956 [debug] [Thread-1 (]: Sending event: {'category': 'dbt', 'action': 'run_model', 'label': 'ec329e94-610c-408a-9440-27c2c2445c65', 'context': [<snowplow_tracker.self_describing_json.SelfDescribingJson object at 0x0000021ABF0C8750>]}
[0m17:17:22.168935 [debug] [Thread-4 (]: Using postgres connection "model.oracle_warehouse.delta_report"
[0m17:17:22.170884 [info ] [Thread-1 (]: 1 of 4 OK created sql view model marts_marts.stg_customers ..................... [[32mCREATE VIEW[0m in 0.22s]
[0m17:17:22.171861 [debug] [Thread-4 (]: On model.oracle_warehouse.delta_report: /* {"app": "dbt", "dbt_version": "1.12.0b1", "profile_name": "oracle_warehouse", "target_name": "prod", "node_id": "model.oracle_warehouse.delta_report"} */

      
  
    

  create  table "warehouse"."marts_marts"."delta_report"
  
  
    as
  
  (
    -- =============================================================================
-- models/marts/delta_report.sql
-- =============================================================================
-- Append-only log of every row that was new or changed in each DLT run.
-- Your team queries this to monitor what moved through the pipeline.
--
-- Query to check today's delta:
--   SELECT * FROM marts.delta_report WHERE load_date = CURRENT_DATE ORDER BY detected_at DESC;
-- =============================================================================


select
    o.order_id,
    o.customer_id,
    o.status,
    o.amount,
    o.product_code,
    o.updated_at                        as changed_at_source,
    o.updated_at                        as detected_at,
    cast(o.updated_at as date)          as load_date,
    case
        when o.updated_at = o.created_at then 'new_row'
        else 'updated_row'
    end                                 as change_type

from "warehouse"."marts_marts"."stg_orders" as o


  );
  
  
[0m17:17:22.171861 [debug] [Thread-1 (]: Finished running node model.oracle_warehouse.stg_customers
[0m17:17:22.172881 [debug] [Thread-4 (]: Opening a new connection, currently in state init
[0m17:17:22.172881 [debug] [Thread-2 (]: Began running node model.oracle_warehouse.fct_orders
[0m17:17:22.174431 [info ] [Thread-2 (]: 4 of 4 START sql incremental model marts_marts.fct_orders ...................... [RUN]
[0m17:17:22.175414 [debug] [Thread-2 (]: Re-using an available connection from the pool (formerly model.oracle_warehouse.stg_orders, now model.oracle_warehouse.fct_orders)
[0m17:17:22.176390 [debug] [Thread-2 (]: Began compiling node model.oracle_warehouse.fct_orders
[0m17:17:22.180296 [debug] [Thread-2 (]: Writing injected SQL for node "model.oracle_warehouse.fct_orders"
[0m17:17:22.181274 [debug] [Thread-2 (]: Began executing node model.oracle_warehouse.fct_orders
[0m17:17:22.184730 [debug] [Thread-2 (]: Writing runtime sql for node "model.oracle_warehouse.fct_orders"
[0m17:17:22.185716 [debug] [Thread-2 (]: Using postgres connection "model.oracle_warehouse.fct_orders"
[0m17:17:22.187671 [debug] [Thread-2 (]: On model.oracle_warehouse.fct_orders: /* {"app": "dbt", "dbt_version": "1.12.0b1", "profile_name": "oracle_warehouse", "target_name": "prod", "node_id": "model.oracle_warehouse.fct_orders"} */

      
  
    

  create  table "warehouse"."marts_marts"."fct_orders"
  
  
    as
  
  (
    -- =============================================================================
-- models/marts/fct_orders.sql
-- =============================================================================
-- INCREMENTAL fact table — the core delta model.
--
-- How delta works here:
--   First run  → processes ALL rows from stg_orders (full load)
--   Every run after → the is_incremental() block injects a WHERE clause that
--                     only picks up rows whose _dlt_loaded_at is NEWER than
--                     the highest loaded_at already in this table.
--
-- This means DBT only transforms rows that DLT loaded THIS RUN.
-- The merge strategy then upserts them: new rows inserted, changed rows updated.
-- =============================================================================



with source as (
    select
        o.order_id,
        o.customer_id,
        o.status,
        o.amount,
        o.product_code,
        o.created_at,
        o.updated_at,
        o._dlt_loaded_id,
        c.full_name     as customer_name,
        c.country       as customer_country,
        c.tier          as customer_tier
    from "warehouse"."marts_marts"."stg_orders" as o
    left join "warehouse"."marts_marts"."stg_customers" as c
        on o.customer_id = c.customer_id

  
)

select
    order_id,
    customer_id,
    customer_name,
    customer_country,
    customer_tier,
    status,
    amount,
    product_code,
    case when status = 'PAID'    then amount else 0 end  as paid_amount,
    case when status = 'PENDING' then amount else 0 end  as pending_amount,
    case when amount > 500       then true  else false end as is_high_value,
    date_trunc('day',  created_at)  as order_date,
    date_trunc('week', created_at)  as order_week,
    date_trunc('month',created_at)  as order_month,
    created_at,
    updated_at,
    updated_at as loaded_at
from source
  );
  
  
[0m17:17:22.187671 [debug] [Thread-2 (]: Opening a new connection, currently in state closed
[0m17:17:22.248050 [debug] [Thread-2 (]: Postgres adapter: Postgres error: column o._dlt_loaded_id does not exist
LINE 39:         o._dlt_loaded_id,
                 ^
HINT:  Perhaps you meant to reference the column "o._dlt_load_id".

[0m17:17:22.248050 [debug] [Thread-2 (]: On model.oracle_warehouse.fct_orders: ROLLBACK
[0m17:17:22.250981 [debug] [Thread-2 (]: On model.oracle_warehouse.fct_orders: Close
[0m17:17:22.254886 [debug] [Thread-2 (]: Database Error in model fct_orders (models\marts\fct_orders.sql)
  column o._dlt_loaded_id does not exist
  LINE 39:         o._dlt_loaded_id,
                   ^
  HINT:  Perhaps you meant to reference the column "o._dlt_load_id".
  compiled code at target\run\oracle_warehouse\models\marts\fct_orders.sql
[0m17:17:22.255865 [debug] [Thread-2 (]: Sending event: {'category': 'dbt', 'action': 'run_model', 'label': 'ec329e94-610c-408a-9440-27c2c2445c65', 'context': [<snowplow_tracker.self_describing_json.SelfDescribingJson object at 0x0000021ABF12BB10>]}
[0m17:17:22.255865 [error] [Thread-2 (]: 4 of 4 ERROR creating sql incremental model marts_marts.fct_orders ............. [[31mERROR[0m in 0.08s]
[0m17:17:22.257374 [debug] [Thread-2 (]: Finished running node model.oracle_warehouse.fct_orders
[0m17:17:22.257374 [debug] [Thread-7 (]: Marking all children of 'model.oracle_warehouse.fct_orders' to be skipped because of status 'error'.  Reason: Database Error in model fct_orders (models\marts\fct_orders.sql)
  column o._dlt_loaded_id does not exist
  LINE 39:         o._dlt_loaded_id,
                   ^
  HINT:  Perhaps you meant to reference the column "o._dlt_load_id".
  compiled code at target\run\oracle_warehouse\models\marts\fct_orders.sql.
[0m17:17:22.281379 [debug] [Thread-4 (]: SQL status: SELECT 100 in 0.109 seconds
[0m17:17:22.287118 [debug] [Thread-4 (]: On model.oracle_warehouse.delta_report: COMMIT
[0m17:17:22.288624 [debug] [Thread-4 (]: Using postgres connection "model.oracle_warehouse.delta_report"
[0m17:17:22.288624 [debug] [Thread-4 (]: On model.oracle_warehouse.delta_report: COMMIT
[0m17:17:22.300031 [debug] [Thread-4 (]: SQL status: COMMIT in 0.010 seconds
[0m17:17:22.300896 [debug] [Thread-4 (]: On model.oracle_warehouse.delta_report: Close
[0m17:17:22.301989 [debug] [Thread-4 (]: Sending event: {'category': 'dbt', 'action': 'run_model', 'label': 'ec329e94-610c-408a-9440-27c2c2445c65', 'context': [<snowplow_tracker.self_describing_json.SelfDescribingJson object at 0x0000021ABEFDE3D0>]}
[0m17:17:22.302845 [info ] [Thread-4 (]: 3 of 4 OK created sql incremental model marts_marts.delta_report ............... [[32mSELECT 100[0m in 0.17s]
[0m17:17:22.303824 [debug] [Thread-4 (]: Finished running node model.oracle_warehouse.delta_report
[0m17:17:22.305775 [debug] [MainThread]: On master: COMMIT
[0m17:17:22.306750 [debug] [MainThread]: Using postgres connection "master"
[0m17:17:22.307742 [debug] [MainThread]: On master: COMMIT
[0m17:17:22.307742 [debug] [MainThread]: Opening a new connection, currently in state closed
[0m17:17:22.359106 [debug] [MainThread]: SQL status: COMMIT in 0.052 seconds
[0m17:17:22.360727 [debug] [MainThread]: On master: Close
[0m17:17:22.361891 [debug] [MainThread]: Connection 'master' was properly closed.
[0m17:17:22.361891 [debug] [MainThread]: Connection 'list_warehouse' was properly closed.
[0m17:17:22.361891 [debug] [MainThread]: Connection 'list_warehouse_marts_marts' was properly closed.
[0m17:17:22.361891 [debug] [MainThread]: Connection 'model.oracle_warehouse.stg_customers' was properly closed.
[0m17:17:22.362875 [debug] [MainThread]: Connection 'model.oracle_warehouse.fct_orders' was properly closed.
[0m17:17:22.362875 [debug] [MainThread]: Connection 'model.oracle_warehouse.delta_report' was properly closed.
[0m17:17:22.363858 [info ] [MainThread]: 
[0m17:17:22.364826 [info ] [MainThread]: Finished running 2 incremental models, 2 view models in 0 hours 0 minutes and 0.73 seconds (0.73s).
[0m17:17:22.365803 [debug] [MainThread]: Command end result
[0m17:17:22.393110 [debug] [MainThread]: Wrote artifact WritableManifest to C:\Users\oracle_warehouse_demo\oracle_warehouse_demo\dbt_project\target\manifest.json
[0m17:17:22.396149 [debug] [MainThread]: Wrote artifact SemanticManifest to C:\Users\oracle_warehouse_demo\oracle_warehouse_demo\dbt_project\target\semantic_manifest.json
[0m17:17:22.401037 [debug] [MainThread]: Wrote artifact RunExecutionResult to C:\Users\oracle_warehouse_demo\oracle_warehouse_demo\dbt_project\target\run_results.json
[0m17:17:22.401905 [info ] [MainThread]: 
[0m17:17:22.401905 [info ] [MainThread]: [31mCompleted with 1 error, 0 partial successes, and 0 warnings:[0m
[0m17:17:22.404409 [info ] [MainThread]: 
[0m17:17:22.405385 [error] [MainThread]: [[31mERROR[0m]: in model fct_orders (models\marts\fct_orders.sql)
[0m17:17:22.406361 [error] [MainThread]:   Database Error in model fct_orders (models\marts\fct_orders.sql)
  column o._dlt_loaded_id does not exist
  LINE 39:         o._dlt_loaded_id,
                   ^
  HINT:  Perhaps you meant to reference the column "o._dlt_load_id".
  compiled code at target\run\oracle_warehouse\models\marts\fct_orders.sql
[0m17:17:22.406361 [info ] [MainThread]: 
[0m17:17:22.407337 [info ] [MainThread]:   compiled code at target\compiled\oracle_warehouse\models\marts\fct_orders.sql
[0m17:17:22.407337 [info ] [MainThread]: 
[0m17:17:22.408314 [info ] [MainThread]: Done. PASS=3 WARN=0 ERROR=1 SKIP=0 NO-OP=0 TOTAL=4
[0m17:17:22.409291 [debug] [MainThread]: Command `dbt run` failed at 17:17:22.409291 after 1.79 seconds
[0m17:17:22.409291 [debug] [MainThread]: Sending event: {'category': 'dbt', 'action': 'invocation', 'label': 'end', 'context': [<snowplow_tracker.self_describing_json.SelfDescribingJson object at 0x0000021ABD29C490>, <snowplow_tracker.self_describing_json.SelfDescribingJson object at 0x0000021ABD29CD50>, <snowplow_tracker.self_describing_json.SelfDescribingJson object at 0x0000021ABED96E10>]}
[0m17:17:22.409291 [debug] [MainThread]: Flushing usage events
[0m17:17:23.412381 [debug] [MainThread]: An error was encountered while trying to flush usage events
[0m17:28:58.604779 [debug] [MainThread]: Sending event: {'category': 'dbt', 'action': 'invocation', 'label': 'start', 'context': [<snowplow_tracker.self_describing_json.SelfDescribingJson object at 0x0000026B17848110>, <snowplow_tracker.self_describing_json.SelfDescribingJson object at 0x0000026B167BB590>, <snowplow_tracker.self_describing_json.SelfDescribingJson object at 0x0000026B167BAB10>]}


============================== 17:28:58.607420 | 00d233e7-287c-4cd5-b9a8-55f6e431e60e ==============================
[0m17:28:58.607420 [info ] [MainThread]: Running with dbt=1.12.0-b1
[0m17:28:58.608441 [debug] [MainThread]: running dbt with arguments {'static_parser': 'True', 'no_print': 'None', 'version_check': 'False', 'target_path': 'None', 'warn_error_options': 'WarnErrorOptionsV2(error=[], warn=[], silence=[])', 'printer_width': '80', 'write_json': 'True', 'empty': 'False', 'log_cache_events': 'False', 'introspect': 'True', 'cache_selected_only': 'False', 'fail_fast': 'False', 'debug': 'False', 'log_format': 'default', 'profiles_dir': '.', 'send_anonymous_usage_stats': 'True', 'quiet': 'False', 'warn_error': 'None', 'partial_parse': 'True', 'use_colors': 'True', 'invocation_command': 'dbt run --profiles-dir . --no-version-check', 'indirect_selection': 'eager', 'use_experimental_parser': 'False', 'log_path': 'C:\\Users\\oracle_warehouse_demo\\oracle_warehouse_demo\\dbt_project\\logs'}
[0m17:28:58.766203 [debug] [MainThread]: Sending event: {'category': 'dbt', 'action': 'project_id', 'label': '00d233e7-287c-4cd5-b9a8-55f6e431e60e', 'context': [<snowplow_tracker.self_describing_json.SelfDescribingJson object at 0x0000026B16254150>]}
[0m17:28:58.823602 [debug] [MainThread]: Sending event: {'category': 'dbt', 'action': 'adapter_info', 'label': '00d233e7-287c-4cd5-b9a8-55f6e431e60e', 'context': [<snowplow_tracker.self_describing_json.SelfDescribingJson object at 0x0000026B12F6B3D0>]}
[0m17:28:58.825562 [info ] [MainThread]: Registered adapter: postgres=1.10.0
[0m17:28:59.001423 [debug] [MainThread]: checksum: 4b91f4c523c0b4ed776bba520637b0d686e516c359f7decf36a3011f8415033e, vars: {}, profile: oracle_warehouse, target: prod, version: 1.12.0b1
[0m17:28:59.108677 [debug] [MainThread]: Partial parsing enabled: 0 files deleted, 0 files added, 1 files changed.
[0m17:28:59.109683 [debug] [MainThread]: Partial parsing: updated file: oracle_warehouse://models\marts\fct_orders.sql
[0m17:28:59.627490 [warn ] [MainThread]: [[33mWARNING[0m][MissingArgumentsPropertyInGenericTestDeprecation]: Deprecated
functionality
Found top-level arguments to test `accepted_values` defined on 'fct_orders' in
package 'oracle_warehouse' (models\marts\schema.yml). Arguments to generic tests
should be nested under the `arguments` property.
[0m17:28:59.628472 [debug] [MainThread]: Sending event: {'category': 'dbt', 'action': 'deprecation', 'label': '00d233e7-287c-4cd5-b9a8-55f6e431e60e', 'property_': 'warn', 'context': [<snowplow_tracker.self_describing_json.SelfDescribingJson object at 0x0000026B17DEAC10>]}
[0m17:28:59.696840 [debug] [MainThread]: Sending event: {'category': 'dbt', 'action': 'load_project', 'label': '00d233e7-287c-4cd5-b9a8-55f6e431e60e', 'context': [<snowplow_tracker.self_describing_json.SelfDescribingJson object at 0x0000026B180F8E50>]}
[0m17:28:59.764270 [debug] [MainThread]: Wrote artifact WritableManifest to C:\Users\oracle_warehouse_demo\oracle_warehouse_demo\dbt_project\target\manifest.json
[0m17:28:59.767739 [debug] [MainThread]: Wrote artifact SemanticManifest to C:\Users\oracle_warehouse_demo\oracle_warehouse_demo\dbt_project\target\semantic_manifest.json
[0m17:28:59.777057 [debug] [MainThread]: Sending event: {'category': 'dbt', 'action': 'resource_counts', 'label': '00d233e7-287c-4cd5-b9a8-55f6e431e60e', 'context': [<snowplow_tracker.self_describing_json.SelfDescribingJson object at 0x0000026B184E48D0>]}
[0m17:28:59.777057 [info ] [MainThread]: Found 15 data tests, 4 models, 2 sources, 475 macros
[0m17:28:59.778886 [debug] [MainThread]: Sending event: {'category': 'dbt', 'action': 'runnable_timing', 'label': '00d233e7-287c-4cd5-b9a8-55f6e431e60e', 'context': [<snowplow_tracker.self_describing_json.SelfDescribingJson object at 0x0000026B16237910>]}
[0m17:28:59.780372 [info ] [MainThread]: 
[0m17:28:59.781379 [info ] [MainThread]: Concurrency: 4 threads (target='prod')
[0m17:28:59.782327 [info ] [MainThread]: 
[0m17:28:59.785269 [debug] [MainThread]: Acquiring new postgres connection 'master'
[0m17:28:59.790171 [debug] [ThreadPool]: Acquiring new postgres connection 'list_warehouse'
[0m17:28:59.834532 [debug] [ThreadPool]: Using postgres connection "list_warehouse"
[0m17:28:59.835509 [debug] [ThreadPool]: On list_warehouse: /* {"app": "dbt", "dbt_version": "1.12.0b1", "profile_name": "oracle_warehouse", "target_name": "prod", "connection_name": "list_warehouse"} */

    select distinct nspname from pg_namespace
  
[0m17:28:59.835509 [debug] [ThreadPool]: Opening a new connection, currently in state init
[0m17:28:59.906564 [debug] [ThreadPool]: SQL status: SELECT 8 in 0.071 seconds
[0m17:28:59.907662 [debug] [ThreadPool]: On list_warehouse: Close
[0m17:28:59.909520 [debug] [ThreadPool]: Acquiring new postgres connection 'list_warehouse_marts_marts'
[0m17:28:59.915129 [debug] [ThreadPool]: Using postgres connection "list_warehouse_marts_marts"
[0m17:28:59.915129 [debug] [ThreadPool]: On list_warehouse_marts_marts: /* {"app": "dbt", "dbt_version": "1.12.0b1", "profile_name": "oracle_warehouse", "target_name": "prod", "connection_name": "list_warehouse_marts_marts"} */
select
      'warehouse' as database,
      tablename as name,
      schemaname as schema,
      'table' as type
    from pg_tables
    where schemaname ilike 'marts_marts'
    union all
    select
      'warehouse' as database,
      viewname as name,
      schemaname as schema,
      'view' as type
    from pg_views
    where schemaname ilike 'marts_marts'
    union all
    select
      'warehouse' as database,
      matviewname as name,
      schemaname as schema,
      'materialized_view' as type
    from pg_matviews
    where schemaname ilike 'marts_marts'
  
[0m17:28:59.916106 [debug] [ThreadPool]: Opening a new connection, currently in state init
[0m17:29:00.107625 [debug] [ThreadPool]: SQL status: SELECT 3 in 0.192 seconds
[0m17:29:00.110129 [debug] [ThreadPool]: On list_warehouse_marts_marts: ROLLBACK
[0m17:29:00.116235 [debug] [ThreadPool]: On list_warehouse_marts_marts: Close
[0m17:29:00.121706 [debug] [MainThread]: Using postgres connection "master"
[0m17:29:00.122710 [debug] [MainThread]: On master: /* {"app": "dbt", "dbt_version": "1.12.0b1", "profile_name": "oracle_warehouse", "target_name": "prod", "connection_name": "master"} */
select distinct
        dependent_namespace.nspname as dependent_schema,
        dependent_class.relname as dependent_name,
        referenced_namespace.nspname as referenced_schema,
        referenced_class.relname as referenced_name

    -- Query for views: views are entries in pg_class with an entry in pg_rewrite, but we avoid
    -- a seq scan on pg_rewrite by leveraging the fact there is an "internal" row in pg_depend for
    -- the view...
    from pg_class as dependent_class
    join pg_namespace as dependent_namespace on dependent_namespace.oid = dependent_class.relnamespace
    join pg_depend as dependent_depend on dependent_depend.refobjid = dependent_class.oid
        and dependent_depend.classid = 'pg_rewrite'::regclass
        and dependent_depend.refclassid = 'pg_class'::regclass
        and dependent_depend.deptype = 'i'

    -- ... and via pg_depend (that has a row per column, hence the need for "distinct" above, and
    -- making sure to exclude the internal row to avoid a view appearing to depend on itself)...
    join pg_depend as joining_depend on joining_depend.objid = dependent_depend.objid
        and joining_depend.classid = 'pg_rewrite'::regclass
        and joining_depend.refclassid = 'pg_class'::regclass
        and joining_depend.refobjid != dependent_depend.refobjid

    -- ... we can find the tables they query from in pg_class, but excluding system tables. Note we
    -- don't need need to exclude _dependent_ system tables, because they only query from other
    -- system tables, and so are automatically excluded by excluding _referenced_ system tables
    join pg_class as referenced_class on referenced_class.oid = joining_depend.refobjid
    join pg_namespace as referenced_namespace on referenced_namespace.oid = referenced_class.relnamespace
        and referenced_namespace.nspname != 'information_schema'
        and referenced_namespace.nspname not like 'pg\_%'

    order by
        dependent_schema, dependent_name, referenced_schema, referenced_name;
[0m17:29:00.123679 [debug] [MainThread]: Opening a new connection, currently in state init
[0m17:29:00.192087 [debug] [MainThread]: SQL status: SELECT 2 in 0.069 seconds
[0m17:29:00.194734 [debug] [MainThread]: Sending event: {'category': 'dbt', 'action': 'runnable_timing', 'label': '00d233e7-287c-4cd5-b9a8-55f6e431e60e', 'context': [<snowplow_tracker.self_describing_json.SelfDescribingJson object at 0x0000026B18771B90>]}
[0m17:29:00.194734 [debug] [MainThread]: On master: ROLLBACK
[0m17:29:00.199623 [debug] [MainThread]: On master: COMMIT
[0m17:29:00.200490 [debug] [MainThread]: Using postgres connection "master"
[0m17:29:00.200490 [debug] [MainThread]: On master: COMMIT
[0m17:29:00.206206 [debug] [MainThread]: SQL status: COMMIT in 0.005 seconds
[0m17:29:00.207177 [debug] [MainThread]: On master: Close
[0m17:29:00.212931 [debug] [Thread-1 (]: Began running node model.oracle_warehouse.stg_customers
[0m17:29:00.214459 [debug] [Thread-2 (]: Began running node model.oracle_warehouse.stg_orders
[0m17:29:00.214459 [info ] [Thread-1 (]: 1 of 4 START sql view model marts_marts.stg_customers .......................... [RUN]
[0m17:29:00.216430 [debug] [Thread-1 (]: Acquiring new postgres connection 'model.oracle_warehouse.stg_customers'
[0m17:29:00.215453 [info ] [Thread-2 (]: 2 of 4 START sql view model marts_marts.stg_orders ............................. [RUN]
[0m17:29:00.217408 [debug] [Thread-1 (]: Began compiling node model.oracle_warehouse.stg_customers
[0m17:29:00.217408 [debug] [Thread-2 (]: Acquiring new postgres connection 'model.oracle_warehouse.stg_orders'
[0m17:29:00.223264 [debug] [Thread-1 (]: Writing injected SQL for node "model.oracle_warehouse.stg_customers"
[0m17:29:00.224769 [debug] [Thread-2 (]: Began compiling node model.oracle_warehouse.stg_orders
[0m17:29:00.226848 [debug] [Thread-2 (]: Writing injected SQL for node "model.oracle_warehouse.stg_orders"
[0m17:29:00.227955 [debug] [Thread-1 (]: Began executing node model.oracle_warehouse.stg_customers
[0m17:29:00.228626 [debug] [Thread-2 (]: Began executing node model.oracle_warehouse.stg_orders
[0m17:29:00.260024 [debug] [Thread-2 (]: Writing runtime sql for node "model.oracle_warehouse.stg_orders"
[0m17:29:00.261007 [debug] [Thread-1 (]: Writing runtime sql for node "model.oracle_warehouse.stg_customers"
[0m17:29:00.261983 [debug] [Thread-2 (]: Using postgres connection "model.oracle_warehouse.stg_orders"
[0m17:29:00.261983 [debug] [Thread-2 (]: On model.oracle_warehouse.stg_orders: /* {"app": "dbt", "dbt_version": "1.12.0b1", "profile_name": "oracle_warehouse", "target_name": "prod", "node_id": "model.oracle_warehouse.stg_orders"} */

  create view "warehouse"."marts_marts"."stg_orders__dbt_tmp"
    
    
  as (
    -- =============================================================================
-- models/staging/stg_orders.sql
-- =============================================================================
-- Lightweight VIEW over the raw DLT-loaded orders table.
-- Purpose: cast types, rename columns, filter soft-deletes.
-- Materialized as a VIEW so it always reflects the latest DLT load.
-- =============================================================================



SELECT
    order_id::INTEGER                   AS order_id,
    customer_id::INTEGER                AS customer_id,

    UPPER(TRIM(status))                 AS status,
    amount::NUMERIC(10,2)               AS amount,
    UPPER(TRIM(product_code))           AS product_code,

    created_at::TIMESTAMPTZ             AS created_at,
    updated_at::TIMESTAMPTZ             AS updated_at,

    -- DLT metadata columns — kept for delta filtering in marts
    _dlt_id                             AS _dlt_id,
    _dlt_load_id                      AS _dlt_load_id

FROM "warehouse"."staging"."orders"

-- Filter soft-deleted rows (is_deleted=1 set in Oracle before export)
WHERE COALESCE(is_deleted, 0) = 0
  );
[0m17:29:00.262960 [debug] [Thread-2 (]: Opening a new connection, currently in state init
[0m17:29:00.262960 [debug] [Thread-1 (]: Using postgres connection "model.oracle_warehouse.stg_customers"
[0m17:29:00.263936 [debug] [Thread-1 (]: On model.oracle_warehouse.stg_customers: /* {"app": "dbt", "dbt_version": "1.12.0b1", "profile_name": "oracle_warehouse", "target_name": "prod", "node_id": "model.oracle_warehouse.stg_customers"} */

  create view "warehouse"."marts_marts"."stg_customers__dbt_tmp"
    
    
  as (
    -- =============================================================================
-- models/staging/stg_customers.sql
-- =============================================================================



SELECT
    customer_id::INTEGER                AS customer_id,
    INITCAP(TRIM(full_name))            AS full_name,
    LOWER(TRIM(email))                  AS email,
    UPPER(TRIM(country))                AS country,
    UPPER(TRIM(tier))                   AS tier,   -- GOLD / SILVER / STANDARD

    created_at::TIMESTAMPTZ             AS created_at,
    updated_at::TIMESTAMPTZ             AS updated_at,

    _dlt_id                             AS _dlt_id,
    _dlt_load_id                      AS _dlt_load_id

FROM "warehouse"."staging"."customers"
WHERE COALESCE(is_deleted, 0) = 0
  );
[0m17:29:00.263936 [debug] [Thread-1 (]: Opening a new connection, currently in state init
[0m17:29:00.324376 [debug] [Thread-2 (]: SQL status: CREATE VIEW in 0.061 seconds
[0m17:29:00.329205 [debug] [Thread-2 (]: Using postgres connection "model.oracle_warehouse.stg_orders"
[0m17:29:00.330183 [debug] [Thread-2 (]: On model.oracle_warehouse.stg_orders: /* {"app": "dbt", "dbt_version": "1.12.0b1", "profile_name": "oracle_warehouse", "target_name": "prod", "node_id": "model.oracle_warehouse.stg_orders"} */
alter table "warehouse"."marts_marts"."stg_orders" rename to "stg_orders__dbt_backup"
[0m17:29:00.334107 [debug] [Thread-2 (]: SQL status: ALTER TABLE in 0.004 seconds
[0m17:29:00.338552 [debug] [Thread-2 (]: Using postgres connection "model.oracle_warehouse.stg_orders"
[0m17:29:00.338552 [debug] [Thread-2 (]: On model.oracle_warehouse.stg_orders: /* {"app": "dbt", "dbt_version": "1.12.0b1", "profile_name": "oracle_warehouse", "target_name": "prod", "node_id": "model.oracle_warehouse.stg_orders"} */
alter table "warehouse"."marts_marts"."stg_orders__dbt_tmp" rename to "stg_orders"
[0m17:29:00.347372 [debug] [Thread-2 (]: SQL status: ALTER TABLE in 0.008 seconds
[0m17:29:00.348882 [debug] [Thread-1 (]: SQL status: CREATE VIEW in 0.084 seconds
[0m17:29:00.361273 [debug] [Thread-2 (]: On model.oracle_warehouse.stg_orders: COMMIT
[0m17:29:00.364204 [debug] [Thread-1 (]: Using postgres connection "model.oracle_warehouse.stg_customers"
[0m17:29:00.364204 [debug] [Thread-2 (]: Using postgres connection "model.oracle_warehouse.stg_orders"
[0m17:29:00.365179 [debug] [Thread-1 (]: On model.oracle_warehouse.stg_customers: /* {"app": "dbt", "dbt_version": "1.12.0b1", "profile_name": "oracle_warehouse", "target_name": "prod", "node_id": "model.oracle_warehouse.stg_customers"} */
alter table "warehouse"."marts_marts"."stg_customers" rename to "stg_customers__dbt_backup"
[0m17:29:00.365179 [debug] [Thread-2 (]: On model.oracle_warehouse.stg_orders: COMMIT
[0m17:29:00.368126 [debug] [Thread-1 (]: SQL status: ALTER TABLE in 0.003 seconds
[0m17:29:00.371596 [debug] [Thread-1 (]: Using postgres connection "model.oracle_warehouse.stg_customers"
[0m17:29:00.372572 [debug] [Thread-1 (]: On model.oracle_warehouse.stg_customers: /* {"app": "dbt", "dbt_version": "1.12.0b1", "profile_name": "oracle_warehouse", "target_name": "prod", "node_id": "model.oracle_warehouse.stg_customers"} */
alter table "warehouse"."marts_marts"."stg_customers__dbt_tmp" rename to "stg_customers"
[0m17:29:00.378520 [debug] [Thread-2 (]: SQL status: COMMIT in 0.012 seconds
[0m17:29:00.378520 [debug] [Thread-1 (]: SQL status: ALTER TABLE in 0.006 seconds
[0m17:29:00.384174 [debug] [Thread-2 (]: Applying DROP to: "warehouse"."marts_marts"."stg_orders__dbt_backup"
[0m17:29:00.385999 [debug] [Thread-1 (]: On model.oracle_warehouse.stg_customers: COMMIT
[0m17:29:00.390658 [debug] [Thread-2 (]: Using postgres connection "model.oracle_warehouse.stg_orders"
[0m17:29:00.391641 [debug] [Thread-1 (]: Using postgres connection "model.oracle_warehouse.stg_customers"
[0m17:29:00.391641 [debug] [Thread-2 (]: On model.oracle_warehouse.stg_orders: /* {"app": "dbt", "dbt_version": "1.12.0b1", "profile_name": "oracle_warehouse", "target_name": "prod", "node_id": "model.oracle_warehouse.stg_orders"} */
drop view if exists "warehouse"."marts_marts"."stg_orders__dbt_backup" cascade
[0m17:29:00.391641 [debug] [Thread-1 (]: On model.oracle_warehouse.stg_customers: COMMIT
[0m17:29:00.402480 [debug] [Thread-1 (]: SQL status: COMMIT in 0.009 seconds
[0m17:29:00.405308 [debug] [Thread-1 (]: Applying DROP to: "warehouse"."marts_marts"."stg_customers__dbt_backup"
[0m17:29:00.406288 [debug] [Thread-1 (]: Using postgres connection "model.oracle_warehouse.stg_customers"
[0m17:29:00.407265 [debug] [Thread-1 (]: On model.oracle_warehouse.stg_customers: /* {"app": "dbt", "dbt_version": "1.12.0b1", "profile_name": "oracle_warehouse", "target_name": "prod", "node_id": "model.oracle_warehouse.stg_customers"} */
drop view if exists "warehouse"."marts_marts"."stg_customers__dbt_backup" cascade
[0m17:29:00.408234 [debug] [Thread-2 (]: SQL status: DROP VIEW in 0.015 seconds
[0m17:29:00.410187 [debug] [Thread-2 (]: On model.oracle_warehouse.stg_orders: Close
[0m17:29:00.412680 [debug] [Thread-2 (]: Sending event: {'category': 'dbt', 'action': 'run_model', 'label': '00d233e7-287c-4cd5-b9a8-55f6e431e60e', 'context': [<snowplow_tracker.self_describing_json.SelfDescribingJson object at 0x0000026B18463C90>]}
[0m17:29:00.412680 [info ] [Thread-2 (]: 2 of 4 OK created sql view model marts_marts.stg_orders ........................ [[32mCREATE VIEW[0m in 0.19s]
[0m17:29:00.414648 [debug] [Thread-2 (]: Finished running node model.oracle_warehouse.stg_orders
[0m17:29:00.415607 [debug] [Thread-4 (]: Began running node model.oracle_warehouse.delta_report
[0m17:29:00.420501 [debug] [Thread-1 (]: SQL status: DROP VIEW in 0.012 seconds
[0m17:29:00.419522 [info ] [Thread-4 (]: 3 of 4 START sql incremental model marts_marts.delta_report .................... [RUN]
[0m17:29:00.422849 [debug] [Thread-1 (]: On model.oracle_warehouse.stg_customers: Close
[0m17:29:00.422849 [debug] [Thread-4 (]: Acquiring new postgres connection 'model.oracle_warehouse.delta_report'
[0m17:29:00.423830 [debug] [Thread-4 (]: Began compiling node model.oracle_warehouse.delta_report
[0m17:29:00.425336 [debug] [Thread-1 (]: Sending event: {'category': 'dbt', 'action': 'run_model', 'label': '00d233e7-287c-4cd5-b9a8-55f6e431e60e', 'context': [<snowplow_tracker.self_describing_json.SelfDescribingJson object at 0x0000026B18421490>]}
[0m17:29:00.430226 [debug] [Thread-4 (]: Writing injected SQL for node "model.oracle_warehouse.delta_report"
[0m17:29:00.431201 [info ] [Thread-1 (]: 1 of 4 OK created sql view model marts_marts.stg_customers ..................... [[32mCREATE VIEW[0m in 0.21s]
[0m17:29:00.432207 [debug] [Thread-1 (]: Finished running node model.oracle_warehouse.stg_customers
[0m17:29:00.435146 [debug] [Thread-4 (]: Began executing node model.oracle_warehouse.delta_report
[0m17:29:00.436134 [debug] [Thread-2 (]: Began running node model.oracle_warehouse.fct_orders
[0m17:29:00.454082 [info ] [Thread-2 (]: 4 of 4 START sql incremental model marts_marts.fct_orders ...................... [RUN]
[0m17:29:00.466508 [debug] [Thread-4 (]: Using postgres connection "model.oracle_warehouse.delta_report"
[0m17:29:00.467487 [debug] [Thread-2 (]: Re-using an available connection from the pool (formerly model.oracle_warehouse.stg_orders, now model.oracle_warehouse.fct_orders)
[0m17:29:00.469437 [debug] [Thread-4 (]: On model.oracle_warehouse.delta_report: /* {"app": "dbt", "dbt_version": "1.12.0b1", "profile_name": "oracle_warehouse", "target_name": "prod", "node_id": "model.oracle_warehouse.delta_report"} */

    
  
    

  create temporary table "delta_report__dbt_tmp172900456879"
  
  
    as
  
  (
    -- =============================================================================
-- models/marts/delta_report.sql
-- =============================================================================
-- Append-only log of every row that was new or changed in each DLT run.
-- Your team queries this to monitor what moved through the pipeline.
--
-- Query to check today's delta:
--   SELECT * FROM marts.delta_report WHERE load_date = CURRENT_DATE ORDER BY detected_at DESC;
-- =============================================================================


select
    o.order_id,
    o.customer_id,
    o.status,
    o.amount,
    o.product_code,
    o.updated_at                        as changed_at_source,
    o.updated_at                        as detected_at,
    cast(o.updated_at as date)          as load_date,
    case
        when o.updated_at = o.created_at then 'new_row'
        else 'updated_row'
    end                                 as change_type

from "warehouse"."marts_marts"."stg_orders" as o


where o.updated_at > (
    select coalesce(max(detected_at), '1970-01-01'::timestamptz)
    from "warehouse"."marts_marts"."delta_report"
)

  );
  
  
[0m17:29:00.469437 [debug] [Thread-2 (]: Began compiling node model.oracle_warehouse.fct_orders
[0m17:29:00.470414 [debug] [Thread-4 (]: Opening a new connection, currently in state init
[0m17:29:00.474046 [debug] [Thread-2 (]: Writing injected SQL for node "model.oracle_warehouse.fct_orders"
[0m17:29:00.475028 [debug] [Thread-2 (]: Began executing node model.oracle_warehouse.fct_orders
[0m17:29:00.478080 [debug] [Thread-2 (]: Writing runtime sql for node "model.oracle_warehouse.fct_orders"
[0m17:29:00.479045 [debug] [Thread-2 (]: Using postgres connection "model.oracle_warehouse.fct_orders"
[0m17:29:00.479045 [debug] [Thread-2 (]: On model.oracle_warehouse.fct_orders: /* {"app": "dbt", "dbt_version": "1.12.0b1", "profile_name": "oracle_warehouse", "target_name": "prod", "node_id": "model.oracle_warehouse.fct_orders"} */

      
  
    

  create  table "warehouse"."marts_marts"."fct_orders"
  
  
    as
  
  (
    -- =============================================================================
-- models/marts/fct_orders.sql
-- =============================================================================
-- INCREMENTAL fact table — the core delta model.
--
-- How delta works here:
--   First run  → processes ALL rows from stg_orders (full load)
--   Every run after → the is_incremental() block injects a WHERE clause that
--                     only picks up rows whose _dlt_loaded_at is NEWER than
--                     the highest loaded_at already in this table.
--
-- This means DBT only transforms rows that DLT loaded THIS RUN.
-- The merge strategy then upserts them: new rows inserted, changed rows updated.
-- =============================================================================



with source as (
    select
        o.order_id,
        o.customer_id,
        o.status,
        o.amount,
        o.product_code,
        o.created_at,
        o.updated_at,
        o._dlt_load_id,
        c.full_name     as customer_name,
        c.country       as customer_country,
        c.tier          as customer_tier
    from "warehouse"."marts_marts"."stg_orders" as o
    left join "warehouse"."marts_marts"."stg_customers" as c
        on o.customer_id = c.customer_id

  
)

select
    order_id,
    customer_id,
    customer_name,
    customer_country,
    customer_tier,
    status,
    amount,
    product_code,
    case when status = 'PAID'    then amount else 0 end  as paid_amount,
    case when status = 'PENDING' then amount else 0 end  as pending_amount,
    case when amount > 500       then true  else false end as is_high_value,
    date_trunc('day',  created_at)  as order_date,
    date_trunc('week', created_at)  as order_week,
    date_trunc('month',created_at)  as order_month,
    created_at,
    updated_at,
    updated_at as loaded_at
from source
  );
  
  
[0m17:29:00.480016 [debug] [Thread-2 (]: Opening a new connection, currently in state closed
[0m17:29:00.573248 [debug] [Thread-4 (]: SQL status: SELECT 0 in 0.103 seconds
[0m17:29:00.586482 [debug] [Thread-4 (]: Using postgres connection "model.oracle_warehouse.delta_report"
[0m17:29:00.586482 [debug] [Thread-4 (]: On model.oracle_warehouse.delta_report: /* {"app": "dbt", "dbt_version": "1.12.0b1", "profile_name": "oracle_warehouse", "target_name": "prod", "node_id": "model.oracle_warehouse.delta_report"} */

      select
          column_name,
          data_type,
          character_maximum_length,
          numeric_precision,
          numeric_scale

      from INFORMATION_SCHEMA.columns
      where table_name = 'delta_report__dbt_tmp172900456879'
        
      order by ordinal_position

  
[0m17:29:00.597952 [debug] [Thread-2 (]: SQL status: SELECT 100 in 0.119 seconds
[0m17:29:00.602590 [debug] [Thread-2 (]: On model.oracle_warehouse.fct_orders: COMMIT
[0m17:29:00.603570 [debug] [Thread-2 (]: Using postgres connection "model.oracle_warehouse.fct_orders"
[0m17:29:00.603570 [debug] [Thread-2 (]: On model.oracle_warehouse.fct_orders: COMMIT
[0m17:29:00.617868 [debug] [Thread-2 (]: SQL status: COMMIT in 0.014 seconds
[0m17:29:00.618854 [debug] [Thread-2 (]: On model.oracle_warehouse.fct_orders: Close
[0m17:29:00.620451 [debug] [Thread-2 (]: Sending event: {'category': 'dbt', 'action': 'run_model', 'label': '00d233e7-287c-4cd5-b9a8-55f6e431e60e', 'context': [<snowplow_tracker.self_describing_json.SelfDescribingJson object at 0x0000026B18523990>]}
[0m17:29:00.621475 [info ] [Thread-2 (]: 4 of 4 OK created sql incremental model marts_marts.fct_orders ................. [[32mSELECT 100[0m in 0.15s]
[0m17:29:00.622412 [debug] [Thread-2 (]: Finished running node model.oracle_warehouse.fct_orders
[0m17:29:00.623394 [debug] [Thread-4 (]: SQL status: SELECT 9 in 0.036 seconds
[0m17:29:00.627297 [debug] [Thread-4 (]: Using postgres connection "model.oracle_warehouse.delta_report"
[0m17:29:00.628308 [debug] [Thread-4 (]: On model.oracle_warehouse.delta_report: /* {"app": "dbt", "dbt_version": "1.12.0b1", "profile_name": "oracle_warehouse", "target_name": "prod", "node_id": "model.oracle_warehouse.delta_report"} */

      select
          column_name,
          data_type,
          character_maximum_length,
          numeric_precision,
          numeric_scale

      from "warehouse".INFORMATION_SCHEMA.columns
      where table_name = 'delta_report'
        
        and table_schema = 'marts_marts'
        
      order by ordinal_position

  
[0m17:29:00.642290 [debug] [Thread-4 (]: SQL status: SELECT 9 in 0.013 seconds
[0m17:29:00.655633 [debug] [Thread-4 (]: Using postgres connection "model.oracle_warehouse.delta_report"
[0m17:29:00.656604 [debug] [Thread-4 (]: On model.oracle_warehouse.delta_report: /* {"app": "dbt", "dbt_version": "1.12.0b1", "profile_name": "oracle_warehouse", "target_name": "prod", "node_id": "model.oracle_warehouse.delta_report"} */

      select
          column_name,
          data_type,
          character_maximum_length,
          numeric_precision,
          numeric_scale

      from INFORMATION_SCHEMA.columns
      where table_name = 'delta_report__dbt_tmp172900456879'
        
      order by ordinal_position

  
[0m17:29:00.664223 [debug] [Thread-4 (]: SQL status: SELECT 9 in 0.007 seconds
[0m17:29:00.667069 [debug] [Thread-4 (]: Using postgres connection "model.oracle_warehouse.delta_report"
[0m17:29:00.668132 [debug] [Thread-4 (]: On model.oracle_warehouse.delta_report: /* {"app": "dbt", "dbt_version": "1.12.0b1", "profile_name": "oracle_warehouse", "target_name": "prod", "node_id": "model.oracle_warehouse.delta_report"} */

      select
          column_name,
          data_type,
          character_maximum_length,
          numeric_precision,
          numeric_scale

      from "warehouse".INFORMATION_SCHEMA.columns
      where table_name = 'delta_report'
        
        and table_schema = 'marts_marts'
        
      order by ordinal_position

  
[0m17:29:00.677476 [debug] [Thread-4 (]: SQL status: SELECT 9 in 0.010 seconds
[0m17:29:00.690030 [debug] [Thread-4 (]: 
    In "warehouse"."marts_marts"."delta_report":
        Schema changed: False
        Source columns not in target: []
        Target columns not in source: []
        New column types: []
  
[0m17:29:00.708318 [debug] [Thread-4 (]: Writing runtime sql for node "model.oracle_warehouse.delta_report"
[0m17:29:00.709283 [debug] [Thread-4 (]: Using postgres connection "model.oracle_warehouse.delta_report"
[0m17:29:00.710272 [debug] [Thread-4 (]: On model.oracle_warehouse.delta_report: /* {"app": "dbt", "dbt_version": "1.12.0b1", "profile_name": "oracle_warehouse", "target_name": "prod", "node_id": "model.oracle_warehouse.delta_report"} */

      -- back compat for old kwarg name
  
  
        
            
                
                
            
                
                
            
        
    

    

    merge into "warehouse"."marts_marts"."delta_report" as DBT_INTERNAL_DEST
        using "delta_report__dbt_tmp172900456879" as DBT_INTERNAL_SOURCE
        on (
                    DBT_INTERNAL_SOURCE.order_id = DBT_INTERNAL_DEST.order_id
                ) and (
                    DBT_INTERNAL_SOURCE.load_date = DBT_INTERNAL_DEST.load_date
                )

    
    when matched then update set
        "order_id" = DBT_INTERNAL_SOURCE."order_id","customer_id" = DBT_INTERNAL_SOURCE."customer_id","status" = DBT_INTERNAL_SOURCE."status","amount" = DBT_INTERNAL_SOURCE."amount","product_code" = DBT_INTERNAL_SOURCE."product_code","changed_at_source" = DBT_INTERNAL_SOURCE."changed_at_source","detected_at" = DBT_INTERNAL_SOURCE."detected_at","load_date" = DBT_INTERNAL_SOURCE."load_date","change_type" = DBT_INTERNAL_SOURCE."change_type"
    

    when not matched then insert
        ("order_id", "customer_id", "status", "amount", "product_code", "changed_at_source", "detected_at", "load_date", "change_type")
    values
        ("order_id", "customer_id", "status", "amount", "product_code", "changed_at_source", "detected_at", "load_date", "change_type")


  
[0m17:29:00.715315 [debug] [Thread-4 (]: Postgres adapter: Postgres error: syntax error at or near "merge"
LINE 19:     merge into "warehouse"."marts_marts"."delta_report" as D...
             ^

[0m17:29:00.716355 [debug] [Thread-4 (]: On model.oracle_warehouse.delta_report: ROLLBACK
[0m17:29:00.729268 [debug] [Thread-4 (]: On model.oracle_warehouse.delta_report: Close
[0m17:29:00.734149 [debug] [Thread-4 (]: Database Error in model delta_report (models\marts\delta_report.sql)
  syntax error at or near "merge"
  LINE 19:     merge into "warehouse"."marts_marts"."delta_report" as D...
               ^
  compiled code at target\run\oracle_warehouse\models\marts\delta_report.sql
[0m17:29:00.735686 [debug] [Thread-4 (]: Sending event: {'category': 'dbt', 'action': 'run_model', 'label': '00d233e7-287c-4cd5-b9a8-55f6e431e60e', 'context': [<snowplow_tracker.self_describing_json.SelfDescribingJson object at 0x0000026B18849610>]}
[0m17:29:00.736677 [error] [Thread-4 (]: 3 of 4 ERROR creating sql incremental model marts_marts.delta_report ........... [[31mERROR[0m in 0.31s]
[0m17:29:00.738657 [debug] [Thread-4 (]: Finished running node model.oracle_warehouse.delta_report
[0m17:29:00.738657 [debug] [Thread-7 (]: Marking all children of 'model.oracle_warehouse.delta_report' to be skipped because of status 'error'.  Reason: Database Error in model delta_report (models\marts\delta_report.sql)
  syntax error at or near "merge"
  LINE 19:     merge into "warehouse"."marts_marts"."delta_report" as D...
               ^
  compiled code at target\run\oracle_warehouse\models\marts\delta_report.sql.
[0m17:29:00.740830 [debug] [MainThread]: On master: COMMIT
[0m17:29:00.742147 [debug] [MainThread]: Using postgres connection "master"
[0m17:29:00.742147 [debug] [MainThread]: On master: COMMIT
[0m17:29:00.742147 [debug] [MainThread]: Opening a new connection, currently in state closed
[0m17:29:00.808195 [debug] [MainThread]: SQL status: COMMIT in 0.065 seconds
[0m17:29:00.808195 [debug] [MainThread]: On master: Close
[0m17:29:00.809307 [debug] [MainThread]: Connection 'master' was properly closed.
[0m17:29:00.810202 [debug] [MainThread]: Connection 'list_warehouse' was properly closed.
[0m17:29:00.810202 [debug] [MainThread]: Connection 'list_warehouse_marts_marts' was properly closed.
[0m17:29:00.811140 [debug] [MainThread]: Connection 'model.oracle_warehouse.stg_customers' was properly closed.
[0m17:29:00.812121 [debug] [MainThread]: Connection 'model.oracle_warehouse.fct_orders' was properly closed.
[0m17:29:00.812121 [debug] [MainThread]: Connection 'model.oracle_warehouse.delta_report' was properly closed.
[0m17:29:00.813184 [info ] [MainThread]: 
[0m17:29:00.814121 [info ] [MainThread]: Finished running 2 incremental models, 2 view models in 0 hours 0 minutes and 1.03 seconds (1.03s).
[0m17:29:00.815057 [debug] [MainThread]: Command end result
[0m17:29:00.903530 [debug] [MainThread]: Wrote artifact WritableManifest to C:\Users\oracle_warehouse_demo\oracle_warehouse_demo\dbt_project\target\manifest.json
[0m17:29:00.906462 [debug] [MainThread]: Wrote artifact SemanticManifest to C:\Users\oracle_warehouse_demo\oracle_warehouse_demo\dbt_project\target\semantic_manifest.json
[0m17:29:00.911249 [debug] [MainThread]: Wrote artifact RunExecutionResult to C:\Users\oracle_warehouse_demo\oracle_warehouse_demo\dbt_project\target\run_results.json
[0m17:29:00.911249 [info ] [MainThread]: 
[0m17:29:00.912755 [info ] [MainThread]: [31mCompleted with 1 error, 0 partial successes, and 0 warnings:[0m
[0m17:29:00.913779 [info ] [MainThread]: 
[0m17:29:00.913779 [error] [MainThread]: [[31mERROR[0m]: in model delta_report (models\marts\delta_report.sql)
[0m17:29:00.915019 [error] [MainThread]:   Database Error in model delta_report (models\marts\delta_report.sql)
  syntax error at or near "merge"
  LINE 19:     merge into "warehouse"."marts_marts"."delta_report" as D...
               ^
  compiled code at target\run\oracle_warehouse\models\marts\delta_report.sql
[0m17:29:00.915901 [info ] [MainThread]: 
[0m17:29:00.917867 [info ] [MainThread]:   compiled code at target\compiled\oracle_warehouse\models\marts\delta_report.sql
[0m17:29:00.918840 [info ] [MainThread]: 
[0m17:29:00.918840 [info ] [MainThread]: Done. PASS=3 WARN=0 ERROR=1 SKIP=0 NO-OP=0 TOTAL=4
[0m17:29:00.920347 [warn ] [MainThread]: [[33mWARNING[0m][DeprecationsSummary]: Deprecated functionality
Summary of encountered deprecations:
- MissingArgumentsPropertyInGenericTestDeprecation: 1 occurrence
To see all deprecation instances instead of just the first occurrence of each,
run command again with the `--show-all-deprecations` flag. You may also need to
run with `--no-partial-parse` as some deprecations are only encountered during
parsing.
[0m17:29:00.920947 [debug] [MainThread]: Command `dbt run` failed at 17:29:00.920947 after 2.43 seconds
[0m17:29:00.921963 [debug] [MainThread]: Sending event: {'category': 'dbt', 'action': 'invocation', 'label': 'end', 'context': [<snowplow_tracker.self_describing_json.SelfDescribingJson object at 0x0000026B181241D0>, <snowplow_tracker.self_describing_json.SelfDescribingJson object at 0x0000026B18124C50>, <snowplow_tracker.self_describing_json.SelfDescribingJson object at 0x0000026B18124510>]}
[0m17:29:00.921963 [debug] [MainThread]: Flushing usage events
[0m17:29:02.052078 [debug] [MainThread]: An error was encountered while trying to flush usage events
[0m17:30:51.967745 [debug] [MainThread]: Sending event: {'category': 'dbt', 'action': 'invocation', 'label': 'start', 'context': [<snowplow_tracker.self_describing_json.SelfDescribingJson object at 0x000001D9EC317990>, <snowplow_tracker.self_describing_json.SelfDescribingJson object at 0x000001D9EC314950>, <snowplow_tracker.self_describing_json.SelfDescribingJson object at 0x000001D9EC314910>]}


============================== 17:30:51.971020 | d432e275-6421-41ac-bf82-d2a12717bb8f ==============================
[0m17:30:51.971020 [info ] [MainThread]: Running with dbt=1.12.0-b1
[0m17:30:51.971688 [debug] [MainThread]: running dbt with arguments {'static_parser': 'True', 'no_print': 'None', 'version_check': 'False', 'target_path': 'None', 'warn_error_options': 'WarnErrorOptionsV2(error=[], warn=[], silence=[])', 'printer_width': '80', 'write_json': 'True', 'empty': 'False', 'log_cache_events': 'False', 'introspect': 'True', 'cache_selected_only': 'False', 'fail_fast': 'False', 'debug': 'False', 'log_format': 'default', 'partial_parse': 'True', 'send_anonymous_usage_stats': 'True', 'quiet': 'False', 'warn_error': 'None', 'profiles_dir': '.', 'invocation_command': 'dbt run --profiles-dir . --no-version-check', 'indirect_selection': 'eager', 'use_colors': 'True', 'use_experimental_parser': 'False', 'log_path': 'C:\\Users\\oracle_warehouse_demo\\oracle_warehouse_demo\\dbt_project\\logs'}
[0m17:30:52.123501 [debug] [MainThread]: Sending event: {'category': 'dbt', 'action': 'project_id', 'label': 'd432e275-6421-41ac-bf82-d2a12717bb8f', 'context': [<snowplow_tracker.self_describing_json.SelfDescribingJson object at 0x000001D9EA583290>]}
[0m17:30:52.181752 [debug] [MainThread]: Sending event: {'category': 'dbt', 'action': 'adapter_info', 'label': 'd432e275-6421-41ac-bf82-d2a12717bb8f', 'context': [<snowplow_tracker.self_describing_json.SelfDescribingJson object at 0x000001D9E7AEA4D0>]}
[0m17:30:52.182726 [info ] [MainThread]: Registered adapter: postgres=1.10.0
[0m17:30:52.359142 [debug] [MainThread]: checksum: 4b91f4c523c0b4ed776bba520637b0d686e516c359f7decf36a3011f8415033e, vars: {}, profile: oracle_warehouse, target: prod, version: 1.12.0b1
[0m17:30:52.465432 [debug] [MainThread]: Partial parsing enabled: 0 files deleted, 0 files added, 1 files changed.
[0m17:30:52.466409 [debug] [MainThread]: Partial parsing: updated file: oracle_warehouse://models\marts\delta_report.sql
[0m17:30:52.994988 [warn ] [MainThread]: [[33mWARNING[0m][MissingArgumentsPropertyInGenericTestDeprecation]: Deprecated
functionality
Found top-level arguments to test `accepted_values` defined on 'delta_report' in
package 'oracle_warehouse' (models\marts\schema.yml). Arguments to generic tests
should be nested under the `arguments` property.
[0m17:30:52.995968 [debug] [MainThread]: Sending event: {'category': 'dbt', 'action': 'deprecation', 'label': 'd432e275-6421-41ac-bf82-d2a12717bb8f', 'property_': 'warn', 'context': [<snowplow_tracker.self_describing_json.SelfDescribingJson object at 0x000001D9ECF37250>]}
[0m17:30:53.064708 [debug] [MainThread]: Sending event: {'category': 'dbt', 'action': 'load_project', 'label': 'd432e275-6421-41ac-bf82-d2a12717bb8f', 'context': [<snowplow_tracker.self_describing_json.SelfDescribingJson object at 0x000001D9ECCA6650>]}
[0m17:30:53.130795 [debug] [MainThread]: Wrote artifact WritableManifest to C:\Users\oracle_warehouse_demo\oracle_warehouse_demo\dbt_project\target\manifest.json
[0m17:30:53.133731 [debug] [MainThread]: Wrote artifact SemanticManifest to C:\Users\oracle_warehouse_demo\oracle_warehouse_demo\dbt_project\target\semantic_manifest.json
[0m17:30:53.142557 [debug] [MainThread]: Sending event: {'category': 'dbt', 'action': 'resource_counts', 'label': 'd432e275-6421-41ac-bf82-d2a12717bb8f', 'context': [<snowplow_tracker.self_describing_json.SelfDescribingJson object at 0x000001D9ECE3CBD0>]}
[0m17:30:53.143533 [info ] [MainThread]: Found 15 data tests, 4 models, 2 sources, 475 macros
[0m17:30:53.143533 [debug] [MainThread]: Sending event: {'category': 'dbt', 'action': 'runnable_timing', 'label': 'd432e275-6421-41ac-bf82-d2a12717bb8f', 'context': [<snowplow_tracker.self_describing_json.SelfDescribingJson object at 0x000001D9ECA62D50>]}
[0m17:30:53.145486 [info ] [MainThread]: 
[0m17:30:53.149078 [info ] [MainThread]: Concurrency: 4 threads (target='prod')
[0m17:30:53.149927 [info ] [MainThread]: 
[0m17:30:53.149927 [debug] [MainThread]: Acquiring new postgres connection 'master'
[0m17:30:53.154863 [debug] [ThreadPool]: Acquiring new postgres connection 'list_warehouse'
[0m17:30:53.198008 [debug] [ThreadPool]: Using postgres connection "list_warehouse"
[0m17:30:53.198008 [debug] [ThreadPool]: On list_warehouse: /* {"app": "dbt", "dbt_version": "1.12.0b1", "profile_name": "oracle_warehouse", "target_name": "prod", "connection_name": "list_warehouse"} */

    select distinct nspname from pg_namespace
  
[0m17:30:53.199621 [debug] [ThreadPool]: Opening a new connection, currently in state init
[0m17:30:53.269191 [debug] [ThreadPool]: SQL status: SELECT 8 in 0.070 seconds
[0m17:30:53.271149 [debug] [ThreadPool]: On list_warehouse: Close
[0m17:30:53.273751 [debug] [ThreadPool]: Acquiring new postgres connection 'list_warehouse_marts_marts'
[0m17:30:53.279613 [debug] [ThreadPool]: Using postgres connection "list_warehouse_marts_marts"
[0m17:30:53.280593 [debug] [ThreadPool]: On list_warehouse_marts_marts: /* {"app": "dbt", "dbt_version": "1.12.0b1", "profile_name": "oracle_warehouse", "target_name": "prod", "connection_name": "list_warehouse_marts_marts"} */
select
      'warehouse' as database,
      tablename as name,
      schemaname as schema,
      'table' as type
    from pg_tables
    where schemaname ilike 'marts_marts'
    union all
    select
      'warehouse' as database,
      viewname as name,
      schemaname as schema,
      'view' as type
    from pg_views
    where schemaname ilike 'marts_marts'
    union all
    select
      'warehouse' as database,
      matviewname as name,
      schemaname as schema,
      'materialized_view' as type
    from pg_matviews
    where schemaname ilike 'marts_marts'
  
[0m17:30:53.281565 [debug] [ThreadPool]: Opening a new connection, currently in state init
[0m17:30:53.349446 [debug] [ThreadPool]: SQL status: SELECT 4 in 0.068 seconds
[0m17:30:53.351395 [debug] [ThreadPool]: On list_warehouse_marts_marts: ROLLBACK
[0m17:30:53.357035 [debug] [ThreadPool]: On list_warehouse_marts_marts: Close
[0m17:30:53.364858 [debug] [MainThread]: Using postgres connection "master"
[0m17:30:53.365840 [debug] [MainThread]: On master: /* {"app": "dbt", "dbt_version": "1.12.0b1", "profile_name": "oracle_warehouse", "target_name": "prod", "connection_name": "master"} */
select distinct
        dependent_namespace.nspname as dependent_schema,
        dependent_class.relname as dependent_name,
        referenced_namespace.nspname as referenced_schema,
        referenced_class.relname as referenced_name

    -- Query for views: views are entries in pg_class with an entry in pg_rewrite, but we avoid
    -- a seq scan on pg_rewrite by leveraging the fact there is an "internal" row in pg_depend for
    -- the view...
    from pg_class as dependent_class
    join pg_namespace as dependent_namespace on dependent_namespace.oid = dependent_class.relnamespace
    join pg_depend as dependent_depend on dependent_depend.refobjid = dependent_class.oid
        and dependent_depend.classid = 'pg_rewrite'::regclass
        and dependent_depend.refclassid = 'pg_class'::regclass
        and dependent_depend.deptype = 'i'

    -- ... and via pg_depend (that has a row per column, hence the need for "distinct" above, and
    -- making sure to exclude the internal row to avoid a view appearing to depend on itself)...
    join pg_depend as joining_depend on joining_depend.objid = dependent_depend.objid
        and joining_depend.classid = 'pg_rewrite'::regclass
        and joining_depend.refclassid = 'pg_class'::regclass
        and joining_depend.refobjid != dependent_depend.refobjid

    -- ... we can find the tables they query from in pg_class, but excluding system tables. Note we
    -- don't need need to exclude _dependent_ system tables, because they only query from other
    -- system tables, and so are automatically excluded by excluding _referenced_ system tables
    join pg_class as referenced_class on referenced_class.oid = joining_depend.refobjid
    join pg_namespace as referenced_namespace on referenced_namespace.oid = referenced_class.relnamespace
        and referenced_namespace.nspname != 'information_schema'
        and referenced_namespace.nspname not like 'pg\_%'

    order by
        dependent_schema, dependent_name, referenced_schema, referenced_name;
[0m17:30:53.365840 [debug] [MainThread]: Opening a new connection, currently in state init
[0m17:30:53.431753 [debug] [MainThread]: SQL status: SELECT 2 in 0.065 seconds
[0m17:30:53.433694 [debug] [MainThread]: Sending event: {'category': 'dbt', 'action': 'runnable_timing', 'label': 'd432e275-6421-41ac-bf82-d2a12717bb8f', 'context': [<snowplow_tracker.self_describing_json.SelfDescribingJson object at 0x000001D9ECD67DD0>]}
[0m17:30:53.434667 [debug] [MainThread]: On master: ROLLBACK
[0m17:30:53.436631 [debug] [MainThread]: On master: COMMIT
[0m17:30:53.437600 [debug] [MainThread]: Using postgres connection "master"
[0m17:30:53.438587 [debug] [MainThread]: On master: COMMIT
[0m17:30:53.444135 [debug] [MainThread]: SQL status: COMMIT in 0.005 seconds
[0m17:30:53.445196 [debug] [MainThread]: On master: Close
[0m17:30:53.451484 [debug] [Thread-1 (]: Began running node model.oracle_warehouse.stg_customers
[0m17:30:53.452473 [debug] [Thread-2 (]: Began running node model.oracle_warehouse.stg_orders
[0m17:30:53.453447 [info ] [Thread-1 (]: 1 of 4 START sql view model marts_marts.stg_customers .......................... [RUN]
[0m17:30:53.455401 [debug] [Thread-1 (]: Acquiring new postgres connection 'model.oracle_warehouse.stg_customers'
[0m17:30:53.454423 [info ] [Thread-2 (]: 2 of 4 START sql view model marts_marts.stg_orders ............................. [RUN]
[0m17:30:53.456377 [debug] [Thread-1 (]: Began compiling node model.oracle_warehouse.stg_customers
[0m17:30:53.457354 [debug] [Thread-2 (]: Acquiring new postgres connection 'model.oracle_warehouse.stg_orders'
[0m17:30:53.464766 [debug] [Thread-1 (]: Writing injected SQL for node "model.oracle_warehouse.stg_customers"
[0m17:30:53.466104 [debug] [Thread-2 (]: Began compiling node model.oracle_warehouse.stg_orders
[0m17:30:53.469048 [debug] [Thread-2 (]: Writing injected SQL for node "model.oracle_warehouse.stg_orders"
[0m17:30:53.469048 [debug] [Thread-1 (]: Began executing node model.oracle_warehouse.stg_customers
[0m17:30:53.470085 [debug] [Thread-2 (]: Began executing node model.oracle_warehouse.stg_orders
[0m17:30:53.500116 [debug] [Thread-2 (]: Writing runtime sql for node "model.oracle_warehouse.stg_orders"
[0m17:30:53.502069 [debug] [Thread-1 (]: Writing runtime sql for node "model.oracle_warehouse.stg_customers"
[0m17:30:53.503632 [debug] [Thread-2 (]: Using postgres connection "model.oracle_warehouse.stg_orders"
[0m17:30:53.503632 [debug] [Thread-2 (]: On model.oracle_warehouse.stg_orders: /* {"app": "dbt", "dbt_version": "1.12.0b1", "profile_name": "oracle_warehouse", "target_name": "prod", "node_id": "model.oracle_warehouse.stg_orders"} */

  create view "warehouse"."marts_marts"."stg_orders__dbt_tmp"
    
    
  as (
    -- =============================================================================
-- models/staging/stg_orders.sql
-- =============================================================================
-- Lightweight VIEW over the raw DLT-loaded orders table.
-- Purpose: cast types, rename columns, filter soft-deletes.
-- Materialized as a VIEW so it always reflects the latest DLT load.
-- =============================================================================



SELECT
    order_id::INTEGER                   AS order_id,
    customer_id::INTEGER                AS customer_id,

    UPPER(TRIM(status))                 AS status,
    amount::NUMERIC(10,2)               AS amount,
    UPPER(TRIM(product_code))           AS product_code,

    created_at::TIMESTAMPTZ             AS created_at,
    updated_at::TIMESTAMPTZ             AS updated_at,

    -- DLT metadata columns — kept for delta filtering in marts
    _dlt_id                             AS _dlt_id,
    _dlt_load_id                      AS _dlt_load_id

FROM "warehouse"."staging"."orders"

-- Filter soft-deleted rows (is_deleted=1 set in Oracle before export)
WHERE COALESCE(is_deleted, 0) = 0
  );
[0m17:30:53.504704 [debug] [Thread-1 (]: Using postgres connection "model.oracle_warehouse.stg_customers"
[0m17:30:53.505733 [debug] [Thread-2 (]: Opening a new connection, currently in state init
[0m17:30:53.505733 [debug] [Thread-1 (]: On model.oracle_warehouse.stg_customers: /* {"app": "dbt", "dbt_version": "1.12.0b1", "profile_name": "oracle_warehouse", "target_name": "prod", "node_id": "model.oracle_warehouse.stg_customers"} */

  create view "warehouse"."marts_marts"."stg_customers__dbt_tmp"
    
    
  as (
    -- =============================================================================
-- models/staging/stg_customers.sql
-- =============================================================================



SELECT
    customer_id::INTEGER                AS customer_id,
    INITCAP(TRIM(full_name))            AS full_name,
    LOWER(TRIM(email))                  AS email,
    UPPER(TRIM(country))                AS country,
    UPPER(TRIM(tier))                   AS tier,   -- GOLD / SILVER / STANDARD

    created_at::TIMESTAMPTZ             AS created_at,
    updated_at::TIMESTAMPTZ             AS updated_at,

    _dlt_id                             AS _dlt_id,
    _dlt_load_id                      AS _dlt_load_id

FROM "warehouse"."staging"."customers"
WHERE COALESCE(is_deleted, 0) = 0
  );
[0m17:30:53.506711 [debug] [Thread-1 (]: Opening a new connection, currently in state init
[0m17:30:53.599396 [debug] [Thread-2 (]: SQL status: CREATE VIEW in 0.094 seconds
[0m17:30:53.607824 [debug] [Thread-1 (]: SQL status: CREATE VIEW in 0.101 seconds
[0m17:30:53.608808 [debug] [Thread-2 (]: Using postgres connection "model.oracle_warehouse.stg_orders"
[0m17:30:53.611492 [debug] [Thread-1 (]: Using postgres connection "model.oracle_warehouse.stg_customers"
[0m17:30:53.611492 [debug] [Thread-2 (]: On model.oracle_warehouse.stg_orders: /* {"app": "dbt", "dbt_version": "1.12.0b1", "profile_name": "oracle_warehouse", "target_name": "prod", "node_id": "model.oracle_warehouse.stg_orders"} */
alter table "warehouse"."marts_marts"."stg_orders" rename to "stg_orders__dbt_backup"
[0m17:30:53.612469 [debug] [Thread-1 (]: On model.oracle_warehouse.stg_customers: /* {"app": "dbt", "dbt_version": "1.12.0b1", "profile_name": "oracle_warehouse", "target_name": "prod", "node_id": "model.oracle_warehouse.stg_customers"} */
alter table "warehouse"."marts_marts"."stg_customers" rename to "stg_customers__dbt_backup"
[0m17:30:53.618528 [debug] [Thread-1 (]: SQL status: ALTER TABLE in 0.006 seconds
[0m17:30:53.619518 [debug] [Thread-2 (]: SQL status: ALTER TABLE in 0.007 seconds
[0m17:30:53.623420 [debug] [Thread-1 (]: Using postgres connection "model.oracle_warehouse.stg_customers"
[0m17:30:53.627324 [debug] [Thread-2 (]: Using postgres connection "model.oracle_warehouse.stg_orders"
[0m17:30:53.627324 [debug] [Thread-1 (]: On model.oracle_warehouse.stg_customers: /* {"app": "dbt", "dbt_version": "1.12.0b1", "profile_name": "oracle_warehouse", "target_name": "prod", "node_id": "model.oracle_warehouse.stg_customers"} */
alter table "warehouse"."marts_marts"."stg_customers__dbt_tmp" rename to "stg_customers"
[0m17:30:53.628903 [debug] [Thread-2 (]: On model.oracle_warehouse.stg_orders: /* {"app": "dbt", "dbt_version": "1.12.0b1", "profile_name": "oracle_warehouse", "target_name": "prod", "node_id": "model.oracle_warehouse.stg_orders"} */
alter table "warehouse"."marts_marts"."stg_orders__dbt_tmp" rename to "stg_orders"
[0m17:30:53.632932 [debug] [Thread-2 (]: SQL status: ALTER TABLE in 0.003 seconds
[0m17:30:53.639380 [debug] [Thread-1 (]: SQL status: ALTER TABLE in 0.010 seconds
[0m17:30:53.648174 [debug] [Thread-1 (]: On model.oracle_warehouse.stg_customers: COMMIT
[0m17:30:53.649790 [debug] [Thread-2 (]: On model.oracle_warehouse.stg_orders: COMMIT
[0m17:30:53.650871 [debug] [Thread-1 (]: Using postgres connection "model.oracle_warehouse.stg_customers"
[0m17:30:53.651470 [debug] [Thread-2 (]: Using postgres connection "model.oracle_warehouse.stg_orders"
[0m17:30:53.651910 [debug] [Thread-1 (]: On model.oracle_warehouse.stg_customers: COMMIT
[0m17:30:53.651910 [debug] [Thread-2 (]: On model.oracle_warehouse.stg_orders: COMMIT
[0m17:30:53.665566 [debug] [Thread-1 (]: SQL status: COMMIT in 0.013 seconds
[0m17:30:53.672964 [debug] [Thread-1 (]: Applying DROP to: "warehouse"."marts_marts"."stg_customers__dbt_backup"
[0m17:30:53.672964 [debug] [Thread-2 (]: SQL status: COMMIT in 0.021 seconds
[0m17:30:53.677850 [debug] [Thread-1 (]: Using postgres connection "model.oracle_warehouse.stg_customers"
[0m17:30:53.679798 [debug] [Thread-2 (]: Applying DROP to: "warehouse"."marts_marts"."stg_orders__dbt_backup"
[0m17:30:53.679798 [debug] [Thread-1 (]: On model.oracle_warehouse.stg_customers: /* {"app": "dbt", "dbt_version": "1.12.0b1", "profile_name": "oracle_warehouse", "target_name": "prod", "node_id": "model.oracle_warehouse.stg_customers"} */
drop view if exists "warehouse"."marts_marts"."stg_customers__dbt_backup" cascade
[0m17:30:53.679798 [debug] [Thread-2 (]: Using postgres connection "model.oracle_warehouse.stg_orders"
[0m17:30:53.681342 [debug] [Thread-2 (]: On model.oracle_warehouse.stg_orders: /* {"app": "dbt", "dbt_version": "1.12.0b1", "profile_name": "oracle_warehouse", "target_name": "prod", "node_id": "model.oracle_warehouse.stg_orders"} */
drop view if exists "warehouse"."marts_marts"."stg_orders__dbt_backup" cascade
[0m17:30:53.695293 [debug] [Thread-1 (]: SQL status: DROP VIEW in 0.014 seconds
[0m17:30:53.698373 [debug] [Thread-1 (]: On model.oracle_warehouse.stg_customers: Close
[0m17:30:53.700333 [debug] [Thread-1 (]: Sending event: {'category': 'dbt', 'action': 'run_model', 'label': 'd432e275-6421-41ac-bf82-d2a12717bb8f', 'context': [<snowplow_tracker.self_describing_json.SelfDescribingJson object at 0x000001D9ECF359D0>]}
[0m17:30:53.701306 [info ] [Thread-1 (]: 1 of 4 OK created sql view model marts_marts.stg_customers ..................... [[32mCREATE VIEW[0m in 0.24s]
[0m17:30:53.702314 [debug] [Thread-2 (]: SQL status: DROP VIEW in 0.021 seconds
[0m17:30:53.704282 [debug] [Thread-1 (]: Finished running node model.oracle_warehouse.stg_customers
[0m17:30:53.705794 [debug] [Thread-2 (]: On model.oracle_warehouse.stg_orders: Close
[0m17:30:53.707314 [debug] [Thread-2 (]: Sending event: {'category': 'dbt', 'action': 'run_model', 'label': 'd432e275-6421-41ac-bf82-d2a12717bb8f', 'context': [<snowplow_tracker.self_describing_json.SelfDescribingJson object at 0x000001D9ED3DD410>]}
[0m17:30:53.707314 [info ] [Thread-2 (]: 2 of 4 OK created sql view model marts_marts.stg_orders ........................ [[32mCREATE VIEW[0m in 0.25s]
[0m17:30:53.708716 [debug] [Thread-2 (]: Finished running node model.oracle_warehouse.stg_orders
[0m17:30:53.709702 [debug] [Thread-4 (]: Began running node model.oracle_warehouse.delta_report
[0m17:30:53.711094 [debug] [Thread-3 (]: Began running node model.oracle_warehouse.fct_orders
[0m17:30:53.711094 [info ] [Thread-4 (]: 3 of 4 START sql incremental model marts_marts.delta_report .................... [RUN]
[0m17:30:53.711094 [info ] [Thread-3 (]: 4 of 4 START sql incremental model marts_marts.fct_orders ...................... [RUN]
[0m17:30:53.712732 [debug] [Thread-4 (]: Acquiring new postgres connection 'model.oracle_warehouse.delta_report'
[0m17:30:53.713720 [debug] [Thread-3 (]: Acquiring new postgres connection 'model.oracle_warehouse.fct_orders'
[0m17:30:53.714801 [debug] [Thread-4 (]: Began compiling node model.oracle_warehouse.delta_report
[0m17:30:53.716065 [debug] [Thread-3 (]: Began compiling node model.oracle_warehouse.fct_orders
[0m17:30:53.720975 [debug] [Thread-4 (]: Writing injected SQL for node "model.oracle_warehouse.delta_report"
[0m17:30:53.723973 [debug] [Thread-3 (]: Writing injected SQL for node "model.oracle_warehouse.fct_orders"
[0m17:30:53.725898 [debug] [Thread-4 (]: Began executing node model.oracle_warehouse.delta_report
[0m17:30:53.731382 [debug] [Thread-3 (]: Began executing node model.oracle_warehouse.fct_orders
[0m17:30:53.762019 [debug] [Thread-4 (]: Using postgres connection "model.oracle_warehouse.delta_report"
[0m17:30:53.762990 [debug] [Thread-3 (]: Using postgres connection "model.oracle_warehouse.fct_orders"
[0m17:30:53.762990 [debug] [Thread-4 (]: On model.oracle_warehouse.delta_report: /* {"app": "dbt", "dbt_version": "1.12.0b1", "profile_name": "oracle_warehouse", "target_name": "prod", "node_id": "model.oracle_warehouse.delta_report"} */

    
  
    

  create temporary table "delta_report__dbt_tmp173053749732"
  
  
    as
  
  (
    -- =============================================================================
-- models/marts/delta_report.sql
-- =============================================================================
-- Append-only log of every row that was new or changed in each DLT run.
-- Your team queries this to monitor what moved through the pipeline.
--
-- Query to check today's delta:
--   SELECT * FROM marts.delta_report WHERE load_date = CURRENT_DATE ORDER BY detected_at DESC;
-- =============================================================================


select
    o.order_id,
    o.customer_id,
    o.status,
    o.amount,
    o.product_code,
    o.updated_at                        as changed_at_source,
    o.updated_at                        as detected_at,
    cast(o.updated_at as date)          as load_date,
    case
        when o.updated_at = o.created_at then 'new_row'
        else 'updated_row'
    end                                 as change_type

from "warehouse"."marts_marts"."stg_orders" as o


where o.updated_at > (
    select coalesce(max(detected_at), '1970-01-01'::timestamptz)
    from "warehouse"."marts_marts"."delta_report"
)

  );
  
  
[0m17:30:53.764531 [debug] [Thread-3 (]: On model.oracle_warehouse.fct_orders: /* {"app": "dbt", "dbt_version": "1.12.0b1", "profile_name": "oracle_warehouse", "target_name": "prod", "node_id": "model.oracle_warehouse.fct_orders"} */

    
  
    

  create temporary table "fct_orders__dbt_tmp173053754163"
  
  
    as
  
  (
    -- =============================================================================
-- models/marts/fct_orders.sql
-- =============================================================================
-- INCREMENTAL fact table — the core delta model.
--
-- How delta works here:
--   First run  → processes ALL rows from stg_orders (full load)
--   Every run after → the is_incremental() block injects a WHERE clause that
--                     only picks up rows whose _dlt_loaded_at is NEWER than
--                     the highest loaded_at already in this table.
--
-- This means DBT only transforms rows that DLT loaded THIS RUN.
-- The merge strategy then upserts them: new rows inserted, changed rows updated.
-- =============================================================================



with source as (
    select
        o.order_id,
        o.customer_id,
        o.status,
        o.amount,
        o.product_code,
        o.created_at,
        o.updated_at,
        o._dlt_load_id,
        c.full_name     as customer_name,
        c.country       as customer_country,
        c.tier          as customer_tier
    from "warehouse"."marts_marts"."stg_orders" as o
    left join "warehouse"."marts_marts"."stg_customers" as c
        on o.customer_id = c.customer_id

  
    where o.updated_at > (
        select coalesce(max(updated_at), '1970-01-01'::timestamptz)
        from "warehouse"."marts_marts"."fct_orders"
    )
    
)

select
    order_id,
    customer_id,
    customer_name,
    customer_country,
    customer_tier,
    status,
    amount,
    product_code,
    case when status = 'PAID'    then amount else 0 end  as paid_amount,
    case when status = 'PENDING' then amount else 0 end  as pending_amount,
    case when amount > 500       then true  else false end as is_high_value,
    date_trunc('day',  created_at)  as order_date,
    date_trunc('week', created_at)  as order_week,
    date_trunc('month',created_at)  as order_month,
    created_at,
    updated_at,
    updated_at as loaded_at
from source
  );
  
  
[0m17:30:53.765527 [debug] [Thread-4 (]: Opening a new connection, currently in state init
[0m17:30:53.765527 [debug] [Thread-3 (]: Opening a new connection, currently in state init
[0m17:30:53.835858 [debug] [Thread-3 (]: SQL status: SELECT 0 in 0.071 seconds
[0m17:30:53.849692 [debug] [Thread-3 (]: Using postgres connection "model.oracle_warehouse.fct_orders"
[0m17:30:53.849692 [debug] [Thread-3 (]: On model.oracle_warehouse.fct_orders: /* {"app": "dbt", "dbt_version": "1.12.0b1", "profile_name": "oracle_warehouse", "target_name": "prod", "node_id": "model.oracle_warehouse.fct_orders"} */

      select
          column_name,
          data_type,
          character_maximum_length,
          numeric_precision,
          numeric_scale

      from INFORMATION_SCHEMA.columns
      where table_name = 'fct_orders__dbt_tmp173053754163'
        
      order by ordinal_position

  
[0m17:30:53.872254 [debug] [Thread-4 (]: SQL status: SELECT 0 in 0.107 seconds
[0m17:30:53.877163 [debug] [Thread-4 (]: Using postgres connection "model.oracle_warehouse.delta_report"
[0m17:30:53.878128 [debug] [Thread-4 (]: On model.oracle_warehouse.delta_report: /* {"app": "dbt", "dbt_version": "1.12.0b1", "profile_name": "oracle_warehouse", "target_name": "prod", "node_id": "model.oracle_warehouse.delta_report"} */

      select
          column_name,
          data_type,
          character_maximum_length,
          numeric_precision,
          numeric_scale

      from INFORMATION_SCHEMA.columns
      where table_name = 'delta_report__dbt_tmp173053749732'
        
      order by ordinal_position

  
[0m17:30:53.878128 [debug] [Thread-3 (]: SQL status: SELECT 17 in 0.028 seconds
[0m17:30:53.883580 [debug] [Thread-3 (]: Using postgres connection "model.oracle_warehouse.fct_orders"
[0m17:30:53.884541 [debug] [Thread-3 (]: On model.oracle_warehouse.fct_orders: /* {"app": "dbt", "dbt_version": "1.12.0b1", "profile_name": "oracle_warehouse", "target_name": "prod", "node_id": "model.oracle_warehouse.fct_orders"} */

      select
          column_name,
          data_type,
          character_maximum_length,
          numeric_precision,
          numeric_scale

      from "warehouse".INFORMATION_SCHEMA.columns
      where table_name = 'fct_orders'
        
        and table_schema = 'marts_marts'
        
      order by ordinal_position

  
[0m17:30:53.897788 [debug] [Thread-3 (]: SQL status: SELECT 17 in 0.012 seconds
[0m17:30:53.909218 [debug] [Thread-4 (]: SQL status: SELECT 9 in 0.031 seconds
[0m17:30:53.910750 [debug] [Thread-3 (]: Using postgres connection "model.oracle_warehouse.fct_orders"
[0m17:30:53.913701 [debug] [Thread-4 (]: Using postgres connection "model.oracle_warehouse.delta_report"
[0m17:30:53.913701 [debug] [Thread-3 (]: On model.oracle_warehouse.fct_orders: /* {"app": "dbt", "dbt_version": "1.12.0b1", "profile_name": "oracle_warehouse", "target_name": "prod", "node_id": "model.oracle_warehouse.fct_orders"} */

      select
          column_name,
          data_type,
          character_maximum_length,
          numeric_precision,
          numeric_scale

      from INFORMATION_SCHEMA.columns
      where table_name = 'fct_orders__dbt_tmp173053754163'
        
      order by ordinal_position

  
[0m17:30:53.914676 [debug] [Thread-4 (]: On model.oracle_warehouse.delta_report: /* {"app": "dbt", "dbt_version": "1.12.0b1", "profile_name": "oracle_warehouse", "target_name": "prod", "node_id": "model.oracle_warehouse.delta_report"} */

      select
          column_name,
          data_type,
          character_maximum_length,
          numeric_precision,
          numeric_scale

      from "warehouse".INFORMATION_SCHEMA.columns
      where table_name = 'delta_report'
        
        and table_schema = 'marts_marts'
        
      order by ordinal_position

  
[0m17:30:53.926015 [debug] [Thread-3 (]: SQL status: SELECT 17 in 0.011 seconds
[0m17:30:53.926985 [debug] [Thread-4 (]: SQL status: SELECT 9 in 0.011 seconds
[0m17:30:53.929924 [debug] [Thread-3 (]: Using postgres connection "model.oracle_warehouse.fct_orders"
[0m17:30:53.933420 [debug] [Thread-4 (]: Using postgres connection "model.oracle_warehouse.delta_report"
[0m17:30:53.934401 [debug] [Thread-3 (]: On model.oracle_warehouse.fct_orders: /* {"app": "dbt", "dbt_version": "1.12.0b1", "profile_name": "oracle_warehouse", "target_name": "prod", "node_id": "model.oracle_warehouse.fct_orders"} */

      select
          column_name,
          data_type,
          character_maximum_length,
          numeric_precision,
          numeric_scale

      from "warehouse".INFORMATION_SCHEMA.columns
      where table_name = 'fct_orders'
        
        and table_schema = 'marts_marts'
        
      order by ordinal_position

  
[0m17:30:53.934401 [debug] [Thread-4 (]: On model.oracle_warehouse.delta_report: /* {"app": "dbt", "dbt_version": "1.12.0b1", "profile_name": "oracle_warehouse", "target_name": "prod", "node_id": "model.oracle_warehouse.delta_report"} */

      select
          column_name,
          data_type,
          character_maximum_length,
          numeric_precision,
          numeric_scale

      from INFORMATION_SCHEMA.columns
      where table_name = 'delta_report__dbt_tmp173053749732'
        
      order by ordinal_position

  
[0m17:30:53.944708 [debug] [Thread-4 (]: SQL status: SELECT 9 in 0.009 seconds
[0m17:30:53.950106 [debug] [Thread-4 (]: Using postgres connection "model.oracle_warehouse.delta_report"
[0m17:30:53.950106 [debug] [Thread-3 (]: SQL status: SELECT 17 in 0.015 seconds
[0m17:30:53.951102 [debug] [Thread-4 (]: On model.oracle_warehouse.delta_report: /* {"app": "dbt", "dbt_version": "1.12.0b1", "profile_name": "oracle_warehouse", "target_name": "prod", "node_id": "model.oracle_warehouse.delta_report"} */

      select
          column_name,
          data_type,
          character_maximum_length,
          numeric_precision,
          numeric_scale

      from "warehouse".INFORMATION_SCHEMA.columns
      where table_name = 'delta_report'
        
        and table_schema = 'marts_marts'
        
      order by ordinal_position

  
[0m17:30:54.030419 [debug] [Thread-3 (]: 
    In "warehouse"."marts_marts"."fct_orders":
        Schema changed: False
        Source columns not in target: []
        Target columns not in source: []
        New column types: []
  
[0m17:30:54.045200 [debug] [Thread-4 (]: SQL status: SELECT 9 in 0.014 seconds
[0m17:30:54.051090 [debug] [Thread-3 (]: Writing runtime sql for node "model.oracle_warehouse.fct_orders"
[0m17:30:54.053057 [debug] [Thread-4 (]: 
    In "warehouse"."marts_marts"."delta_report":
        Schema changed: False
        Source columns not in target: []
        Target columns not in source: []
        New column types: []
  
[0m17:30:54.056552 [debug] [Thread-4 (]: Writing runtime sql for node "model.oracle_warehouse.delta_report"
[0m17:30:54.057529 [debug] [Thread-3 (]: Using postgres connection "model.oracle_warehouse.fct_orders"
[0m17:30:54.058497 [debug] [Thread-3 (]: On model.oracle_warehouse.fct_orders: /* {"app": "dbt", "dbt_version": "1.12.0b1", "profile_name": "oracle_warehouse", "target_name": "prod", "node_id": "model.oracle_warehouse.fct_orders"} */

      -- back compat for old kwarg name
  
  
        
            
            
            
            
        
    

    

    merge into "warehouse"."marts_marts"."fct_orders" as DBT_INTERNAL_DEST
        using "fct_orders__dbt_tmp173053754163" as DBT_INTERNAL_SOURCE
        on ((DBT_INTERNAL_SOURCE.order_id = DBT_INTERNAL_DEST.order_id))

    
    when matched then update set
        status = DBT_INTERNAL_SOURCE.status,amount = DBT_INTERNAL_SOURCE.amount,product_code = DBT_INTERNAL_SOURCE.product_code,updated_at = DBT_INTERNAL_SOURCE.updated_at,paid_amount = DBT_INTERNAL_SOURCE.paid_amount,pending_amount = DBT_INTERNAL_SOURCE.pending_amount,is_high_value = DBT_INTERNAL_SOURCE.is_high_value,loaded_at = DBT_INTERNAL_SOURCE.loaded_at
    

    when not matched then insert
        ("order_id", "customer_id", "customer_name", "customer_country", "customer_tier", "status", "amount", "product_code", "paid_amount", "pending_amount", "is_high_value", "order_date", "order_week", "order_month", "created_at", "updated_at", "loaded_at")
    values
        ("order_id", "customer_id", "customer_name", "customer_country", "customer_tier", "status", "amount", "product_code", "paid_amount", "pending_amount", "is_high_value", "order_date", "order_week", "order_month", "created_at", "updated_at", "loaded_at")


  
[0m17:30:54.058497 [debug] [Thread-4 (]: Using postgres connection "model.oracle_warehouse.delta_report"
[0m17:30:54.059479 [debug] [Thread-4 (]: On model.oracle_warehouse.delta_report: /* {"app": "dbt", "dbt_version": "1.12.0b1", "profile_name": "oracle_warehouse", "target_name": "prod", "node_id": "model.oracle_warehouse.delta_report"} */

      insert into "warehouse"."marts_marts"."delta_report" ("order_id", "customer_id", "status", "amount", "product_code", "changed_at_source", "detected_at", "load_date", "change_type")
    (
        select "order_id", "customer_id", "status", "amount", "product_code", "changed_at_source", "detected_at", "load_date", "change_type"
        from "delta_report__dbt_tmp173053749732"
    )


  
[0m17:30:54.064359 [debug] [Thread-3 (]: Postgres adapter: Postgres error: syntax error at or near "merge"
LINE 16:     merge into "warehouse"."marts_marts"."fct_orders" as DBT...
             ^

[0m17:30:54.065146 [debug] [Thread-3 (]: On model.oracle_warehouse.fct_orders: ROLLBACK
[0m17:30:54.066668 [debug] [Thread-4 (]: SQL status: INSERT 0 0 in 0.008 seconds
[0m17:30:54.068616 [debug] [Thread-4 (]: On model.oracle_warehouse.delta_report: COMMIT
[0m17:30:54.068616 [debug] [Thread-3 (]: On model.oracle_warehouse.fct_orders: Close
[0m17:30:54.069606 [debug] [Thread-4 (]: Using postgres connection "model.oracle_warehouse.delta_report"
[0m17:30:54.070569 [debug] [Thread-4 (]: On model.oracle_warehouse.delta_report: COMMIT
[0m17:30:54.073600 [debug] [Thread-3 (]: Database Error in model fct_orders (models\marts\fct_orders.sql)
  syntax error at or near "merge"
  LINE 16:     merge into "warehouse"."marts_marts"."fct_orders" as DBT...
               ^
  compiled code at target\run\oracle_warehouse\models\marts\fct_orders.sql
[0m17:30:54.074951 [debug] [Thread-3 (]: Sending event: {'category': 'dbt', 'action': 'run_model', 'label': 'd432e275-6421-41ac-bf82-d2a12717bb8f', 'context': [<snowplow_tracker.self_describing_json.SelfDescribingJson object at 0x000001D9ED487890>]}
[0m17:30:54.074951 [error] [Thread-3 (]: 4 of 4 ERROR creating sql incremental model marts_marts.fct_orders ............. [[31mERROR[0m in 0.36s]
[0m17:30:54.075961 [debug] [Thread-3 (]: Finished running node model.oracle_warehouse.fct_orders
[0m17:30:54.077922 [debug] [Thread-7 (]: Marking all children of 'model.oracle_warehouse.fct_orders' to be skipped because of status 'error'.  Reason: Database Error in model fct_orders (models\marts\fct_orders.sql)
  syntax error at or near "merge"
  LINE 16:     merge into "warehouse"."marts_marts"."fct_orders" as DBT...
               ^
  compiled code at target\run\oracle_warehouse\models\marts\fct_orders.sql.
[0m17:30:54.082378 [debug] [Thread-4 (]: SQL status: COMMIT in 0.009 seconds
[0m17:30:54.083354 [debug] [Thread-4 (]: On model.oracle_warehouse.delta_report: Close
[0m17:30:54.084331 [debug] [Thread-4 (]: Sending event: {'category': 'dbt', 'action': 'run_model', 'label': 'd432e275-6421-41ac-bf82-d2a12717bb8f', 'context': [<snowplow_tracker.self_describing_json.SelfDescribingJson object at 0x000001D9ECDBE7D0>]}
[0m17:30:54.085298 [info ] [Thread-4 (]: 3 of 4 OK created sql incremental model marts_marts.delta_report ............... [[32mINSERT 0 0[0m in 0.37s]
[0m17:30:54.086317 [debug] [Thread-4 (]: Finished running node model.oracle_warehouse.delta_report
[0m17:30:54.087863 [debug] [MainThread]: On master: COMMIT
[0m17:30:54.087863 [debug] [MainThread]: Using postgres connection "master"
[0m17:30:54.088849 [debug] [MainThread]: On master: COMMIT
[0m17:30:54.088849 [debug] [MainThread]: Opening a new connection, currently in state closed
[0m17:30:54.146798 [debug] [MainThread]: SQL status: COMMIT in 0.058 seconds
[0m17:30:54.146798 [debug] [MainThread]: On master: Close
[0m17:30:54.148306 [debug] [MainThread]: Connection 'master' was properly closed.
[0m17:30:54.148306 [debug] [MainThread]: Connection 'list_warehouse' was properly closed.
[0m17:30:54.149299 [debug] [MainThread]: Connection 'list_warehouse_marts_marts' was properly closed.
[0m17:30:54.149299 [debug] [MainThread]: Connection 'model.oracle_warehouse.stg_customers' was properly closed.
[0m17:30:54.149299 [debug] [MainThread]: Connection 'model.oracle_warehouse.stg_orders' was properly closed.
[0m17:30:54.150273 [debug] [MainThread]: Connection 'model.oracle_warehouse.delta_report' was properly closed.
[0m17:30:54.150273 [debug] [MainThread]: Connection 'model.oracle_warehouse.fct_orders' was properly closed.
[0m17:30:54.150273 [info ] [MainThread]: 
[0m17:30:54.151251 [info ] [MainThread]: Finished running 2 incremental models, 2 view models in 0 hours 0 minutes and 1.00 seconds (1.00s).
[0m17:30:54.153199 [debug] [MainThread]: Command end result
[0m17:30:54.177390 [debug] [MainThread]: Wrote artifact WritableManifest to C:\Users\oracle_warehouse_demo\oracle_warehouse_demo\dbt_project\target\manifest.json
[0m17:30:54.180566 [debug] [MainThread]: Wrote artifact SemanticManifest to C:\Users\oracle_warehouse_demo\oracle_warehouse_demo\dbt_project\target\semantic_manifest.json
[0m17:30:54.186988 [debug] [MainThread]: Wrote artifact RunExecutionResult to C:\Users\oracle_warehouse_demo\oracle_warehouse_demo\dbt_project\target\run_results.json
[0m17:30:54.186988 [info ] [MainThread]: 
[0m17:30:54.187984 [info ] [MainThread]: [31mCompleted with 1 error, 0 partial successes, and 0 warnings:[0m
[0m17:30:54.189979 [info ] [MainThread]: 
[0m17:30:54.189979 [error] [MainThread]: [[31mERROR[0m]: in model fct_orders (models\marts\fct_orders.sql)
[0m17:30:54.190975 [error] [MainThread]:   Database Error in model fct_orders (models\marts\fct_orders.sql)
  syntax error at or near "merge"
  LINE 16:     merge into "warehouse"."marts_marts"."fct_orders" as DBT...
               ^
  compiled code at target\run\oracle_warehouse\models\marts\fct_orders.sql
[0m17:30:54.191948 [info ] [MainThread]: 
[0m17:30:54.192924 [info ] [MainThread]:   compiled code at target\compiled\oracle_warehouse\models\marts\fct_orders.sql
[0m17:30:54.192924 [info ] [MainThread]: 
[0m17:30:54.193907 [info ] [MainThread]: Done. PASS=3 WARN=0 ERROR=1 SKIP=0 NO-OP=0 TOTAL=4
[0m17:30:54.194876 [warn ] [MainThread]: [[33mWARNING[0m][DeprecationsSummary]: Deprecated functionality
Summary of encountered deprecations:
- MissingArgumentsPropertyInGenericTestDeprecation: 1 occurrence
To see all deprecation instances instead of just the first occurrence of each,
run command again with the `--show-all-deprecations` flag. You may also need to
run with `--no-partial-parse` as some deprecations are only encountered during
parsing.
[0m17:30:54.195857 [debug] [MainThread]: Command `dbt run` failed at 17:30:54.195857 after 2.34 seconds
[0m17:30:54.195857 [debug] [MainThread]: Sending event: {'category': 'dbt', 'action': 'invocation', 'label': 'end', 'context': [<snowplow_tracker.self_describing_json.SelfDescribingJson object at 0x000001D9E84BE950>, <snowplow_tracker.self_describing_json.SelfDescribingJson object at 0x000001D9EC9ED690>, <snowplow_tracker.self_describing_json.SelfDescribingJson object at 0x000001D9EC9EDBD0>]}
[0m17:30:54.196825 [debug] [MainThread]: Flushing usage events
[0m17:30:55.211314 [debug] [MainThread]: An error was encountered while trying to flush usage events
[0m17:32:30.819215 [debug] [MainThread]: Sending event: {'category': 'dbt', 'action': 'invocation', 'label': 'start', 'context': [<snowplow_tracker.self_describing_json.SelfDescribingJson object at 0x000001F26F6F8110>, <snowplow_tracker.self_describing_json.SelfDescribingJson object at 0x000001F26E6689D0>, <snowplow_tracker.self_describing_json.SelfDescribingJson object at 0x000001F26E668D90>]}


============================== 17:32:30.823190 | 930cbab0-2994-4d76-b18c-9c8255c56024 ==============================
[0m17:32:30.823190 [info ] [MainThread]: Running with dbt=1.12.0-b1
[0m17:32:30.825886 [debug] [MainThread]: running dbt with arguments {'version_check': 'False', 'no_print': 'None', 'static_parser': 'True', 'warn_error_options': 'WarnErrorOptionsV2(error=[], warn=[], silence=[])', 'target_path': 'None', 'printer_width': '80', 'write_json': 'True', 'empty': 'False', 'log_cache_events': 'False', 'introspect': 'True', 'cache_selected_only': 'False', 'log_format': 'default', 'debug': 'False', 'fail_fast': 'False', 'profiles_dir': '.', 'send_anonymous_usage_stats': 'True', 'quiet': 'False', 'warn_error': 'None', 'partial_parse': 'True', 'use_colors': 'True', 'invocation_command': 'dbt run --profiles-dir . --no-version-check', 'indirect_selection': 'eager', 'use_experimental_parser': 'False', 'log_path': 'C:\\Users\\oracle_warehouse_demo\\oracle_warehouse_demo\\dbt_project\\logs'}
[0m17:32:30.983157 [debug] [MainThread]: Sending event: {'category': 'dbt', 'action': 'project_id', 'label': '930cbab0-2994-4d76-b18c-9c8255c56024', 'context': [<snowplow_tracker.self_describing_json.SelfDescribingJson object at 0x000001F26D7A23D0>]}
[0m17:32:31.042453 [debug] [MainThread]: Sending event: {'category': 'dbt', 'action': 'adapter_info', 'label': '930cbab0-2994-4d76-b18c-9c8255c56024', 'context': [<snowplow_tracker.self_describing_json.SelfDescribingJson object at 0x000001F26AE0B350>]}
[0m17:32:31.043555 [info ] [MainThread]: Registered adapter: postgres=1.10.0
[0m17:32:31.231191 [debug] [MainThread]: checksum: 4b91f4c523c0b4ed776bba520637b0d686e516c359f7decf36a3011f8415033e, vars: {}, profile: oracle_warehouse, target: prod, version: 1.12.0b1
[0m17:32:31.333665 [debug] [MainThread]: Partial parsing enabled: 0 files deleted, 0 files added, 1 files changed.
[0m17:32:31.333665 [debug] [MainThread]: Partial parsing: updated file: oracle_warehouse://models\marts\fct_orders.sql
[0m17:32:31.861848 [warn ] [MainThread]: [[33mWARNING[0m][MissingArgumentsPropertyInGenericTestDeprecation]: Deprecated
functionality
Found top-level arguments to test `accepted_values` defined on 'fct_orders' in
package 'oracle_warehouse' (models\marts\schema.yml). Arguments to generic tests
should be nested under the `arguments` property.
[0m17:32:31.863462 [debug] [MainThread]: Sending event: {'category': 'dbt', 'action': 'deprecation', 'label': '930cbab0-2994-4d76-b18c-9c8255c56024', 'property_': 'warn', 'context': [<snowplow_tracker.self_describing_json.SelfDescribingJson object at 0x000001F270102290>]}
[0m17:32:31.931037 [debug] [MainThread]: Sending event: {'category': 'dbt', 'action': 'load_project', 'label': '930cbab0-2994-4d76-b18c-9c8255c56024', 'context': [<snowplow_tracker.self_describing_json.SelfDescribingJson object at 0x000001F2702A7950>]}
[0m17:32:31.998524 [debug] [MainThread]: Wrote artifact WritableManifest to C:\Users\oracle_warehouse_demo\oracle_warehouse_demo\dbt_project\target\manifest.json
[0m17:32:32.000628 [debug] [MainThread]: Wrote artifact SemanticManifest to C:\Users\oracle_warehouse_demo\oracle_warehouse_demo\dbt_project\target\semantic_manifest.json
[0m17:32:32.008533 [debug] [MainThread]: Sending event: {'category': 'dbt', 'action': 'resource_counts', 'label': '930cbab0-2994-4d76-b18c-9c8255c56024', 'context': [<snowplow_tracker.self_describing_json.SelfDescribingJson object at 0x000001F2700AC950>]}
[0m17:32:32.010125 [info ] [MainThread]: Found 15 data tests, 4 models, 2 sources, 475 macros
[0m17:32:32.011110 [debug] [MainThread]: Sending event: {'category': 'dbt', 'action': 'runnable_timing', 'label': '930cbab0-2994-4d76-b18c-9c8255c56024', 'context': [<snowplow_tracker.self_describing_json.SelfDescribingJson object at 0x000001F26FA65A10>]}
[0m17:32:32.012108 [info ] [MainThread]: 
[0m17:32:32.013160 [info ] [MainThread]: Concurrency: 4 threads (target='prod')
[0m17:32:32.014147 [info ] [MainThread]: 
[0m17:32:32.015025 [debug] [MainThread]: Acquiring new postgres connection 'master'
[0m17:32:32.018990 [debug] [ThreadPool]: Acquiring new postgres connection 'list_warehouse'
[0m17:32:32.065322 [debug] [ThreadPool]: Using postgres connection "list_warehouse"
[0m17:32:32.065322 [debug] [ThreadPool]: On list_warehouse: /* {"app": "dbt", "dbt_version": "1.12.0b1", "profile_name": "oracle_warehouse", "target_name": "prod", "connection_name": "list_warehouse"} */

    select distinct nspname from pg_namespace
  
[0m17:32:32.066303 [debug] [ThreadPool]: Opening a new connection, currently in state init
[0m17:32:32.146558 [debug] [ThreadPool]: SQL status: SELECT 10 in 0.081 seconds
[0m17:32:32.148529 [debug] [ThreadPool]: On list_warehouse: Close
[0m17:32:32.150479 [debug] [ThreadPool]: Acquiring new postgres connection 'list_warehouse_marts_marts'
[0m17:32:32.155370 [debug] [ThreadPool]: Using postgres connection "list_warehouse_marts_marts"
[0m17:32:32.155370 [debug] [ThreadPool]: On list_warehouse_marts_marts: /* {"app": "dbt", "dbt_version": "1.12.0b1", "profile_name": "oracle_warehouse", "target_name": "prod", "connection_name": "list_warehouse_marts_marts"} */
select
      'warehouse' as database,
      tablename as name,
      schemaname as schema,
      'table' as type
    from pg_tables
    where schemaname ilike 'marts_marts'
    union all
    select
      'warehouse' as database,
      viewname as name,
      schemaname as schema,
      'view' as type
    from pg_views
    where schemaname ilike 'marts_marts'
    union all
    select
      'warehouse' as database,
      matviewname as name,
      schemaname as schema,
      'materialized_view' as type
    from pg_matviews
    where schemaname ilike 'marts_marts'
  
[0m17:32:32.155370 [debug] [ThreadPool]: Opening a new connection, currently in state init
[0m17:32:32.222325 [debug] [ThreadPool]: SQL status: SELECT 4 in 0.066 seconds
[0m17:32:32.224860 [debug] [ThreadPool]: On list_warehouse_marts_marts: ROLLBACK
[0m17:32:32.228993 [debug] [ThreadPool]: On list_warehouse_marts_marts: Close
[0m17:32:32.235489 [debug] [MainThread]: Using postgres connection "master"
[0m17:32:32.236468 [debug] [MainThread]: On master: /* {"app": "dbt", "dbt_version": "1.12.0b1", "profile_name": "oracle_warehouse", "target_name": "prod", "connection_name": "master"} */
select distinct
        dependent_namespace.nspname as dependent_schema,
        dependent_class.relname as dependent_name,
        referenced_namespace.nspname as referenced_schema,
        referenced_class.relname as referenced_name

    -- Query for views: views are entries in pg_class with an entry in pg_rewrite, but we avoid
    -- a seq scan on pg_rewrite by leveraging the fact there is an "internal" row in pg_depend for
    -- the view...
    from pg_class as dependent_class
    join pg_namespace as dependent_namespace on dependent_namespace.oid = dependent_class.relnamespace
    join pg_depend as dependent_depend on dependent_depend.refobjid = dependent_class.oid
        and dependent_depend.classid = 'pg_rewrite'::regclass
        and dependent_depend.refclassid = 'pg_class'::regclass
        and dependent_depend.deptype = 'i'

    -- ... and via pg_depend (that has a row per column, hence the need for "distinct" above, and
    -- making sure to exclude the internal row to avoid a view appearing to depend on itself)...
    join pg_depend as joining_depend on joining_depend.objid = dependent_depend.objid
        and joining_depend.classid = 'pg_rewrite'::regclass
        and joining_depend.refclassid = 'pg_class'::regclass
        and joining_depend.refobjid != dependent_depend.refobjid

    -- ... we can find the tables they query from in pg_class, but excluding system tables. Note we
    -- don't need need to exclude _dependent_ system tables, because they only query from other
    -- system tables, and so are automatically excluded by excluding _referenced_ system tables
    join pg_class as referenced_class on referenced_class.oid = joining_depend.refobjid
    join pg_namespace as referenced_namespace on referenced_namespace.oid = referenced_class.relnamespace
        and referenced_namespace.nspname != 'information_schema'
        and referenced_namespace.nspname not like 'pg\_%'

    order by
        dependent_schema, dependent_name, referenced_schema, referenced_name;
[0m17:32:32.236468 [debug] [MainThread]: Opening a new connection, currently in state init
[0m17:32:32.301095 [debug] [MainThread]: SQL status: SELECT 2 in 0.064 seconds
[0m17:32:32.302952 [debug] [MainThread]: Sending event: {'category': 'dbt', 'action': 'runnable_timing', 'label': '930cbab0-2994-4d76-b18c-9c8255c56024', 'context': [<snowplow_tracker.self_describing_json.SelfDescribingJson object at 0x000001F2700B40D0>]}
[0m17:32:32.303641 [debug] [MainThread]: On master: ROLLBACK
[0m17:32:32.306573 [debug] [MainThread]: On master: COMMIT
[0m17:32:32.307564 [debug] [MainThread]: Using postgres connection "master"
[0m17:32:32.307564 [debug] [MainThread]: On master: COMMIT
[0m17:32:32.311456 [debug] [MainThread]: SQL status: COMMIT in 0.004 seconds
[0m17:32:32.312968 [debug] [MainThread]: On master: Close
[0m17:32:32.320798 [debug] [Thread-1 (]: Began running node model.oracle_warehouse.stg_customers
[0m17:32:32.320798 [debug] [Thread-2 (]: Began running node model.oracle_warehouse.stg_orders
[0m17:32:32.321767 [info ] [Thread-1 (]: 1 of 4 START sql view model marts_marts.stg_customers .......................... [RUN]
[0m17:32:32.323277 [debug] [Thread-1 (]: Acquiring new postgres connection 'model.oracle_warehouse.stg_customers'
[0m17:32:32.321767 [info ] [Thread-2 (]: 2 of 4 START sql view model marts_marts.stg_orders ............................. [RUN]
[0m17:32:32.324263 [debug] [Thread-1 (]: Began compiling node model.oracle_warehouse.stg_customers
[0m17:32:32.325274 [debug] [Thread-2 (]: Acquiring new postgres connection 'model.oracle_warehouse.stg_orders'
[0m17:32:32.331109 [debug] [Thread-1 (]: Writing injected SQL for node "model.oracle_warehouse.stg_customers"
[0m17:32:32.332083 [debug] [Thread-2 (]: Began compiling node model.oracle_warehouse.stg_orders
[0m17:32:32.335604 [debug] [Thread-2 (]: Writing injected SQL for node "model.oracle_warehouse.stg_orders"
[0m17:32:32.335604 [debug] [Thread-1 (]: Began executing node model.oracle_warehouse.stg_customers
[0m17:32:32.359564 [debug] [Thread-2 (]: Began executing node model.oracle_warehouse.stg_orders
[0m17:32:32.359564 [debug] [Thread-1 (]: Writing runtime sql for node "model.oracle_warehouse.stg_customers"
[0m17:32:32.365106 [debug] [Thread-2 (]: Writing runtime sql for node "model.oracle_warehouse.stg_orders"
[0m17:32:32.366118 [debug] [Thread-1 (]: Using postgres connection "model.oracle_warehouse.stg_customers"
[0m17:32:32.367193 [debug] [Thread-1 (]: On model.oracle_warehouse.stg_customers: /* {"app": "dbt", "dbt_version": "1.12.0b1", "profile_name": "oracle_warehouse", "target_name": "prod", "node_id": "model.oracle_warehouse.stg_customers"} */

  create view "warehouse"."marts_marts"."stg_customers__dbt_tmp"
    
    
  as (
    -- =============================================================================
-- models/staging/stg_customers.sql
-- =============================================================================



SELECT
    customer_id::INTEGER                AS customer_id,
    INITCAP(TRIM(full_name))            AS full_name,
    LOWER(TRIM(email))                  AS email,
    UPPER(TRIM(country))                AS country,
    UPPER(TRIM(tier))                   AS tier,   -- GOLD / SILVER / STANDARD

    created_at::TIMESTAMPTZ             AS created_at,
    updated_at::TIMESTAMPTZ             AS updated_at,

    _dlt_id                             AS _dlt_id,
    _dlt_load_id                      AS _dlt_load_id

FROM "warehouse"."staging"."customers"
WHERE COALESCE(is_deleted, 0) = 0
  );
[0m17:32:32.367193 [debug] [Thread-1 (]: Opening a new connection, currently in state init
[0m17:32:32.368166 [debug] [Thread-2 (]: Using postgres connection "model.oracle_warehouse.stg_orders"
[0m17:32:32.369077 [debug] [Thread-2 (]: On model.oracle_warehouse.stg_orders: /* {"app": "dbt", "dbt_version": "1.12.0b1", "profile_name": "oracle_warehouse", "target_name": "prod", "node_id": "model.oracle_warehouse.stg_orders"} */

  create view "warehouse"."marts_marts"."stg_orders__dbt_tmp"
    
    
  as (
    -- =============================================================================
-- models/staging/stg_orders.sql
-- =============================================================================
-- Lightweight VIEW over the raw DLT-loaded orders table.
-- Purpose: cast types, rename columns, filter soft-deletes.
-- Materialized as a VIEW so it always reflects the latest DLT load.
-- =============================================================================



SELECT
    order_id::INTEGER                   AS order_id,
    customer_id::INTEGER                AS customer_id,

    UPPER(TRIM(status))                 AS status,
    amount::NUMERIC(10,2)               AS amount,
    UPPER(TRIM(product_code))           AS product_code,

    created_at::TIMESTAMPTZ             AS created_at,
    updated_at::TIMESTAMPTZ             AS updated_at,

    -- DLT metadata columns — kept for delta filtering in marts
    _dlt_id                             AS _dlt_id,
    _dlt_load_id                      AS _dlt_load_id

FROM "warehouse"."staging"."orders"

-- Filter soft-deleted rows (is_deleted=1 set in Oracle before export)
WHERE COALESCE(is_deleted, 0) = 0
  );
[0m17:32:32.369077 [debug] [Thread-2 (]: Opening a new connection, currently in state init
[0m17:32:32.458175 [debug] [Thread-1 (]: SQL status: CREATE VIEW in 0.091 seconds
[0m17:32:32.466686 [debug] [Thread-1 (]: Using postgres connection "model.oracle_warehouse.stg_customers"
[0m17:32:32.468271 [debug] [Thread-2 (]: SQL status: CREATE VIEW in 0.098 seconds
[0m17:32:32.468838 [debug] [Thread-1 (]: On model.oracle_warehouse.stg_customers: /* {"app": "dbt", "dbt_version": "1.12.0b1", "profile_name": "oracle_warehouse", "target_name": "prod", "node_id": "model.oracle_warehouse.stg_customers"} */
alter table "warehouse"."marts_marts"."stg_customers" rename to "stg_customers__dbt_backup"
[0m17:32:32.471786 [debug] [Thread-2 (]: Using postgres connection "model.oracle_warehouse.stg_orders"
[0m17:32:32.473298 [debug] [Thread-2 (]: On model.oracle_warehouse.stg_orders: /* {"app": "dbt", "dbt_version": "1.12.0b1", "profile_name": "oracle_warehouse", "target_name": "prod", "node_id": "model.oracle_warehouse.stg_orders"} */
alter table "warehouse"."marts_marts"."stg_orders" rename to "stg_orders__dbt_backup"
[0m17:32:32.477920 [debug] [Thread-2 (]: SQL status: ALTER TABLE in 0.004 seconds
[0m17:32:32.480464 [debug] [Thread-2 (]: Using postgres connection "model.oracle_warehouse.stg_orders"
[0m17:32:32.481412 [debug] [Thread-1 (]: SQL status: ALTER TABLE in 0.009 seconds
[0m17:32:32.481412 [debug] [Thread-2 (]: On model.oracle_warehouse.stg_orders: /* {"app": "dbt", "dbt_version": "1.12.0b1", "profile_name": "oracle_warehouse", "target_name": "prod", "node_id": "model.oracle_warehouse.stg_orders"} */
alter table "warehouse"."marts_marts"."stg_orders__dbt_tmp" rename to "stg_orders"
[0m17:32:32.484399 [debug] [Thread-1 (]: Using postgres connection "model.oracle_warehouse.stg_customers"
[0m17:32:32.484399 [debug] [Thread-1 (]: On model.oracle_warehouse.stg_customers: /* {"app": "dbt", "dbt_version": "1.12.0b1", "profile_name": "oracle_warehouse", "target_name": "prod", "node_id": "model.oracle_warehouse.stg_customers"} */
alter table "warehouse"."marts_marts"."stg_customers__dbt_tmp" rename to "stg_customers"
[0m17:32:32.488297 [debug] [Thread-2 (]: SQL status: ALTER TABLE in 0.004 seconds
[0m17:32:32.488297 [debug] [Thread-1 (]: SQL status: ALTER TABLE in 0.003 seconds
[0m17:32:32.503299 [debug] [Thread-2 (]: On model.oracle_warehouse.stg_orders: COMMIT
[0m17:32:32.504263 [debug] [Thread-1 (]: On model.oracle_warehouse.stg_customers: COMMIT
[0m17:32:32.505259 [debug] [Thread-2 (]: Using postgres connection "model.oracle_warehouse.stg_orders"
[0m17:32:32.505259 [debug] [Thread-1 (]: Using postgres connection "model.oracle_warehouse.stg_customers"
[0m17:32:32.506241 [debug] [Thread-2 (]: On model.oracle_warehouse.stg_orders: COMMIT
[0m17:32:32.506241 [debug] [Thread-1 (]: On model.oracle_warehouse.stg_customers: COMMIT
[0m17:32:32.519597 [debug] [Thread-1 (]: SQL status: COMMIT in 0.012 seconds
[0m17:32:32.526991 [debug] [Thread-2 (]: SQL status: COMMIT in 0.020 seconds
[0m17:32:32.526991 [debug] [Thread-1 (]: Applying DROP to: "warehouse"."marts_marts"."stg_customers__dbt_backup"
[0m17:32:32.530364 [debug] [Thread-2 (]: Applying DROP to: "warehouse"."marts_marts"."stg_orders__dbt_backup"
[0m17:32:32.534374 [debug] [Thread-1 (]: Using postgres connection "model.oracle_warehouse.stg_customers"
[0m17:32:32.535368 [debug] [Thread-2 (]: Using postgres connection "model.oracle_warehouse.stg_orders"
[0m17:32:32.535368 [debug] [Thread-1 (]: On model.oracle_warehouse.stg_customers: /* {"app": "dbt", "dbt_version": "1.12.0b1", "profile_name": "oracle_warehouse", "target_name": "prod", "node_id": "model.oracle_warehouse.stg_customers"} */
drop view if exists "warehouse"."marts_marts"."stg_customers__dbt_backup" cascade
[0m17:32:32.536348 [debug] [Thread-2 (]: On model.oracle_warehouse.stg_orders: /* {"app": "dbt", "dbt_version": "1.12.0b1", "profile_name": "oracle_warehouse", "target_name": "prod", "node_id": "model.oracle_warehouse.stg_orders"} */
drop view if exists "warehouse"."marts_marts"."stg_orders__dbt_backup" cascade
[0m17:32:32.548649 [debug] [Thread-2 (]: SQL status: DROP VIEW in 0.012 seconds
[0m17:32:32.552091 [debug] [Thread-2 (]: On model.oracle_warehouse.stg_orders: Close
[0m17:32:32.552091 [debug] [Thread-1 (]: SQL status: DROP VIEW in 0.016 seconds
[0m17:32:32.555565 [debug] [Thread-1 (]: On model.oracle_warehouse.stg_customers: Close
[0m17:32:32.556544 [debug] [Thread-2 (]: Sending event: {'category': 'dbt', 'action': 'run_model', 'label': '930cbab0-2994-4d76-b18c-9c8255c56024', 'context': [<snowplow_tracker.self_describing_json.SelfDescribingJson object at 0x000001F2707402D0>]}
[0m17:32:32.557522 [debug] [Thread-1 (]: Sending event: {'category': 'dbt', 'action': 'run_model', 'label': '930cbab0-2994-4d76-b18c-9c8255c56024', 'context': [<snowplow_tracker.self_describing_json.SelfDescribingJson object at 0x000001F270704D10>]}
[0m17:32:32.558489 [info ] [Thread-2 (]: 2 of 4 OK created sql view model marts_marts.stg_orders ........................ [[32mCREATE VIEW[0m in 0.23s]
[0m17:32:32.559729 [info ] [Thread-1 (]: 1 of 4 OK created sql view model marts_marts.stg_customers ..................... [[32mCREATE VIEW[0m in 0.23s]
[0m17:32:32.560721 [debug] [Thread-2 (]: Finished running node model.oracle_warehouse.stg_orders
[0m17:32:32.563843 [debug] [Thread-1 (]: Finished running node model.oracle_warehouse.stg_customers
[0m17:32:32.564817 [debug] [Thread-4 (]: Began running node model.oracle_warehouse.delta_report
[0m17:32:32.565816 [info ] [Thread-4 (]: 3 of 4 START sql incremental model marts_marts.delta_report .................... [RUN]
[0m17:32:32.566877 [debug] [Thread-4 (]: Acquiring new postgres connection 'model.oracle_warehouse.delta_report'
[0m17:32:32.567875 [debug] [Thread-2 (]: Began running node model.oracle_warehouse.fct_orders
[0m17:32:32.567875 [debug] [Thread-4 (]: Began compiling node model.oracle_warehouse.delta_report
[0m17:32:32.568851 [info ] [Thread-2 (]: 4 of 4 START sql incremental model marts_marts.fct_orders ...................... [RUN]
[0m17:32:32.573794 [debug] [Thread-4 (]: Writing injected SQL for node "model.oracle_warehouse.delta_report"
[0m17:32:32.574769 [debug] [Thread-2 (]: Re-using an available connection from the pool (formerly model.oracle_warehouse.stg_orders, now model.oracle_warehouse.fct_orders)
[0m17:32:32.574769 [debug] [Thread-2 (]: Began compiling node model.oracle_warehouse.fct_orders
[0m17:32:32.582020 [debug] [Thread-2 (]: Writing injected SQL for node "model.oracle_warehouse.fct_orders"
[0m17:32:32.583036 [debug] [Thread-4 (]: Began executing node model.oracle_warehouse.delta_report
[0m17:32:32.606628 [debug] [Thread-2 (]: Began executing node model.oracle_warehouse.fct_orders
[0m17:32:32.615051 [debug] [Thread-4 (]: Using postgres connection "model.oracle_warehouse.delta_report"
[0m17:32:32.618939 [debug] [Thread-2 (]: Using postgres connection "model.oracle_warehouse.fct_orders"
[0m17:32:32.618939 [debug] [Thread-4 (]: On model.oracle_warehouse.delta_report: /* {"app": "dbt", "dbt_version": "1.12.0b1", "profile_name": "oracle_warehouse", "target_name": "prod", "node_id": "model.oracle_warehouse.delta_report"} */

    
  
    

  create temporary table "delta_report__dbt_tmp173232603684"
  
  
    as
  
  (
    -- =============================================================================
-- models/marts/delta_report.sql
-- =============================================================================
-- Append-only log of every row that was new or changed in each DLT run.
-- Your team queries this to monitor what moved through the pipeline.
--
-- Query to check today's delta:
--   SELECT * FROM marts.delta_report WHERE load_date = CURRENT_DATE ORDER BY detected_at DESC;
-- =============================================================================


select
    o.order_id,
    o.customer_id,
    o.status,
    o.amount,
    o.product_code,
    o.updated_at                        as changed_at_source,
    o.updated_at                        as detected_at,
    cast(o.updated_at as date)          as load_date,
    case
        when o.updated_at = o.created_at then 'new_row'
        else 'updated_row'
    end                                 as change_type

from "warehouse"."marts_marts"."stg_orders" as o


where o.updated_at > (
    select coalesce(max(detected_at), '1970-01-01'::timestamptz)
    from "warehouse"."marts_marts"."delta_report"
)

  );
  
  
[0m17:32:32.619912 [debug] [Thread-2 (]: On model.oracle_warehouse.fct_orders: /* {"app": "dbt", "dbt_version": "1.12.0b1", "profile_name": "oracle_warehouse", "target_name": "prod", "node_id": "model.oracle_warehouse.fct_orders"} */

    
  
    

  create temporary table "fct_orders__dbt_tmp173232616985"
  
  
    as
  
  (
    -- =============================================================================
-- models/marts/fct_orders.sql
-- =============================================================================
-- INCREMENTAL fact table — the core delta model.
--
-- How delta works here:
--   First run  → processes ALL rows from stg_orders (full load)
--   Every run after → the is_incremental() block injects a WHERE clause that
--                     only picks up rows whose _dlt_loaded_at is NEWER than
--                     the highest loaded_at already in this table.
--
-- This means DBT only transforms rows that DLT loaded THIS RUN.
-- The merge strategy then upserts them: new rows inserted, changed rows updated.
-- =============================================================================


with source as (
    select
        o.order_id,
        o.customer_id,
        o.status,
        o.amount,
        o.product_code,
        o.created_at,
        o.updated_at,
        o._dlt_load_id,
        c.full_name     as customer_name,
        c.country       as customer_country,
        c.tier          as customer_tier
    from "warehouse"."marts_marts"."stg_orders" as o
    left join "warehouse"."marts_marts"."stg_customers" as c
        on o.customer_id = c.customer_id

  
    where o.updated_at > (
        select coalesce(max(updated_at), '1970-01-01'::timestamptz)
        from "warehouse"."marts_marts"."fct_orders"
    )
    
)

select
    order_id,
    customer_id,
    customer_name,
    customer_country,
    customer_tier,
    status,
    amount,
    product_code,
    case when status = 'PAID'    then amount else 0 end  as paid_amount,
    case when status = 'PENDING' then amount else 0 end  as pending_amount,
    case when amount > 500       then true  else false end as is_high_value,
    date_trunc('day',  created_at)  as order_date,
    date_trunc('week', created_at)  as order_week,
    date_trunc('month',created_at)  as order_month,
    created_at,
    updated_at,
    updated_at as loaded_at
from source
  );
  
  
[0m17:32:32.619912 [debug] [Thread-4 (]: Opening a new connection, currently in state init
[0m17:32:32.620886 [debug] [Thread-2 (]: Opening a new connection, currently in state closed
[0m17:32:32.697496 [debug] [Thread-4 (]: SQL status: SELECT 0 in 0.077 seconds
[0m17:32:32.705306 [debug] [Thread-2 (]: SQL status: SELECT 0 in 0.084 seconds
[0m17:32:32.710749 [debug] [Thread-4 (]: Using postgres connection "model.oracle_warehouse.delta_report"
[0m17:32:32.713680 [debug] [Thread-2 (]: Using postgres connection "model.oracle_warehouse.fct_orders"
[0m17:32:32.713680 [debug] [Thread-4 (]: On model.oracle_warehouse.delta_report: /* {"app": "dbt", "dbt_version": "1.12.0b1", "profile_name": "oracle_warehouse", "target_name": "prod", "node_id": "model.oracle_warehouse.delta_report"} */

      select
          column_name,
          data_type,
          character_maximum_length,
          numeric_precision,
          numeric_scale

      from INFORMATION_SCHEMA.columns
      where table_name = 'delta_report__dbt_tmp173232603684'
        
      order by ordinal_position

  
[0m17:32:32.714653 [debug] [Thread-2 (]: On model.oracle_warehouse.fct_orders: /* {"app": "dbt", "dbt_version": "1.12.0b1", "profile_name": "oracle_warehouse", "target_name": "prod", "node_id": "model.oracle_warehouse.fct_orders"} */

      select
          column_name,
          data_type,
          character_maximum_length,
          numeric_precision,
          numeric_scale

      from INFORMATION_SCHEMA.columns
      where table_name = 'fct_orders__dbt_tmp173232616985'
        
      order by ordinal_position

  
[0m17:32:32.735890 [debug] [Thread-4 (]: SQL status: SELECT 9 in 0.021 seconds
[0m17:32:32.736879 [debug] [Thread-2 (]: SQL status: SELECT 17 in 0.021 seconds
[0m17:32:32.740855 [debug] [Thread-4 (]: Using postgres connection "model.oracle_warehouse.delta_report"
[0m17:32:32.743808 [debug] [Thread-2 (]: Using postgres connection "model.oracle_warehouse.fct_orders"
[0m17:32:32.744741 [debug] [Thread-4 (]: On model.oracle_warehouse.delta_report: /* {"app": "dbt", "dbt_version": "1.12.0b1", "profile_name": "oracle_warehouse", "target_name": "prod", "node_id": "model.oracle_warehouse.delta_report"} */

      select
          column_name,
          data_type,
          character_maximum_length,
          numeric_precision,
          numeric_scale

      from "warehouse".INFORMATION_SCHEMA.columns
      where table_name = 'delta_report'
        
        and table_schema = 'marts_marts'
        
      order by ordinal_position

  
[0m17:32:32.744741 [debug] [Thread-2 (]: On model.oracle_warehouse.fct_orders: /* {"app": "dbt", "dbt_version": "1.12.0b1", "profile_name": "oracle_warehouse", "target_name": "prod", "node_id": "model.oracle_warehouse.fct_orders"} */

      select
          column_name,
          data_type,
          character_maximum_length,
          numeric_precision,
          numeric_scale

      from "warehouse".INFORMATION_SCHEMA.columns
      where table_name = 'fct_orders'
        
        and table_schema = 'marts_marts'
        
      order by ordinal_position

  
[0m17:32:32.756039 [debug] [Thread-4 (]: SQL status: SELECT 9 in 0.011 seconds
[0m17:32:32.757016 [debug] [Thread-2 (]: SQL status: SELECT 17 in 0.011 seconds
[0m17:32:32.767369 [debug] [Thread-4 (]: Using postgres connection "model.oracle_warehouse.delta_report"
[0m17:32:32.770887 [debug] [Thread-2 (]: Using postgres connection "model.oracle_warehouse.fct_orders"
[0m17:32:32.771844 [debug] [Thread-4 (]: On model.oracle_warehouse.delta_report: /* {"app": "dbt", "dbt_version": "1.12.0b1", "profile_name": "oracle_warehouse", "target_name": "prod", "node_id": "model.oracle_warehouse.delta_report"} */

      select
          column_name,
          data_type,
          character_maximum_length,
          numeric_precision,
          numeric_scale

      from INFORMATION_SCHEMA.columns
      where table_name = 'delta_report__dbt_tmp173232603684'
        
      order by ordinal_position

  
[0m17:32:32.771844 [debug] [Thread-2 (]: On model.oracle_warehouse.fct_orders: /* {"app": "dbt", "dbt_version": "1.12.0b1", "profile_name": "oracle_warehouse", "target_name": "prod", "node_id": "model.oracle_warehouse.fct_orders"} */

      select
          column_name,
          data_type,
          character_maximum_length,
          numeric_precision,
          numeric_scale

      from INFORMATION_SCHEMA.columns
      where table_name = 'fct_orders__dbt_tmp173232616985'
        
      order by ordinal_position

  
[0m17:32:32.780224 [debug] [Thread-4 (]: SQL status: SELECT 9 in 0.007 seconds
[0m17:32:32.783183 [debug] [Thread-4 (]: Using postgres connection "model.oracle_warehouse.delta_report"
[0m17:32:32.783183 [debug] [Thread-2 (]: SQL status: SELECT 17 in 0.011 seconds
[0m17:32:32.784155 [debug] [Thread-4 (]: On model.oracle_warehouse.delta_report: /* {"app": "dbt", "dbt_version": "1.12.0b1", "profile_name": "oracle_warehouse", "target_name": "prod", "node_id": "model.oracle_warehouse.delta_report"} */

      select
          column_name,
          data_type,
          character_maximum_length,
          numeric_precision,
          numeric_scale

      from "warehouse".INFORMATION_SCHEMA.columns
      where table_name = 'delta_report'
        
        and table_schema = 'marts_marts'
        
      order by ordinal_position

  
[0m17:32:32.788056 [debug] [Thread-2 (]: Using postgres connection "model.oracle_warehouse.fct_orders"
[0m17:32:32.788056 [debug] [Thread-2 (]: On model.oracle_warehouse.fct_orders: /* {"app": "dbt", "dbt_version": "1.12.0b1", "profile_name": "oracle_warehouse", "target_name": "prod", "node_id": "model.oracle_warehouse.fct_orders"} */

      select
          column_name,
          data_type,
          character_maximum_length,
          numeric_precision,
          numeric_scale

      from "warehouse".INFORMATION_SCHEMA.columns
      where table_name = 'fct_orders'
        
        and table_schema = 'marts_marts'
        
      order by ordinal_position

  
[0m17:32:32.797403 [debug] [Thread-4 (]: SQL status: SELECT 9 in 0.008 seconds
[0m17:32:32.865314 [debug] [Thread-2 (]: SQL status: SELECT 17 in 0.076 seconds
[0m17:32:32.872429 [debug] [Thread-4 (]: 
    In "warehouse"."marts_marts"."delta_report":
        Schema changed: False
        Source columns not in target: []
        Target columns not in source: []
        New column types: []
  
[0m17:32:32.875972 [debug] [Thread-2 (]: 
    In "warehouse"."marts_marts"."fct_orders":
        Schema changed: False
        Source columns not in target: []
        Target columns not in source: []
        New column types: []
  
[0m17:32:32.880825 [debug] [Thread-4 (]: Writing runtime sql for node "model.oracle_warehouse.delta_report"
[0m17:32:32.886901 [debug] [Thread-2 (]: Writing runtime sql for node "model.oracle_warehouse.fct_orders"
[0m17:32:32.887904 [debug] [Thread-4 (]: Using postgres connection "model.oracle_warehouse.delta_report"
[0m17:32:32.888766 [debug] [Thread-2 (]: Using postgres connection "model.oracle_warehouse.fct_orders"
[0m17:32:32.888766 [debug] [Thread-4 (]: On model.oracle_warehouse.delta_report: /* {"app": "dbt", "dbt_version": "1.12.0b1", "profile_name": "oracle_warehouse", "target_name": "prod", "node_id": "model.oracle_warehouse.delta_report"} */

      insert into "warehouse"."marts_marts"."delta_report" ("order_id", "customer_id", "status", "amount", "product_code", "changed_at_source", "detected_at", "load_date", "change_type")
    (
        select "order_id", "customer_id", "status", "amount", "product_code", "changed_at_source", "detected_at", "load_date", "change_type"
        from "delta_report__dbt_tmp173232603684"
    )


  
[0m17:32:32.889785 [debug] [Thread-2 (]: On model.oracle_warehouse.fct_orders: /* {"app": "dbt", "dbt_version": "1.12.0b1", "profile_name": "oracle_warehouse", "target_name": "prod", "node_id": "model.oracle_warehouse.fct_orders"} */

      
        
        
        delete from "warehouse"."marts_marts"."fct_orders" as DBT_INTERNAL_DEST
        where (order_id) in (
            select distinct order_id
            from "fct_orders__dbt_tmp173232616985" as DBT_INTERNAL_SOURCE
        );

    

    insert into "warehouse"."marts_marts"."fct_orders" ("order_id", "customer_id", "customer_name", "customer_country", "customer_tier", "status", "amount", "product_code", "paid_amount", "pending_amount", "is_high_value", "order_date", "order_week", "order_month", "created_at", "updated_at", "loaded_at")
    (
        select "order_id", "customer_id", "customer_name", "customer_country", "customer_tier", "status", "amount", "product_code", "paid_amount", "pending_amount", "is_high_value", "order_date", "order_week", "order_month", "created_at", "updated_at", "loaded_at"
        from "fct_orders__dbt_tmp173232616985"
    )
  
[0m17:32:32.894260 [debug] [Thread-4 (]: SQL status: INSERT 0 0 in 0.004 seconds
[0m17:32:32.895257 [debug] [Thread-4 (]: On model.oracle_warehouse.delta_report: COMMIT
[0m17:32:32.896343 [debug] [Thread-4 (]: Using postgres connection "model.oracle_warehouse.delta_report"
[0m17:32:32.896343 [debug] [Thread-2 (]: SQL status: INSERT 0 0 in 0.006 seconds
[0m17:32:32.897228 [debug] [Thread-4 (]: On model.oracle_warehouse.delta_report: COMMIT
[0m17:32:32.898292 [debug] [Thread-2 (]: On model.oracle_warehouse.fct_orders: COMMIT
[0m17:32:32.899177 [debug] [Thread-2 (]: Using postgres connection "model.oracle_warehouse.fct_orders"
[0m17:32:32.899177 [debug] [Thread-2 (]: On model.oracle_warehouse.fct_orders: COMMIT
[0m17:32:32.910471 [debug] [Thread-4 (]: SQL status: COMMIT in 0.012 seconds
[0m17:32:32.912444 [debug] [Thread-4 (]: On model.oracle_warehouse.delta_report: Close
[0m17:32:32.912444 [debug] [Thread-4 (]: Sending event: {'category': 'dbt', 'action': 'run_model', 'label': '930cbab0-2994-4d76-b18c-9c8255c56024', 'context': [<snowplow_tracker.self_describing_json.SelfDescribingJson object at 0x000001F270288AD0>]}
[0m17:32:32.913977 [info ] [Thread-4 (]: 3 of 4 OK created sql incremental model marts_marts.delta_report ............... [[32mINSERT 0 0[0m in 0.35s]
[0m17:32:32.914978 [debug] [Thread-4 (]: Finished running node model.oracle_warehouse.delta_report
[0m17:32:32.919264 [debug] [Thread-2 (]: SQL status: COMMIT in 0.020 seconds
[0m17:32:32.921149 [debug] [Thread-2 (]: On model.oracle_warehouse.fct_orders: Close
[0m17:32:32.922135 [debug] [Thread-2 (]: Sending event: {'category': 'dbt', 'action': 'run_model', 'label': '930cbab0-2994-4d76-b18c-9c8255c56024', 'context': [<snowplow_tracker.self_describing_json.SelfDescribingJson object at 0x000001F270B55D10>]}
[0m17:32:32.923101 [info ] [Thread-2 (]: 4 of 4 OK created sql incremental model marts_marts.fct_orders ................. [[32mINSERT 0 0[0m in 0.35s]
[0m17:32:32.924119 [debug] [Thread-2 (]: Finished running node model.oracle_warehouse.fct_orders
[0m17:32:32.926300 [debug] [MainThread]: On master: COMMIT
[0m17:32:32.926300 [debug] [MainThread]: Using postgres connection "master"
[0m17:32:32.927286 [debug] [MainThread]: On master: COMMIT
[0m17:32:32.927286 [debug] [MainThread]: Opening a new connection, currently in state closed
[0m17:32:33.001030 [debug] [MainThread]: SQL status: COMMIT in 0.074 seconds
[0m17:32:33.001974 [debug] [MainThread]: On master: Close
[0m17:32:33.001974 [debug] [MainThread]: Connection 'master' was properly closed.
[0m17:32:33.002977 [debug] [MainThread]: Connection 'list_warehouse' was properly closed.
[0m17:32:33.003962 [debug] [MainThread]: Connection 'list_warehouse_marts_marts' was properly closed.
[0m17:32:33.003962 [debug] [MainThread]: Connection 'model.oracle_warehouse.stg_customers' was properly closed.
[0m17:32:33.004902 [debug] [MainThread]: Connection 'model.oracle_warehouse.fct_orders' was properly closed.
[0m17:32:33.004902 [debug] [MainThread]: Connection 'model.oracle_warehouse.delta_report' was properly closed.
[0m17:32:33.004902 [info ] [MainThread]: 
[0m17:32:33.004902 [info ] [MainThread]: Finished running 2 incremental models, 2 view models in 0 hours 0 minutes and 0.99 seconds (0.99s).
[0m17:32:33.006874 [debug] [MainThread]: Command end result
[0m17:32:33.032456 [debug] [MainThread]: Wrote artifact WritableManifest to C:\Users\oracle_warehouse_demo\oracle_warehouse_demo\dbt_project\target\manifest.json
[0m17:32:33.034430 [debug] [MainThread]: Wrote artifact SemanticManifest to C:\Users\oracle_warehouse_demo\oracle_warehouse_demo\dbt_project\target\semantic_manifest.json
[0m17:32:33.039979 [debug] [MainThread]: Wrote artifact RunExecutionResult to C:\Users\oracle_warehouse_demo\oracle_warehouse_demo\dbt_project\target\run_results.json
[0m17:32:33.039979 [info ] [MainThread]: 
[0m17:32:33.040978 [info ] [MainThread]: [32mCompleted successfully[0m
[0m17:32:33.041948 [info ] [MainThread]: 
[0m17:32:33.042930 [info ] [MainThread]: Done. PASS=4 WARN=0 ERROR=0 SKIP=0 NO-OP=0 TOTAL=4
[0m17:32:33.042930 [warn ] [MainThread]: [[33mWARNING[0m][DeprecationsSummary]: Deprecated functionality
Summary of encountered deprecations:
- MissingArgumentsPropertyInGenericTestDeprecation: 1 occurrence
To see all deprecation instances instead of just the first occurrence of each,
run command again with the `--show-all-deprecations` flag. You may also need to
run with `--no-partial-parse` as some deprecations are only encountered during
parsing.
[0m17:32:33.044855 [debug] [MainThread]: Command `dbt run` succeeded at 17:32:33.044855 after 2.34 seconds
[0m17:32:33.045830 [debug] [MainThread]: Sending event: {'category': 'dbt', 'action': 'invocation', 'label': 'end', 'context': [<snowplow_tracker.self_describing_json.SelfDescribingJson object at 0x000001F267777DD0>, <snowplow_tracker.self_describing_json.SelfDescribingJson object at 0x000001F26E6511D0>, <snowplow_tracker.self_describing_json.SelfDescribingJson object at 0x000001F26E3EFB10>]}
[0m17:32:33.046827 [debug] [MainThread]: Flushing usage events
[0m17:32:34.115866 [debug] [MainThread]: An error was encountered while trying to flush usage events
[0m18:08:43.714309 [debug] [MainThread]: Sending event: {'category': 'dbt', 'action': 'invocation', 'label': 'start', 'context': [<snowplow_tracker.self_describing_json.SelfDescribingJson object at 0x71c6825ccec0>, <snowplow_tracker.self_describing_json.SelfDescribingJson object at 0x71c6814dfc50>, <snowplow_tracker.self_describing_json.SelfDescribingJson object at 0x71c6814dfb10>]}


============================== 18:08:43.718855 | b67a0754-4cfb-4762-b15e-b3c41bfbdfe8 ==============================
[0m18:08:43.718855 [info ] [MainThread]: Running with dbt=1.11.11
[0m18:08:43.719800 [debug] [MainThread]: running dbt with arguments {'indirect_selection': 'eager', 'use_experimental_parser': 'False', 'log_format': 'default', 'warn_error_options': 'WarnErrorOptionsV2(error=[], warn=[], silence=[])', 'quiet': 'False', 'partial_parse': 'False', 'send_anonymous_usage_stats': 'True', 'version_check': 'False', 'profiles_dir': '/opt/airflow/dbt_project', 'write_json': 'True', 'log_cache_events': 'False', 'log_path': '/opt/airflow/dbt_project/logs', 'warn_error': 'None', 'cache_selected_only': 'False', 'fail_fast': 'False', 'debug': 'False', 'use_colors': 'True', 'invocation_command': 'dbt run --project-dir /opt/airflow/dbt_project --profiles-dir /opt/airflow/dbt_project --select staging --no-version-check --no-partial-parse', 'printer_width': '80', 'no_print': 'None', 'static_parser': 'True', 'target_path': 'None', 'empty': 'False', 'introspect': 'True'}
[0m18:08:43.928328 [debug] [MainThread]: Sending event: {'category': 'dbt', 'action': 'project_id', 'label': 'b67a0754-4cfb-4762-b15e-b3c41bfbdfe8', 'context': [<snowplow_tracker.self_describing_json.SelfDescribingJson object at 0x71c6821bc3e0>]}
[0m18:08:44.013375 [debug] [MainThread]: Sending event: {'category': 'dbt', 'action': 'adapter_info', 'label': 'b67a0754-4cfb-4762-b15e-b3c41bfbdfe8', 'context': [<snowplow_tracker.self_describing_json.SelfDescribingJson object at 0x71c683fba360>]}
[0m18:08:44.015398 [info ] [MainThread]: Registered adapter: postgres=1.10.0
[0m18:08:44.080025 [debug] [MainThread]: checksum: 30a8cc8fdcbf66701b0944d4ccce3fa46dd04b61e5df68b9f16d57b2e0e3f0be, vars: {}, profile: , target: , version: 1.11.11
[0m18:08:44.088117 [debug] [MainThread]: Partial parsing not enabled
[0m18:08:45.256567 [warn ] [MainThread]: [[33mWARNING[0m][MissingArgumentsPropertyInGenericTestDeprecation]: Deprecated
functionality
Found top-level arguments to test `accepted_values` defined on 'fct_orders' in
package 'oracle_warehouse' (models/marts/schema.yml). Arguments to generic tests
should be nested under the `arguments` property.
[0m18:08:45.258027 [debug] [MainThread]: Sending event: {'category': 'dbt', 'action': 'deprecation', 'label': 'b67a0754-4cfb-4762-b15e-b3c41bfbdfe8', 'property_': 'warn', 'context': [<snowplow_tracker.self_describing_json.SelfDescribingJson object at 0x71c67d388150>]}
[0m18:08:45.493232 [debug] [MainThread]: Sending event: {'category': 'dbt', 'action': 'load_project', 'label': 'b67a0754-4cfb-4762-b15e-b3c41bfbdfe8', 'context': [<snowplow_tracker.self_describing_json.SelfDescribingJson object at 0x71c67f7748c0>]}
[0m18:08:45.619941 [debug] [MainThread]: Wrote artifact WritableManifest to /opt/airflow/dbt_project/target/manifest.json
[0m18:08:45.635043 [debug] [MainThread]: Wrote artifact SemanticManifest to /opt/airflow/dbt_project/target/semantic_manifest.json
[0m18:08:45.664306 [debug] [MainThread]: Sending event: {'category': 'dbt', 'action': 'resource_counts', 'label': 'b67a0754-4cfb-4762-b15e-b3c41bfbdfe8', 'context': [<snowplow_tracker.self_describing_json.SelfDescribingJson object at 0x71c67d2f02f0>]}
[0m18:08:45.666293 [info ] [MainThread]: Found 4 models, 15 data tests, 2 sources, 475 macros
[0m18:08:45.666976 [debug] [MainThread]: Sending event: {'category': 'dbt', 'action': 'runnable_timing', 'label': 'b67a0754-4cfb-4762-b15e-b3c41bfbdfe8', 'context': [<snowplow_tracker.self_describing_json.SelfDescribingJson object at 0x71c67f75e410>]}
[0m18:08:45.668770 [info ] [MainThread]: 
[0m18:08:45.669338 [info ] [MainThread]: Concurrency: 4 threads (target='prod')
[0m18:08:45.669859 [info ] [MainThread]: 
[0m18:08:45.670480 [debug] [MainThread]: Acquiring new postgres connection 'master'
[0m18:08:45.673836 [debug] [ThreadPool]: Acquiring new postgres connection 'list_warehouse'
[0m18:08:45.722626 [debug] [ThreadPool]: Using postgres connection "list_warehouse"
[0m18:08:45.723302 [debug] [ThreadPool]: On list_warehouse: /* {"app": "dbt", "dbt_version": "1.11.11", "profile_name": "oracle_warehouse", "target_name": "prod", "connection_name": "list_warehouse"} */

    select distinct nspname from pg_namespace
  
[0m18:08:45.723911 [debug] [ThreadPool]: Opening a new connection, currently in state init
[0m18:08:45.786589 [debug] [ThreadPool]: SQL status: SELECT 12 in 0.062 seconds
[0m18:08:45.788355 [debug] [ThreadPool]: On list_warehouse: Close
[0m18:08:45.791282 [debug] [ThreadPool]: Re-using an available connection from the pool (formerly list_warehouse, now list_warehouse_marts_marts)
[0m18:08:45.796651 [debug] [ThreadPool]: Using postgres connection "list_warehouse_marts_marts"
[0m18:08:45.797653 [debug] [ThreadPool]: On list_warehouse_marts_marts: /* {"app": "dbt", "dbt_version": "1.11.11", "profile_name": "oracle_warehouse", "target_name": "prod", "connection_name": "list_warehouse_marts_marts"} */
select
      'warehouse' as database,
      tablename as name,
      schemaname as schema,
      'table' as type
    from pg_tables
    where schemaname ilike 'marts_marts'
    union all
    select
      'warehouse' as database,
      viewname as name,
      schemaname as schema,
      'view' as type
    from pg_views
    where schemaname ilike 'marts_marts'
    union all
    select
      'warehouse' as database,
      matviewname as name,
      schemaname as schema,
      'materialized_view' as type
    from pg_matviews
    where schemaname ilike 'marts_marts'
  
[0m18:08:45.799566 [debug] [ThreadPool]: Opening a new connection, currently in state closed
[0m18:08:45.860090 [debug] [ThreadPool]: SQL status: SELECT 4 in 0.060 seconds
[0m18:08:45.862098 [debug] [ThreadPool]: On list_warehouse_marts_marts: ROLLBACK
[0m18:08:45.867190 [debug] [ThreadPool]: On list_warehouse_marts_marts: Close
[0m18:08:45.872408 [debug] [MainThread]: Using postgres connection "master"
[0m18:08:45.873222 [debug] [MainThread]: On master: /* {"app": "dbt", "dbt_version": "1.11.11", "profile_name": "oracle_warehouse", "target_name": "prod", "connection_name": "master"} */
select distinct
        dependent_namespace.nspname as dependent_schema,
        dependent_class.relname as dependent_name,
        referenced_namespace.nspname as referenced_schema,
        referenced_class.relname as referenced_name

    -- Query for views: views are entries in pg_class with an entry in pg_rewrite, but we avoid
    -- a seq scan on pg_rewrite by leveraging the fact there is an "internal" row in pg_depend for
    -- the view...
    from pg_class as dependent_class
    join pg_namespace as dependent_namespace on dependent_namespace.oid = dependent_class.relnamespace
    join pg_depend as dependent_depend on dependent_depend.refobjid = dependent_class.oid
        and dependent_depend.classid = 'pg_rewrite'::regclass
        and dependent_depend.refclassid = 'pg_class'::regclass
        and dependent_depend.deptype = 'i'

    -- ... and via pg_depend (that has a row per column, hence the need for "distinct" above, and
    -- making sure to exclude the internal row to avoid a view appearing to depend on itself)...
    join pg_depend as joining_depend on joining_depend.objid = dependent_depend.objid
        and joining_depend.classid = 'pg_rewrite'::regclass
        and joining_depend.refclassid = 'pg_class'::regclass
        and joining_depend.refobjid != dependent_depend.refobjid

    -- ... we can find the tables they query from in pg_class, but excluding system tables. Note we
    -- don't need need to exclude _dependent_ system tables, because they only query from other
    -- system tables, and so are automatically excluded by excluding _referenced_ system tables
    join pg_class as referenced_class on referenced_class.oid = joining_depend.refobjid
    join pg_namespace as referenced_namespace on referenced_namespace.oid = referenced_class.relnamespace
        and referenced_namespace.nspname != 'information_schema'
        and referenced_namespace.nspname not like 'pg\_%'

    order by
        dependent_schema, dependent_name, referenced_schema, referenced_name;
[0m18:08:45.874193 [debug] [MainThread]: Opening a new connection, currently in state init
[0m18:08:45.950005 [debug] [MainThread]: SQL status: SELECT 2 in 0.076 seconds
[0m18:08:45.952140 [debug] [MainThread]: Sending event: {'category': 'dbt', 'action': 'runnable_timing', 'label': 'b67a0754-4cfb-4762-b15e-b3c41bfbdfe8', 'context': [<snowplow_tracker.self_describing_json.SelfDescribingJson object at 0x71c67d101d90>]}
[0m18:08:45.952975 [debug] [MainThread]: On master: ROLLBACK
[0m18:08:45.957162 [debug] [MainThread]: On master: COMMIT
[0m18:08:45.958668 [debug] [MainThread]: Using postgres connection "master"
[0m18:08:45.960115 [debug] [MainThread]: On master: COMMIT
[0m18:08:45.969200 [debug] [MainThread]: SQL status: COMMIT in 0.008 seconds
[0m18:08:45.969933 [debug] [MainThread]: On master: Close
[0m18:08:45.978590 [debug] [Thread-1 (]: Began running node model.oracle_warehouse.stg_customers
[0m18:08:45.979186 [debug] [Thread-2 (]: Began running node model.oracle_warehouse.stg_orders
[0m18:08:45.979788 [info ] [Thread-1 (]: 1 of 2 START sql view model marts_marts.stg_customers .......................... [RUN]
[0m18:08:45.980920 [info ] [Thread-2 (]: 2 of 2 START sql view model marts_marts.stg_orders ............................. [RUN]
[0m18:08:45.981949 [debug] [Thread-1 (]: Re-using an available connection from the pool (formerly list_warehouse_marts_marts, now model.oracle_warehouse.stg_customers)
[0m18:08:45.983060 [debug] [Thread-2 (]: Acquiring new postgres connection 'model.oracle_warehouse.stg_orders'
[0m18:08:45.983951 [debug] [Thread-1 (]: Began compiling node model.oracle_warehouse.stg_customers
[0m18:08:45.984576 [debug] [Thread-2 (]: Began compiling node model.oracle_warehouse.stg_orders
[0m18:08:45.991155 [debug] [Thread-1 (]: Writing injected SQL for node "model.oracle_warehouse.stg_customers"
[0m18:08:45.994839 [debug] [Thread-2 (]: Writing injected SQL for node "model.oracle_warehouse.stg_orders"
[0m18:08:46.005843 [debug] [Thread-2 (]: Began executing node model.oracle_warehouse.stg_orders
[0m18:08:46.014323 [debug] [Thread-1 (]: Began executing node model.oracle_warehouse.stg_customers
[0m18:08:46.065749 [debug] [Thread-1 (]: Writing runtime sql for node "model.oracle_warehouse.stg_customers"
[0m18:08:46.067929 [debug] [Thread-2 (]: Writing runtime sql for node "model.oracle_warehouse.stg_orders"
[0m18:08:46.077271 [debug] [Thread-2 (]: Using postgres connection "model.oracle_warehouse.stg_orders"
[0m18:08:46.078522 [debug] [Thread-2 (]: On model.oracle_warehouse.stg_orders: /* {"app": "dbt", "dbt_version": "1.11.11", "profile_name": "oracle_warehouse", "target_name": "prod", "node_id": "model.oracle_warehouse.stg_orders"} */

  create view "warehouse"."marts_marts"."stg_orders__dbt_tmp"
    
    
  as (
    -- =============================================================================
-- models/staging/stg_orders.sql
-- =============================================================================
-- Lightweight VIEW over the raw DLT-loaded orders table.
-- Purpose: cast types, rename columns, filter soft-deletes.
-- Materialized as a VIEW so it always reflects the latest DLT load.
-- =============================================================================



SELECT
    order_id::INTEGER                   AS order_id,
    customer_id::INTEGER                AS customer_id,

    UPPER(TRIM(status))                 AS status,
    amount::NUMERIC(10,2)               AS amount,
    UPPER(TRIM(product_code))           AS product_code,

    created_at::TIMESTAMPTZ             AS created_at,
    updated_at::TIMESTAMPTZ             AS updated_at,

    -- DLT metadata columns — kept for delta filtering in marts
    _dlt_id                             AS _dlt_id,
    _dlt_load_id                      AS _dlt_load_id

FROM "warehouse"."staging"."orders"

-- Filter soft-deleted rows (is_deleted=1 set in Oracle before export)
WHERE COALESCE(is_deleted, 0) = 0
  );
[0m18:08:46.079913 [debug] [Thread-2 (]: Opening a new connection, currently in state init
[0m18:08:46.081299 [debug] [Thread-1 (]: Using postgres connection "model.oracle_warehouse.stg_customers"
[0m18:08:46.082168 [debug] [Thread-1 (]: On model.oracle_warehouse.stg_customers: /* {"app": "dbt", "dbt_version": "1.11.11", "profile_name": "oracle_warehouse", "target_name": "prod", "node_id": "model.oracle_warehouse.stg_customers"} */

  create view "warehouse"."marts_marts"."stg_customers__dbt_tmp"
    
    
  as (
    -- =============================================================================
-- models/staging/stg_customers.sql
-- =============================================================================



SELECT
    customer_id::INTEGER                AS customer_id,
    INITCAP(TRIM(full_name))            AS full_name,
    LOWER(TRIM(email))                  AS email,
    UPPER(TRIM(country))                AS country,
    UPPER(TRIM(tier))                   AS tier,   -- GOLD / SILVER / STANDARD

    created_at::TIMESTAMPTZ             AS created_at,
    updated_at::TIMESTAMPTZ             AS updated_at,

    _dlt_id                             AS _dlt_id,
    _dlt_load_id                      AS _dlt_load_id

FROM "warehouse"."staging"."customers"
WHERE COALESCE(is_deleted, 0) = 0
  );
[0m18:08:46.083113 [debug] [Thread-1 (]: Opening a new connection, currently in state closed
[0m18:08:46.181655 [debug] [Thread-1 (]: SQL status: CREATE VIEW in 0.098 seconds
[0m18:08:46.191384 [debug] [Thread-1 (]: Using postgres connection "model.oracle_warehouse.stg_customers"
[0m18:08:46.192507 [debug] [Thread-2 (]: SQL status: CREATE VIEW in 0.113 seconds
[0m18:08:46.194076 [debug] [Thread-1 (]: On model.oracle_warehouse.stg_customers: /* {"app": "dbt", "dbt_version": "1.11.11", "profile_name": "oracle_warehouse", "target_name": "prod", "node_id": "model.oracle_warehouse.stg_customers"} */
alter table "warehouse"."marts_marts"."stg_customers" rename to "stg_customers__dbt_backup"
[0m18:08:46.199593 [debug] [Thread-2 (]: Using postgres connection "model.oracle_warehouse.stg_orders"
[0m18:08:46.201208 [debug] [Thread-2 (]: On model.oracle_warehouse.stg_orders: /* {"app": "dbt", "dbt_version": "1.11.11", "profile_name": "oracle_warehouse", "target_name": "prod", "node_id": "model.oracle_warehouse.stg_orders"} */
alter table "warehouse"."marts_marts"."stg_orders" rename to "stg_orders__dbt_backup"
[0m18:08:46.205161 [debug] [Thread-1 (]: SQL status: ALTER TABLE in 0.004 seconds
[0m18:08:46.206033 [debug] [Thread-2 (]: SQL status: ALTER TABLE in 0.004 seconds
[0m18:08:46.210040 [debug] [Thread-1 (]: Using postgres connection "model.oracle_warehouse.stg_customers"
[0m18:08:46.213414 [debug] [Thread-2 (]: Using postgres connection "model.oracle_warehouse.stg_orders"
[0m18:08:46.214175 [debug] [Thread-1 (]: On model.oracle_warehouse.stg_customers: /* {"app": "dbt", "dbt_version": "1.11.11", "profile_name": "oracle_warehouse", "target_name": "prod", "node_id": "model.oracle_warehouse.stg_customers"} */
alter table "warehouse"."marts_marts"."stg_customers__dbt_tmp" rename to "stg_customers"
[0m18:08:46.214905 [debug] [Thread-2 (]: On model.oracle_warehouse.stg_orders: /* {"app": "dbt", "dbt_version": "1.11.11", "profile_name": "oracle_warehouse", "target_name": "prod", "node_id": "model.oracle_warehouse.stg_orders"} */
alter table "warehouse"."marts_marts"."stg_orders__dbt_tmp" rename to "stg_orders"
[0m18:08:46.221619 [debug] [Thread-1 (]: SQL status: ALTER TABLE in 0.006 seconds
[0m18:08:46.222491 [debug] [Thread-2 (]: SQL status: ALTER TABLE in 0.006 seconds
[0m18:08:46.249512 [debug] [Thread-2 (]: On model.oracle_warehouse.stg_orders: COMMIT
[0m18:08:46.251925 [debug] [Thread-1 (]: On model.oracle_warehouse.stg_customers: COMMIT
[0m18:08:46.252387 [debug] [Thread-2 (]: Using postgres connection "model.oracle_warehouse.stg_orders"
[0m18:08:46.253121 [debug] [Thread-1 (]: Using postgres connection "model.oracle_warehouse.stg_customers"
[0m18:08:46.253926 [debug] [Thread-2 (]: On model.oracle_warehouse.stg_orders: COMMIT
[0m18:08:46.254601 [debug] [Thread-1 (]: On model.oracle_warehouse.stg_customers: COMMIT
[0m18:08:46.262064 [debug] [Thread-2 (]: SQL status: COMMIT in 0.007 seconds
[0m18:08:46.268210 [debug] [Thread-2 (]: Applying DROP to: "warehouse"."marts_marts"."stg_orders__dbt_backup"
[0m18:08:46.268657 [debug] [Thread-1 (]: SQL status: COMMIT in 0.013 seconds
[0m18:08:46.272288 [debug] [Thread-2 (]: Using postgres connection "model.oracle_warehouse.stg_orders"
[0m18:08:46.275958 [debug] [Thread-1 (]: Applying DROP to: "warehouse"."marts_marts"."stg_customers__dbt_backup"
[0m18:08:46.276866 [debug] [Thread-2 (]: On model.oracle_warehouse.stg_orders: /* {"app": "dbt", "dbt_version": "1.11.11", "profile_name": "oracle_warehouse", "target_name": "prod", "node_id": "model.oracle_warehouse.stg_orders"} */
drop view if exists "warehouse"."marts_marts"."stg_orders__dbt_backup" cascade
[0m18:08:46.277838 [debug] [Thread-1 (]: Using postgres connection "model.oracle_warehouse.stg_customers"
[0m18:08:46.278859 [debug] [Thread-1 (]: On model.oracle_warehouse.stg_customers: /* {"app": "dbt", "dbt_version": "1.11.11", "profile_name": "oracle_warehouse", "target_name": "prod", "node_id": "model.oracle_warehouse.stg_customers"} */
drop view if exists "warehouse"."marts_marts"."stg_customers__dbt_backup" cascade
[0m18:08:46.290942 [debug] [Thread-1 (]: SQL status: DROP VIEW in 0.011 seconds
[0m18:08:46.293600 [debug] [Thread-1 (]: On model.oracle_warehouse.stg_customers: Close
[0m18:08:46.296233 [debug] [Thread-2 (]: SQL status: DROP VIEW in 0.017 seconds
[0m18:08:46.297164 [debug] [Thread-1 (]: Sending event: {'category': 'dbt', 'action': 'run_model', 'label': 'b67a0754-4cfb-4762-b15e-b3c41bfbdfe8', 'context': [<snowplow_tracker.self_describing_json.SelfDescribingJson object at 0x71c67d1d2410>]}
[0m18:08:46.298678 [debug] [Thread-2 (]: On model.oracle_warehouse.stg_orders: Close
[0m18:08:46.299947 [info ] [Thread-1 (]: 1 of 2 OK created sql view model marts_marts.stg_customers ..................... [[32mCREATE VIEW[0m in 0.31s]
[0m18:08:46.301247 [debug] [Thread-2 (]: Sending event: {'category': 'dbt', 'action': 'run_model', 'label': 'b67a0754-4cfb-4762-b15e-b3c41bfbdfe8', 'context': [<snowplow_tracker.self_describing_json.SelfDescribingJson object at 0x71c67f726d50>]}
[0m18:08:46.301759 [debug] [Thread-1 (]: Finished running node model.oracle_warehouse.stg_customers
[0m18:08:46.302867 [info ] [Thread-2 (]: 2 of 2 OK created sql view model marts_marts.stg_orders ........................ [[32mCREATE VIEW[0m in 0.32s]
[0m18:08:46.304131 [debug] [Thread-2 (]: Finished running node model.oracle_warehouse.stg_orders
[0m18:08:46.307116 [debug] [MainThread]: On master: COMMIT
[0m18:08:46.308059 [debug] [MainThread]: Using postgres connection "master"
[0m18:08:46.308777 [debug] [MainThread]: On master: COMMIT
[0m18:08:46.309361 [debug] [MainThread]: Opening a new connection, currently in state closed
[0m18:08:46.371957 [debug] [MainThread]: SQL status: COMMIT in 0.063 seconds
[0m18:08:46.373158 [debug] [MainThread]: On master: Close
[0m18:08:46.375119 [debug] [MainThread]: Connection 'master' was properly closed.
[0m18:08:46.376219 [debug] [MainThread]: Connection 'model.oracle_warehouse.stg_customers' was properly closed.
[0m18:08:46.377548 [debug] [MainThread]: Connection 'model.oracle_warehouse.stg_orders' was properly closed.
[0m18:08:46.379032 [info ] [MainThread]: 
[0m18:08:46.380298 [info ] [MainThread]: Finished running 2 view models in 0 hours 0 minutes and 0.71 seconds (0.71s).
[0m18:08:46.383146 [debug] [MainThread]: Command end result
[0m18:08:46.434087 [debug] [MainThread]: Wrote artifact WritableManifest to /opt/airflow/dbt_project/target/manifest.json
[0m18:08:46.442403 [debug] [MainThread]: Wrote artifact SemanticManifest to /opt/airflow/dbt_project/target/semantic_manifest.json
[0m18:08:46.453163 [debug] [MainThread]: Wrote artifact RunExecutionResult to /opt/airflow/dbt_project/target/run_results.json
[0m18:08:46.453927 [info ] [MainThread]: 
[0m18:08:46.454576 [info ] [MainThread]: [32mCompleted successfully[0m
[0m18:08:46.455272 [info ] [MainThread]: 
[0m18:08:46.455811 [info ] [MainThread]: Done. PASS=2 WARN=0 ERROR=0 SKIP=0 NO-OP=0 TOTAL=2
[0m18:08:46.456624 [warn ] [MainThread]: [[33mWARNING[0m][DeprecationsSummary]: Deprecated functionality
Summary of encountered deprecations:
- MissingArgumentsPropertyInGenericTestDeprecation: 2 occurrences
To see all deprecation instances instead of just the first occurrence of each,
run command again with the `--show-all-deprecations` flag. You may also need to
run with `--no-partial-parse` as some deprecations are only encountered during
parsing.
[0m18:08:46.458232 [debug] [MainThread]: Resource report: {"command_name": "run", "command_success": true, "command_wall_clock_time": 2.8670328, "process_in_blocks": "0", "process_kernel_time": 0.273709, "process_mem_max_rss": "153396", "process_out_blocks": "32", "process_user_time": 2.986652}
[0m18:08:46.459063 [debug] [MainThread]: Command `dbt run` succeeded at 18:08:46.458977 after 2.87 seconds
[0m18:08:46.459748 [debug] [MainThread]: Sending event: {'category': 'dbt', 'action': 'invocation', 'label': 'end', 'context': [<snowplow_tracker.self_describing_json.SelfDescribingJson object at 0x71c67d1b33d0>, <snowplow_tracker.self_describing_json.SelfDescribingJson object at 0x71c67c642b50>, <snowplow_tracker.self_describing_json.SelfDescribingJson object at 0x71c6858d84b0>]}
[0m18:08:46.460730 [debug] [MainThread]: Flushing usage events
[0m18:08:47.407198 [debug] [MainThread]: An error was encountered while trying to flush usage events
[0m18:08:50.375096 [debug] [MainThread]: Sending event: {'category': 'dbt', 'action': 'invocation', 'label': 'start', 'context': [<snowplow_tracker.self_describing_json.SelfDescribingJson object at 0x72811de44ec0>, <snowplow_tracker.self_describing_json.SelfDescribingJson object at 0x72811cd57c50>, <snowplow_tracker.self_describing_json.SelfDescribingJson object at 0x72811cd57b10>]}


============================== 18:08:50.378736 | b9a15b6c-432f-4f90-95bc-52ee10dae1ed ==============================
[0m18:08:50.378736 [info ] [MainThread]: Running with dbt=1.11.11
[0m18:08:50.379537 [debug] [MainThread]: running dbt with arguments {'log_format': 'default', 'no_print': 'None', 'printer_width': '80', 'warn_error': 'None', 'fail_fast': 'False', 'debug': 'False', 'log_path': '/opt/airflow/dbt_project/logs', 'static_parser': 'True', 'use_experimental_parser': 'False', 'target_path': 'None', 'use_colors': 'True', 'invocation_command': 'dbt run --project-dir /opt/airflow/dbt_project --profiles-dir /opt/airflow/dbt_project --select marts --no-version-check --no-partial-parse', 'partial_parse': 'False', 'indirect_selection': 'eager', 'introspect': 'True', 'write_json': 'True', 'empty': 'False', 'send_anonymous_usage_stats': 'True', 'profiles_dir': '/opt/airflow/dbt_project', 'warn_error_options': 'WarnErrorOptionsV2(error=[], warn=[], silence=[])', 'cache_selected_only': 'False', 'quiet': 'False', 'version_check': 'False', 'log_cache_events': 'False'}
[0m18:08:50.585562 [debug] [MainThread]: Sending event: {'category': 'dbt', 'action': 'project_id', 'label': 'b9a15b6c-432f-4f90-95bc-52ee10dae1ed', 'context': [<snowplow_tracker.self_describing_json.SelfDescribingJson object at 0x72811da343e0>]}
[0m18:08:50.658921 [debug] [MainThread]: Sending event: {'category': 'dbt', 'action': 'adapter_info', 'label': 'b9a15b6c-432f-4f90-95bc-52ee10dae1ed', 'context': [<snowplow_tracker.self_describing_json.SelfDescribingJson object at 0x72811f836360>]}
[0m18:08:50.660404 [info ] [MainThread]: Registered adapter: postgres=1.10.0
[0m18:08:50.715500 [debug] [MainThread]: checksum: 30a8cc8fdcbf66701b0944d4ccce3fa46dd04b61e5df68b9f16d57b2e0e3f0be, vars: {}, profile: , target: , version: 1.11.11
[0m18:08:50.720776 [debug] [MainThread]: Partial parsing not enabled
[0m18:08:51.885256 [warn ] [MainThread]: [[33mWARNING[0m][MissingArgumentsPropertyInGenericTestDeprecation]: Deprecated
functionality
Found top-level arguments to test `accepted_values` defined on 'fct_orders' in
package 'oracle_warehouse' (models/marts/schema.yml). Arguments to generic tests
should be nested under the `arguments` property.
[0m18:08:51.886390 [debug] [MainThread]: Sending event: {'category': 'dbt', 'action': 'deprecation', 'label': 'b9a15b6c-432f-4f90-95bc-52ee10dae1ed', 'property_': 'warn', 'context': [<snowplow_tracker.self_describing_json.SelfDescribingJson object at 0x72811cdeb050>]}
[0m18:08:52.137796 [debug] [MainThread]: Sending event: {'category': 'dbt', 'action': 'load_project', 'label': 'b9a15b6c-432f-4f90-95bc-52ee10dae1ed', 'context': [<snowplow_tracker.self_describing_json.SelfDescribingJson object at 0x72811b3708c0>]}
[0m18:08:52.254646 [debug] [MainThread]: Wrote artifact WritableManifest to /opt/airflow/dbt_project/target/manifest.json
[0m18:08:52.266249 [debug] [MainThread]: Wrote artifact SemanticManifest to /opt/airflow/dbt_project/target/semantic_manifest.json
[0m18:08:52.289815 [debug] [MainThread]: Sending event: {'category': 'dbt', 'action': 'resource_counts', 'label': 'b9a15b6c-432f-4f90-95bc-52ee10dae1ed', 'context': [<snowplow_tracker.self_describing_json.SelfDescribingJson object at 0x728118bec2f0>]}
[0m18:08:52.291048 [info ] [MainThread]: Found 4 models, 15 data tests, 2 sources, 475 macros
[0m18:08:52.291908 [debug] [MainThread]: Sending event: {'category': 'dbt', 'action': 'runnable_timing', 'label': 'b9a15b6c-432f-4f90-95bc-52ee10dae1ed', 'context': [<snowplow_tracker.self_describing_json.SelfDescribingJson object at 0x72811b356340>]}
[0m18:08:52.294259 [info ] [MainThread]: 
[0m18:08:52.295087 [info ] [MainThread]: Concurrency: 4 threads (target='prod')
[0m18:08:52.295732 [info ] [MainThread]: 
[0m18:08:52.296508 [debug] [MainThread]: Acquiring new postgres connection 'master'
[0m18:08:52.301124 [debug] [ThreadPool]: Acquiring new postgres connection 'list_warehouse'
[0m18:08:52.329458 [debug] [ThreadPool]: Using postgres connection "list_warehouse"
[0m18:08:52.330717 [debug] [ThreadPool]: On list_warehouse: /* {"app": "dbt", "dbt_version": "1.11.11", "profile_name": "oracle_warehouse", "target_name": "prod", "connection_name": "list_warehouse"} */

    select distinct nspname from pg_namespace
  
[0m18:08:52.332105 [debug] [ThreadPool]: Opening a new connection, currently in state init
[0m18:08:52.405048 [debug] [ThreadPool]: SQL status: SELECT 12 in 0.073 seconds
[0m18:08:52.406717 [debug] [ThreadPool]: On list_warehouse: Close
[0m18:08:52.409172 [debug] [ThreadPool]: Re-using an available connection from the pool (formerly list_warehouse, now list_warehouse_marts_marts)
[0m18:08:52.414371 [debug] [ThreadPool]: Using postgres connection "list_warehouse_marts_marts"
[0m18:08:52.415153 [debug] [ThreadPool]: On list_warehouse_marts_marts: /* {"app": "dbt", "dbt_version": "1.11.11", "profile_name": "oracle_warehouse", "target_name": "prod", "connection_name": "list_warehouse_marts_marts"} */
select
      'warehouse' as database,
      tablename as name,
      schemaname as schema,
      'table' as type
    from pg_tables
    where schemaname ilike 'marts_marts'
    union all
    select
      'warehouse' as database,
      viewname as name,
      schemaname as schema,
      'view' as type
    from pg_views
    where schemaname ilike 'marts_marts'
    union all
    select
      'warehouse' as database,
      matviewname as name,
      schemaname as schema,
      'materialized_view' as type
    from pg_matviews
    where schemaname ilike 'marts_marts'
  
[0m18:08:52.415953 [debug] [ThreadPool]: Opening a new connection, currently in state closed
[0m18:08:52.496233 [debug] [ThreadPool]: SQL status: SELECT 4 in 0.080 seconds
[0m18:08:52.498154 [debug] [ThreadPool]: On list_warehouse_marts_marts: ROLLBACK
[0m18:08:52.502450 [debug] [ThreadPool]: On list_warehouse_marts_marts: Close
[0m18:08:52.508085 [debug] [MainThread]: Using postgres connection "master"
[0m18:08:52.509590 [debug] [MainThread]: On master: /* {"app": "dbt", "dbt_version": "1.11.11", "profile_name": "oracle_warehouse", "target_name": "prod", "connection_name": "master"} */
select distinct
        dependent_namespace.nspname as dependent_schema,
        dependent_class.relname as dependent_name,
        referenced_namespace.nspname as referenced_schema,
        referenced_class.relname as referenced_name

    -- Query for views: views are entries in pg_class with an entry in pg_rewrite, but we avoid
    -- a seq scan on pg_rewrite by leveraging the fact there is an "internal" row in pg_depend for
    -- the view...
    from pg_class as dependent_class
    join pg_namespace as dependent_namespace on dependent_namespace.oid = dependent_class.relnamespace
    join pg_depend as dependent_depend on dependent_depend.refobjid = dependent_class.oid
        and dependent_depend.classid = 'pg_rewrite'::regclass
        and dependent_depend.refclassid = 'pg_class'::regclass
        and dependent_depend.deptype = 'i'

    -- ... and via pg_depend (that has a row per column, hence the need for "distinct" above, and
    -- making sure to exclude the internal row to avoid a view appearing to depend on itself)...
    join pg_depend as joining_depend on joining_depend.objid = dependent_depend.objid
        and joining_depend.classid = 'pg_rewrite'::regclass
        and joining_depend.refclassid = 'pg_class'::regclass
        and joining_depend.refobjid != dependent_depend.refobjid

    -- ... we can find the tables they query from in pg_class, but excluding system tables. Note we
    -- don't need need to exclude _dependent_ system tables, because they only query from other
    -- system tables, and so are automatically excluded by excluding _referenced_ system tables
    join pg_class as referenced_class on referenced_class.oid = joining_depend.refobjid
    join pg_namespace as referenced_namespace on referenced_namespace.oid = referenced_class.relnamespace
        and referenced_namespace.nspname != 'information_schema'
        and referenced_namespace.nspname not like 'pg\_%'

    order by
        dependent_schema, dependent_name, referenced_schema, referenced_name;
[0m18:08:52.510951 [debug] [MainThread]: Opening a new connection, currently in state init
[0m18:08:52.603425 [debug] [MainThread]: SQL status: SELECT 2 in 0.092 seconds
[0m18:08:52.605212 [debug] [MainThread]: Sending event: {'category': 'dbt', 'action': 'runnable_timing', 'label': 'b9a15b6c-432f-4f90-95bc-52ee10dae1ed', 'context': [<snowplow_tracker.self_describing_json.SelfDescribingJson object at 0x728118a01d90>]}
[0m18:08:52.606175 [debug] [MainThread]: On master: ROLLBACK
[0m18:08:52.610555 [debug] [MainThread]: On master: COMMIT
[0m18:08:52.612059 [debug] [MainThread]: Using postgres connection "master"
[0m18:08:52.612848 [debug] [MainThread]: On master: COMMIT
[0m18:08:52.621385 [debug] [MainThread]: SQL status: COMMIT in 0.008 seconds
[0m18:08:52.622322 [debug] [MainThread]: On master: Close
[0m18:08:52.627028 [debug] [Thread-1 (]: Began running node model.oracle_warehouse.delta_report
[0m18:08:52.627862 [debug] [Thread-2 (]: Began running node model.oracle_warehouse.fct_orders
[0m18:08:52.628529 [info ] [Thread-1 (]: 1 of 2 START sql incremental model marts_marts.delta_report .................... [RUN]
[0m18:08:52.629233 [info ] [Thread-2 (]: 2 of 2 START sql incremental model marts_marts.fct_orders ...................... [RUN]
[0m18:08:52.630022 [debug] [Thread-1 (]: Re-using an available connection from the pool (formerly list_warehouse_marts_marts, now model.oracle_warehouse.delta_report)
[0m18:08:52.630737 [debug] [Thread-2 (]: Acquiring new postgres connection 'model.oracle_warehouse.fct_orders'
[0m18:08:52.631404 [debug] [Thread-1 (]: Began compiling node model.oracle_warehouse.delta_report
[0m18:08:52.632176 [debug] [Thread-2 (]: Began compiling node model.oracle_warehouse.fct_orders
[0m18:08:52.642351 [debug] [Thread-1 (]: Writing injected SQL for node "model.oracle_warehouse.delta_report"
[0m18:08:52.645746 [debug] [Thread-2 (]: Writing injected SQL for node "model.oracle_warehouse.fct_orders"
[0m18:08:52.660759 [debug] [Thread-2 (]: Began executing node model.oracle_warehouse.fct_orders
[0m18:08:52.668536 [debug] [Thread-1 (]: Began executing node model.oracle_warehouse.delta_report
[0m18:08:52.734583 [debug] [Thread-1 (]: Using postgres connection "model.oracle_warehouse.delta_report"
[0m18:08:52.735116 [debug] [Thread-2 (]: Using postgres connection "model.oracle_warehouse.fct_orders"
[0m18:08:52.735904 [debug] [Thread-1 (]: On model.oracle_warehouse.delta_report: /* {"app": "dbt", "dbt_version": "1.11.11", "profile_name": "oracle_warehouse", "target_name": "prod", "node_id": "model.oracle_warehouse.delta_report"} */

    
  
    

  create temporary table "delta_report__dbt_tmp180852710618"
  
  
    as
  
  (
    -- =============================================================================
-- models/marts/delta_report.sql
-- =============================================================================
-- Append-only log of every row that was new or changed in each DLT run.
-- Your team queries this to monitor what moved through the pipeline.
--
-- Query to check today's delta:
--   SELECT * FROM marts.delta_report WHERE load_date = CURRENT_DATE ORDER BY detected_at DESC;
-- =============================================================================


select
    o.order_id,
    o.customer_id,
    o.status,
    o.amount,
    o.product_code,
    o.updated_at                        as changed_at_source,
    o.updated_at                        as detected_at,
    cast(o.updated_at as date)          as load_date,
    case
        when o.updated_at = o.created_at then 'new_row'
        else 'updated_row'
    end                                 as change_type

from "warehouse"."marts_marts"."stg_orders" as o


where o.updated_at > (
    select coalesce(max(detected_at), '1970-01-01'::timestamptz)
    from "warehouse"."marts_marts"."delta_report"
)

  );
  
  
[0m18:08:52.738462 [debug] [Thread-2 (]: On model.oracle_warehouse.fct_orders: /* {"app": "dbt", "dbt_version": "1.11.11", "profile_name": "oracle_warehouse", "target_name": "prod", "node_id": "model.oracle_warehouse.fct_orders"} */

    
  
    

  create temporary table "fct_orders__dbt_tmp180852706708"
  
  
    as
  
  (
    -- =============================================================================
-- models/marts/fct_orders.sql
-- =============================================================================
-- INCREMENTAL fact table — the core delta model.
--
-- How delta works here:
--   First run  → processes ALL rows from stg_orders (full load)
--   Every run after → the is_incremental() block injects a WHERE clause that
--                     only picks up rows whose _dlt_loaded_at is NEWER than
--                     the highest loaded_at already in this table.
--
-- This means DBT only transforms rows that DLT loaded THIS RUN.
-- The merge strategy then upserts them: new rows inserted, changed rows updated.
-- =============================================================================


with source as (
    select
        o.order_id,
        o.customer_id,
        o.status,
        o.amount,
        o.product_code,
        o.created_at,
        o.updated_at,
        o._dlt_load_id,
        c.full_name     as customer_name,
        c.country       as customer_country,
        c.tier          as customer_tier
    from "warehouse"."marts_marts"."stg_orders" as o
    left join "warehouse"."marts_marts"."stg_customers" as c
        on o.customer_id = c.customer_id

  
    where o.updated_at > (
        select coalesce(max(updated_at), '1970-01-01'::timestamptz)
        from "warehouse"."marts_marts"."fct_orders"
    )
    
)

select
    order_id,
    customer_id,
    customer_name,
    customer_country,
    customer_tier,
    status,
    amount,
    product_code,
    case when status = 'PAID'    then amount else 0 end  as paid_amount,
    case when status = 'PENDING' then amount else 0 end  as pending_amount,
    case when amount > 500       then true  else false end as is_high_value,
    date_trunc('day',  created_at)  as order_date,
    date_trunc('week', created_at)  as order_week,
    date_trunc('month',created_at)  as order_month,
    created_at,
    updated_at,
    updated_at as loaded_at
from source
  );
  
  
[0m18:08:52.739229 [debug] [Thread-1 (]: Opening a new connection, currently in state closed
[0m18:08:52.740758 [debug] [Thread-2 (]: Opening a new connection, currently in state init
[0m18:08:52.845774 [debug] [Thread-1 (]: SQL status: SELECT 7 in 0.106 seconds
[0m18:08:52.858261 [debug] [Thread-1 (]: Using postgres connection "model.oracle_warehouse.delta_report"
[0m18:08:52.859241 [debug] [Thread-2 (]: SQL status: SELECT 7 in 0.118 seconds
[0m18:08:52.859763 [debug] [Thread-1 (]: On model.oracle_warehouse.delta_report: /* {"app": "dbt", "dbt_version": "1.11.11", "profile_name": "oracle_warehouse", "target_name": "prod", "node_id": "model.oracle_warehouse.delta_report"} */

      select
          column_name,
          data_type,
          character_maximum_length,
          numeric_precision,
          numeric_scale

      from INFORMATION_SCHEMA.columns
      where table_name = 'delta_report__dbt_tmp180852710618'
        
      order by ordinal_position

  
[0m18:08:52.862670 [debug] [Thread-2 (]: Using postgres connection "model.oracle_warehouse.fct_orders"
[0m18:08:52.863755 [debug] [Thread-2 (]: On model.oracle_warehouse.fct_orders: /* {"app": "dbt", "dbt_version": "1.11.11", "profile_name": "oracle_warehouse", "target_name": "prod", "node_id": "model.oracle_warehouse.fct_orders"} */

      select
          column_name,
          data_type,
          character_maximum_length,
          numeric_precision,
          numeric_scale

      from INFORMATION_SCHEMA.columns
      where table_name = 'fct_orders__dbt_tmp180852706708'
        
      order by ordinal_position

  
[0m18:08:52.897296 [debug] [Thread-2 (]: SQL status: SELECT 17 in 0.033 seconds
[0m18:08:52.898171 [debug] [Thread-1 (]: SQL status: SELECT 9 in 0.035 seconds
[0m18:08:52.903329 [debug] [Thread-2 (]: Using postgres connection "model.oracle_warehouse.fct_orders"
[0m18:08:52.907419 [debug] [Thread-1 (]: Using postgres connection "model.oracle_warehouse.delta_report"
[0m18:08:52.908734 [debug] [Thread-2 (]: On model.oracle_warehouse.fct_orders: /* {"app": "dbt", "dbt_version": "1.11.11", "profile_name": "oracle_warehouse", "target_name": "prod", "node_id": "model.oracle_warehouse.fct_orders"} */

      select
          column_name,
          data_type,
          character_maximum_length,
          numeric_precision,
          numeric_scale

      from "warehouse".INFORMATION_SCHEMA.columns
      where table_name = 'fct_orders'
        
        and table_schema = 'marts_marts'
        
      order by ordinal_position

  
[0m18:08:52.909802 [debug] [Thread-1 (]: On model.oracle_warehouse.delta_report: /* {"app": "dbt", "dbt_version": "1.11.11", "profile_name": "oracle_warehouse", "target_name": "prod", "node_id": "model.oracle_warehouse.delta_report"} */

      select
          column_name,
          data_type,
          character_maximum_length,
          numeric_precision,
          numeric_scale

      from "warehouse".INFORMATION_SCHEMA.columns
      where table_name = 'delta_report'
        
        and table_schema = 'marts_marts'
        
      order by ordinal_position

  
[0m18:08:52.927332 [debug] [Thread-2 (]: SQL status: SELECT 17 in 0.016 seconds
[0m18:08:52.934828 [debug] [Thread-1 (]: SQL status: SELECT 9 in 0.023 seconds
[0m18:08:52.943866 [debug] [Thread-1 (]: Using postgres connection "model.oracle_warehouse.delta_report"
[0m18:08:52.945116 [debug] [Thread-2 (]: Using postgres connection "model.oracle_warehouse.fct_orders"
[0m18:08:52.945557 [debug] [Thread-1 (]: On model.oracle_warehouse.delta_report: /* {"app": "dbt", "dbt_version": "1.11.11", "profile_name": "oracle_warehouse", "target_name": "prod", "node_id": "model.oracle_warehouse.delta_report"} */

      select
          column_name,
          data_type,
          character_maximum_length,
          numeric_precision,
          numeric_scale

      from INFORMATION_SCHEMA.columns
      where table_name = 'delta_report__dbt_tmp180852710618'
        
      order by ordinal_position

  
[0m18:08:52.946986 [debug] [Thread-2 (]: On model.oracle_warehouse.fct_orders: /* {"app": "dbt", "dbt_version": "1.11.11", "profile_name": "oracle_warehouse", "target_name": "prod", "node_id": "model.oracle_warehouse.fct_orders"} */

      select
          column_name,
          data_type,
          character_maximum_length,
          numeric_precision,
          numeric_scale

      from INFORMATION_SCHEMA.columns
      where table_name = 'fct_orders__dbt_tmp180852706708'
        
      order by ordinal_position

  
[0m18:08:52.959132 [debug] [Thread-1 (]: SQL status: SELECT 9 in 0.011 seconds
[0m18:08:52.960111 [debug] [Thread-2 (]: SQL status: SELECT 17 in 0.011 seconds
[0m18:08:52.963953 [debug] [Thread-1 (]: Using postgres connection "model.oracle_warehouse.delta_report"
[0m18:08:52.968352 [debug] [Thread-2 (]: Using postgres connection "model.oracle_warehouse.fct_orders"
[0m18:08:52.970007 [debug] [Thread-1 (]: On model.oracle_warehouse.delta_report: /* {"app": "dbt", "dbt_version": "1.11.11", "profile_name": "oracle_warehouse", "target_name": "prod", "node_id": "model.oracle_warehouse.delta_report"} */

      select
          column_name,
          data_type,
          character_maximum_length,
          numeric_precision,
          numeric_scale

      from "warehouse".INFORMATION_SCHEMA.columns
      where table_name = 'delta_report'
        
        and table_schema = 'marts_marts'
        
      order by ordinal_position

  
[0m18:08:52.972600 [debug] [Thread-2 (]: On model.oracle_warehouse.fct_orders: /* {"app": "dbt", "dbt_version": "1.11.11", "profile_name": "oracle_warehouse", "target_name": "prod", "node_id": "model.oracle_warehouse.fct_orders"} */

      select
          column_name,
          data_type,
          character_maximum_length,
          numeric_precision,
          numeric_scale

      from "warehouse".INFORMATION_SCHEMA.columns
      where table_name = 'fct_orders'
        
        and table_schema = 'marts_marts'
        
      order by ordinal_position

  
[0m18:08:52.985557 [debug] [Thread-1 (]: SQL status: SELECT 9 in 0.011 seconds
[0m18:08:52.986685 [debug] [Thread-2 (]: SQL status: SELECT 17 in 0.010 seconds
[0m18:08:52.996332 [debug] [Thread-1 (]: 
    In "warehouse"."marts_marts"."delta_report":
        Schema changed: False
        Source columns not in target: []
        Target columns not in source: []
        New column types: []
  
[0m18:08:52.998980 [debug] [Thread-2 (]: 
    In "warehouse"."marts_marts"."fct_orders":
        Schema changed: False
        Source columns not in target: []
        Target columns not in source: []
        New column types: []
  
[0m18:08:53.006058 [debug] [Thread-1 (]: Writing runtime sql for node "model.oracle_warehouse.delta_report"
[0m18:08:53.015139 [debug] [Thread-2 (]: Writing runtime sql for node "model.oracle_warehouse.fct_orders"
[0m18:08:53.031437 [debug] [Thread-1 (]: Using postgres connection "model.oracle_warehouse.delta_report"
[0m18:08:53.033400 [debug] [Thread-1 (]: On model.oracle_warehouse.delta_report: /* {"app": "dbt", "dbt_version": "1.11.11", "profile_name": "oracle_warehouse", "target_name": "prod", "node_id": "model.oracle_warehouse.delta_report"} */

      insert into "warehouse"."marts_marts"."delta_report" ("order_id", "customer_id", "status", "amount", "product_code", "changed_at_source", "detected_at", "load_date", "change_type")
    (
        select "order_id", "customer_id", "status", "amount", "product_code", "changed_at_source", "detected_at", "load_date", "change_type"
        from "delta_report__dbt_tmp180852710618"
    )


  
[0m18:08:53.036644 [debug] [Thread-2 (]: Using postgres connection "model.oracle_warehouse.fct_orders"
[0m18:08:53.038240 [debug] [Thread-2 (]: On model.oracle_warehouse.fct_orders: /* {"app": "dbt", "dbt_version": "1.11.11", "profile_name": "oracle_warehouse", "target_name": "prod", "node_id": "model.oracle_warehouse.fct_orders"} */

      
        
        
        delete from "warehouse"."marts_marts"."fct_orders" as DBT_INTERNAL_DEST
        where (order_id) in (
            select distinct order_id
            from "fct_orders__dbt_tmp180852706708" as DBT_INTERNAL_SOURCE
        );

    

    insert into "warehouse"."marts_marts"."fct_orders" ("order_id", "customer_id", "customer_name", "customer_country", "customer_tier", "status", "amount", "product_code", "paid_amount", "pending_amount", "is_high_value", "order_date", "order_week", "order_month", "created_at", "updated_at", "loaded_at")
    (
        select "order_id", "customer_id", "customer_name", "customer_country", "customer_tier", "status", "amount", "product_code", "paid_amount", "pending_amount", "is_high_value", "order_date", "order_week", "order_month", "created_at", "updated_at", "loaded_at"
        from "fct_orders__dbt_tmp180852706708"
    )
  
[0m18:08:53.039995 [debug] [Thread-1 (]: SQL status: INSERT 0 7 in 0.005 seconds
[0m18:08:53.057661 [debug] [Thread-1 (]: On model.oracle_warehouse.delta_report: COMMIT
[0m18:08:53.058296 [debug] [Thread-2 (]: SQL status: INSERT 0 7 in 0.017 seconds
[0m18:08:53.059342 [debug] [Thread-1 (]: Using postgres connection "model.oracle_warehouse.delta_report"
[0m18:08:53.061537 [debug] [Thread-2 (]: On model.oracle_warehouse.fct_orders: COMMIT
[0m18:08:53.062698 [debug] [Thread-1 (]: On model.oracle_warehouse.delta_report: COMMIT
[0m18:08:53.064062 [debug] [Thread-2 (]: Using postgres connection "model.oracle_warehouse.fct_orders"
[0m18:08:53.066342 [debug] [Thread-2 (]: On model.oracle_warehouse.fct_orders: COMMIT
[0m18:08:53.075329 [debug] [Thread-1 (]: SQL status: COMMIT in 0.010 seconds
[0m18:08:53.077861 [debug] [Thread-1 (]: On model.oracle_warehouse.delta_report: Close
[0m18:08:53.080204 [debug] [Thread-1 (]: Sending event: {'category': 'dbt', 'action': 'run_model', 'label': 'b9a15b6c-432f-4f90-95bc-52ee10dae1ed', 'context': [<snowplow_tracker.self_describing_json.SelfDescribingJson object at 0x728118aca620>]}
[0m18:08:53.081122 [debug] [Thread-2 (]: SQL status: COMMIT in 0.013 seconds
[0m18:08:53.082060 [info ] [Thread-1 (]: 1 of 2 OK created sql incremental model marts_marts.delta_report ............... [[32mINSERT 0 7[0m in 0.45s]
[0m18:08:53.083648 [debug] [Thread-2 (]: On model.oracle_warehouse.fct_orders: Close
[0m18:08:53.084964 [debug] [Thread-1 (]: Finished running node model.oracle_warehouse.delta_report
[0m18:08:53.086357 [debug] [Thread-2 (]: Sending event: {'category': 'dbt', 'action': 'run_model', 'label': 'b9a15b6c-432f-4f90-95bc-52ee10dae1ed', 'context': [<snowplow_tracker.self_describing_json.SelfDescribingJson object at 0x7280e3d9fed0>]}
[0m18:08:53.087887 [info ] [Thread-2 (]: 2 of 2 OK created sql incremental model marts_marts.fct_orders ................. [[32mINSERT 0 7[0m in 0.46s]
[0m18:08:53.088932 [debug] [Thread-2 (]: Finished running node model.oracle_warehouse.fct_orders
[0m18:08:53.091843 [debug] [MainThread]: On master: COMMIT
[0m18:08:53.092690 [debug] [MainThread]: Using postgres connection "master"
[0m18:08:53.093231 [debug] [MainThread]: On master: COMMIT
[0m18:08:53.093775 [debug] [MainThread]: Opening a new connection, currently in state closed
[0m18:08:53.183167 [debug] [MainThread]: SQL status: COMMIT in 0.089 seconds
[0m18:08:53.185192 [debug] [MainThread]: On master: Close
[0m18:08:53.189418 [debug] [MainThread]: Connection 'master' was properly closed.
[0m18:08:53.190221 [debug] [MainThread]: Connection 'model.oracle_warehouse.delta_report' was properly closed.
[0m18:08:53.191534 [debug] [MainThread]: Connection 'model.oracle_warehouse.fct_orders' was properly closed.
[0m18:08:53.192642 [info ] [MainThread]: 
[0m18:08:53.193546 [info ] [MainThread]: Finished running 2 incremental models in 0 hours 0 minutes and 0.90 seconds (0.90s).
[0m18:08:53.195231 [debug] [MainThread]: Command end result
[0m18:08:53.272101 [debug] [MainThread]: Wrote artifact WritableManifest to /opt/airflow/dbt_project/target/manifest.json
[0m18:08:53.282910 [debug] [MainThread]: Wrote artifact SemanticManifest to /opt/airflow/dbt_project/target/semantic_manifest.json
[0m18:08:53.299527 [debug] [MainThread]: Wrote artifact RunExecutionResult to /opt/airflow/dbt_project/target/run_results.json
[0m18:08:53.301189 [info ] [MainThread]: 
[0m18:08:53.302191 [info ] [MainThread]: [32mCompleted successfully[0m
[0m18:08:53.303153 [info ] [MainThread]: 
[0m18:08:53.304100 [info ] [MainThread]: Done. PASS=2 WARN=0 ERROR=0 SKIP=0 NO-OP=0 TOTAL=2
[0m18:08:53.305137 [warn ] [MainThread]: [[33mWARNING[0m][DeprecationsSummary]: Deprecated functionality
Summary of encountered deprecations:
- MissingArgumentsPropertyInGenericTestDeprecation: 2 occurrences
To see all deprecation instances instead of just the first occurrence of each,
run command again with the `--show-all-deprecations` flag. You may also need to
run with `--no-partial-parse` as some deprecations are only encountered during
parsing.
[0m18:08:53.306802 [debug] [MainThread]: Resource report: {"command_name": "run", "command_success": true, "command_wall_clock_time": 3.0360167, "process_in_blocks": "0", "process_kernel_time": 0.266129, "process_mem_max_rss": "155452", "process_out_blocks": "0", "process_user_time": 3.197522}
[0m18:08:53.307907 [debug] [MainThread]: Command `dbt run` succeeded at 18:08:53.307707 after 3.04 seconds
[0m18:08:53.308894 [debug] [MainThread]: Sending event: {'category': 'dbt', 'action': 'invocation', 'label': 'end', 'context': [<snowplow_tracker.self_describing_json.SelfDescribingJson object at 0x72811abfd8d0>, <snowplow_tracker.self_describing_json.SelfDescribingJson object at 0x72811db97bd0>, <snowplow_tracker.self_describing_json.SelfDescribingJson object at 0x72811cbefbd0>]}
[0m18:08:53.309692 [debug] [MainThread]: Flushing usage events
[0m18:08:53.978730 [debug] [MainThread]: An error was encountered while trying to flush usage events
[0m18:08:57.136665 [debug] [MainThread]: Sending event: {'category': 'dbt', 'action': 'invocation', 'label': 'start', 'context': [<snowplow_tracker.self_describing_json.SelfDescribingJson object at 0x784601fa8ec0>, <snowplow_tracker.self_describing_json.SelfDescribingJson object at 0x784600ebbc50>, <snowplow_tracker.self_describing_json.SelfDescribingJson object at 0x784600ebbb10>]}


============================== 18:08:57.141278 | 95d85087-2053-475e-a77a-3c928f1ebc39 ==============================
[0m18:08:57.141278 [info ] [MainThread]: Running with dbt=1.11.11
[0m18:08:57.142453 [debug] [MainThread]: running dbt with arguments {'use_colors': 'True', 'no_print': 'None', 'fail_fast': 'False', 'invocation_command': 'dbt test --project-dir /opt/airflow/dbt_project --profiles-dir /opt/airflow/dbt_project --no-version-check --no-partial-parse', 'introspect': 'True', 'log_cache_events': 'False', 'printer_width': '80', 'use_experimental_parser': 'False', 'log_path': '/opt/airflow/dbt_project/logs', 'write_json': 'True', 'partial_parse': 'False', 'static_parser': 'True', 'warn_error_options': 'WarnErrorOptionsV2(error=[], warn=[], silence=[])', 'cache_selected_only': 'False', 'version_check': 'False', 'debug': 'False', 'send_anonymous_usage_stats': 'True', 'profiles_dir': '/opt/airflow/dbt_project', 'target_path': 'None', 'warn_error': 'None', 'quiet': 'False', 'indirect_selection': 'eager', 'log_format': 'default', 'empty': 'None'}
[0m18:08:57.330144 [debug] [MainThread]: Sending event: {'category': 'dbt', 'action': 'project_id', 'label': '95d85087-2053-475e-a77a-3c928f1ebc39', 'context': [<snowplow_tracker.self_describing_json.SelfDescribingJson object at 0x784601b983e0>]}
[0m18:08:57.402468 [debug] [MainThread]: Sending event: {'category': 'dbt', 'action': 'adapter_info', 'label': '95d85087-2053-475e-a77a-3c928f1ebc39', 'context': [<snowplow_tracker.self_describing_json.SelfDescribingJson object at 0x78460398e360>]}
[0m18:08:57.403886 [info ] [MainThread]: Registered adapter: postgres=1.10.0
[0m18:08:57.451624 [debug] [MainThread]: checksum: 30a8cc8fdcbf66701b0944d4ccce3fa46dd04b61e5df68b9f16d57b2e0e3f0be, vars: {}, profile: , target: , version: 1.11.11
[0m18:08:57.463969 [debug] [MainThread]: Partial parsing not enabled
[0m18:08:58.596865 [warn ] [MainThread]: [[33mWARNING[0m][MissingArgumentsPropertyInGenericTestDeprecation]: Deprecated
functionality
Found top-level arguments to test `accepted_values` defined on 'fct_orders' in
package 'oracle_warehouse' (models/marts/schema.yml). Arguments to generic tests
should be nested under the `arguments` property.
[0m18:08:58.598063 [debug] [MainThread]: Sending event: {'category': 'dbt', 'action': 'deprecation', 'label': '95d85087-2053-475e-a77a-3c928f1ebc39', 'property_': 'warn', 'context': [<snowplow_tracker.self_describing_json.SelfDescribingJson object at 0x784600f4f050>]}
[0m18:08:58.837987 [debug] [MainThread]: Sending event: {'category': 'dbt', 'action': 'load_project', 'label': '95d85087-2053-475e-a77a-3c928f1ebc39', 'context': [<snowplow_tracker.self_describing_json.SelfDescribingJson object at 0x7845ff1648c0>]}
[0m18:08:58.937840 [debug] [MainThread]: Wrote artifact WritableManifest to /opt/airflow/dbt_project/target/manifest.json
[0m18:08:58.945972 [debug] [MainThread]: Wrote artifact SemanticManifest to /opt/airflow/dbt_project/target/semantic_manifest.json
[0m18:08:58.978709 [debug] [MainThread]: Sending event: {'category': 'dbt', 'action': 'resource_counts', 'label': '95d85087-2053-475e-a77a-3c928f1ebc39', 'context': [<snowplow_tracker.self_describing_json.SelfDescribingJson object at 0x7845fcd28830>]}
[0m18:08:58.980193 [info ] [MainThread]: Found 4 models, 15 data tests, 2 sources, 475 macros
[0m18:08:58.981067 [debug] [MainThread]: Sending event: {'category': 'dbt', 'action': 'runnable_timing', 'label': '95d85087-2053-475e-a77a-3c928f1ebc39', 'context': [<snowplow_tracker.self_describing_json.SelfDescribingJson object at 0x7845fcbcadd0>]}
[0m18:08:58.984703 [info ] [MainThread]: 
[0m18:08:58.985854 [info ] [MainThread]: Concurrency: 4 threads (target='prod')
[0m18:08:58.986883 [info ] [MainThread]: 
[0m18:08:58.988355 [debug] [MainThread]: Acquiring new postgres connection 'master'
[0m18:08:58.994328 [debug] [ThreadPool]: Acquiring new postgres connection 'list_warehouse_marts_marts'
[0m18:08:59.024928 [debug] [ThreadPool]: Using postgres connection "list_warehouse_marts_marts"
[0m18:08:59.025930 [debug] [ThreadPool]: On list_warehouse_marts_marts: /* {"app": "dbt", "dbt_version": "1.11.11", "profile_name": "oracle_warehouse", "target_name": "prod", "connection_name": "list_warehouse_marts_marts"} */
select
      'warehouse' as database,
      tablename as name,
      schemaname as schema,
      'table' as type
    from pg_tables
    where schemaname ilike 'marts_marts'
    union all
    select
      'warehouse' as database,
      viewname as name,
      schemaname as schema,
      'view' as type
    from pg_views
    where schemaname ilike 'marts_marts'
    union all
    select
      'warehouse' as database,
      matviewname as name,
      schemaname as schema,
      'materialized_view' as type
    from pg_matviews
    where schemaname ilike 'marts_marts'
  
[0m18:08:59.026992 [debug] [ThreadPool]: Opening a new connection, currently in state init
[0m18:08:59.100013 [debug] [ThreadPool]: SQL status: SELECT 4 in 0.072 seconds
[0m18:08:59.102222 [debug] [ThreadPool]: On list_warehouse_marts_marts: ROLLBACK
[0m18:08:59.106290 [debug] [ThreadPool]: On list_warehouse_marts_marts: Close
[0m18:08:59.111313 [debug] [MainThread]: Using postgres connection "master"
[0m18:08:59.112245 [debug] [MainThread]: On master: /* {"app": "dbt", "dbt_version": "1.11.11", "profile_name": "oracle_warehouse", "target_name": "prod", "connection_name": "master"} */
select distinct
        dependent_namespace.nspname as dependent_schema,
        dependent_class.relname as dependent_name,
        referenced_namespace.nspname as referenced_schema,
        referenced_class.relname as referenced_name

    -- Query for views: views are entries in pg_class with an entry in pg_rewrite, but we avoid
    -- a seq scan on pg_rewrite by leveraging the fact there is an "internal" row in pg_depend for
    -- the view...
    from pg_class as dependent_class
    join pg_namespace as dependent_namespace on dependent_namespace.oid = dependent_class.relnamespace
    join pg_depend as dependent_depend on dependent_depend.refobjid = dependent_class.oid
        and dependent_depend.classid = 'pg_rewrite'::regclass
        and dependent_depend.refclassid = 'pg_class'::regclass
        and dependent_depend.deptype = 'i'

    -- ... and via pg_depend (that has a row per column, hence the need for "distinct" above, and
    -- making sure to exclude the internal row to avoid a view appearing to depend on itself)...
    join pg_depend as joining_depend on joining_depend.objid = dependent_depend.objid
        and joining_depend.classid = 'pg_rewrite'::regclass
        and joining_depend.refclassid = 'pg_class'::regclass
        and joining_depend.refobjid != dependent_depend.refobjid

    -- ... we can find the tables they query from in pg_class, but excluding system tables. Note we
    -- don't need need to exclude _dependent_ system tables, because they only query from other
    -- system tables, and so are automatically excluded by excluding _referenced_ system tables
    join pg_class as referenced_class on referenced_class.oid = joining_depend.refobjid
    join pg_namespace as referenced_namespace on referenced_namespace.oid = referenced_class.relnamespace
        and referenced_namespace.nspname != 'information_schema'
        and referenced_namespace.nspname not like 'pg\_%'

    order by
        dependent_schema, dependent_name, referenced_schema, referenced_name;
[0m18:08:59.112989 [debug] [MainThread]: Opening a new connection, currently in state init
[0m18:08:59.213582 [debug] [MainThread]: SQL status: SELECT 2 in 0.100 seconds
[0m18:08:59.215472 [debug] [MainThread]: Sending event: {'category': 'dbt', 'action': 'runnable_timing', 'label': '95d85087-2053-475e-a77a-3c928f1ebc39', 'context': [<snowplow_tracker.self_describing_json.SelfDescribingJson object at 0x7845fcafb590>]}
[0m18:08:59.216472 [debug] [MainThread]: On master: ROLLBACK
[0m18:08:59.220511 [debug] [MainThread]: On master: COMMIT
[0m18:08:59.222087 [debug] [MainThread]: Using postgres connection "master"
[0m18:08:59.223282 [debug] [MainThread]: On master: COMMIT
[0m18:08:59.232944 [debug] [MainThread]: SQL status: COMMIT in 0.008 seconds
[0m18:08:59.233993 [debug] [MainThread]: On master: Close
[0m18:08:59.238127 [debug] [Thread-1 (]: Began running node test.oracle_warehouse.accepted_values_delta_report_change_type__new_row__updated_row.d878a50d17
[0m18:08:59.238604 [debug] [Thread-2 (]: Began running node test.oracle_warehouse.accepted_values_fct_orders_status__PAID__PENDING__SHIPPED__CANCELLED.4bda94c2ee
[0m18:08:59.238994 [debug] [Thread-4 (]: Began running node test.oracle_warehouse.not_null_delta_report_order_id.198a693f2b
[0m18:08:59.239353 [debug] [Thread-3 (]: Began running node test.oracle_warehouse.not_null_delta_report_load_date.2749686861
[0m18:08:59.239690 [info ] [Thread-1 (]: 1 of 15 START test accepted_values_delta_report_change_type__new_row__updated_row  [RUN]
[0m18:08:59.240646 [info ] [Thread-2 (]: 2 of 15 START test accepted_values_fct_orders_status__PAID__PENDING__SHIPPED__CANCELLED  [RUN]
[0m18:08:59.241771 [info ] [Thread-4 (]: 4 of 15 START test not_null_delta_report_order_id .............................. [RUN]
[0m18:08:59.242489 [info ] [Thread-3 (]: 3 of 15 START test not_null_delta_report_load_date ............................. [RUN]
[0m18:08:59.243331 [debug] [Thread-1 (]: Re-using an available connection from the pool (formerly list_warehouse_marts_marts, now test.oracle_warehouse.accepted_values_delta_report_change_type__new_row__updated_row.d878a50d17)
[0m18:08:59.243903 [debug] [Thread-2 (]: Acquiring new postgres connection 'test.oracle_warehouse.accepted_values_fct_orders_status__PAID__PENDING__SHIPPED__CANCELLED.4bda94c2ee'
[0m18:08:59.244567 [debug] [Thread-4 (]: Acquiring new postgres connection 'test.oracle_warehouse.not_null_delta_report_order_id.198a693f2b'
[0m18:08:59.245194 [debug] [Thread-3 (]: Acquiring new postgres connection 'test.oracle_warehouse.not_null_delta_report_load_date.2749686861'
[0m18:08:59.245706 [debug] [Thread-1 (]: Began compiling node test.oracle_warehouse.accepted_values_delta_report_change_type__new_row__updated_row.d878a50d17
[0m18:08:59.246372 [debug] [Thread-2 (]: Began compiling node test.oracle_warehouse.accepted_values_fct_orders_status__PAID__PENDING__SHIPPED__CANCELLED.4bda94c2ee
[0m18:08:59.247387 [debug] [Thread-4 (]: Began compiling node test.oracle_warehouse.not_null_delta_report_order_id.198a693f2b
[0m18:08:59.247868 [debug] [Thread-3 (]: Began compiling node test.oracle_warehouse.not_null_delta_report_load_date.2749686861
[0m18:08:59.255665 [debug] [Thread-1 (]: Writing injected SQL for node "test.oracle_warehouse.accepted_values_delta_report_change_type__new_row__updated_row.d878a50d17"
[0m18:08:59.259740 [debug] [Thread-2 (]: Writing injected SQL for node "test.oracle_warehouse.accepted_values_fct_orders_status__PAID__PENDING__SHIPPED__CANCELLED.4bda94c2ee"
[0m18:08:59.271899 [debug] [Thread-4 (]: Writing injected SQL for node "test.oracle_warehouse.not_null_delta_report_order_id.198a693f2b"
[0m18:08:59.276414 [debug] [Thread-3 (]: Writing injected SQL for node "test.oracle_warehouse.not_null_delta_report_load_date.2749686861"
[0m18:08:59.292043 [debug] [Thread-3 (]: Began executing node test.oracle_warehouse.not_null_delta_report_load_date.2749686861
[0m18:08:59.310513 [debug] [Thread-3 (]: Writing runtime sql for node "test.oracle_warehouse.not_null_delta_report_load_date.2749686861"
[0m18:08:59.312986 [debug] [Thread-4 (]: Began executing node test.oracle_warehouse.not_null_delta_report_order_id.198a693f2b
[0m18:08:59.313661 [debug] [Thread-2 (]: Began executing node test.oracle_warehouse.accepted_values_fct_orders_status__PAID__PENDING__SHIPPED__CANCELLED.4bda94c2ee
[0m18:08:59.316347 [debug] [Thread-4 (]: Writing runtime sql for node "test.oracle_warehouse.not_null_delta_report_order_id.198a693f2b"
[0m18:08:59.317548 [debug] [Thread-1 (]: Began executing node test.oracle_warehouse.accepted_values_delta_report_change_type__new_row__updated_row.d878a50d17
[0m18:08:59.320792 [debug] [Thread-2 (]: Writing runtime sql for node "test.oracle_warehouse.accepted_values_fct_orders_status__PAID__PENDING__SHIPPED__CANCELLED.4bda94c2ee"
[0m18:08:59.326547 [debug] [Thread-1 (]: Writing runtime sql for node "test.oracle_warehouse.accepted_values_delta_report_change_type__new_row__updated_row.d878a50d17"
[0m18:08:59.339721 [debug] [Thread-3 (]: Using postgres connection "test.oracle_warehouse.not_null_delta_report_load_date.2749686861"
[0m18:08:59.340950 [debug] [Thread-3 (]: On test.oracle_warehouse.not_null_delta_report_load_date.2749686861: /* {"app": "dbt", "dbt_version": "1.11.11", "profile_name": "oracle_warehouse", "target_name": "prod", "node_id": "test.oracle_warehouse.not_null_delta_report_load_date.2749686861"} */

    
    select
      count(*) as failures,
      count(*) != 0 as should_warn,
      count(*) != 0 as should_error
    from (
      
    
  
    
    



select load_date
from "warehouse"."marts_marts"."delta_report"
where load_date is null



  
  
      
    ) dbt_internal_test
[0m18:08:59.341880 [debug] [Thread-3 (]: Opening a new connection, currently in state init
[0m18:08:59.344563 [debug] [Thread-2 (]: Using postgres connection "test.oracle_warehouse.accepted_values_fct_orders_status__PAID__PENDING__SHIPPED__CANCELLED.4bda94c2ee"
[0m18:08:59.346010 [debug] [Thread-2 (]: On test.oracle_warehouse.accepted_values_fct_orders_status__PAID__PENDING__SHIPPED__CANCELLED.4bda94c2ee: /* {"app": "dbt", "dbt_version": "1.11.11", "profile_name": "oracle_warehouse", "target_name": "prod", "node_id": "test.oracle_warehouse.accepted_values_fct_orders_status__PAID__PENDING__SHIPPED__CANCELLED.4bda94c2ee"} */

    
    select
      count(*) as failures,
      count(*) != 0 as should_warn,
      count(*) != 0 as should_error
    from (
      
    
  
    
    

with all_values as (

    select
        status as value_field,
        count(*) as n_records

    from "warehouse"."marts_marts"."fct_orders"
    group by status

)

select *
from all_values
where value_field not in (
    'PAID','PENDING','SHIPPED','CANCELLED'
)



  
  
      
    ) dbt_internal_test
[0m18:08:59.347342 [debug] [Thread-2 (]: Opening a new connection, currently in state init
[0m18:08:59.349545 [debug] [Thread-1 (]: Using postgres connection "test.oracle_warehouse.accepted_values_delta_report_change_type__new_row__updated_row.d878a50d17"
[0m18:08:59.350510 [debug] [Thread-1 (]: On test.oracle_warehouse.accepted_values_delta_report_change_type__new_row__updated_row.d878a50d17: /* {"app": "dbt", "dbt_version": "1.11.11", "profile_name": "oracle_warehouse", "target_name": "prod", "node_id": "test.oracle_warehouse.accepted_values_delta_report_change_type__new_row__updated_row.d878a50d17"} */

    
    select
      count(*) as failures,
      count(*) != 0 as should_warn,
      count(*) != 0 as should_error
    from (
      
    
  
    
    

with all_values as (

    select
        change_type as value_field,
        count(*) as n_records

    from "warehouse"."marts_marts"."delta_report"
    group by change_type

)

select *
from all_values
where value_field not in (
    'new_row','updated_row'
)



  
  
      
    ) dbt_internal_test
[0m18:08:59.351243 [debug] [Thread-1 (]: Opening a new connection, currently in state closed
[0m18:08:59.352393 [debug] [Thread-4 (]: Using postgres connection "test.oracle_warehouse.not_null_delta_report_order_id.198a693f2b"
[0m18:08:59.353373 [debug] [Thread-4 (]: On test.oracle_warehouse.not_null_delta_report_order_id.198a693f2b: /* {"app": "dbt", "dbt_version": "1.11.11", "profile_name": "oracle_warehouse", "target_name": "prod", "node_id": "test.oracle_warehouse.not_null_delta_report_order_id.198a693f2b"} */

    
    select
      count(*) as failures,
      count(*) != 0 as should_warn,
      count(*) != 0 as should_error
    from (
      
    
  
    
    



select order_id
from "warehouse"."marts_marts"."delta_report"
where order_id is null



  
  
      
    ) dbt_internal_test
[0m18:08:59.353947 [debug] [Thread-4 (]: Opening a new connection, currently in state init
[0m18:08:59.437997 [debug] [Thread-2 (]: SQL status: SELECT 1 in 0.091 seconds
[0m18:08:59.443440 [debug] [Thread-2 (]: On test.oracle_warehouse.accepted_values_fct_orders_status__PAID__PENDING__SHIPPED__CANCELLED.4bda94c2ee: ROLLBACK
[0m18:08:59.461679 [debug] [Thread-1 (]: SQL status: SELECT 1 in 0.110 seconds
[0m18:08:59.463698 [debug] [Thread-2 (]: On test.oracle_warehouse.accepted_values_fct_orders_status__PAID__PENDING__SHIPPED__CANCELLED.4bda94c2ee: Close
[0m18:08:59.467947 [debug] [Thread-1 (]: On test.oracle_warehouse.accepted_values_delta_report_change_type__new_row__updated_row.d878a50d17: ROLLBACK
[0m18:08:59.470537 [info ] [Thread-2 (]: 2 of 15 PASS accepted_values_fct_orders_status__PAID__PENDING__SHIPPED__CANCELLED  [[32mPASS[0m in 0.23s]
[0m18:08:59.472560 [debug] [Thread-2 (]: Finished running node test.oracle_warehouse.accepted_values_fct_orders_status__PAID__PENDING__SHIPPED__CANCELLED.4bda94c2ee
[0m18:08:59.473755 [debug] [Thread-3 (]: SQL status: SELECT 1 in 0.132 seconds
[0m18:08:59.475106 [debug] [Thread-2 (]: Began running node test.oracle_warehouse.not_null_fct_orders_amount.66810a8d08
[0m18:08:59.478862 [debug] [Thread-3 (]: On test.oracle_warehouse.not_null_delta_report_load_date.2749686861: ROLLBACK
[0m18:08:59.480432 [debug] [Thread-1 (]: On test.oracle_warehouse.accepted_values_delta_report_change_type__new_row__updated_row.d878a50d17: Close
[0m18:08:59.481852 [info ] [Thread-2 (]: 5 of 15 START test not_null_fct_orders_amount .................................. [RUN]
[0m18:08:59.486019 [debug] [Thread-4 (]: SQL status: SELECT 1 in 0.132 seconds
[0m18:08:59.489535 [debug] [Thread-2 (]: Re-using an available connection from the pool (formerly test.oracle_warehouse.accepted_values_fct_orders_status__PAID__PENDING__SHIPPED__CANCELLED.4bda94c2ee, now test.oracle_warehouse.not_null_fct_orders_amount.66810a8d08)
[0m18:08:59.488093 [info ] [Thread-1 (]: 1 of 15 PASS accepted_values_delta_report_change_type__new_row__updated_row .... [[32mPASS[0m in 0.24s]
[0m18:08:59.492088 [debug] [Thread-4 (]: On test.oracle_warehouse.not_null_delta_report_order_id.198a693f2b: ROLLBACK
[0m18:08:59.492692 [debug] [Thread-2 (]: Began compiling node test.oracle_warehouse.not_null_fct_orders_amount.66810a8d08
[0m18:08:59.493597 [debug] [Thread-1 (]: Finished running node test.oracle_warehouse.accepted_values_delta_report_change_type__new_row__updated_row.d878a50d17
[0m18:08:59.498967 [debug] [Thread-2 (]: Writing injected SQL for node "test.oracle_warehouse.not_null_fct_orders_amount.66810a8d08"
[0m18:08:59.500526 [debug] [Thread-1 (]: Began running node test.oracle_warehouse.not_null_fct_orders_loaded_at.7cb41085ba
[0m18:08:59.502377 [debug] [Thread-3 (]: On test.oracle_warehouse.not_null_delta_report_load_date.2749686861: Close
[0m18:08:59.504855 [info ] [Thread-1 (]: 6 of 15 START test not_null_fct_orders_loaded_at ............................... [RUN]
[0m18:08:59.507989 [info ] [Thread-3 (]: 3 of 15 PASS not_null_delta_report_load_date ................................... [[32mPASS[0m in 0.26s]
[0m18:08:59.509770 [debug] [Thread-1 (]: Re-using an available connection from the pool (formerly test.oracle_warehouse.accepted_values_delta_report_change_type__new_row__updated_row.d878a50d17, now test.oracle_warehouse.not_null_fct_orders_loaded_at.7cb41085ba)
[0m18:08:59.512111 [debug] [Thread-3 (]: Finished running node test.oracle_warehouse.not_null_delta_report_load_date.2749686861
[0m18:08:59.513785 [debug] [Thread-1 (]: Began compiling node test.oracle_warehouse.not_null_fct_orders_loaded_at.7cb41085ba
[0m18:08:59.515135 [debug] [Thread-4 (]: On test.oracle_warehouse.not_null_delta_report_order_id.198a693f2b: Close
[0m18:08:59.516402 [debug] [Thread-3 (]: Began running node test.oracle_warehouse.not_null_fct_orders_order_id.4e687af8d0
[0m18:08:59.523503 [debug] [Thread-1 (]: Writing injected SQL for node "test.oracle_warehouse.not_null_fct_orders_loaded_at.7cb41085ba"
[0m18:08:59.525223 [info ] [Thread-4 (]: 4 of 15 PASS not_null_delta_report_order_id .................................... [[32mPASS[0m in 0.28s]
[0m18:08:59.526342 [info ] [Thread-3 (]: 7 of 15 START test not_null_fct_orders_order_id ................................ [RUN]
[0m18:08:59.528644 [debug] [Thread-4 (]: Finished running node test.oracle_warehouse.not_null_delta_report_order_id.198a693f2b
[0m18:08:59.529802 [debug] [Thread-2 (]: Began executing node test.oracle_warehouse.not_null_fct_orders_amount.66810a8d08
[0m18:08:59.531718 [debug] [Thread-3 (]: Re-using an available connection from the pool (formerly test.oracle_warehouse.not_null_delta_report_load_date.2749686861, now test.oracle_warehouse.not_null_fct_orders_order_id.4e687af8d0)
[0m18:08:59.533780 [debug] [Thread-4 (]: Began running node test.oracle_warehouse.source_not_null_staging_customers__dlt_loaded_at.6ea4d6333c
[0m18:08:59.537508 [debug] [Thread-2 (]: Writing runtime sql for node "test.oracle_warehouse.not_null_fct_orders_amount.66810a8d08"
[0m18:08:59.538314 [debug] [Thread-3 (]: Began compiling node test.oracle_warehouse.not_null_fct_orders_order_id.4e687af8d0
[0m18:08:59.538943 [info ] [Thread-4 (]: 8 of 15 START test source_not_null_staging_customers__dlt_loaded_at ............ [RUN]
[0m18:08:59.539661 [debug] [Thread-1 (]: Began executing node test.oracle_warehouse.not_null_fct_orders_loaded_at.7cb41085ba
[0m18:08:59.544265 [debug] [Thread-3 (]: Writing injected SQL for node "test.oracle_warehouse.not_null_fct_orders_order_id.4e687af8d0"
[0m18:08:59.545204 [debug] [Thread-4 (]: Re-using an available connection from the pool (formerly test.oracle_warehouse.not_null_delta_report_order_id.198a693f2b, now test.oracle_warehouse.source_not_null_staging_customers__dlt_loaded_at.6ea4d6333c)
[0m18:08:59.547275 [debug] [Thread-1 (]: Writing runtime sql for node "test.oracle_warehouse.not_null_fct_orders_loaded_at.7cb41085ba"
[0m18:08:59.548299 [debug] [Thread-4 (]: Began compiling node test.oracle_warehouse.source_not_null_staging_customers__dlt_loaded_at.6ea4d6333c
[0m18:08:59.553328 [debug] [Thread-4 (]: Writing injected SQL for node "test.oracle_warehouse.source_not_null_staging_customers__dlt_loaded_at.6ea4d6333c"
[0m18:08:59.557375 [debug] [Thread-2 (]: Using postgres connection "test.oracle_warehouse.not_null_fct_orders_amount.66810a8d08"
[0m18:08:59.558252 [debug] [Thread-2 (]: On test.oracle_warehouse.not_null_fct_orders_amount.66810a8d08: /* {"app": "dbt", "dbt_version": "1.11.11", "profile_name": "oracle_warehouse", "target_name": "prod", "node_id": "test.oracle_warehouse.not_null_fct_orders_amount.66810a8d08"} */

    
    select
      count(*) as failures,
      count(*) != 0 as should_warn,
      count(*) != 0 as should_error
    from (
      
    
  
    
    



select amount
from "warehouse"."marts_marts"."fct_orders"
where amount is null



  
  
      
    ) dbt_internal_test
[0m18:08:59.559259 [debug] [Thread-2 (]: Opening a new connection, currently in state closed
[0m18:08:59.563658 [debug] [Thread-1 (]: Using postgres connection "test.oracle_warehouse.not_null_fct_orders_loaded_at.7cb41085ba"
[0m18:08:59.564457 [debug] [Thread-1 (]: On test.oracle_warehouse.not_null_fct_orders_loaded_at.7cb41085ba: /* {"app": "dbt", "dbt_version": "1.11.11", "profile_name": "oracle_warehouse", "target_name": "prod", "node_id": "test.oracle_warehouse.not_null_fct_orders_loaded_at.7cb41085ba"} */

    
    select
      count(*) as failures,
      count(*) != 0 as should_warn,
      count(*) != 0 as should_error
    from (
      
    
  
    
    



select loaded_at
from "warehouse"."marts_marts"."fct_orders"
where loaded_at is null



  
  
      
    ) dbt_internal_test
[0m18:08:59.565163 [debug] [Thread-3 (]: Began executing node test.oracle_warehouse.not_null_fct_orders_order_id.4e687af8d0
[0m18:08:59.565961 [debug] [Thread-1 (]: Opening a new connection, currently in state closed
[0m18:08:59.572011 [debug] [Thread-3 (]: Writing runtime sql for node "test.oracle_warehouse.not_null_fct_orders_order_id.4e687af8d0"
[0m18:08:59.575062 [debug] [Thread-4 (]: Began executing node test.oracle_warehouse.source_not_null_staging_customers__dlt_loaded_at.6ea4d6333c
[0m18:08:59.579031 [debug] [Thread-4 (]: Writing runtime sql for node "test.oracle_warehouse.source_not_null_staging_customers__dlt_loaded_at.6ea4d6333c"
[0m18:08:59.593703 [debug] [Thread-3 (]: Using postgres connection "test.oracle_warehouse.not_null_fct_orders_order_id.4e687af8d0"
[0m18:08:59.595463 [debug] [Thread-3 (]: On test.oracle_warehouse.not_null_fct_orders_order_id.4e687af8d0: /* {"app": "dbt", "dbt_version": "1.11.11", "profile_name": "oracle_warehouse", "target_name": "prod", "node_id": "test.oracle_warehouse.not_null_fct_orders_order_id.4e687af8d0"} */

    
    select
      count(*) as failures,
      count(*) != 0 as should_warn,
      count(*) != 0 as should_error
    from (
      
    
  
    
    



select order_id
from "warehouse"."marts_marts"."fct_orders"
where order_id is null



  
  
      
    ) dbt_internal_test
[0m18:08:59.598068 [debug] [Thread-3 (]: Opening a new connection, currently in state closed
[0m18:08:59.610408 [debug] [Thread-4 (]: Using postgres connection "test.oracle_warehouse.source_not_null_staging_customers__dlt_loaded_at.6ea4d6333c"
[0m18:08:59.612082 [debug] [Thread-4 (]: On test.oracle_warehouse.source_not_null_staging_customers__dlt_loaded_at.6ea4d6333c: /* {"app": "dbt", "dbt_version": "1.11.11", "profile_name": "oracle_warehouse", "target_name": "prod", "node_id": "test.oracle_warehouse.source_not_null_staging_customers__dlt_loaded_at.6ea4d6333c"} */

    
    select
      count(*) as failures,
      count(*) != 0 as should_warn,
      count(*) != 0 as should_error
    from (
      
    
  
    
    



select _dlt_loaded_at
from "warehouse"."staging"."customers"
where _dlt_loaded_at is null



  
  
      
    ) dbt_internal_test
[0m18:08:59.613550 [debug] [Thread-4 (]: Opening a new connection, currently in state closed
[0m18:08:59.702302 [debug] [Thread-2 (]: SQL status: SELECT 1 in 0.143 seconds
[0m18:08:59.705265 [debug] [Thread-2 (]: On test.oracle_warehouse.not_null_fct_orders_amount.66810a8d08: ROLLBACK
[0m18:08:59.714027 [debug] [Thread-2 (]: On test.oracle_warehouse.not_null_fct_orders_amount.66810a8d08: Close
[0m18:08:59.715407 [debug] [Thread-1 (]: SQL status: SELECT 1 in 0.149 seconds
[0m18:08:59.717628 [info ] [Thread-2 (]: 5 of 15 PASS not_null_fct_orders_amount ........................................ [[32mPASS[0m in 0.23s]
[0m18:08:59.721462 [debug] [Thread-1 (]: On test.oracle_warehouse.not_null_fct_orders_loaded_at.7cb41085ba: ROLLBACK
[0m18:08:59.722985 [debug] [Thread-2 (]: Finished running node test.oracle_warehouse.not_null_fct_orders_amount.66810a8d08
[0m18:08:59.724738 [debug] [Thread-2 (]: Began running node test.oracle_warehouse.source_not_null_staging_customers_customer_id.37583efb74
[0m18:08:59.727143 [info ] [Thread-2 (]: 9 of 15 START test source_not_null_staging_customers_customer_id ............... [RUN]
[0m18:08:59.729362 [debug] [Thread-2 (]: Re-using an available connection from the pool (formerly test.oracle_warehouse.not_null_fct_orders_amount.66810a8d08, now test.oracle_warehouse.source_not_null_staging_customers_customer_id.37583efb74)
[0m18:08:59.731444 [debug] [Thread-2 (]: Began compiling node test.oracle_warehouse.source_not_null_staging_customers_customer_id.37583efb74
[0m18:08:59.740002 [debug] [Thread-1 (]: On test.oracle_warehouse.not_null_fct_orders_loaded_at.7cb41085ba: Close
[0m18:08:59.740537 [debug] [Thread-2 (]: Writing injected SQL for node "test.oracle_warehouse.source_not_null_staging_customers_customer_id.37583efb74"
[0m18:08:59.742874 [debug] [Thread-3 (]: SQL status: SELECT 1 in 0.145 seconds
[0m18:08:59.741920 [info ] [Thread-1 (]: 6 of 15 PASS not_null_fct_orders_loaded_at ..................................... [[32mPASS[0m in 0.23s]
[0m18:08:59.745675 [debug] [Thread-3 (]: On test.oracle_warehouse.not_null_fct_orders_order_id.4e687af8d0: ROLLBACK
[0m18:08:59.746875 [debug] [Thread-1 (]: Finished running node test.oracle_warehouse.not_null_fct_orders_loaded_at.7cb41085ba
[0m18:08:59.750159 [debug] [Thread-1 (]: Began running node test.oracle_warehouse.source_not_null_staging_orders__dlt_loaded_at.89d42ca065
[0m18:08:59.752125 [info ] [Thread-1 (]: 10 of 15 START test source_not_null_staging_orders__dlt_loaded_at .............. [RUN]
[0m18:08:59.754722 [debug] [Thread-1 (]: Re-using an available connection from the pool (formerly test.oracle_warehouse.not_null_fct_orders_loaded_at.7cb41085ba, now test.oracle_warehouse.source_not_null_staging_orders__dlt_loaded_at.89d42ca065)
[0m18:08:59.756666 [debug] [Thread-1 (]: Began compiling node test.oracle_warehouse.source_not_null_staging_orders__dlt_loaded_at.89d42ca065
[0m18:08:59.758595 [debug] [Thread-4 (]: Postgres adapter: Postgres error: column "_dlt_loaded_at" does not exist
LINE 17: select _dlt_loaded_at
                ^

[0m18:08:59.765856 [debug] [Thread-1 (]: Writing injected SQL for node "test.oracle_warehouse.source_not_null_staging_orders__dlt_loaded_at.89d42ca065"
[0m18:08:59.766567 [debug] [Thread-3 (]: On test.oracle_warehouse.not_null_fct_orders_order_id.4e687af8d0: Close
[0m18:08:59.767923 [debug] [Thread-4 (]: On test.oracle_warehouse.source_not_null_staging_customers__dlt_loaded_at.6ea4d6333c: ROLLBACK
[0m18:08:59.769540 [info ] [Thread-3 (]: 7 of 15 PASS not_null_fct_orders_order_id ...................................... [[32mPASS[0m in 0.24s]
[0m18:08:59.770686 [debug] [Thread-3 (]: Finished running node test.oracle_warehouse.not_null_fct_orders_order_id.4e687af8d0
[0m18:08:59.772059 [debug] [Thread-3 (]: Began running node test.oracle_warehouse.source_not_null_staging_orders_order_id.8a94cd7e35
[0m18:08:59.772587 [info ] [Thread-3 (]: 11 of 15 START test source_not_null_staging_orders_order_id .................... [RUN]
[0m18:08:59.772984 [debug] [Thread-2 (]: Began executing node test.oracle_warehouse.source_not_null_staging_customers_customer_id.37583efb74
[0m18:08:59.774039 [debug] [Thread-3 (]: Re-using an available connection from the pool (formerly test.oracle_warehouse.not_null_fct_orders_order_id.4e687af8d0, now test.oracle_warehouse.source_not_null_staging_orders_order_id.8a94cd7e35)
[0m18:08:59.775880 [debug] [Thread-4 (]: On test.oracle_warehouse.source_not_null_staging_customers__dlt_loaded_at.6ea4d6333c: Close
[0m18:08:59.778164 [debug] [Thread-2 (]: Writing runtime sql for node "test.oracle_warehouse.source_not_null_staging_customers_customer_id.37583efb74"
[0m18:08:59.778669 [debug] [Thread-1 (]: Began executing node test.oracle_warehouse.source_not_null_staging_orders__dlt_loaded_at.89d42ca065
[0m18:08:59.779136 [debug] [Thread-3 (]: Began compiling node test.oracle_warehouse.source_not_null_staging_orders_order_id.8a94cd7e35
[0m18:08:59.784364 [debug] [Thread-1 (]: Writing runtime sql for node "test.oracle_warehouse.source_not_null_staging_orders__dlt_loaded_at.89d42ca065"
[0m18:08:59.792601 [debug] [Thread-3 (]: Writing injected SQL for node "test.oracle_warehouse.source_not_null_staging_orders_order_id.8a94cd7e35"
[0m18:08:59.800019 [debug] [Thread-4 (]: Database Error in test source_not_null_staging_customers__dlt_loaded_at (models/staging/sources.yml)
  column "_dlt_loaded_at" does not exist
  LINE 17: select _dlt_loaded_at
                  ^
  compiled code at target/run/oracle_warehouse/models/staging/sources.yml/source_not_null_staging_customers__dlt_loaded_at.sql
[0m18:08:59.802057 [error] [Thread-4 (]: 8 of 15 ERROR source_not_null_staging_customers__dlt_loaded_at ................. [[31mERROR[0m in 0.26s]
[0m18:08:59.804026 [debug] [Thread-4 (]: Finished running node test.oracle_warehouse.source_not_null_staging_customers__dlt_loaded_at.6ea4d6333c
[0m18:08:59.805680 [debug] [Thread-4 (]: Began running node test.oracle_warehouse.source_not_null_staging_orders_updated_at.9d13676043
[0m18:08:59.807464 [debug] [Thread-7 (]: Marking all children of 'test.oracle_warehouse.source_not_null_staging_customers__dlt_loaded_at.6ea4d6333c' to be skipped because of status 'error'.  Reason: Database Error in test source_not_null_staging_customers__dlt_loaded_at (models/staging/sources.yml)
  column "_dlt_loaded_at" does not exist
  LINE 17: select _dlt_loaded_at
                  ^
  compiled code at target/run/oracle_warehouse/models/staging/sources.yml/source_not_null_staging_customers__dlt_loaded_at.sql.
[0m18:08:59.808877 [info ] [Thread-4 (]: 12 of 15 START test source_not_null_staging_orders_updated_at .................. [RUN]
[0m18:08:59.811740 [debug] [Thread-4 (]: Re-using an available connection from the pool (formerly test.oracle_warehouse.source_not_null_staging_customers__dlt_loaded_at.6ea4d6333c, now test.oracle_warehouse.source_not_null_staging_orders_updated_at.9d13676043)
[0m18:08:59.812281 [debug] [Thread-2 (]: Using postgres connection "test.oracle_warehouse.source_not_null_staging_customers_customer_id.37583efb74"
[0m18:08:59.813176 [debug] [Thread-4 (]: Began compiling node test.oracle_warehouse.source_not_null_staging_orders_updated_at.9d13676043
[0m18:08:59.814465 [debug] [Thread-2 (]: On test.oracle_warehouse.source_not_null_staging_customers_customer_id.37583efb74: /* {"app": "dbt", "dbt_version": "1.11.11", "profile_name": "oracle_warehouse", "target_name": "prod", "node_id": "test.oracle_warehouse.source_not_null_staging_customers_customer_id.37583efb74"} */

    
    select
      count(*) as failures,
      count(*) != 0 as should_warn,
      count(*) != 0 as should_error
    from (
      
    
  
    
    



select customer_id
from "warehouse"."staging"."customers"
where customer_id is null



  
  
      
    ) dbt_internal_test
[0m18:08:59.816069 [debug] [Thread-1 (]: Using postgres connection "test.oracle_warehouse.source_not_null_staging_orders__dlt_loaded_at.89d42ca065"
[0m18:08:59.821090 [debug] [Thread-4 (]: Writing injected SQL for node "test.oracle_warehouse.source_not_null_staging_orders_updated_at.9d13676043"
[0m18:08:59.821539 [debug] [Thread-3 (]: Began executing node test.oracle_warehouse.source_not_null_staging_orders_order_id.8a94cd7e35
[0m18:08:59.822098 [debug] [Thread-2 (]: Opening a new connection, currently in state closed
[0m18:08:59.823046 [debug] [Thread-1 (]: On test.oracle_warehouse.source_not_null_staging_orders__dlt_loaded_at.89d42ca065: /* {"app": "dbt", "dbt_version": "1.11.11", "profile_name": "oracle_warehouse", "target_name": "prod", "node_id": "test.oracle_warehouse.source_not_null_staging_orders__dlt_loaded_at.89d42ca065"} */

    
    select
      count(*) as failures,
      count(*) != 0 as should_warn,
      count(*) != 0 as should_error
    from (
      
    
  
    
    



select _dlt_loaded_at
from "warehouse"."staging"."orders"
where _dlt_loaded_at is null



  
  
      
    ) dbt_internal_test
[0m18:08:59.826547 [debug] [Thread-3 (]: Writing runtime sql for node "test.oracle_warehouse.source_not_null_staging_orders_order_id.8a94cd7e35"
[0m18:08:59.827903 [debug] [Thread-1 (]: Opening a new connection, currently in state closed
[0m18:08:59.841479 [debug] [Thread-4 (]: Began executing node test.oracle_warehouse.source_not_null_staging_orders_updated_at.9d13676043
[0m18:08:59.845911 [debug] [Thread-4 (]: Writing runtime sql for node "test.oracle_warehouse.source_not_null_staging_orders_updated_at.9d13676043"
[0m18:08:59.849055 [debug] [Thread-3 (]: Using postgres connection "test.oracle_warehouse.source_not_null_staging_orders_order_id.8a94cd7e35"
[0m18:08:59.851689 [debug] [Thread-3 (]: On test.oracle_warehouse.source_not_null_staging_orders_order_id.8a94cd7e35: /* {"app": "dbt", "dbt_version": "1.11.11", "profile_name": "oracle_warehouse", "target_name": "prod", "node_id": "test.oracle_warehouse.source_not_null_staging_orders_order_id.8a94cd7e35"} */

    
    select
      count(*) as failures,
      count(*) != 0 as should_warn,
      count(*) != 0 as should_error
    from (
      
    
  
    
    



select order_id
from "warehouse"."staging"."orders"
where order_id is null



  
  
      
    ) dbt_internal_test
[0m18:08:59.853176 [debug] [Thread-3 (]: Opening a new connection, currently in state closed
[0m18:08:59.857878 [debug] [Thread-4 (]: Using postgres connection "test.oracle_warehouse.source_not_null_staging_orders_updated_at.9d13676043"
[0m18:08:59.859121 [debug] [Thread-4 (]: On test.oracle_warehouse.source_not_null_staging_orders_updated_at.9d13676043: /* {"app": "dbt", "dbt_version": "1.11.11", "profile_name": "oracle_warehouse", "target_name": "prod", "node_id": "test.oracle_warehouse.source_not_null_staging_orders_updated_at.9d13676043"} */

    
    select
      count(*) as failures,
      count(*) != 0 as should_warn,
      count(*) != 0 as should_error
    from (
      
    
  
    
    



select updated_at
from "warehouse"."staging"."orders"
where updated_at is null



  
  
      
    ) dbt_internal_test
[0m18:08:59.859638 [debug] [Thread-4 (]: Opening a new connection, currently in state closed
[0m18:08:59.906610 [debug] [Thread-2 (]: SQL status: SELECT 1 in 0.084 seconds
[0m18:08:59.910300 [debug] [Thread-2 (]: On test.oracle_warehouse.source_not_null_staging_customers_customer_id.37583efb74: ROLLBACK
[0m18:08:59.911569 [debug] [Thread-1 (]: Postgres adapter: Postgres error: column "_dlt_loaded_at" does not exist
LINE 17: select _dlt_loaded_at
                ^

[0m18:08:59.912417 [debug] [Thread-1 (]: On test.oracle_warehouse.source_not_null_staging_orders__dlt_loaded_at.89d42ca065: ROLLBACK
[0m18:08:59.919627 [debug] [Thread-1 (]: On test.oracle_warehouse.source_not_null_staging_orders__dlt_loaded_at.89d42ca065: Close
[0m18:08:59.920436 [debug] [Thread-2 (]: On test.oracle_warehouse.source_not_null_staging_customers_customer_id.37583efb74: Close
[0m18:08:59.925704 [info ] [Thread-2 (]: 9 of 15 PASS source_not_null_staging_customers_customer_id ..................... [[32mPASS[0m in 0.20s]
[0m18:08:59.927670 [debug] [Thread-1 (]: Database Error in test source_not_null_staging_orders__dlt_loaded_at (models/staging/sources.yml)
  column "_dlt_loaded_at" does not exist
  LINE 17: select _dlt_loaded_at
                  ^
  compiled code at target/run/oracle_warehouse/models/staging/sources.yml/source_not_null_staging_orders__dlt_loaded_at.sql
[0m18:08:59.929480 [debug] [Thread-2 (]: Finished running node test.oracle_warehouse.source_not_null_staging_customers_customer_id.37583efb74
[0m18:08:59.931569 [error] [Thread-1 (]: 10 of 15 ERROR source_not_null_staging_orders__dlt_loaded_at ................... [[31mERROR[0m in 0.18s]
[0m18:08:59.934767 [debug] [Thread-2 (]: Began running node test.oracle_warehouse.source_unique_staging_customers_customer_id.d8103a1a70
[0m18:08:59.937175 [debug] [Thread-1 (]: Finished running node test.oracle_warehouse.source_not_null_staging_orders__dlt_loaded_at.89d42ca065
[0m18:08:59.938320 [info ] [Thread-2 (]: 13 of 15 START test source_unique_staging_customers_customer_id ................ [RUN]
[0m18:08:59.939239 [debug] [Thread-1 (]: Began running node test.oracle_warehouse.source_unique_staging_orders_order_id.449154f9c3
[0m18:08:59.939664 [debug] [Thread-7 (]: Marking all children of 'test.oracle_warehouse.source_not_null_staging_orders__dlt_loaded_at.89d42ca065' to be skipped because of status 'error'.  Reason: Database Error in test source_not_null_staging_orders__dlt_loaded_at (models/staging/sources.yml)
  column "_dlt_loaded_at" does not exist
  LINE 17: select _dlt_loaded_at
                  ^
  compiled code at target/run/oracle_warehouse/models/staging/sources.yml/source_not_null_staging_orders__dlt_loaded_at.sql.
[0m18:08:59.940151 [debug] [Thread-2 (]: Re-using an available connection from the pool (formerly test.oracle_warehouse.source_not_null_staging_customers_customer_id.37583efb74, now test.oracle_warehouse.source_unique_staging_customers_customer_id.d8103a1a70)
[0m18:08:59.941349 [info ] [Thread-1 (]: 14 of 15 START test source_unique_staging_orders_order_id ...................... [RUN]
[0m18:08:59.942374 [debug] [Thread-2 (]: Began compiling node test.oracle_warehouse.source_unique_staging_customers_customer_id.d8103a1a70
[0m18:08:59.943161 [debug] [Thread-1 (]: Re-using an available connection from the pool (formerly test.oracle_warehouse.source_not_null_staging_orders__dlt_loaded_at.89d42ca065, now test.oracle_warehouse.source_unique_staging_orders_order_id.449154f9c3)
[0m18:08:59.948615 [debug] [Thread-2 (]: Writing injected SQL for node "test.oracle_warehouse.source_unique_staging_customers_customer_id.d8103a1a70"
[0m18:08:59.949760 [debug] [Thread-1 (]: Began compiling node test.oracle_warehouse.source_unique_staging_orders_order_id.449154f9c3
[0m18:08:59.956437 [debug] [Thread-1 (]: Writing injected SQL for node "test.oracle_warehouse.source_unique_staging_orders_order_id.449154f9c3"
[0m18:08:59.960206 [debug] [Thread-3 (]: SQL status: SELECT 1 in 0.107 seconds
[0m18:08:59.962414 [debug] [Thread-3 (]: On test.oracle_warehouse.source_not_null_staging_orders_order_id.8a94cd7e35: ROLLBACK
[0m18:08:59.965803 [debug] [Thread-2 (]: Began executing node test.oracle_warehouse.source_unique_staging_customers_customer_id.d8103a1a70
[0m18:08:59.971418 [debug] [Thread-2 (]: Writing runtime sql for node "test.oracle_warehouse.source_unique_staging_customers_customer_id.d8103a1a70"
[0m18:08:59.972836 [debug] [Thread-3 (]: On test.oracle_warehouse.source_not_null_staging_orders_order_id.8a94cd7e35: Close
[0m18:08:59.974316 [info ] [Thread-3 (]: 11 of 15 PASS source_not_null_staging_orders_order_id .......................... [[32mPASS[0m in 0.20s]
[0m18:08:59.975713 [debug] [Thread-1 (]: Began executing node test.oracle_warehouse.source_unique_staging_orders_order_id.449154f9c3
[0m18:08:59.977051 [debug] [Thread-3 (]: Finished running node test.oracle_warehouse.source_not_null_staging_orders_order_id.8a94cd7e35
[0m18:08:59.980969 [debug] [Thread-1 (]: Writing runtime sql for node "test.oracle_warehouse.source_unique_staging_orders_order_id.449154f9c3"
[0m18:08:59.982333 [debug] [Thread-3 (]: Began running node test.oracle_warehouse.unique_fct_orders_order_id.523ddb6ce5
[0m18:08:59.984873 [info ] [Thread-3 (]: 15 of 15 START test unique_fct_orders_order_id ................................. [RUN]
[0m18:08:59.986648 [debug] [Thread-3 (]: Re-using an available connection from the pool (formerly test.oracle_warehouse.source_not_null_staging_orders_order_id.8a94cd7e35, now test.oracle_warehouse.unique_fct_orders_order_id.523ddb6ce5)
[0m18:08:59.987709 [debug] [Thread-3 (]: Began compiling node test.oracle_warehouse.unique_fct_orders_order_id.523ddb6ce5
[0m18:08:59.994908 [debug] [Thread-3 (]: Writing injected SQL for node "test.oracle_warehouse.unique_fct_orders_order_id.523ddb6ce5"
[0m18:08:59.998216 [debug] [Thread-2 (]: Using postgres connection "test.oracle_warehouse.source_unique_staging_customers_customer_id.d8103a1a70"
[0m18:09:00.000283 [debug] [Thread-2 (]: On test.oracle_warehouse.source_unique_staging_customers_customer_id.d8103a1a70: /* {"app": "dbt", "dbt_version": "1.11.11", "profile_name": "oracle_warehouse", "target_name": "prod", "node_id": "test.oracle_warehouse.source_unique_staging_customers_customer_id.d8103a1a70"} */

    
    select
      count(*) as failures,
      count(*) != 0 as should_warn,
      count(*) != 0 as should_error
    from (
      
    
  
    
    

select
    customer_id as unique_field,
    count(*) as n_records

from "warehouse"."staging"."customers"
where customer_id is not null
group by customer_id
having count(*) > 1



  
  
      
    ) dbt_internal_test
[0m18:09:00.002204 [debug] [Thread-2 (]: Opening a new connection, currently in state closed
[0m18:09:00.003709 [debug] [Thread-4 (]: SQL status: SELECT 1 in 0.144 seconds
[0m18:09:00.008957 [debug] [Thread-4 (]: On test.oracle_warehouse.source_not_null_staging_orders_updated_at.9d13676043: ROLLBACK
[0m18:09:00.010474 [debug] [Thread-1 (]: Using postgres connection "test.oracle_warehouse.source_unique_staging_orders_order_id.449154f9c3"
[0m18:09:00.012774 [debug] [Thread-1 (]: On test.oracle_warehouse.source_unique_staging_orders_order_id.449154f9c3: /* {"app": "dbt", "dbt_version": "1.11.11", "profile_name": "oracle_warehouse", "target_name": "prod", "node_id": "test.oracle_warehouse.source_unique_staging_orders_order_id.449154f9c3"} */

    
    select
      count(*) as failures,
      count(*) != 0 as should_warn,
      count(*) != 0 as should_error
    from (
      
    
  
    
    

select
    order_id as unique_field,
    count(*) as n_records

from "warehouse"."staging"."orders"
where order_id is not null
group by order_id
having count(*) > 1



  
  
      
    ) dbt_internal_test
[0m18:09:00.015004 [debug] [Thread-1 (]: Opening a new connection, currently in state closed
[0m18:09:00.028813 [debug] [Thread-4 (]: On test.oracle_warehouse.source_not_null_staging_orders_updated_at.9d13676043: Close
[0m18:09:00.030669 [debug] [Thread-3 (]: Began executing node test.oracle_warehouse.unique_fct_orders_order_id.523ddb6ce5
[0m18:09:00.032051 [info ] [Thread-4 (]: 12 of 15 PASS source_not_null_staging_orders_updated_at ........................ [[32mPASS[0m in 0.22s]
[0m18:09:00.035995 [debug] [Thread-3 (]: Writing runtime sql for node "test.oracle_warehouse.unique_fct_orders_order_id.523ddb6ce5"
[0m18:09:00.037414 [debug] [Thread-4 (]: Finished running node test.oracle_warehouse.source_not_null_staging_orders_updated_at.9d13676043
[0m18:09:00.061350 [debug] [Thread-3 (]: Using postgres connection "test.oracle_warehouse.unique_fct_orders_order_id.523ddb6ce5"
[0m18:09:00.063204 [debug] [Thread-3 (]: On test.oracle_warehouse.unique_fct_orders_order_id.523ddb6ce5: /* {"app": "dbt", "dbt_version": "1.11.11", "profile_name": "oracle_warehouse", "target_name": "prod", "node_id": "test.oracle_warehouse.unique_fct_orders_order_id.523ddb6ce5"} */

    
    select
      count(*) as failures,
      count(*) != 0 as should_warn,
      count(*) != 0 as should_error
    from (
      
    
  
    
    

select
    order_id as unique_field,
    count(*) as n_records

from "warehouse"."marts_marts"."fct_orders"
where order_id is not null
group by order_id
having count(*) > 1



  
  
      
    ) dbt_internal_test
[0m18:09:00.064788 [debug] [Thread-3 (]: Opening a new connection, currently in state closed
[0m18:09:00.104057 [debug] [Thread-2 (]: SQL status: SELECT 1 in 0.102 seconds
[0m18:09:00.110518 [debug] [Thread-2 (]: On test.oracle_warehouse.source_unique_staging_customers_customer_id.d8103a1a70: ROLLBACK
[0m18:09:00.113160 [debug] [Thread-1 (]: SQL status: SELECT 1 in 0.098 seconds
[0m18:09:00.116025 [debug] [Thread-1 (]: On test.oracle_warehouse.source_unique_staging_orders_order_id.449154f9c3: ROLLBACK
[0m18:09:00.117604 [debug] [Thread-2 (]: On test.oracle_warehouse.source_unique_staging_customers_customer_id.d8103a1a70: Close
[0m18:09:00.119434 [info ] [Thread-2 (]: 13 of 15 PASS source_unique_staging_customers_customer_id ...................... [[32mPASS[0m in 0.18s]
[0m18:09:00.121182 [debug] [Thread-2 (]: Finished running node test.oracle_warehouse.source_unique_staging_customers_customer_id.d8103a1a70
[0m18:09:00.121541 [debug] [Thread-1 (]: On test.oracle_warehouse.source_unique_staging_orders_order_id.449154f9c3: Close
[0m18:09:00.123607 [info ] [Thread-1 (]: 14 of 15 PASS source_unique_staging_orders_order_id ............................ [[32mPASS[0m in 0.18s]
[0m18:09:00.125661 [debug] [Thread-1 (]: Finished running node test.oracle_warehouse.source_unique_staging_orders_order_id.449154f9c3
[0m18:09:00.151819 [debug] [Thread-3 (]: SQL status: SELECT 1 in 0.087 seconds
[0m18:09:00.154558 [debug] [Thread-3 (]: On test.oracle_warehouse.unique_fct_orders_order_id.523ddb6ce5: ROLLBACK
[0m18:09:00.160033 [debug] [Thread-3 (]: On test.oracle_warehouse.unique_fct_orders_order_id.523ddb6ce5: Close
[0m18:09:00.162019 [info ] [Thread-3 (]: 15 of 15 PASS unique_fct_orders_order_id ....................................... [[32mPASS[0m in 0.18s]
[0m18:09:00.163050 [debug] [Thread-3 (]: Finished running node test.oracle_warehouse.unique_fct_orders_order_id.523ddb6ce5
[0m18:09:00.165368 [debug] [MainThread]: On master: COMMIT
[0m18:09:00.166336 [debug] [MainThread]: Using postgres connection "master"
[0m18:09:00.167059 [debug] [MainThread]: On master: COMMIT
[0m18:09:00.167836 [debug] [MainThread]: Opening a new connection, currently in state closed
[0m18:09:00.226031 [debug] [MainThread]: SQL status: COMMIT in 0.058 seconds
[0m18:09:00.227016 [debug] [MainThread]: On master: Close
[0m18:09:00.228301 [debug] [MainThread]: Connection 'master' was properly closed.
[0m18:09:00.229109 [debug] [MainThread]: Connection 'test.oracle_warehouse.source_unique_staging_orders_order_id.449154f9c3' was properly closed.
[0m18:09:00.229632 [debug] [MainThread]: Connection 'test.oracle_warehouse.source_unique_staging_customers_customer_id.d8103a1a70' was properly closed.
[0m18:09:00.230312 [debug] [MainThread]: Connection 'test.oracle_warehouse.source_not_null_staging_orders_updated_at.9d13676043' was properly closed.
[0m18:09:00.230811 [debug] [MainThread]: Connection 'test.oracle_warehouse.unique_fct_orders_order_id.523ddb6ce5' was properly closed.
[0m18:09:00.231509 [info ] [MainThread]: 
[0m18:09:00.232185 [info ] [MainThread]: Finished running 15 data tests in 0 hours 0 minutes and 1.24 seconds (1.24s).
[0m18:09:00.234532 [debug] [MainThread]: Command end result
[0m18:09:00.290337 [debug] [MainThread]: Wrote artifact WritableManifest to /opt/airflow/dbt_project/target/manifest.json
[0m18:09:00.301125 [debug] [MainThread]: Wrote artifact SemanticManifest to /opt/airflow/dbt_project/target/semantic_manifest.json
[0m18:09:00.319134 [debug] [MainThread]: Wrote artifact RunExecutionResult to /opt/airflow/dbt_project/target/run_results.json
[0m18:09:00.319958 [info ] [MainThread]: 
[0m18:09:00.320714 [info ] [MainThread]: [31mCompleted with 2 errors, 0 partial successes, and 0 warnings:[0m
[0m18:09:00.321429 [info ] [MainThread]: 
[0m18:09:00.322438 [error] [MainThread]: [31mFailure in test source_not_null_staging_customers__dlt_loaded_at (models/staging/sources.yml)[0m
[0m18:09:00.323469 [error] [MainThread]:   Database Error in test source_not_null_staging_customers__dlt_loaded_at (models/staging/sources.yml)
  column "_dlt_loaded_at" does not exist
  LINE 17: select _dlt_loaded_at
                  ^
  compiled code at target/run/oracle_warehouse/models/staging/sources.yml/source_not_null_staging_customers__dlt_loaded_at.sql
[0m18:09:00.324220 [info ] [MainThread]: 
[0m18:09:00.324894 [info ] [MainThread]:   compiled code at target/compiled/oracle_warehouse/models/staging/sources.yml/source_not_null_staging_customers__dlt_loaded_at.sql
[0m18:09:00.325959 [info ] [MainThread]: 
[0m18:09:00.326659 [error] [MainThread]: [31mFailure in test source_not_null_staging_orders__dlt_loaded_at (models/staging/sources.yml)[0m
[0m18:09:00.327341 [error] [MainThread]:   Database Error in test source_not_null_staging_orders__dlt_loaded_at (models/staging/sources.yml)
  column "_dlt_loaded_at" does not exist
  LINE 17: select _dlt_loaded_at
                  ^
  compiled code at target/run/oracle_warehouse/models/staging/sources.yml/source_not_null_staging_orders__dlt_loaded_at.sql
[0m18:09:00.328023 [info ] [MainThread]: 
[0m18:09:00.328895 [info ] [MainThread]:   compiled code at target/compiled/oracle_warehouse/models/staging/sources.yml/source_not_null_staging_orders__dlt_loaded_at.sql
[0m18:09:00.329690 [info ] [MainThread]: 
[0m18:09:00.330321 [info ] [MainThread]: Done. PASS=13 WARN=0 ERROR=2 SKIP=0 NO-OP=0 TOTAL=15
[0m18:09:00.331328 [warn ] [MainThread]: [[33mWARNING[0m][DeprecationsSummary]: Deprecated functionality
Summary of encountered deprecations:
- MissingArgumentsPropertyInGenericTestDeprecation: 2 occurrences
To see all deprecation instances instead of just the first occurrence of each,
run command again with the `--show-all-deprecations` flag. You may also need to
run with `--no-partial-parse` as some deprecations are only encountered during
parsing.
[0m18:09:00.332671 [debug] [MainThread]: Resource report: {"command_name": "test", "command_success": false, "command_wall_clock_time": 3.308006, "process_in_blocks": "0", "process_kernel_time": 0.304004, "process_mem_max_rss": "155572", "process_out_blocks": "0", "process_user_time": 3.40485}
[0m18:09:00.333556 [debug] [MainThread]: Command `dbt test` failed at 18:09:00.333473 after 3.31 seconds
[0m18:09:00.334529 [debug] [MainThread]: Sending event: {'category': 'dbt', 'action': 'invocation', 'label': 'end', 'context': [<snowplow_tracker.self_describing_json.SelfDescribingJson object at 0x7845dbf364c0>, <snowplow_tracker.self_describing_json.SelfDescribingJson object at 0x7845d8c3afd0>, <snowplow_tracker.self_describing_json.SelfDescribingJson object at 0x7845d8c38a50>]}
[0m18:09:00.335183 [debug] [MainThread]: Flushing usage events
[0m18:09:01.009540 [debug] [MainThread]: An error was encountered while trying to flush usage events
[0m08:12:02.153315 [debug] [MainThread]: Sending event: {'category': 'dbt', 'action': 'invocation', 'label': 'start', 'context': [<snowplow_tracker.self_describing_json.SelfDescribingJson object at 0x7ebd69154ec0>, <snowplow_tracker.self_describing_json.SelfDescribingJson object at 0x7ebd68063c50>, <snowplow_tracker.self_describing_json.SelfDescribingJson object at 0x7ebd68063b10>]}


============================== 08:12:02.159028 | 39b498d5-70d2-48c4-a783-47add8ec32ac ==============================
[0m08:12:02.159028 [info ] [MainThread]: Running with dbt=1.11.11
[0m08:12:02.159974 [debug] [MainThread]: running dbt with arguments {'send_anonymous_usage_stats': 'True', 'log_format': 'default', 'log_path': '/opt/airflow/dbt_project/logs', 'version_check': 'False', 'use_experimental_parser': 'False', 'profiles_dir': '/opt/airflow/dbt_project', 'write_json': 'True', 'invocation_command': 'dbt run --project-dir /opt/airflow/dbt_project --profiles-dir /opt/airflow/dbt_project --select staging --no-version-check --no-partial-parse', 'indirect_selection': 'eager', 'empty': 'False', 'use_colors': 'True', 'target_path': 'None', 'printer_width': '80', 'no_print': 'None', 'warn_error_options': 'WarnErrorOptionsV2(error=[], warn=[], silence=[])', 'fail_fast': 'False', 'quiet': 'False', 'partial_parse': 'False', 'cache_selected_only': 'False', 'log_cache_events': 'False', 'introspect': 'True', 'debug': 'False', 'static_parser': 'True', 'warn_error': 'None'}
[0m08:12:02.427297 [debug] [MainThread]: Sending event: {'category': 'dbt', 'action': 'project_id', 'label': '39b498d5-70d2-48c4-a783-47add8ec32ac', 'context': [<snowplow_tracker.self_describing_json.SelfDescribingJson object at 0x7ebd68d403e0>]}
[0m08:12:02.503801 [debug] [MainThread]: Sending event: {'category': 'dbt', 'action': 'adapter_info', 'label': '39b498d5-70d2-48c4-a783-47add8ec32ac', 'context': [<snowplow_tracker.self_describing_json.SelfDescribingJson object at 0x7ebd6ab42360>]}
[0m08:12:02.505669 [info ] [MainThread]: Registered adapter: postgres=1.10.0
[0m08:12:02.559927 [debug] [MainThread]: checksum: 30a8cc8fdcbf66701b0944d4ccce3fa46dd04b61e5df68b9f16d57b2e0e3f0be, vars: {}, profile: , target: , version: 1.11.11
[0m08:12:02.570036 [debug] [MainThread]: Partial parsing not enabled
[0m08:12:03.833313 [warn ] [MainThread]: [[33mWARNING[0m][MissingArgumentsPropertyInGenericTestDeprecation]: Deprecated
functionality
Found top-level arguments to test `accepted_values` defined on 'fct_orders' in
package 'oracle_warehouse' (models/marts/schema.yml). Arguments to generic tests
should be nested under the `arguments` property.
[0m08:12:03.834466 [debug] [MainThread]: Sending event: {'category': 'dbt', 'action': 'deprecation', 'label': '39b498d5-70d2-48c4-a783-47add8ec32ac', 'property_': 'warn', 'context': [<snowplow_tracker.self_describing_json.SelfDescribingJson object at 0x7ebd680f7050>]}
[0m08:12:04.078324 [debug] [MainThread]: Sending event: {'category': 'dbt', 'action': 'load_project', 'label': '39b498d5-70d2-48c4-a783-47add8ec32ac', 'context': [<snowplow_tracker.self_describing_json.SelfDescribingJson object at 0x7ebd663748c0>]}
[0m08:12:04.274389 [debug] [MainThread]: Wrote artifact WritableManifest to /opt/airflow/dbt_project/target/manifest.json
[0m08:12:04.294778 [debug] [MainThread]: Wrote artifact SemanticManifest to /opt/airflow/dbt_project/target/semantic_manifest.json
[0m08:12:04.340015 [debug] [MainThread]: Sending event: {'category': 'dbt', 'action': 'resource_counts', 'label': '39b498d5-70d2-48c4-a783-47add8ec32ac', 'context': [<snowplow_tracker.self_describing_json.SelfDescribingJson object at 0x7ebd43c082f0>]}
[0m08:12:04.340977 [info ] [MainThread]: Found 4 models, 15 data tests, 2 sources, 475 macros
[0m08:12:04.341620 [debug] [MainThread]: Sending event: {'category': 'dbt', 'action': 'runnable_timing', 'label': '39b498d5-70d2-48c4-a783-47add8ec32ac', 'context': [<snowplow_tracker.self_describing_json.SelfDescribingJson object at 0x7ebd6635a340>]}
[0m08:12:04.343665 [info ] [MainThread]: 
[0m08:12:04.344438 [info ] [MainThread]: Concurrency: 4 threads (target='prod')
[0m08:12:04.344965 [info ] [MainThread]: 
[0m08:12:04.345632 [debug] [MainThread]: Acquiring new postgres connection 'master'
[0m08:12:04.350138 [debug] [ThreadPool]: Acquiring new postgres connection 'list_warehouse'
[0m08:12:04.394680 [debug] [ThreadPool]: Using postgres connection "list_warehouse"
[0m08:12:04.396014 [debug] [ThreadPool]: On list_warehouse: /* {"app": "dbt", "dbt_version": "1.11.11", "profile_name": "oracle_warehouse", "target_name": "prod", "connection_name": "list_warehouse"} */

    select distinct nspname from pg_namespace
  
[0m08:12:04.397276 [debug] [ThreadPool]: Opening a new connection, currently in state init
[0m08:12:04.478803 [debug] [ThreadPool]: SQL status: SELECT 12 in 0.081 seconds
[0m08:12:04.480714 [debug] [ThreadPool]: On list_warehouse: Close
[0m08:12:04.483196 [debug] [ThreadPool]: Re-using an available connection from the pool (formerly list_warehouse, now list_warehouse_marts_marts)
[0m08:12:04.489189 [debug] [ThreadPool]: Using postgres connection "list_warehouse_marts_marts"
[0m08:12:04.490215 [debug] [ThreadPool]: On list_warehouse_marts_marts: /* {"app": "dbt", "dbt_version": "1.11.11", "profile_name": "oracle_warehouse", "target_name": "prod", "connection_name": "list_warehouse_marts_marts"} */
select
      'warehouse' as database,
      tablename as name,
      schemaname as schema,
      'table' as type
    from pg_tables
    where schemaname ilike 'marts_marts'
    union all
    select
      'warehouse' as database,
      viewname as name,
      schemaname as schema,
      'view' as type
    from pg_views
    where schemaname ilike 'marts_marts'
    union all
    select
      'warehouse' as database,
      matviewname as name,
      schemaname as schema,
      'materialized_view' as type
    from pg_matviews
    where schemaname ilike 'marts_marts'
  
[0m08:12:04.490837 [debug] [ThreadPool]: Opening a new connection, currently in state closed
[0m08:12:04.565674 [debug] [ThreadPool]: SQL status: SELECT 4 in 0.075 seconds
[0m08:12:04.570786 [debug] [ThreadPool]: On list_warehouse_marts_marts: ROLLBACK
[0m08:12:04.575672 [debug] [ThreadPool]: On list_warehouse_marts_marts: Close
[0m08:12:04.581011 [debug] [MainThread]: Using postgres connection "master"
[0m08:12:04.582133 [debug] [MainThread]: On master: /* {"app": "dbt", "dbt_version": "1.11.11", "profile_name": "oracle_warehouse", "target_name": "prod", "connection_name": "master"} */
select distinct
        dependent_namespace.nspname as dependent_schema,
        dependent_class.relname as dependent_name,
        referenced_namespace.nspname as referenced_schema,
        referenced_class.relname as referenced_name

    -- Query for views: views are entries in pg_class with an entry in pg_rewrite, but we avoid
    -- a seq scan on pg_rewrite by leveraging the fact there is an "internal" row in pg_depend for
    -- the view...
    from pg_class as dependent_class
    join pg_namespace as dependent_namespace on dependent_namespace.oid = dependent_class.relnamespace
    join pg_depend as dependent_depend on dependent_depend.refobjid = dependent_class.oid
        and dependent_depend.classid = 'pg_rewrite'::regclass
        and dependent_depend.refclassid = 'pg_class'::regclass
        and dependent_depend.deptype = 'i'

    -- ... and via pg_depend (that has a row per column, hence the need for "distinct" above, and
    -- making sure to exclude the internal row to avoid a view appearing to depend on itself)...
    join pg_depend as joining_depend on joining_depend.objid = dependent_depend.objid
        and joining_depend.classid = 'pg_rewrite'::regclass
        and joining_depend.refclassid = 'pg_class'::regclass
        and joining_depend.refobjid != dependent_depend.refobjid

    -- ... we can find the tables they query from in pg_class, but excluding system tables. Note we
    -- don't need need to exclude _dependent_ system tables, because they only query from other
    -- system tables, and so are automatically excluded by excluding _referenced_ system tables
    join pg_class as referenced_class on referenced_class.oid = joining_depend.refobjid
    join pg_namespace as referenced_namespace on referenced_namespace.oid = referenced_class.relnamespace
        and referenced_namespace.nspname != 'information_schema'
        and referenced_namespace.nspname not like 'pg\_%'

    order by
        dependent_schema, dependent_name, referenced_schema, referenced_name;
[0m08:12:04.582953 [debug] [MainThread]: Opening a new connection, currently in state init
[0m08:12:04.658477 [debug] [MainThread]: SQL status: SELECT 2 in 0.075 seconds
[0m08:12:04.660171 [debug] [MainThread]: Sending event: {'category': 'dbt', 'action': 'runnable_timing', 'label': '39b498d5-70d2-48c4-a783-47add8ec32ac', 'context': [<snowplow_tracker.self_describing_json.SelfDescribingJson object at 0x7ebd43c1dd90>]}
[0m08:12:04.660941 [debug] [MainThread]: On master: ROLLBACK
[0m08:12:04.665260 [debug] [MainThread]: On master: COMMIT
[0m08:12:04.666234 [debug] [MainThread]: Using postgres connection "master"
[0m08:12:04.666753 [debug] [MainThread]: On master: COMMIT
[0m08:12:04.673711 [debug] [MainThread]: SQL status: COMMIT in 0.006 seconds
[0m08:12:04.674545 [debug] [MainThread]: On master: Close
[0m08:12:04.679970 [debug] [Thread-1 (]: Began running node model.oracle_warehouse.stg_customers
[0m08:12:04.680654 [debug] [Thread-2 (]: Began running node model.oracle_warehouse.stg_orders
[0m08:12:04.681375 [info ] [Thread-1 (]: 1 of 2 START sql view model marts_marts.stg_customers .......................... [RUN]
[0m08:12:04.682254 [info ] [Thread-2 (]: 2 of 2 START sql view model marts_marts.stg_orders ............................. [RUN]
[0m08:12:04.682973 [debug] [Thread-1 (]: Re-using an available connection from the pool (formerly list_warehouse_marts_marts, now model.oracle_warehouse.stg_customers)
[0m08:12:04.684058 [debug] [Thread-2 (]: Acquiring new postgres connection 'model.oracle_warehouse.stg_orders'
[0m08:12:04.684994 [debug] [Thread-1 (]: Began compiling node model.oracle_warehouse.stg_customers
[0m08:12:04.685453 [debug] [Thread-2 (]: Began compiling node model.oracle_warehouse.stg_orders
[0m08:12:04.692065 [debug] [Thread-1 (]: Writing injected SQL for node "model.oracle_warehouse.stg_customers"
[0m08:12:04.694454 [debug] [Thread-2 (]: Writing injected SQL for node "model.oracle_warehouse.stg_orders"
[0m08:12:04.714769 [debug] [Thread-1 (]: Began executing node model.oracle_warehouse.stg_customers
[0m08:12:04.721521 [debug] [Thread-2 (]: Began executing node model.oracle_warehouse.stg_orders
[0m08:12:04.761838 [debug] [Thread-2 (]: Writing runtime sql for node "model.oracle_warehouse.stg_orders"
[0m08:12:04.762477 [debug] [Thread-1 (]: Writing runtime sql for node "model.oracle_warehouse.stg_customers"
[0m08:12:04.783844 [debug] [Thread-2 (]: Using postgres connection "model.oracle_warehouse.stg_orders"
[0m08:12:04.785049 [debug] [Thread-2 (]: On model.oracle_warehouse.stg_orders: /* {"app": "dbt", "dbt_version": "1.11.11", "profile_name": "oracle_warehouse", "target_name": "prod", "node_id": "model.oracle_warehouse.stg_orders"} */

  create view "warehouse"."marts_marts"."stg_orders__dbt_tmp"
    
    
  as (
    -- =============================================================================
-- models/staging/stg_orders.sql
-- =============================================================================
-- Lightweight VIEW over the raw DLT-loaded orders table.
-- Purpose: cast types, rename columns, filter soft-deletes.
-- Materialized as a VIEW so it always reflects the latest DLT load.
-- =============================================================================



SELECT
    order_id::INTEGER                   AS order_id,
    customer_id::INTEGER                AS customer_id,

    UPPER(TRIM(status))                 AS status,
    amount::NUMERIC(10,2)               AS amount,
    UPPER(TRIM(product_code))           AS product_code,

    created_at::TIMESTAMPTZ             AS created_at,
    updated_at::TIMESTAMPTZ             AS updated_at,

    -- DLT metadata columns — kept for delta filtering in marts
    _dlt_id                             AS _dlt_id,
    _dlt_load_id                      AS _dlt_load_id

FROM "warehouse"."staging"."orders"

-- Filter soft-deleted rows (is_deleted=1 set in Oracle before export)
WHERE COALESCE(is_deleted, 0) = 0
  );
[0m08:12:04.785953 [debug] [Thread-2 (]: Opening a new connection, currently in state init
[0m08:12:04.787088 [debug] [Thread-1 (]: Using postgres connection "model.oracle_warehouse.stg_customers"
[0m08:12:04.787822 [debug] [Thread-1 (]: On model.oracle_warehouse.stg_customers: /* {"app": "dbt", "dbt_version": "1.11.11", "profile_name": "oracle_warehouse", "target_name": "prod", "node_id": "model.oracle_warehouse.stg_customers"} */

  create view "warehouse"."marts_marts"."stg_customers__dbt_tmp"
    
    
  as (
    -- =============================================================================
-- models/staging/stg_customers.sql
-- =============================================================================



SELECT
    customer_id::INTEGER                AS customer_id,
    INITCAP(TRIM(full_name))            AS full_name,
    LOWER(TRIM(email))                  AS email,
    UPPER(TRIM(country))                AS country,
    UPPER(TRIM(tier))                   AS tier,   -- GOLD / SILVER / STANDARD

    created_at::TIMESTAMPTZ             AS created_at,
    updated_at::TIMESTAMPTZ             AS updated_at,

    _dlt_id                             AS _dlt_id,
    _dlt_load_id                      AS _dlt_load_id

FROM "warehouse"."staging"."customers"
WHERE COALESCE(is_deleted, 0) = 0
  );
[0m08:12:04.788507 [debug] [Thread-1 (]: Opening a new connection, currently in state closed
[0m08:12:04.888981 [debug] [Thread-1 (]: SQL status: CREATE VIEW in 0.100 seconds
[0m08:12:04.889584 [debug] [Thread-2 (]: SQL status: CREATE VIEW in 0.104 seconds
[0m08:12:04.895423 [debug] [Thread-1 (]: Using postgres connection "model.oracle_warehouse.stg_customers"
[0m08:12:04.898275 [debug] [Thread-2 (]: Using postgres connection "model.oracle_warehouse.stg_orders"
[0m08:12:04.899401 [debug] [Thread-1 (]: On model.oracle_warehouse.stg_customers: /* {"app": "dbt", "dbt_version": "1.11.11", "profile_name": "oracle_warehouse", "target_name": "prod", "node_id": "model.oracle_warehouse.stg_customers"} */
alter table "warehouse"."marts_marts"."stg_customers" rename to "stg_customers__dbt_backup"
[0m08:12:04.900568 [debug] [Thread-2 (]: On model.oracle_warehouse.stg_orders: /* {"app": "dbt", "dbt_version": "1.11.11", "profile_name": "oracle_warehouse", "target_name": "prod", "node_id": "model.oracle_warehouse.stg_orders"} */
alter table "warehouse"."marts_marts"."stg_orders" rename to "stg_orders__dbt_backup"
[0m08:12:04.916175 [debug] [Thread-2 (]: SQL status: ALTER TABLE in 0.014 seconds
[0m08:12:04.917061 [debug] [Thread-1 (]: SQL status: ALTER TABLE in 0.016 seconds
[0m08:12:04.920051 [debug] [Thread-2 (]: Using postgres connection "model.oracle_warehouse.stg_orders"
[0m08:12:04.922845 [debug] [Thread-1 (]: Using postgres connection "model.oracle_warehouse.stg_customers"
[0m08:12:04.923725 [debug] [Thread-2 (]: On model.oracle_warehouse.stg_orders: /* {"app": "dbt", "dbt_version": "1.11.11", "profile_name": "oracle_warehouse", "target_name": "prod", "node_id": "model.oracle_warehouse.stg_orders"} */
alter table "warehouse"."marts_marts"."stg_orders__dbt_tmp" rename to "stg_orders"
[0m08:12:04.924451 [debug] [Thread-1 (]: On model.oracle_warehouse.stg_customers: /* {"app": "dbt", "dbt_version": "1.11.11", "profile_name": "oracle_warehouse", "target_name": "prod", "node_id": "model.oracle_warehouse.stg_customers"} */
alter table "warehouse"."marts_marts"."stg_customers__dbt_tmp" rename to "stg_customers"
[0m08:12:04.929113 [debug] [Thread-1 (]: SQL status: ALTER TABLE in 0.003 seconds
[0m08:12:04.929992 [debug] [Thread-2 (]: SQL status: ALTER TABLE in 0.005 seconds
[0m08:12:04.953496 [debug] [Thread-2 (]: On model.oracle_warehouse.stg_orders: COMMIT
[0m08:12:04.953982 [debug] [Thread-1 (]: On model.oracle_warehouse.stg_customers: COMMIT
[0m08:12:04.954423 [debug] [Thread-2 (]: Using postgres connection "model.oracle_warehouse.stg_orders"
[0m08:12:04.955510 [debug] [Thread-1 (]: Using postgres connection "model.oracle_warehouse.stg_customers"
[0m08:12:04.956220 [debug] [Thread-2 (]: On model.oracle_warehouse.stg_orders: COMMIT
[0m08:12:04.957112 [debug] [Thread-1 (]: On model.oracle_warehouse.stg_customers: COMMIT
[0m08:12:04.969726 [debug] [Thread-1 (]: SQL status: COMMIT in 0.011 seconds
[0m08:12:04.971470 [debug] [Thread-2 (]: SQL status: COMMIT in 0.013 seconds
[0m08:12:04.978241 [debug] [Thread-1 (]: Applying DROP to: "warehouse"."marts_marts"."stg_customers__dbt_backup"
[0m08:12:04.981052 [debug] [Thread-2 (]: Applying DROP to: "warehouse"."marts_marts"."stg_orders__dbt_backup"
[0m08:12:04.985486 [debug] [Thread-1 (]: Using postgres connection "model.oracle_warehouse.stg_customers"
[0m08:12:04.986809 [debug] [Thread-2 (]: Using postgres connection "model.oracle_warehouse.stg_orders"
[0m08:12:04.988141 [debug] [Thread-1 (]: On model.oracle_warehouse.stg_customers: /* {"app": "dbt", "dbt_version": "1.11.11", "profile_name": "oracle_warehouse", "target_name": "prod", "node_id": "model.oracle_warehouse.stg_customers"} */
drop view if exists "warehouse"."marts_marts"."stg_customers__dbt_backup" cascade
[0m08:12:04.989144 [debug] [Thread-2 (]: On model.oracle_warehouse.stg_orders: /* {"app": "dbt", "dbt_version": "1.11.11", "profile_name": "oracle_warehouse", "target_name": "prod", "node_id": "model.oracle_warehouse.stg_orders"} */
drop view if exists "warehouse"."marts_marts"."stg_orders__dbt_backup" cascade
[0m08:12:05.018718 [debug] [Thread-2 (]: SQL status: DROP VIEW in 0.028 seconds
[0m08:12:05.023227 [debug] [Thread-2 (]: On model.oracle_warehouse.stg_orders: Close
[0m08:12:05.026229 [debug] [Thread-2 (]: Sending event: {'category': 'dbt', 'action': 'run_model', 'label': '39b498d5-70d2-48c4-a783-47add8ec32ac', 'context': [<snowplow_tracker.self_describing_json.SelfDescribingJson object at 0x7ebd43c664c0>]}
[0m08:12:05.027771 [info ] [Thread-2 (]: 2 of 2 OK created sql view model marts_marts.stg_orders ........................ [[32mCREATE VIEW[0m in 0.34s]
[0m08:12:05.029270 [debug] [Thread-2 (]: Finished running node model.oracle_warehouse.stg_orders
[0m08:12:05.045880 [debug] [Thread-1 (]: SQL status: DROP VIEW in 0.056 seconds
[0m08:12:05.048009 [debug] [Thread-1 (]: On model.oracle_warehouse.stg_customers: Close
[0m08:12:05.049267 [debug] [Thread-1 (]: Sending event: {'category': 'dbt', 'action': 'run_model', 'label': '39b498d5-70d2-48c4-a783-47add8ec32ac', 'context': [<snowplow_tracker.self_describing_json.SelfDescribingJson object at 0x7ebd66ff2850>]}
[0m08:12:05.050300 [info ] [Thread-1 (]: 1 of 2 OK created sql view model marts_marts.stg_customers ..................... [[32mCREATE VIEW[0m in 0.37s]
[0m08:12:05.051118 [debug] [Thread-1 (]: Finished running node model.oracle_warehouse.stg_customers
[0m08:12:05.055840 [debug] [MainThread]: On master: COMMIT
[0m08:12:05.057142 [debug] [MainThread]: Using postgres connection "master"
[0m08:12:05.057896 [debug] [MainThread]: On master: COMMIT
[0m08:12:05.058834 [debug] [MainThread]: Opening a new connection, currently in state closed
[0m08:12:05.125377 [debug] [MainThread]: SQL status: COMMIT in 0.067 seconds
[0m08:12:05.126295 [debug] [MainThread]: On master: Close
[0m08:12:05.128441 [debug] [MainThread]: Connection 'master' was properly closed.
[0m08:12:05.129083 [debug] [MainThread]: Connection 'model.oracle_warehouse.stg_customers' was properly closed.
[0m08:12:05.129864 [debug] [MainThread]: Connection 'model.oracle_warehouse.stg_orders' was properly closed.
[0m08:12:05.131584 [info ] [MainThread]: 
[0m08:12:05.132604 [info ] [MainThread]: Finished running 2 view models in 0 hours 0 minutes and 0.79 seconds (0.79s).
[0m08:12:05.133972 [debug] [MainThread]: Command end result
[0m08:12:05.194645 [debug] [MainThread]: Wrote artifact WritableManifest to /opt/airflow/dbt_project/target/manifest.json
[0m08:12:05.205826 [debug] [MainThread]: Wrote artifact SemanticManifest to /opt/airflow/dbt_project/target/semantic_manifest.json
[0m08:12:05.237468 [debug] [MainThread]: Wrote artifact RunExecutionResult to /opt/airflow/dbt_project/target/run_results.json
[0m08:12:05.238990 [info ] [MainThread]: 
[0m08:12:05.239826 [info ] [MainThread]: [32mCompleted successfully[0m
[0m08:12:05.240505 [info ] [MainThread]: 
[0m08:12:05.241347 [info ] [MainThread]: Done. PASS=2 WARN=0 ERROR=0 SKIP=0 NO-OP=0 TOTAL=2
[0m08:12:05.242435 [warn ] [MainThread]: [[33mWARNING[0m][DeprecationsSummary]: Deprecated functionality
Summary of encountered deprecations:
- MissingArgumentsPropertyInGenericTestDeprecation: 2 occurrences
To see all deprecation instances instead of just the first occurrence of each,
run command again with the `--show-all-deprecations` flag. You may also need to
run with `--no-partial-parse` as some deprecations are only encountered during
parsing.
[0m08:12:05.244120 [debug] [MainThread]: Resource report: {"command_name": "run", "command_success": true, "command_wall_clock_time": 3.234755, "process_in_blocks": "0", "process_kernel_time": 0.724151, "process_mem_max_rss": "153772", "process_out_blocks": "0", "process_user_time": 3.173605}
[0m08:12:05.245219 [debug] [MainThread]: Command `dbt run` succeeded at 08:12:05.245135 after 3.24 seconds
[0m08:12:05.246160 [debug] [MainThread]: Sending event: {'category': 'dbt', 'action': 'invocation', 'label': 'end', 'context': [<snowplow_tracker.self_describing_json.SelfDescribingJson object at 0x7ebd43ccb1d0>, <snowplow_tracker.self_describing_json.SelfDescribingJson object at 0x7ebd68eb76d0>, <snowplow_tracker.self_describing_json.SelfDescribingJson object at 0x7ebd67efbbd0>]}
[0m08:12:05.247070 [debug] [MainThread]: Flushing usage events
[0m08:12:06.185905 [debug] [MainThread]: An error was encountered while trying to flush usage events
[0m08:12:09.042873 [debug] [MainThread]: Sending event: {'category': 'dbt', 'action': 'invocation', 'label': 'start', 'context': [<snowplow_tracker.self_describing_json.SelfDescribingJson object at 0x7b183e76cec0>, <snowplow_tracker.self_describing_json.SelfDescribingJson object at 0x7b183d67fc50>, <snowplow_tracker.self_describing_json.SelfDescribingJson object at 0x7b183d67fb10>]}


============================== 08:12:09.046506 | 94f64130-f2c8-46ee-bb5a-5d79c8489e30 ==============================
[0m08:12:09.046506 [info ] [MainThread]: Running with dbt=1.11.11
[0m08:12:09.047337 [debug] [MainThread]: running dbt with arguments {'write_json': 'True', 'target_path': 'None', 'profiles_dir': '/opt/airflow/dbt_project', 'printer_width': '80', 'log_cache_events': 'False', 'log_format': 'default', 'no_print': 'None', 'use_experimental_parser': 'False', 'empty': 'False', 'introspect': 'True', 'cache_selected_only': 'False', 'partial_parse': 'False', 'indirect_selection': 'eager', 'use_colors': 'True', 'fail_fast': 'False', 'log_path': '/opt/airflow/dbt_project/logs', 'static_parser': 'True', 'warn_error': 'None', 'version_check': 'False', 'invocation_command': 'dbt run --project-dir /opt/airflow/dbt_project --profiles-dir /opt/airflow/dbt_project --select marts --no-version-check --no-partial-parse', 'send_anonymous_usage_stats': 'True', 'debug': 'False', 'warn_error_options': 'WarnErrorOptionsV2(error=[], warn=[], silence=[])', 'quiet': 'False'}
[0m08:12:09.239011 [debug] [MainThread]: Sending event: {'category': 'dbt', 'action': 'project_id', 'label': '94f64130-f2c8-46ee-bb5a-5d79c8489e30', 'context': [<snowplow_tracker.self_describing_json.SelfDescribingJson object at 0x7b183e3583e0>]}
[0m08:12:09.312466 [debug] [MainThread]: Sending event: {'category': 'dbt', 'action': 'adapter_info', 'label': '94f64130-f2c8-46ee-bb5a-5d79c8489e30', 'context': [<snowplow_tracker.self_describing_json.SelfDescribingJson object at 0x7b184015a360>]}
[0m08:12:09.314003 [info ] [MainThread]: Registered adapter: postgres=1.10.0
[0m08:12:09.372866 [debug] [MainThread]: checksum: 30a8cc8fdcbf66701b0944d4ccce3fa46dd04b61e5df68b9f16d57b2e0e3f0be, vars: {}, profile: , target: , version: 1.11.11
[0m08:12:09.379830 [debug] [MainThread]: Partial parsing not enabled
[0m08:12:10.608964 [warn ] [MainThread]: [[33mWARNING[0m][MissingArgumentsPropertyInGenericTestDeprecation]: Deprecated
functionality
Found top-level arguments to test `accepted_values` defined on 'fct_orders' in
package 'oracle_warehouse' (models/marts/schema.yml). Arguments to generic tests
should be nested under the `arguments` property.
[0m08:12:10.610280 [debug] [MainThread]: Sending event: {'category': 'dbt', 'action': 'deprecation', 'label': '94f64130-f2c8-46ee-bb5a-5d79c8489e30', 'property_': 'warn', 'context': [<snowplow_tracker.self_describing_json.SelfDescribingJson object at 0x7b183d713050>]}
[0m08:12:10.851545 [debug] [MainThread]: Sending event: {'category': 'dbt', 'action': 'load_project', 'label': '94f64130-f2c8-46ee-bb5a-5d79c8489e30', 'context': [<snowplow_tracker.self_describing_json.SelfDescribingJson object at 0x7b183b9748c0>]}
[0m08:12:10.961960 [debug] [MainThread]: Wrote artifact WritableManifest to /opt/airflow/dbt_project/target/manifest.json
[0m08:12:10.970301 [debug] [MainThread]: Wrote artifact SemanticManifest to /opt/airflow/dbt_project/target/semantic_manifest.json
[0m08:12:10.992219 [debug] [MainThread]: Sending event: {'category': 'dbt', 'action': 'resource_counts', 'label': '94f64130-f2c8-46ee-bb5a-5d79c8489e30', 'context': [<snowplow_tracker.self_describing_json.SelfDescribingJson object at 0x7b18392f42f0>]}
[0m08:12:10.993226 [info ] [MainThread]: Found 4 models, 15 data tests, 2 sources, 475 macros
[0m08:12:10.994238 [debug] [MainThread]: Sending event: {'category': 'dbt', 'action': 'runnable_timing', 'label': '94f64130-f2c8-46ee-bb5a-5d79c8489e30', 'context': [<snowplow_tracker.self_describing_json.SelfDescribingJson object at 0x7b183b95a340>]}
[0m08:12:10.996448 [info ] [MainThread]: 
[0m08:12:10.997356 [info ] [MainThread]: Concurrency: 4 threads (target='prod')
[0m08:12:10.998066 [info ] [MainThread]: 
[0m08:12:10.999145 [debug] [MainThread]: Acquiring new postgres connection 'master'
[0m08:12:11.002853 [debug] [ThreadPool]: Acquiring new postgres connection 'list_warehouse'
[0m08:12:11.028027 [debug] [ThreadPool]: Using postgres connection "list_warehouse"
[0m08:12:11.029151 [debug] [ThreadPool]: On list_warehouse: /* {"app": "dbt", "dbt_version": "1.11.11", "profile_name": "oracle_warehouse", "target_name": "prod", "connection_name": "list_warehouse"} */

    select distinct nspname from pg_namespace
  
[0m08:12:11.029845 [debug] [ThreadPool]: Opening a new connection, currently in state init
[0m08:12:11.193563 [debug] [ThreadPool]: SQL status: SELECT 12 in 0.164 seconds
[0m08:12:11.196554 [debug] [ThreadPool]: On list_warehouse: Close
[0m08:12:11.199578 [debug] [ThreadPool]: Re-using an available connection from the pool (formerly list_warehouse, now list_warehouse_marts_marts)
[0m08:12:11.207257 [debug] [ThreadPool]: Using postgres connection "list_warehouse_marts_marts"
[0m08:12:11.208847 [debug] [ThreadPool]: On list_warehouse_marts_marts: /* {"app": "dbt", "dbt_version": "1.11.11", "profile_name": "oracle_warehouse", "target_name": "prod", "connection_name": "list_warehouse_marts_marts"} */
select
      'warehouse' as database,
      tablename as name,
      schemaname as schema,
      'table' as type
    from pg_tables
    where schemaname ilike 'marts_marts'
    union all
    select
      'warehouse' as database,
      viewname as name,
      schemaname as schema,
      'view' as type
    from pg_views
    where schemaname ilike 'marts_marts'
    union all
    select
      'warehouse' as database,
      matviewname as name,
      schemaname as schema,
      'materialized_view' as type
    from pg_matviews
    where schemaname ilike 'marts_marts'
  
[0m08:12:11.215278 [debug] [ThreadPool]: Opening a new connection, currently in state closed
[0m08:12:11.490567 [debug] [ThreadPool]: SQL status: SELECT 4 in 0.275 seconds
[0m08:12:11.492379 [debug] [ThreadPool]: On list_warehouse_marts_marts: ROLLBACK
[0m08:12:11.546617 [debug] [ThreadPool]: On list_warehouse_marts_marts: Close
[0m08:12:11.551366 [debug] [MainThread]: Using postgres connection "master"
[0m08:12:11.552047 [debug] [MainThread]: On master: /* {"app": "dbt", "dbt_version": "1.11.11", "profile_name": "oracle_warehouse", "target_name": "prod", "connection_name": "master"} */
select distinct
        dependent_namespace.nspname as dependent_schema,
        dependent_class.relname as dependent_name,
        referenced_namespace.nspname as referenced_schema,
        referenced_class.relname as referenced_name

    -- Query for views: views are entries in pg_class with an entry in pg_rewrite, but we avoid
    -- a seq scan on pg_rewrite by leveraging the fact there is an "internal" row in pg_depend for
    -- the view...
    from pg_class as dependent_class
    join pg_namespace as dependent_namespace on dependent_namespace.oid = dependent_class.relnamespace
    join pg_depend as dependent_depend on dependent_depend.refobjid = dependent_class.oid
        and dependent_depend.classid = 'pg_rewrite'::regclass
        and dependent_depend.refclassid = 'pg_class'::regclass
        and dependent_depend.deptype = 'i'

    -- ... and via pg_depend (that has a row per column, hence the need for "distinct" above, and
    -- making sure to exclude the internal row to avoid a view appearing to depend on itself)...
    join pg_depend as joining_depend on joining_depend.objid = dependent_depend.objid
        and joining_depend.classid = 'pg_rewrite'::regclass
        and joining_depend.refclassid = 'pg_class'::regclass
        and joining_depend.refobjid != dependent_depend.refobjid

    -- ... we can find the tables they query from in pg_class, but excluding system tables. Note we
    -- don't need need to exclude _dependent_ system tables, because they only query from other
    -- system tables, and so are automatically excluded by excluding _referenced_ system tables
    join pg_class as referenced_class on referenced_class.oid = joining_depend.refobjid
    join pg_namespace as referenced_namespace on referenced_namespace.oid = referenced_class.relnamespace
        and referenced_namespace.nspname != 'information_schema'
        and referenced_namespace.nspname not like 'pg\_%'

    order by
        dependent_schema, dependent_name, referenced_schema, referenced_name;
[0m08:12:11.554672 [debug] [MainThread]: Opening a new connection, currently in state init
[0m08:12:11.660530 [debug] [MainThread]: SQL status: SELECT 2 in 0.106 seconds
[0m08:12:11.662250 [debug] [MainThread]: Sending event: {'category': 'dbt', 'action': 'runnable_timing', 'label': '94f64130-f2c8-46ee-bb5a-5d79c8489e30', 'context': [<snowplow_tracker.self_describing_json.SelfDescribingJson object at 0x7b1839301d90>]}
[0m08:12:11.663202 [debug] [MainThread]: On master: ROLLBACK
[0m08:12:11.668184 [debug] [MainThread]: On master: COMMIT
[0m08:12:11.668928 [debug] [MainThread]: Using postgres connection "master"
[0m08:12:11.669588 [debug] [MainThread]: On master: COMMIT
[0m08:12:11.676259 [debug] [MainThread]: SQL status: COMMIT in 0.006 seconds
[0m08:12:11.677205 [debug] [MainThread]: On master: Close
[0m08:12:11.681437 [debug] [Thread-1 (]: Began running node model.oracle_warehouse.delta_report
[0m08:12:11.681924 [debug] [Thread-2 (]: Began running node model.oracle_warehouse.fct_orders
[0m08:12:11.682494 [info ] [Thread-1 (]: 1 of 2 START sql incremental model marts_marts.delta_report .................... [RUN]
[0m08:12:11.683222 [info ] [Thread-2 (]: 2 of 2 START sql incremental model marts_marts.fct_orders ...................... [RUN]
[0m08:12:11.683908 [debug] [Thread-1 (]: Re-using an available connection from the pool (formerly list_warehouse_marts_marts, now model.oracle_warehouse.delta_report)
[0m08:12:11.684592 [debug] [Thread-2 (]: Acquiring new postgres connection 'model.oracle_warehouse.fct_orders'
[0m08:12:11.685160 [debug] [Thread-1 (]: Began compiling node model.oracle_warehouse.delta_report
[0m08:12:11.686803 [debug] [Thread-2 (]: Began compiling node model.oracle_warehouse.fct_orders
[0m08:12:11.695169 [debug] [Thread-1 (]: Writing injected SQL for node "model.oracle_warehouse.delta_report"
[0m08:12:11.698231 [debug] [Thread-2 (]: Writing injected SQL for node "model.oracle_warehouse.fct_orders"
[0m08:12:11.717290 [debug] [Thread-1 (]: Began executing node model.oracle_warehouse.delta_report
[0m08:12:11.736939 [debug] [Thread-2 (]: Began executing node model.oracle_warehouse.fct_orders
[0m08:12:11.777218 [debug] [Thread-2 (]: Using postgres connection "model.oracle_warehouse.fct_orders"
[0m08:12:11.778616 [debug] [Thread-1 (]: Using postgres connection "model.oracle_warehouse.delta_report"
[0m08:12:11.779198 [debug] [Thread-2 (]: On model.oracle_warehouse.fct_orders: /* {"app": "dbt", "dbt_version": "1.11.11", "profile_name": "oracle_warehouse", "target_name": "prod", "node_id": "model.oracle_warehouse.fct_orders"} */

    
  
    

  create temporary table "fct_orders__dbt_tmp081211744554"
  
  
    as
  
  (
    -- =============================================================================
-- models/marts/fct_orders.sql
-- =============================================================================
-- INCREMENTAL fact table — the core delta model.
--
-- How delta works here:
--   First run  → processes ALL rows from stg_orders (full load)
--   Every run after → the is_incremental() block injects a WHERE clause that
--                     only picks up rows whose _dlt_loaded_at is NEWER than
--                     the highest loaded_at already in this table.
--
-- This means DBT only transforms rows that DLT loaded THIS RUN.
-- The merge strategy then upserts them: new rows inserted, changed rows updated.
-- =============================================================================


with source as (
    select
        o.order_id,
        o.customer_id,
        o.status,
        o.amount,
        o.product_code,
        o.created_at,
        o.updated_at,
        o._dlt_load_id,
        c.full_name     as customer_name,
        c.country       as customer_country,
        c.tier          as customer_tier
    from "warehouse"."marts_marts"."stg_orders" as o
    left join "warehouse"."marts_marts"."stg_customers" as c
        on o.customer_id = c.customer_id

  
    where o.updated_at > (
        select coalesce(max(updated_at), '1970-01-01'::timestamptz)
        from "warehouse"."marts_marts"."fct_orders"
    )
    
)

select
    order_id,
    customer_id,
    customer_name,
    customer_country,
    customer_tier,
    status,
    amount,
    product_code,
    case when status = 'PAID'    then amount else 0 end  as paid_amount,
    case when status = 'PENDING' then amount else 0 end  as pending_amount,
    case when amount > 500       then true  else false end as is_high_value,
    date_trunc('day',  created_at)  as order_date,
    date_trunc('week', created_at)  as order_week,
    date_trunc('month',created_at)  as order_month,
    created_at,
    updated_at,
    updated_at as loaded_at
from source
  );
  
  
[0m08:12:11.780322 [debug] [Thread-1 (]: On model.oracle_warehouse.delta_report: /* {"app": "dbt", "dbt_version": "1.11.11", "profile_name": "oracle_warehouse", "target_name": "prod", "node_id": "model.oracle_warehouse.delta_report"} */

    
  
    

  create temporary table "delta_report__dbt_tmp081211742358"
  
  
    as
  
  (
    -- =============================================================================
-- models/marts/delta_report.sql
-- =============================================================================
-- Append-only log of every row that was new or changed in each DLT run.
-- Your team queries this to monitor what moved through the pipeline.
--
-- Query to check today's delta:
--   SELECT * FROM marts.delta_report WHERE load_date = CURRENT_DATE ORDER BY detected_at DESC;
-- =============================================================================


select
    o.order_id,
    o.customer_id,
    o.status,
    o.amount,
    o.product_code,
    o.updated_at                        as changed_at_source,
    o.updated_at                        as detected_at,
    cast(o.updated_at as date)          as load_date,
    case
        when o.updated_at = o.created_at then 'new_row'
        else 'updated_row'
    end                                 as change_type

from "warehouse"."marts_marts"."stg_orders" as o


where o.updated_at > (
    select coalesce(max(detected_at), '1970-01-01'::timestamptz)
    from "warehouse"."marts_marts"."delta_report"
)

  );
  
  
[0m08:12:11.781572 [debug] [Thread-2 (]: Opening a new connection, currently in state init
[0m08:12:11.782593 [debug] [Thread-1 (]: Opening a new connection, currently in state closed
[0m08:12:13.665450 [debug] [Thread-1 (]: SQL status: SELECT 999898 in 1.883 seconds
[0m08:12:13.676224 [debug] [Thread-1 (]: Using postgres connection "model.oracle_warehouse.delta_report"
[0m08:12:13.677279 [debug] [Thread-1 (]: On model.oracle_warehouse.delta_report: /* {"app": "dbt", "dbt_version": "1.11.11", "profile_name": "oracle_warehouse", "target_name": "prod", "node_id": "model.oracle_warehouse.delta_report"} */

      select
          column_name,
          data_type,
          character_maximum_length,
          numeric_precision,
          numeric_scale

      from INFORMATION_SCHEMA.columns
      where table_name = 'delta_report__dbt_tmp081211742358'
        
      order by ordinal_position

  
[0m08:12:13.725692 [debug] [Thread-1 (]: SQL status: SELECT 9 in 0.047 seconds
[0m08:12:13.731638 [debug] [Thread-1 (]: Using postgres connection "model.oracle_warehouse.delta_report"
[0m08:12:13.732641 [debug] [Thread-1 (]: On model.oracle_warehouse.delta_report: /* {"app": "dbt", "dbt_version": "1.11.11", "profile_name": "oracle_warehouse", "target_name": "prod", "node_id": "model.oracle_warehouse.delta_report"} */

      select
          column_name,
          data_type,
          character_maximum_length,
          numeric_precision,
          numeric_scale

      from "warehouse".INFORMATION_SCHEMA.columns
      where table_name = 'delta_report'
        
        and table_schema = 'marts_marts'
        
      order by ordinal_position

  
[0m08:12:13.756308 [debug] [Thread-1 (]: SQL status: SELECT 9 in 0.023 seconds
[0m08:12:13.770215 [debug] [Thread-1 (]: Using postgres connection "model.oracle_warehouse.delta_report"
[0m08:12:13.771194 [debug] [Thread-1 (]: On model.oracle_warehouse.delta_report: /* {"app": "dbt", "dbt_version": "1.11.11", "profile_name": "oracle_warehouse", "target_name": "prod", "node_id": "model.oracle_warehouse.delta_report"} */

      select
          column_name,
          data_type,
          character_maximum_length,
          numeric_precision,
          numeric_scale

      from INFORMATION_SCHEMA.columns
      where table_name = 'delta_report__dbt_tmp081211742358'
        
      order by ordinal_position

  
[0m08:12:13.780793 [debug] [Thread-1 (]: SQL status: SELECT 9 in 0.009 seconds
[0m08:12:13.783882 [debug] [Thread-1 (]: Using postgres connection "model.oracle_warehouse.delta_report"
[0m08:12:13.784659 [debug] [Thread-1 (]: On model.oracle_warehouse.delta_report: /* {"app": "dbt", "dbt_version": "1.11.11", "profile_name": "oracle_warehouse", "target_name": "prod", "node_id": "model.oracle_warehouse.delta_report"} */

      select
          column_name,
          data_type,
          character_maximum_length,
          numeric_precision,
          numeric_scale

      from "warehouse".INFORMATION_SCHEMA.columns
      where table_name = 'delta_report'
        
        and table_schema = 'marts_marts'
        
      order by ordinal_position

  
[0m08:12:13.797838 [debug] [Thread-1 (]: SQL status: SELECT 9 in 0.012 seconds
[0m08:12:13.808371 [debug] [Thread-1 (]: 
    In "warehouse"."marts_marts"."delta_report":
        Schema changed: False
        Source columns not in target: []
        Target columns not in source: []
        New column types: []
  
[0m08:12:13.814607 [debug] [Thread-1 (]: Writing runtime sql for node "model.oracle_warehouse.delta_report"
[0m08:12:13.837974 [debug] [Thread-1 (]: Using postgres connection "model.oracle_warehouse.delta_report"
[0m08:12:13.838964 [debug] [Thread-1 (]: On model.oracle_warehouse.delta_report: /* {"app": "dbt", "dbt_version": "1.11.11", "profile_name": "oracle_warehouse", "target_name": "prod", "node_id": "model.oracle_warehouse.delta_report"} */

      insert into "warehouse"."marts_marts"."delta_report" ("order_id", "customer_id", "status", "amount", "product_code", "changed_at_source", "detected_at", "load_date", "change_type")
    (
        select "order_id", "customer_id", "status", "amount", "product_code", "changed_at_source", "detected_at", "load_date", "change_type"
        from "delta_report__dbt_tmp081211742358"
    )


  
[0m08:12:17.623623 [debug] [Thread-1 (]: SQL status: INSERT 0 999898 in 3.784 seconds
[0m08:12:17.639016 [debug] [Thread-1 (]: On model.oracle_warehouse.delta_report: COMMIT
[0m08:12:17.640502 [debug] [Thread-1 (]: Using postgres connection "model.oracle_warehouse.delta_report"
[0m08:12:17.641691 [debug] [Thread-1 (]: On model.oracle_warehouse.delta_report: COMMIT
[0m08:12:17.666552 [debug] [Thread-1 (]: SQL status: COMMIT in 0.024 seconds
[0m08:12:17.669754 [debug] [Thread-1 (]: On model.oracle_warehouse.delta_report: Close
[0m08:12:17.672556 [debug] [Thread-1 (]: Sending event: {'category': 'dbt', 'action': 'run_model', 'label': '94f64130-f2c8-46ee-bb5a-5d79c8489e30', 'context': [<snowplow_tracker.self_describing_json.SelfDescribingJson object at 0x7b18393ce6d0>]}
[0m08:12:17.673760 [info ] [Thread-1 (]: 1 of 2 OK created sql incremental model marts_marts.delta_report ............... [[32mINSERT 0 999898[0m in 5.99s]
[0m08:12:17.674712 [debug] [Thread-1 (]: Finished running node model.oracle_warehouse.delta_report
[0m08:12:27.681929 [debug] [Thread-2 (]: SQL status: SELECT 999898 in 15.900 seconds
[0m08:12:27.686634 [debug] [Thread-2 (]: Using postgres connection "model.oracle_warehouse.fct_orders"
[0m08:12:27.687521 [debug] [Thread-2 (]: On model.oracle_warehouse.fct_orders: /* {"app": "dbt", "dbt_version": "1.11.11", "profile_name": "oracle_warehouse", "target_name": "prod", "node_id": "model.oracle_warehouse.fct_orders"} */

      select
          column_name,
          data_type,
          character_maximum_length,
          numeric_precision,
          numeric_scale

      from INFORMATION_SCHEMA.columns
      where table_name = 'fct_orders__dbt_tmp081211744554'
        
      order by ordinal_position

  
[0m08:12:27.713760 [debug] [Thread-2 (]: SQL status: SELECT 17 in 0.025 seconds
[0m08:12:27.717945 [debug] [Thread-2 (]: Using postgres connection "model.oracle_warehouse.fct_orders"
[0m08:12:27.718996 [debug] [Thread-2 (]: On model.oracle_warehouse.fct_orders: /* {"app": "dbt", "dbt_version": "1.11.11", "profile_name": "oracle_warehouse", "target_name": "prod", "node_id": "model.oracle_warehouse.fct_orders"} */

      select
          column_name,
          data_type,
          character_maximum_length,
          numeric_precision,
          numeric_scale

      from "warehouse".INFORMATION_SCHEMA.columns
      where table_name = 'fct_orders'
        
        and table_schema = 'marts_marts'
        
      order by ordinal_position

  
[0m08:12:27.733699 [debug] [Thread-2 (]: SQL status: SELECT 17 in 0.014 seconds
[0m08:12:27.741498 [debug] [Thread-2 (]: Using postgres connection "model.oracle_warehouse.fct_orders"
[0m08:12:27.743553 [debug] [Thread-2 (]: On model.oracle_warehouse.fct_orders: /* {"app": "dbt", "dbt_version": "1.11.11", "profile_name": "oracle_warehouse", "target_name": "prod", "node_id": "model.oracle_warehouse.fct_orders"} */

      select
          column_name,
          data_type,
          character_maximum_length,
          numeric_precision,
          numeric_scale

      from INFORMATION_SCHEMA.columns
      where table_name = 'fct_orders__dbt_tmp081211744554'
        
      order by ordinal_position

  
[0m08:12:27.764220 [debug] [Thread-2 (]: SQL status: SELECT 17 in 0.019 seconds
[0m08:12:27.767504 [debug] [Thread-2 (]: Using postgres connection "model.oracle_warehouse.fct_orders"
[0m08:12:27.768316 [debug] [Thread-2 (]: On model.oracle_warehouse.fct_orders: /* {"app": "dbt", "dbt_version": "1.11.11", "profile_name": "oracle_warehouse", "target_name": "prod", "node_id": "model.oracle_warehouse.fct_orders"} */

      select
          column_name,
          data_type,
          character_maximum_length,
          numeric_precision,
          numeric_scale

      from "warehouse".INFORMATION_SCHEMA.columns
      where table_name = 'fct_orders'
        
        and table_schema = 'marts_marts'
        
      order by ordinal_position

  
[0m08:12:27.782352 [debug] [Thread-2 (]: SQL status: SELECT 17 in 0.013 seconds
[0m08:12:27.786329 [debug] [Thread-2 (]: 
    In "warehouse"."marts_marts"."fct_orders":
        Schema changed: False
        Source columns not in target: []
        Target columns not in source: []
        New column types: []
  
[0m08:12:27.794742 [debug] [Thread-2 (]: Writing runtime sql for node "model.oracle_warehouse.fct_orders"
[0m08:12:27.833025 [debug] [Thread-2 (]: Using postgres connection "model.oracle_warehouse.fct_orders"
[0m08:12:27.834062 [debug] [Thread-2 (]: On model.oracle_warehouse.fct_orders: /* {"app": "dbt", "dbt_version": "1.11.11", "profile_name": "oracle_warehouse", "target_name": "prod", "node_id": "model.oracle_warehouse.fct_orders"} */

      
        
        
        delete from "warehouse"."marts_marts"."fct_orders" as DBT_INTERNAL_DEST
        where (order_id) in (
            select distinct order_id
            from "fct_orders__dbt_tmp081211744554" as DBT_INTERNAL_SOURCE
        );

    

    insert into "warehouse"."marts_marts"."fct_orders" ("order_id", "customer_id", "customer_name", "customer_country", "customer_tier", "status", "amount", "product_code", "paid_amount", "pending_amount", "is_high_value", "order_date", "order_week", "order_month", "created_at", "updated_at", "loaded_at")
    (
        select "order_id", "customer_id", "customer_name", "customer_country", "customer_tier", "status", "amount", "product_code", "paid_amount", "pending_amount", "is_high_value", "order_date", "order_week", "order_month", "created_at", "updated_at", "loaded_at"
        from "fct_orders__dbt_tmp081211744554"
    )
  
[0m08:12:34.433510 [debug] [Thread-2 (]: SQL status: INSERT 0 999898 in 6.601 seconds
[0m08:12:34.436196 [debug] [Thread-2 (]: On model.oracle_warehouse.fct_orders: COMMIT
[0m08:12:34.437802 [debug] [Thread-2 (]: Using postgres connection "model.oracle_warehouse.fct_orders"
[0m08:12:34.439136 [debug] [Thread-2 (]: On model.oracle_warehouse.fct_orders: COMMIT
[0m08:12:34.475740 [debug] [Thread-2 (]: SQL status: COMMIT in 0.035 seconds
[0m08:12:34.477264 [debug] [Thread-2 (]: On model.oracle_warehouse.fct_orders: Close
[0m08:12:34.478683 [debug] [Thread-2 (]: Sending event: {'category': 'dbt', 'action': 'run_model', 'label': '94f64130-f2c8-46ee-bb5a-5d79c8489e30', 'context': [<snowplow_tracker.self_describing_json.SelfDescribingJson object at 0x7b18387ab070>]}
[0m08:12:34.479820 [info ] [Thread-2 (]: 2 of 2 OK created sql incremental model marts_marts.fct_orders ................. [[32mINSERT 0 999898[0m in 22.79s]
[0m08:12:34.480653 [debug] [Thread-2 (]: Finished running node model.oracle_warehouse.fct_orders
[0m08:12:34.483530 [debug] [MainThread]: On master: COMMIT
[0m08:12:34.484639 [debug] [MainThread]: Using postgres connection "master"
[0m08:12:34.485359 [debug] [MainThread]: On master: COMMIT
[0m08:12:34.485919 [debug] [MainThread]: Opening a new connection, currently in state closed
[0m08:12:34.552976 [debug] [MainThread]: SQL status: COMMIT in 0.067 seconds
[0m08:12:34.554169 [debug] [MainThread]: On master: Close
[0m08:12:34.556272 [debug] [MainThread]: Connection 'master' was properly closed.
[0m08:12:34.557125 [debug] [MainThread]: Connection 'model.oracle_warehouse.delta_report' was properly closed.
[0m08:12:34.557610 [debug] [MainThread]: Connection 'model.oracle_warehouse.fct_orders' was properly closed.
[0m08:12:34.558208 [info ] [MainThread]: 
[0m08:12:34.558972 [info ] [MainThread]: Finished running 2 incremental models in 0 hours 0 minutes and 23.56 seconds (23.56s).
[0m08:12:34.559849 [debug] [MainThread]: Command end result
[0m08:12:34.622487 [debug] [MainThread]: Wrote artifact WritableManifest to /opt/airflow/dbt_project/target/manifest.json
[0m08:12:34.631587 [debug] [MainThread]: Wrote artifact SemanticManifest to /opt/airflow/dbt_project/target/semantic_manifest.json
[0m08:12:34.644016 [debug] [MainThread]: Wrote artifact RunExecutionResult to /opt/airflow/dbt_project/target/run_results.json
[0m08:12:34.644656 [info ] [MainThread]: 
[0m08:12:34.645296 [info ] [MainThread]: [32mCompleted successfully[0m
[0m08:12:34.645804 [info ] [MainThread]: 
[0m08:12:34.646469 [info ] [MainThread]: Done. PASS=2 WARN=0 ERROR=0 SKIP=0 NO-OP=0 TOTAL=2
[0m08:12:34.647302 [warn ] [MainThread]: [[33mWARNING[0m][DeprecationsSummary]: Deprecated functionality
Summary of encountered deprecations:
- MissingArgumentsPropertyInGenericTestDeprecation: 2 occurrences
To see all deprecation instances instead of just the first occurrence of each,
run command again with the `--show-all-deprecations` flag. You may also need to
run with `--no-partial-parse` as some deprecations are only encountered during
parsing.
[0m08:12:34.648488 [debug] [MainThread]: Resource report: {"command_name": "run", "command_success": true, "command_wall_clock_time": 25.707558, "process_in_blocks": "0", "process_kernel_time": 0.238744, "process_mem_max_rss": "154452", "process_out_blocks": "0", "process_user_time": 3.071841}
[0m08:12:34.649064 [debug] [MainThread]: Command `dbt run` succeeded at 08:12:34.648981 after 25.71 seconds
[0m08:12:34.649696 [debug] [MainThread]: Sending event: {'category': 'dbt', 'action': 'invocation', 'label': 'end', 'context': [<snowplow_tracker.self_describing_json.SelfDescribingJson object at 0x7b18393b31d0>, <snowplow_tracker.self_describing_json.SelfDescribingJson object at 0x7b1838845f50>, <snowplow_tracker.self_describing_json.SelfDescribingJson object at 0x7b183d517bd0>]}
[0m08:12:34.650281 [debug] [MainThread]: Flushing usage events
[0m08:12:35.388291 [debug] [MainThread]: An error was encountered while trying to flush usage events
[0m08:12:38.183835 [debug] [MainThread]: Sending event: {'category': 'dbt', 'action': 'invocation', 'label': 'start', 'context': [<snowplow_tracker.self_describing_json.SelfDescribingJson object at 0x7dbef5574ec0>, <snowplow_tracker.self_describing_json.SelfDescribingJson object at 0x7dbef4487c50>, <snowplow_tracker.self_describing_json.SelfDescribingJson object at 0x7dbef4487b10>]}


============================== 08:12:38.187853 | 8fd7976b-814b-4304-89db-dabf25aa8806 ==============================
[0m08:12:38.187853 [info ] [MainThread]: Running with dbt=1.11.11
[0m08:12:38.188539 [debug] [MainThread]: running dbt with arguments {'debug': 'False', 'warn_error_options': 'WarnErrorOptionsV2(error=[], warn=[], silence=[])', 'send_anonymous_usage_stats': 'True', 'introspect': 'True', 'log_path': '/opt/airflow/dbt_project/logs', 'log_cache_events': 'False', 'partial_parse': 'False', 'warn_error': 'None', 'target_path': 'None', 'version_check': 'False', 'write_json': 'True', 'invocation_command': 'dbt test --project-dir /opt/airflow/dbt_project --profiles-dir /opt/airflow/dbt_project --no-version-check --no-partial-parse', 'indirect_selection': 'eager', 'use_colors': 'True', 'fail_fast': 'False', 'profiles_dir': '/opt/airflow/dbt_project', 'empty': 'None', 'no_print': 'None', 'log_format': 'default', 'quiet': 'False', 'use_experimental_parser': 'False', 'printer_width': '80', 'cache_selected_only': 'False', 'static_parser': 'True'}
[0m08:12:38.377774 [debug] [MainThread]: Sending event: {'category': 'dbt', 'action': 'project_id', 'label': '8fd7976b-814b-4304-89db-dabf25aa8806', 'context': [<snowplow_tracker.self_describing_json.SelfDescribingJson object at 0x7dbef51643e0>]}
[0m08:12:38.449934 [debug] [MainThread]: Sending event: {'category': 'dbt', 'action': 'adapter_info', 'label': '8fd7976b-814b-4304-89db-dabf25aa8806', 'context': [<snowplow_tracker.self_describing_json.SelfDescribingJson object at 0x7dbef6f5a360>]}
[0m08:12:38.452364 [info ] [MainThread]: Registered adapter: postgres=1.10.0
[0m08:12:38.502692 [debug] [MainThread]: checksum: 30a8cc8fdcbf66701b0944d4ccce3fa46dd04b61e5df68b9f16d57b2e0e3f0be, vars: {}, profile: , target: , version: 1.11.11
[0m08:12:38.508171 [debug] [MainThread]: Partial parsing not enabled
[0m08:12:39.655597 [warn ] [MainThread]: [[33mWARNING[0m][MissingArgumentsPropertyInGenericTestDeprecation]: Deprecated
functionality
Found top-level arguments to test `accepted_values` defined on 'fct_orders' in
package 'oracle_warehouse' (models/marts/schema.yml). Arguments to generic tests
should be nested under the `arguments` property.
[0m08:12:39.656671 [debug] [MainThread]: Sending event: {'category': 'dbt', 'action': 'deprecation', 'label': '8fd7976b-814b-4304-89db-dabf25aa8806', 'property_': 'warn', 'context': [<snowplow_tracker.self_describing_json.SelfDescribingJson object at 0x7dbef451b050>]}
[0m08:12:39.888607 [debug] [MainThread]: Sending event: {'category': 'dbt', 'action': 'load_project', 'label': '8fd7976b-814b-4304-89db-dabf25aa8806', 'context': [<snowplow_tracker.self_describing_json.SelfDescribingJson object at 0x7dbef27648c0>]}
[0m08:12:40.006264 [debug] [MainThread]: Wrote artifact WritableManifest to /opt/airflow/dbt_project/target/manifest.json
[0m08:12:40.018677 [debug] [MainThread]: Wrote artifact SemanticManifest to /opt/airflow/dbt_project/target/semantic_manifest.json
[0m08:12:40.063619 [debug] [MainThread]: Sending event: {'category': 'dbt', 'action': 'resource_counts', 'label': '8fd7976b-814b-4304-89db-dabf25aa8806', 'context': [<snowplow_tracker.self_describing_json.SelfDescribingJson object at 0x7dbef052c830>]}
[0m08:12:40.064792 [info ] [MainThread]: Found 4 models, 15 data tests, 2 sources, 475 macros
[0m08:12:40.065687 [debug] [MainThread]: Sending event: {'category': 'dbt', 'action': 'runnable_timing', 'label': '8fd7976b-814b-4304-89db-dabf25aa8806', 'context': [<snowplow_tracker.self_describing_json.SelfDescribingJson object at 0x7dbef03e2dd0>]}
[0m08:12:40.068349 [info ] [MainThread]: 
[0m08:12:40.069303 [info ] [MainThread]: Concurrency: 4 threads (target='prod')
[0m08:12:40.070150 [info ] [MainThread]: 
[0m08:12:40.071245 [debug] [MainThread]: Acquiring new postgres connection 'master'
[0m08:12:40.075197 [debug] [ThreadPool]: Acquiring new postgres connection 'list_warehouse_marts_marts'
[0m08:12:40.105392 [debug] [ThreadPool]: Using postgres connection "list_warehouse_marts_marts"
[0m08:12:40.107459 [debug] [ThreadPool]: On list_warehouse_marts_marts: /* {"app": "dbt", "dbt_version": "1.11.11", "profile_name": "oracle_warehouse", "target_name": "prod", "connection_name": "list_warehouse_marts_marts"} */
select
      'warehouse' as database,
      tablename as name,
      schemaname as schema,
      'table' as type
    from pg_tables
    where schemaname ilike 'marts_marts'
    union all
    select
      'warehouse' as database,
      viewname as name,
      schemaname as schema,
      'view' as type
    from pg_views
    where schemaname ilike 'marts_marts'
    union all
    select
      'warehouse' as database,
      matviewname as name,
      schemaname as schema,
      'materialized_view' as type
    from pg_matviews
    where schemaname ilike 'marts_marts'
  
[0m08:12:40.108260 [debug] [ThreadPool]: Opening a new connection, currently in state init
[0m08:12:40.193549 [debug] [ThreadPool]: SQL status: SELECT 4 in 0.085 seconds
[0m08:12:40.196580 [debug] [ThreadPool]: On list_warehouse_marts_marts: ROLLBACK
[0m08:12:40.202439 [debug] [ThreadPool]: On list_warehouse_marts_marts: Close
[0m08:12:40.207127 [debug] [MainThread]: Using postgres connection "master"
[0m08:12:40.208118 [debug] [MainThread]: On master: /* {"app": "dbt", "dbt_version": "1.11.11", "profile_name": "oracle_warehouse", "target_name": "prod", "connection_name": "master"} */
select distinct
        dependent_namespace.nspname as dependent_schema,
        dependent_class.relname as dependent_name,
        referenced_namespace.nspname as referenced_schema,
        referenced_class.relname as referenced_name

    -- Query for views: views are entries in pg_class with an entry in pg_rewrite, but we avoid
    -- a seq scan on pg_rewrite by leveraging the fact there is an "internal" row in pg_depend for
    -- the view...
    from pg_class as dependent_class
    join pg_namespace as dependent_namespace on dependent_namespace.oid = dependent_class.relnamespace
    join pg_depend as dependent_depend on dependent_depend.refobjid = dependent_class.oid
        and dependent_depend.classid = 'pg_rewrite'::regclass
        and dependent_depend.refclassid = 'pg_class'::regclass
        and dependent_depend.deptype = 'i'

    -- ... and via pg_depend (that has a row per column, hence the need for "distinct" above, and
    -- making sure to exclude the internal row to avoid a view appearing to depend on itself)...
    join pg_depend as joining_depend on joining_depend.objid = dependent_depend.objid
        and joining_depend.classid = 'pg_rewrite'::regclass
        and joining_depend.refclassid = 'pg_class'::regclass
        and joining_depend.refobjid != dependent_depend.refobjid

    -- ... we can find the tables they query from in pg_class, but excluding system tables. Note we
    -- don't need need to exclude _dependent_ system tables, because they only query from other
    -- system tables, and so are automatically excluded by excluding _referenced_ system tables
    join pg_class as referenced_class on referenced_class.oid = joining_depend.refobjid
    join pg_namespace as referenced_namespace on referenced_namespace.oid = referenced_class.relnamespace
        and referenced_namespace.nspname != 'information_schema'
        and referenced_namespace.nspname not like 'pg\_%'

    order by
        dependent_schema, dependent_name, referenced_schema, referenced_name;
[0m08:12:40.209126 [debug] [MainThread]: Opening a new connection, currently in state init
[0m08:12:40.283545 [debug] [MainThread]: SQL status: SELECT 2 in 0.074 seconds
[0m08:12:40.285927 [debug] [MainThread]: Sending event: {'category': 'dbt', 'action': 'runnable_timing', 'label': '8fd7976b-814b-4304-89db-dabf25aa8806', 'context': [<snowplow_tracker.self_describing_json.SelfDescribingJson object at 0x7dbef02ff590>]}
[0m08:12:40.287096 [debug] [MainThread]: On master: ROLLBACK
[0m08:12:40.292242 [debug] [MainThread]: On master: COMMIT
[0m08:12:40.293076 [debug] [MainThread]: Using postgres connection "master"
[0m08:12:40.293730 [debug] [MainThread]: On master: COMMIT
[0m08:12:40.300144 [debug] [MainThread]: SQL status: COMMIT in 0.006 seconds
[0m08:12:40.301367 [debug] [MainThread]: On master: Close
[0m08:12:40.305694 [debug] [Thread-4 (]: Began running node test.oracle_warehouse.not_null_delta_report_order_id.198a693f2b
[0m08:12:40.306179 [debug] [Thread-3 (]: Began running node test.oracle_warehouse.not_null_delta_report_load_date.2749686861
[0m08:12:40.306671 [debug] [Thread-1 (]: Began running node test.oracle_warehouse.accepted_values_delta_report_change_type__new_row__updated_row.d878a50d17
[0m08:12:40.307056 [debug] [Thread-2 (]: Began running node test.oracle_warehouse.accepted_values_fct_orders_status__PAID__PENDING__SHIPPED__CANCELLED.4bda94c2ee
[0m08:12:40.307449 [info ] [Thread-4 (]: 4 of 15 START test not_null_delta_report_order_id .............................. [RUN]
[0m08:12:40.308334 [info ] [Thread-3 (]: 3 of 15 START test not_null_delta_report_load_date ............................. [RUN]
[0m08:12:40.310193 [info ] [Thread-1 (]: 1 of 15 START test accepted_values_delta_report_change_type__new_row__updated_row  [RUN]
[0m08:12:40.313175 [info ] [Thread-2 (]: 2 of 15 START test accepted_values_fct_orders_status__PAID__PENDING__SHIPPED__CANCELLED  [RUN]
[0m08:12:40.314420 [debug] [Thread-4 (]: Acquiring new postgres connection 'test.oracle_warehouse.not_null_delta_report_order_id.198a693f2b'
[0m08:12:40.315228 [debug] [Thread-3 (]: Acquiring new postgres connection 'test.oracle_warehouse.not_null_delta_report_load_date.2749686861'
[0m08:12:40.316497 [debug] [Thread-1 (]: Re-using an available connection from the pool (formerly list_warehouse_marts_marts, now test.oracle_warehouse.accepted_values_delta_report_change_type__new_row__updated_row.d878a50d17)
[0m08:12:40.318959 [debug] [Thread-2 (]: Acquiring new postgres connection 'test.oracle_warehouse.accepted_values_fct_orders_status__PAID__PENDING__SHIPPED__CANCELLED.4bda94c2ee'
[0m08:12:40.319923 [debug] [Thread-4 (]: Began compiling node test.oracle_warehouse.not_null_delta_report_order_id.198a693f2b
[0m08:12:40.320704 [debug] [Thread-3 (]: Began compiling node test.oracle_warehouse.not_null_delta_report_load_date.2749686861
[0m08:12:40.321679 [debug] [Thread-1 (]: Began compiling node test.oracle_warehouse.accepted_values_delta_report_change_type__new_row__updated_row.d878a50d17
[0m08:12:40.322551 [debug] [Thread-2 (]: Began compiling node test.oracle_warehouse.accepted_values_fct_orders_status__PAID__PENDING__SHIPPED__CANCELLED.4bda94c2ee
[0m08:12:40.339816 [debug] [Thread-4 (]: Writing injected SQL for node "test.oracle_warehouse.not_null_delta_report_order_id.198a693f2b"
[0m08:12:40.339370 [debug] [Thread-3 (]: Writing injected SQL for node "test.oracle_warehouse.not_null_delta_report_load_date.2749686861"
[0m08:12:40.346934 [debug] [Thread-1 (]: Writing injected SQL for node "test.oracle_warehouse.accepted_values_delta_report_change_type__new_row__updated_row.d878a50d17"
[0m08:12:40.350159 [debug] [Thread-2 (]: Writing injected SQL for node "test.oracle_warehouse.accepted_values_fct_orders_status__PAID__PENDING__SHIPPED__CANCELLED.4bda94c2ee"
[0m08:12:40.370052 [debug] [Thread-4 (]: Began executing node test.oracle_warehouse.not_null_delta_report_order_id.198a693f2b
[0m08:12:40.376452 [debug] [Thread-3 (]: Began executing node test.oracle_warehouse.not_null_delta_report_load_date.2749686861
[0m08:12:40.388518 [debug] [Thread-3 (]: Writing runtime sql for node "test.oracle_warehouse.not_null_delta_report_load_date.2749686861"
[0m08:12:40.389384 [debug] [Thread-4 (]: Writing runtime sql for node "test.oracle_warehouse.not_null_delta_report_order_id.198a693f2b"
[0m08:12:40.389904 [debug] [Thread-1 (]: Began executing node test.oracle_warehouse.accepted_values_delta_report_change_type__new_row__updated_row.d878a50d17
[0m08:12:40.394033 [debug] [Thread-1 (]: Writing runtime sql for node "test.oracle_warehouse.accepted_values_delta_report_change_type__new_row__updated_row.d878a50d17"
[0m08:12:40.394478 [debug] [Thread-2 (]: Began executing node test.oracle_warehouse.accepted_values_fct_orders_status__PAID__PENDING__SHIPPED__CANCELLED.4bda94c2ee
[0m08:12:40.397243 [debug] [Thread-2 (]: Writing runtime sql for node "test.oracle_warehouse.accepted_values_fct_orders_status__PAID__PENDING__SHIPPED__CANCELLED.4bda94c2ee"
[0m08:12:40.409035 [debug] [Thread-3 (]: Using postgres connection "test.oracle_warehouse.not_null_delta_report_load_date.2749686861"
[0m08:12:40.411623 [debug] [Thread-3 (]: On test.oracle_warehouse.not_null_delta_report_load_date.2749686861: /* {"app": "dbt", "dbt_version": "1.11.11", "profile_name": "oracle_warehouse", "target_name": "prod", "node_id": "test.oracle_warehouse.not_null_delta_report_load_date.2749686861"} */

    
    select
      count(*) as failures,
      count(*) != 0 as should_warn,
      count(*) != 0 as should_error
    from (
      
    
  
    
    



select load_date
from "warehouse"."marts_marts"."delta_report"
where load_date is null



  
  
      
    ) dbt_internal_test
[0m08:12:40.413095 [debug] [Thread-4 (]: Using postgres connection "test.oracle_warehouse.not_null_delta_report_order_id.198a693f2b"
[0m08:12:40.414768 [debug] [Thread-3 (]: Opening a new connection, currently in state init
[0m08:12:40.415833 [debug] [Thread-1 (]: Using postgres connection "test.oracle_warehouse.accepted_values_delta_report_change_type__new_row__updated_row.d878a50d17"
[0m08:12:40.416916 [debug] [Thread-4 (]: On test.oracle_warehouse.not_null_delta_report_order_id.198a693f2b: /* {"app": "dbt", "dbt_version": "1.11.11", "profile_name": "oracle_warehouse", "target_name": "prod", "node_id": "test.oracle_warehouse.not_null_delta_report_order_id.198a693f2b"} */

    
    select
      count(*) as failures,
      count(*) != 0 as should_warn,
      count(*) != 0 as should_error
    from (
      
    
  
    
    



select order_id
from "warehouse"."marts_marts"."delta_report"
where order_id is null



  
  
      
    ) dbt_internal_test
[0m08:12:40.420189 [debug] [Thread-1 (]: On test.oracle_warehouse.accepted_values_delta_report_change_type__new_row__updated_row.d878a50d17: /* {"app": "dbt", "dbt_version": "1.11.11", "profile_name": "oracle_warehouse", "target_name": "prod", "node_id": "test.oracle_warehouse.accepted_values_delta_report_change_type__new_row__updated_row.d878a50d17"} */

    
    select
      count(*) as failures,
      count(*) != 0 as should_warn,
      count(*) != 0 as should_error
    from (
      
    
  
    
    

with all_values as (

    select
        change_type as value_field,
        count(*) as n_records

    from "warehouse"."marts_marts"."delta_report"
    group by change_type

)

select *
from all_values
where value_field not in (
    'new_row','updated_row'
)



  
  
      
    ) dbt_internal_test
[0m08:12:40.423490 [debug] [Thread-4 (]: Opening a new connection, currently in state init
[0m08:12:40.425382 [debug] [Thread-2 (]: Using postgres connection "test.oracle_warehouse.accepted_values_fct_orders_status__PAID__PENDING__SHIPPED__CANCELLED.4bda94c2ee"
[0m08:12:40.427236 [debug] [Thread-1 (]: Opening a new connection, currently in state closed
[0m08:12:40.430826 [debug] [Thread-2 (]: On test.oracle_warehouse.accepted_values_fct_orders_status__PAID__PENDING__SHIPPED__CANCELLED.4bda94c2ee: /* {"app": "dbt", "dbt_version": "1.11.11", "profile_name": "oracle_warehouse", "target_name": "prod", "node_id": "test.oracle_warehouse.accepted_values_fct_orders_status__PAID__PENDING__SHIPPED__CANCELLED.4bda94c2ee"} */

    
    select
      count(*) as failures,
      count(*) != 0 as should_warn,
      count(*) != 0 as should_error
    from (
      
    
  
    
    

with all_values as (

    select
        status as value_field,
        count(*) as n_records

    from "warehouse"."marts_marts"."fct_orders"
    group by status

)

select *
from all_values
where value_field not in (
    'PAID','PENDING','SHIPPED','CANCELLED'
)



  
  
      
    ) dbt_internal_test
[0m08:12:40.434114 [debug] [Thread-2 (]: Opening a new connection, currently in state init
[0m08:12:40.878278 [debug] [Thread-4 (]: SQL status: SELECT 1 in 0.455 seconds
[0m08:12:40.885945 [debug] [Thread-4 (]: On test.oracle_warehouse.not_null_delta_report_order_id.198a693f2b: ROLLBACK
[0m08:12:40.893908 [debug] [Thread-4 (]: On test.oracle_warehouse.not_null_delta_report_order_id.198a693f2b: Close
[0m08:12:40.895330 [info ] [Thread-4 (]: 4 of 15 PASS not_null_delta_report_order_id .................................... [[32mPASS[0m in 0.58s]
[0m08:12:40.896279 [debug] [Thread-4 (]: Finished running node test.oracle_warehouse.not_null_delta_report_order_id.198a693f2b
[0m08:12:40.896904 [debug] [Thread-4 (]: Began running node test.oracle_warehouse.not_null_fct_orders_amount.66810a8d08
[0m08:12:40.897404 [info ] [Thread-4 (]: 5 of 15 START test not_null_fct_orders_amount .................................. [RUN]
[0m08:12:40.898308 [debug] [Thread-4 (]: Re-using an available connection from the pool (formerly test.oracle_warehouse.not_null_delta_report_order_id.198a693f2b, now test.oracle_warehouse.not_null_fct_orders_amount.66810a8d08)
[0m08:12:40.898768 [debug] [Thread-1 (]: SQL status: SELECT 1 in 0.472 seconds
[0m08:12:40.899145 [debug] [Thread-4 (]: Began compiling node test.oracle_warehouse.not_null_fct_orders_amount.66810a8d08
[0m08:12:40.901494 [debug] [Thread-1 (]: On test.oracle_warehouse.accepted_values_delta_report_change_type__new_row__updated_row.d878a50d17: ROLLBACK
[0m08:12:40.906583 [debug] [Thread-4 (]: Writing injected SQL for node "test.oracle_warehouse.not_null_fct_orders_amount.66810a8d08"
[0m08:12:40.913752 [debug] [Thread-1 (]: On test.oracle_warehouse.accepted_values_delta_report_change_type__new_row__updated_row.d878a50d17: Close
[0m08:12:40.915677 [info ] [Thread-1 (]: 1 of 15 PASS accepted_values_delta_report_change_type__new_row__updated_row .... [[32mPASS[0m in 0.60s]
[0m08:12:40.916684 [debug] [Thread-1 (]: Finished running node test.oracle_warehouse.accepted_values_delta_report_change_type__new_row__updated_row.d878a50d17
[0m08:12:40.917290 [debug] [Thread-1 (]: Began running node test.oracle_warehouse.not_null_fct_orders_loaded_at.7cb41085ba
[0m08:12:40.918275 [info ] [Thread-1 (]: 6 of 15 START test not_null_fct_orders_loaded_at ............................... [RUN]
[0m08:12:40.919362 [debug] [Thread-1 (]: Re-using an available connection from the pool (formerly test.oracle_warehouse.accepted_values_delta_report_change_type__new_row__updated_row.d878a50d17, now test.oracle_warehouse.not_null_fct_orders_loaded_at.7cb41085ba)
[0m08:12:40.920057 [debug] [Thread-1 (]: Began compiling node test.oracle_warehouse.not_null_fct_orders_loaded_at.7cb41085ba
[0m08:12:40.925234 [debug] [Thread-1 (]: Writing injected SQL for node "test.oracle_warehouse.not_null_fct_orders_loaded_at.7cb41085ba"
[0m08:12:40.933583 [debug] [Thread-4 (]: Began executing node test.oracle_warehouse.not_null_fct_orders_amount.66810a8d08
[0m08:12:40.936831 [debug] [Thread-4 (]: Writing runtime sql for node "test.oracle_warehouse.not_null_fct_orders_amount.66810a8d08"
[0m08:12:40.939968 [debug] [Thread-1 (]: Began executing node test.oracle_warehouse.not_null_fct_orders_loaded_at.7cb41085ba
[0m08:12:40.946639 [debug] [Thread-1 (]: Writing runtime sql for node "test.oracle_warehouse.not_null_fct_orders_loaded_at.7cb41085ba"
[0m08:12:40.959931 [debug] [Thread-4 (]: Using postgres connection "test.oracle_warehouse.not_null_fct_orders_amount.66810a8d08"
[0m08:12:40.961253 [debug] [Thread-4 (]: On test.oracle_warehouse.not_null_fct_orders_amount.66810a8d08: /* {"app": "dbt", "dbt_version": "1.11.11", "profile_name": "oracle_warehouse", "target_name": "prod", "node_id": "test.oracle_warehouse.not_null_fct_orders_amount.66810a8d08"} */

    
    select
      count(*) as failures,
      count(*) != 0 as should_warn,
      count(*) != 0 as should_error
    from (
      
    
  
    
    



select amount
from "warehouse"."marts_marts"."fct_orders"
where amount is null



  
  
      
    ) dbt_internal_test
[0m08:12:40.962985 [debug] [Thread-1 (]: Using postgres connection "test.oracle_warehouse.not_null_fct_orders_loaded_at.7cb41085ba"
[0m08:12:40.963558 [debug] [Thread-4 (]: Opening a new connection, currently in state closed
[0m08:12:40.964384 [debug] [Thread-1 (]: On test.oracle_warehouse.not_null_fct_orders_loaded_at.7cb41085ba: /* {"app": "dbt", "dbt_version": "1.11.11", "profile_name": "oracle_warehouse", "target_name": "prod", "node_id": "test.oracle_warehouse.not_null_fct_orders_loaded_at.7cb41085ba"} */

    
    select
      count(*) as failures,
      count(*) != 0 as should_warn,
      count(*) != 0 as should_error
    from (
      
    
  
    
    



select loaded_at
from "warehouse"."marts_marts"."fct_orders"
where loaded_at is null



  
  
      
    ) dbt_internal_test
[0m08:12:40.965255 [debug] [Thread-3 (]: SQL status: SELECT 1 in 0.550 seconds
[0m08:12:40.966487 [debug] [Thread-1 (]: Opening a new connection, currently in state closed
[0m08:12:40.968717 [debug] [Thread-3 (]: On test.oracle_warehouse.not_null_delta_report_load_date.2749686861: ROLLBACK
[0m08:12:40.977996 [debug] [Thread-3 (]: On test.oracle_warehouse.not_null_delta_report_load_date.2749686861: Close
[0m08:12:40.979397 [info ] [Thread-3 (]: 3 of 15 PASS not_null_delta_report_load_date ................................... [[32mPASS[0m in 0.66s]
[0m08:12:40.980362 [debug] [Thread-3 (]: Finished running node test.oracle_warehouse.not_null_delta_report_load_date.2749686861
[0m08:12:40.981145 [debug] [Thread-3 (]: Began running node test.oracle_warehouse.not_null_fct_orders_order_id.4e687af8d0
[0m08:12:40.981781 [info ] [Thread-3 (]: 7 of 15 START test not_null_fct_orders_order_id ................................ [RUN]
[0m08:12:40.982658 [debug] [Thread-3 (]: Re-using an available connection from the pool (formerly test.oracle_warehouse.not_null_delta_report_load_date.2749686861, now test.oracle_warehouse.not_null_fct_orders_order_id.4e687af8d0)
[0m08:12:40.983447 [debug] [Thread-3 (]: Began compiling node test.oracle_warehouse.not_null_fct_orders_order_id.4e687af8d0
[0m08:12:40.988660 [debug] [Thread-3 (]: Writing injected SQL for node "test.oracle_warehouse.not_null_fct_orders_order_id.4e687af8d0"
[0m08:12:41.007173 [debug] [Thread-3 (]: Began executing node test.oracle_warehouse.not_null_fct_orders_order_id.4e687af8d0
[0m08:12:41.010046 [debug] [Thread-3 (]: Writing runtime sql for node "test.oracle_warehouse.not_null_fct_orders_order_id.4e687af8d0"
[0m08:12:41.015891 [debug] [Thread-2 (]: SQL status: SELECT 1 in 0.582 seconds
[0m08:12:41.017996 [debug] [Thread-2 (]: On test.oracle_warehouse.accepted_values_fct_orders_status__PAID__PENDING__SHIPPED__CANCELLED.4bda94c2ee: ROLLBACK
[0m08:12:41.023128 [debug] [Thread-2 (]: On test.oracle_warehouse.accepted_values_fct_orders_status__PAID__PENDING__SHIPPED__CANCELLED.4bda94c2ee: Close
[0m08:12:41.024342 [info ] [Thread-2 (]: 2 of 15 PASS accepted_values_fct_orders_status__PAID__PENDING__SHIPPED__CANCELLED  [[32mPASS[0m in 0.71s]
[0m08:12:41.025825 [debug] [Thread-2 (]: Finished running node test.oracle_warehouse.accepted_values_fct_orders_status__PAID__PENDING__SHIPPED__CANCELLED.4bda94c2ee
[0m08:12:41.027075 [debug] [Thread-2 (]: Began running node test.oracle_warehouse.source_not_null_staging_customers__dlt_loaded_at.6ea4d6333c
[0m08:12:41.027646 [info ] [Thread-2 (]: 8 of 15 START test source_not_null_staging_customers__dlt_loaded_at ............ [RUN]
[0m08:12:41.028455 [debug] [Thread-2 (]: Re-using an available connection from the pool (formerly test.oracle_warehouse.accepted_values_fct_orders_status__PAID__PENDING__SHIPPED__CANCELLED.4bda94c2ee, now test.oracle_warehouse.source_not_null_staging_customers__dlt_loaded_at.6ea4d6333c)
[0m08:12:41.029071 [debug] [Thread-2 (]: Began compiling node test.oracle_warehouse.source_not_null_staging_customers__dlt_loaded_at.6ea4d6333c
[0m08:12:41.033207 [debug] [Thread-2 (]: Writing injected SQL for node "test.oracle_warehouse.source_not_null_staging_customers__dlt_loaded_at.6ea4d6333c"
[0m08:12:41.033681 [debug] [Thread-3 (]: Using postgres connection "test.oracle_warehouse.not_null_fct_orders_order_id.4e687af8d0"
[0m08:12:41.035082 [debug] [Thread-3 (]: On test.oracle_warehouse.not_null_fct_orders_order_id.4e687af8d0: /* {"app": "dbt", "dbt_version": "1.11.11", "profile_name": "oracle_warehouse", "target_name": "prod", "node_id": "test.oracle_warehouse.not_null_fct_orders_order_id.4e687af8d0"} */

    
    select
      count(*) as failures,
      count(*) != 0 as should_warn,
      count(*) != 0 as should_error
    from (
      
    
  
    
    



select order_id
from "warehouse"."marts_marts"."fct_orders"
where order_id is null



  
  
      
    ) dbt_internal_test
[0m08:12:41.036200 [debug] [Thread-3 (]: Opening a new connection, currently in state closed
[0m08:12:41.056501 [debug] [Thread-2 (]: Began executing node test.oracle_warehouse.source_not_null_staging_customers__dlt_loaded_at.6ea4d6333c
[0m08:12:41.059936 [debug] [Thread-2 (]: Writing runtime sql for node "test.oracle_warehouse.source_not_null_staging_customers__dlt_loaded_at.6ea4d6333c"
[0m08:12:41.104356 [debug] [Thread-2 (]: Using postgres connection "test.oracle_warehouse.source_not_null_staging_customers__dlt_loaded_at.6ea4d6333c"
[0m08:12:41.107295 [debug] [Thread-2 (]: On test.oracle_warehouse.source_not_null_staging_customers__dlt_loaded_at.6ea4d6333c: /* {"app": "dbt", "dbt_version": "1.11.11", "profile_name": "oracle_warehouse", "target_name": "prod", "node_id": "test.oracle_warehouse.source_not_null_staging_customers__dlt_loaded_at.6ea4d6333c"} */

    
    select
      count(*) as failures,
      count(*) != 0 as should_warn,
      count(*) != 0 as should_error
    from (
      
    
  
    
    



select _dlt_loaded_at
from "warehouse"."staging"."customers"
where _dlt_loaded_at is null



  
  
      
    ) dbt_internal_test
[0m08:12:41.109668 [debug] [Thread-2 (]: Opening a new connection, currently in state closed
[0m08:12:41.317461 [debug] [Thread-4 (]: SQL status: SELECT 1 in 0.354 seconds
[0m08:12:41.320534 [debug] [Thread-4 (]: On test.oracle_warehouse.not_null_fct_orders_amount.66810a8d08: ROLLBACK
[0m08:12:41.347872 [debug] [Thread-4 (]: On test.oracle_warehouse.not_null_fct_orders_amount.66810a8d08: Close
[0m08:12:41.351042 [info ] [Thread-4 (]: 5 of 15 PASS not_null_fct_orders_amount ........................................ [[32mPASS[0m in 0.45s]
[0m08:12:41.352929 [debug] [Thread-2 (]: Postgres adapter: Postgres error: column "_dlt_loaded_at" does not exist
LINE 17: select _dlt_loaded_at
                ^

[0m08:12:41.354470 [debug] [Thread-4 (]: Finished running node test.oracle_warehouse.not_null_fct_orders_amount.66810a8d08
[0m08:12:41.356312 [debug] [Thread-2 (]: On test.oracle_warehouse.source_not_null_staging_customers__dlt_loaded_at.6ea4d6333c: ROLLBACK
[0m08:12:41.358748 [debug] [Thread-4 (]: Began running node test.oracle_warehouse.source_not_null_staging_customers_customer_id.37583efb74
[0m08:12:41.362011 [info ] [Thread-4 (]: 9 of 15 START test source_not_null_staging_customers_customer_id ............... [RUN]
[0m08:12:41.364791 [debug] [Thread-4 (]: Re-using an available connection from the pool (formerly test.oracle_warehouse.not_null_fct_orders_amount.66810a8d08, now test.oracle_warehouse.source_not_null_staging_customers_customer_id.37583efb74)
[0m08:12:41.367170 [debug] [Thread-4 (]: Began compiling node test.oracle_warehouse.source_not_null_staging_customers_customer_id.37583efb74
[0m08:12:41.378043 [debug] [Thread-4 (]: Writing injected SQL for node "test.oracle_warehouse.source_not_null_staging_customers_customer_id.37583efb74"
[0m08:12:41.382274 [debug] [Thread-2 (]: On test.oracle_warehouse.source_not_null_staging_customers__dlt_loaded_at.6ea4d6333c: Close
[0m08:12:41.404147 [debug] [Thread-2 (]: Database Error in test source_not_null_staging_customers__dlt_loaded_at (models/staging/sources.yml)
  column "_dlt_loaded_at" does not exist
  LINE 17: select _dlt_loaded_at
                  ^
  compiled code at target/run/oracle_warehouse/models/staging/sources.yml/source_not_null_staging_customers__dlt_loaded_at.sql
[0m08:12:41.406281 [error] [Thread-2 (]: 8 of 15 ERROR source_not_null_staging_customers__dlt_loaded_at ................. [[31mERROR[0m in 0.38s]
[0m08:12:41.408181 [debug] [Thread-2 (]: Finished running node test.oracle_warehouse.source_not_null_staging_customers__dlt_loaded_at.6ea4d6333c
[0m08:12:41.409726 [debug] [Thread-2 (]: Began running node test.oracle_warehouse.source_not_null_staging_orders__dlt_loaded_at.89d42ca065
[0m08:12:41.410983 [debug] [Thread-7 (]: Marking all children of 'test.oracle_warehouse.source_not_null_staging_customers__dlt_loaded_at.6ea4d6333c' to be skipped because of status 'error'.  Reason: Database Error in test source_not_null_staging_customers__dlt_loaded_at (models/staging/sources.yml)
  column "_dlt_loaded_at" does not exist
  LINE 17: select _dlt_loaded_at
                  ^
  compiled code at target/run/oracle_warehouse/models/staging/sources.yml/source_not_null_staging_customers__dlt_loaded_at.sql.
[0m08:12:41.411682 [info ] [Thread-2 (]: 10 of 15 START test source_not_null_staging_orders__dlt_loaded_at .............. [RUN]
[0m08:12:41.415267 [debug] [Thread-2 (]: Re-using an available connection from the pool (formerly test.oracle_warehouse.source_not_null_staging_customers__dlt_loaded_at.6ea4d6333c, now test.oracle_warehouse.source_not_null_staging_orders__dlt_loaded_at.89d42ca065)
[0m08:12:41.416898 [debug] [Thread-2 (]: Began compiling node test.oracle_warehouse.source_not_null_staging_orders__dlt_loaded_at.89d42ca065
[0m08:12:41.418336 [debug] [Thread-4 (]: Began executing node test.oracle_warehouse.source_not_null_staging_customers_customer_id.37583efb74
[0m08:12:41.425533 [debug] [Thread-2 (]: Writing injected SQL for node "test.oracle_warehouse.source_not_null_staging_orders__dlt_loaded_at.89d42ca065"
[0m08:12:41.428474 [debug] [Thread-4 (]: Writing runtime sql for node "test.oracle_warehouse.source_not_null_staging_customers_customer_id.37583efb74"
[0m08:12:41.455621 [debug] [Thread-2 (]: Began executing node test.oracle_warehouse.source_not_null_staging_orders__dlt_loaded_at.89d42ca065
[0m08:12:41.456439 [debug] [Thread-4 (]: Using postgres connection "test.oracle_warehouse.source_not_null_staging_customers_customer_id.37583efb74"
[0m08:12:41.460774 [debug] [Thread-2 (]: Writing runtime sql for node "test.oracle_warehouse.source_not_null_staging_orders__dlt_loaded_at.89d42ca065"
[0m08:12:41.461933 [debug] [Thread-4 (]: On test.oracle_warehouse.source_not_null_staging_customers_customer_id.37583efb74: /* {"app": "dbt", "dbt_version": "1.11.11", "profile_name": "oracle_warehouse", "target_name": "prod", "node_id": "test.oracle_warehouse.source_not_null_staging_customers_customer_id.37583efb74"} */

    
    select
      count(*) as failures,
      count(*) != 0 as should_warn,
      count(*) != 0 as should_error
    from (
      
    
  
    
    



select customer_id
from "warehouse"."staging"."customers"
where customer_id is null



  
  
      
    ) dbt_internal_test
[0m08:12:41.463431 [debug] [Thread-4 (]: Opening a new connection, currently in state closed
[0m08:12:41.464487 [debug] [Thread-1 (]: SQL status: SELECT 1 in 0.498 seconds
[0m08:12:41.470072 [debug] [Thread-1 (]: On test.oracle_warehouse.not_null_fct_orders_loaded_at.7cb41085ba: ROLLBACK
[0m08:12:41.487381 [debug] [Thread-1 (]: On test.oracle_warehouse.not_null_fct_orders_loaded_at.7cb41085ba: Close
[0m08:12:41.489579 [info ] [Thread-1 (]: 6 of 15 PASS not_null_fct_orders_loaded_at ..................................... [[32mPASS[0m in 0.57s]
[0m08:12:41.492316 [debug] [Thread-1 (]: Finished running node test.oracle_warehouse.not_null_fct_orders_loaded_at.7cb41085ba
[0m08:12:41.494276 [debug] [Thread-1 (]: Began running node test.oracle_warehouse.source_not_null_staging_orders_order_id.8a94cd7e35
[0m08:12:41.496293 [info ] [Thread-1 (]: 11 of 15 START test source_not_null_staging_orders_order_id .................... [RUN]
[0m08:12:41.497907 [debug] [Thread-2 (]: Using postgres connection "test.oracle_warehouse.source_not_null_staging_orders__dlt_loaded_at.89d42ca065"
[0m08:12:41.498860 [debug] [Thread-1 (]: Re-using an available connection from the pool (formerly test.oracle_warehouse.not_null_fct_orders_loaded_at.7cb41085ba, now test.oracle_warehouse.source_not_null_staging_orders_order_id.8a94cd7e35)
[0m08:12:41.500070 [debug] [Thread-2 (]: On test.oracle_warehouse.source_not_null_staging_orders__dlt_loaded_at.89d42ca065: /* {"app": "dbt", "dbt_version": "1.11.11", "profile_name": "oracle_warehouse", "target_name": "prod", "node_id": "test.oracle_warehouse.source_not_null_staging_orders__dlt_loaded_at.89d42ca065"} */

    
    select
      count(*) as failures,
      count(*) != 0 as should_warn,
      count(*) != 0 as should_error
    from (
      
    
  
    
    



select _dlt_loaded_at
from "warehouse"."staging"."orders"
where _dlt_loaded_at is null



  
  
      
    ) dbt_internal_test
[0m08:12:41.500827 [debug] [Thread-1 (]: Began compiling node test.oracle_warehouse.source_not_null_staging_orders_order_id.8a94cd7e35
[0m08:12:41.502175 [debug] [Thread-2 (]: Opening a new connection, currently in state closed
[0m08:12:41.511019 [debug] [Thread-1 (]: Writing injected SQL for node "test.oracle_warehouse.source_not_null_staging_orders_order_id.8a94cd7e35"
[0m08:12:41.544075 [debug] [Thread-3 (]: SQL status: SELECT 1 in 0.507 seconds
[0m08:12:41.545445 [debug] [Thread-1 (]: Began executing node test.oracle_warehouse.source_not_null_staging_orders_order_id.8a94cd7e35
[0m08:12:41.548749 [debug] [Thread-3 (]: On test.oracle_warehouse.not_null_fct_orders_order_id.4e687af8d0: ROLLBACK
[0m08:12:41.554889 [debug] [Thread-1 (]: Writing runtime sql for node "test.oracle_warehouse.source_not_null_staging_orders_order_id.8a94cd7e35"
[0m08:12:41.559976 [debug] [Thread-3 (]: On test.oracle_warehouse.not_null_fct_orders_order_id.4e687af8d0: Close
[0m08:12:41.562728 [info ] [Thread-3 (]: 7 of 15 PASS not_null_fct_orders_order_id ...................................... [[32mPASS[0m in 0.58s]
[0m08:12:41.564822 [debug] [Thread-3 (]: Finished running node test.oracle_warehouse.not_null_fct_orders_order_id.4e687af8d0
[0m08:12:41.567014 [debug] [Thread-3 (]: Began running node test.oracle_warehouse.source_not_null_staging_orders_updated_at.9d13676043
[0m08:12:41.569841 [info ] [Thread-3 (]: 12 of 15 START test source_not_null_staging_orders_updated_at .................. [RUN]
[0m08:12:41.571836 [debug] [Thread-3 (]: Re-using an available connection from the pool (formerly test.oracle_warehouse.not_null_fct_orders_order_id.4e687af8d0, now test.oracle_warehouse.source_not_null_staging_orders_updated_at.9d13676043)
[0m08:12:41.573140 [debug] [Thread-3 (]: Began compiling node test.oracle_warehouse.source_not_null_staging_orders_updated_at.9d13676043
[0m08:12:41.582201 [debug] [Thread-3 (]: Writing injected SQL for node "test.oracle_warehouse.source_not_null_staging_orders_updated_at.9d13676043"
[0m08:12:41.593439 [debug] [Thread-1 (]: Using postgres connection "test.oracle_warehouse.source_not_null_staging_orders_order_id.8a94cd7e35"
[0m08:12:41.596495 [debug] [Thread-1 (]: On test.oracle_warehouse.source_not_null_staging_orders_order_id.8a94cd7e35: /* {"app": "dbt", "dbt_version": "1.11.11", "profile_name": "oracle_warehouse", "target_name": "prod", "node_id": "test.oracle_warehouse.source_not_null_staging_orders_order_id.8a94cd7e35"} */

    
    select
      count(*) as failures,
      count(*) != 0 as should_warn,
      count(*) != 0 as should_error
    from (
      
    
  
    
    



select order_id
from "warehouse"."staging"."orders"
where order_id is null



  
  
      
    ) dbt_internal_test
[0m08:12:41.598168 [debug] [Thread-1 (]: Opening a new connection, currently in state closed
[0m08:12:41.620400 [debug] [Thread-3 (]: Began executing node test.oracle_warehouse.source_not_null_staging_orders_updated_at.9d13676043
[0m08:12:41.625171 [debug] [Thread-3 (]: Writing runtime sql for node "test.oracle_warehouse.source_not_null_staging_orders_updated_at.9d13676043"
[0m08:12:41.626759 [debug] [Thread-4 (]: SQL status: SELECT 1 in 0.163 seconds
[0m08:12:41.629935 [debug] [Thread-4 (]: On test.oracle_warehouse.source_not_null_staging_customers_customer_id.37583efb74: ROLLBACK
[0m08:12:41.639778 [debug] [Thread-4 (]: On test.oracle_warehouse.source_not_null_staging_customers_customer_id.37583efb74: Close
[0m08:12:41.641377 [info ] [Thread-4 (]: 9 of 15 PASS source_not_null_staging_customers_customer_id ..................... [[32mPASS[0m in 0.28s]
[0m08:12:41.643204 [debug] [Thread-4 (]: Finished running node test.oracle_warehouse.source_not_null_staging_customers_customer_id.37583efb74
[0m08:12:41.644416 [debug] [Thread-4 (]: Began running node test.oracle_warehouse.source_unique_staging_customers_customer_id.d8103a1a70
[0m08:12:41.645494 [info ] [Thread-4 (]: 13 of 15 START test source_unique_staging_customers_customer_id ................ [RUN]
[0m08:12:41.646672 [debug] [Thread-4 (]: Re-using an available connection from the pool (formerly test.oracle_warehouse.source_not_null_staging_customers_customer_id.37583efb74, now test.oracle_warehouse.source_unique_staging_customers_customer_id.d8103a1a70)
[0m08:12:41.647237 [debug] [Thread-4 (]: Began compiling node test.oracle_warehouse.source_unique_staging_customers_customer_id.d8103a1a70
[0m08:12:41.657739 [debug] [Thread-4 (]: Writing injected SQL for node "test.oracle_warehouse.source_unique_staging_customers_customer_id.d8103a1a70"
[0m08:12:41.658203 [debug] [Thread-2 (]: Postgres adapter: Postgres error: column "_dlt_loaded_at" does not exist
LINE 17: select _dlt_loaded_at
                ^

[0m08:12:41.659750 [debug] [Thread-2 (]: On test.oracle_warehouse.source_not_null_staging_orders__dlt_loaded_at.89d42ca065: ROLLBACK
[0m08:12:41.661490 [debug] [Thread-3 (]: Using postgres connection "test.oracle_warehouse.source_not_null_staging_orders_updated_at.9d13676043"
[0m08:12:41.662982 [debug] [Thread-3 (]: On test.oracle_warehouse.source_not_null_staging_orders_updated_at.9d13676043: /* {"app": "dbt", "dbt_version": "1.11.11", "profile_name": "oracle_warehouse", "target_name": "prod", "node_id": "test.oracle_warehouse.source_not_null_staging_orders_updated_at.9d13676043"} */

    
    select
      count(*) as failures,
      count(*) != 0 as should_warn,
      count(*) != 0 as should_error
    from (
      
    
  
    
    



select updated_at
from "warehouse"."staging"."orders"
where updated_at is null



  
  
      
    ) dbt_internal_test
[0m08:12:41.664162 [debug] [Thread-3 (]: Opening a new connection, currently in state closed
[0m08:12:41.666618 [debug] [Thread-2 (]: On test.oracle_warehouse.source_not_null_staging_orders__dlt_loaded_at.89d42ca065: Close
[0m08:12:41.673401 [debug] [Thread-2 (]: Database Error in test source_not_null_staging_orders__dlt_loaded_at (models/staging/sources.yml)
  column "_dlt_loaded_at" does not exist
  LINE 17: select _dlt_loaded_at
                  ^
  compiled code at target/run/oracle_warehouse/models/staging/sources.yml/source_not_null_staging_orders__dlt_loaded_at.sql
[0m08:12:41.675455 [error] [Thread-2 (]: 10 of 15 ERROR source_not_null_staging_orders__dlt_loaded_at ................... [[31mERROR[0m in 0.26s]
[0m08:12:41.677087 [debug] [Thread-2 (]: Finished running node test.oracle_warehouse.source_not_null_staging_orders__dlt_loaded_at.89d42ca065
[0m08:12:41.678050 [debug] [Thread-2 (]: Began running node test.oracle_warehouse.source_unique_staging_orders_order_id.449154f9c3
[0m08:12:41.679228 [debug] [Thread-7 (]: Marking all children of 'test.oracle_warehouse.source_not_null_staging_orders__dlt_loaded_at.89d42ca065' to be skipped because of status 'error'.  Reason: Database Error in test source_not_null_staging_orders__dlt_loaded_at (models/staging/sources.yml)
  column "_dlt_loaded_at" does not exist
  LINE 17: select _dlt_loaded_at
                  ^
  compiled code at target/run/oracle_warehouse/models/staging/sources.yml/source_not_null_staging_orders__dlt_loaded_at.sql.
[0m08:12:41.680976 [info ] [Thread-2 (]: 14 of 15 START test source_unique_staging_orders_order_id ...................... [RUN]
[0m08:12:41.683470 [debug] [Thread-2 (]: Re-using an available connection from the pool (formerly test.oracle_warehouse.source_not_null_staging_orders__dlt_loaded_at.89d42ca065, now test.oracle_warehouse.source_unique_staging_orders_order_id.449154f9c3)
[0m08:12:41.684664 [debug] [Thread-2 (]: Began compiling node test.oracle_warehouse.source_unique_staging_orders_order_id.449154f9c3
[0m08:12:41.686207 [debug] [Thread-4 (]: Began executing node test.oracle_warehouse.source_unique_staging_customers_customer_id.d8103a1a70
[0m08:12:41.691074 [debug] [Thread-2 (]: Writing injected SQL for node "test.oracle_warehouse.source_unique_staging_orders_order_id.449154f9c3"
[0m08:12:41.695001 [debug] [Thread-4 (]: Writing runtime sql for node "test.oracle_warehouse.source_unique_staging_customers_customer_id.d8103a1a70"
[0m08:12:41.720688 [debug] [Thread-4 (]: Using postgres connection "test.oracle_warehouse.source_unique_staging_customers_customer_id.d8103a1a70"
[0m08:12:41.722414 [debug] [Thread-2 (]: Began executing node test.oracle_warehouse.source_unique_staging_orders_order_id.449154f9c3
[0m08:12:41.722840 [debug] [Thread-4 (]: On test.oracle_warehouse.source_unique_staging_customers_customer_id.d8103a1a70: /* {"app": "dbt", "dbt_version": "1.11.11", "profile_name": "oracle_warehouse", "target_name": "prod", "node_id": "test.oracle_warehouse.source_unique_staging_customers_customer_id.d8103a1a70"} */

    
    select
      count(*) as failures,
      count(*) != 0 as should_warn,
      count(*) != 0 as should_error
    from (
      
    
  
    
    

select
    customer_id as unique_field,
    count(*) as n_records

from "warehouse"."staging"."customers"
where customer_id is not null
group by customer_id
having count(*) > 1



  
  
      
    ) dbt_internal_test
[0m08:12:41.725529 [debug] [Thread-2 (]: Writing runtime sql for node "test.oracle_warehouse.source_unique_staging_orders_order_id.449154f9c3"
[0m08:12:41.726374 [debug] [Thread-4 (]: Opening a new connection, currently in state closed
[0m08:12:41.756026 [debug] [Thread-2 (]: Using postgres connection "test.oracle_warehouse.source_unique_staging_orders_order_id.449154f9c3"
[0m08:12:41.757316 [debug] [Thread-2 (]: On test.oracle_warehouse.source_unique_staging_orders_order_id.449154f9c3: /* {"app": "dbt", "dbt_version": "1.11.11", "profile_name": "oracle_warehouse", "target_name": "prod", "node_id": "test.oracle_warehouse.source_unique_staging_orders_order_id.449154f9c3"} */

    
    select
      count(*) as failures,
      count(*) != 0 as should_warn,
      count(*) != 0 as should_error
    from (
      
    
  
    
    

select
    order_id as unique_field,
    count(*) as n_records

from "warehouse"."staging"."orders"
where order_id is not null
group by order_id
having count(*) > 1



  
  
      
    ) dbt_internal_test
[0m08:12:41.758681 [debug] [Thread-2 (]: Opening a new connection, currently in state closed
[0m08:12:41.881925 [debug] [Thread-4 (]: SQL status: SELECT 1 in 0.155 seconds
[0m08:12:41.886711 [debug] [Thread-4 (]: On test.oracle_warehouse.source_unique_staging_customers_customer_id.d8103a1a70: ROLLBACK
[0m08:12:41.894965 [debug] [Thread-4 (]: On test.oracle_warehouse.source_unique_staging_customers_customer_id.d8103a1a70: Close
[0m08:12:41.897642 [info ] [Thread-4 (]: 13 of 15 PASS source_unique_staging_customers_customer_id ...................... [[32mPASS[0m in 0.25s]
[0m08:12:41.900438 [debug] [Thread-4 (]: Finished running node test.oracle_warehouse.source_unique_staging_customers_customer_id.d8103a1a70
[0m08:12:41.901944 [debug] [Thread-4 (]: Began running node test.oracle_warehouse.unique_fct_orders_order_id.523ddb6ce5
[0m08:12:41.902631 [info ] [Thread-4 (]: 15 of 15 START test unique_fct_orders_order_id ................................. [RUN]
[0m08:12:41.903679 [debug] [Thread-4 (]: Re-using an available connection from the pool (formerly test.oracle_warehouse.source_unique_staging_customers_customer_id.d8103a1a70, now test.oracle_warehouse.unique_fct_orders_order_id.523ddb6ce5)
[0m08:12:41.905113 [debug] [Thread-4 (]: Began compiling node test.oracle_warehouse.unique_fct_orders_order_id.523ddb6ce5
[0m08:12:41.919157 [debug] [Thread-4 (]: Writing injected SQL for node "test.oracle_warehouse.unique_fct_orders_order_id.523ddb6ce5"
[0m08:12:41.954835 [debug] [Thread-4 (]: Began executing node test.oracle_warehouse.unique_fct_orders_order_id.523ddb6ce5
[0m08:12:41.958244 [debug] [Thread-4 (]: Writing runtime sql for node "test.oracle_warehouse.unique_fct_orders_order_id.523ddb6ce5"
[0m08:12:41.988033 [debug] [Thread-4 (]: Using postgres connection "test.oracle_warehouse.unique_fct_orders_order_id.523ddb6ce5"
[0m08:12:41.988775 [debug] [Thread-1 (]: SQL status: SELECT 1 in 0.391 seconds
[0m08:12:41.989561 [debug] [Thread-4 (]: On test.oracle_warehouse.unique_fct_orders_order_id.523ddb6ce5: /* {"app": "dbt", "dbt_version": "1.11.11", "profile_name": "oracle_warehouse", "target_name": "prod", "node_id": "test.oracle_warehouse.unique_fct_orders_order_id.523ddb6ce5"} */

    
    select
      count(*) as failures,
      count(*) != 0 as should_warn,
      count(*) != 0 as should_error
    from (
      
    
  
    
    

select
    order_id as unique_field,
    count(*) as n_records

from "warehouse"."marts_marts"."fct_orders"
where order_id is not null
group by order_id
having count(*) > 1



  
  
      
    ) dbt_internal_test
[0m08:12:41.992288 [debug] [Thread-1 (]: On test.oracle_warehouse.source_not_null_staging_orders_order_id.8a94cd7e35: ROLLBACK
[0m08:12:41.993743 [debug] [Thread-4 (]: Opening a new connection, currently in state closed
[0m08:12:42.003387 [debug] [Thread-1 (]: On test.oracle_warehouse.source_not_null_staging_orders_order_id.8a94cd7e35: Close
[0m08:12:42.005558 [info ] [Thread-1 (]: 11 of 15 PASS source_not_null_staging_orders_order_id .......................... [[32mPASS[0m in 0.51s]
[0m08:12:42.007520 [debug] [Thread-1 (]: Finished running node test.oracle_warehouse.source_not_null_staging_orders_order_id.8a94cd7e35
[0m08:12:42.096836 [debug] [Thread-3 (]: SQL status: SELECT 1 in 0.433 seconds
[0m08:12:42.099502 [debug] [Thread-3 (]: On test.oracle_warehouse.source_not_null_staging_orders_updated_at.9d13676043: ROLLBACK
[0m08:12:42.123301 [debug] [Thread-3 (]: On test.oracle_warehouse.source_not_null_staging_orders_updated_at.9d13676043: Close
[0m08:12:42.125583 [info ] [Thread-3 (]: 12 of 15 PASS source_not_null_staging_orders_updated_at ........................ [[32mPASS[0m in 0.55s]
[0m08:12:42.126476 [debug] [Thread-3 (]: Finished running node test.oracle_warehouse.source_not_null_staging_orders_updated_at.9d13676043
[0m08:12:47.078215 [debug] [Thread-4 (]: SQL status: SELECT 1 in 5.084 seconds
[0m08:12:47.080076 [debug] [Thread-4 (]: On test.oracle_warehouse.unique_fct_orders_order_id.523ddb6ce5: ROLLBACK
[0m08:12:47.087064 [debug] [Thread-4 (]: On test.oracle_warehouse.unique_fct_orders_order_id.523ddb6ce5: Close
[0m08:12:47.088160 [info ] [Thread-4 (]: 15 of 15 PASS unique_fct_orders_order_id ....................................... [[32mPASS[0m in 5.18s]
[0m08:12:47.089855 [debug] [Thread-4 (]: Finished running node test.oracle_warehouse.unique_fct_orders_order_id.523ddb6ce5
[0m08:12:47.094755 [debug] [Thread-2 (]: SQL status: SELECT 1 in 5.336 seconds
[0m08:12:47.096589 [debug] [Thread-2 (]: On test.oracle_warehouse.source_unique_staging_orders_order_id.449154f9c3: ROLLBACK
[0m08:12:47.102163 [debug] [Thread-2 (]: On test.oracle_warehouse.source_unique_staging_orders_order_id.449154f9c3: Close
[0m08:12:47.103517 [info ] [Thread-2 (]: 14 of 15 PASS source_unique_staging_orders_order_id ............................ [[32mPASS[0m in 5.42s]
[0m08:12:47.104404 [debug] [Thread-2 (]: Finished running node test.oracle_warehouse.source_unique_staging_orders_order_id.449154f9c3
[0m08:12:47.106884 [debug] [MainThread]: On master: COMMIT
[0m08:12:47.107596 [debug] [MainThread]: Using postgres connection "master"
[0m08:12:47.108570 [debug] [MainThread]: On master: COMMIT
[0m08:12:47.109385 [debug] [MainThread]: Opening a new connection, currently in state closed
[0m08:12:47.159171 [debug] [MainThread]: SQL status: COMMIT in 0.050 seconds
[0m08:12:47.160611 [debug] [MainThread]: On master: Close
[0m08:12:47.161730 [debug] [MainThread]: Connection 'master' was properly closed.
[0m08:12:47.162396 [debug] [MainThread]: Connection 'test.oracle_warehouse.source_not_null_staging_orders_order_id.8a94cd7e35' was properly closed.
[0m08:12:47.162886 [debug] [MainThread]: Connection 'test.oracle_warehouse.unique_fct_orders_order_id.523ddb6ce5' was properly closed.
[0m08:12:47.163781 [debug] [MainThread]: Connection 'test.oracle_warehouse.source_not_null_staging_orders_updated_at.9d13676043' was properly closed.
[0m08:12:47.164188 [debug] [MainThread]: Connection 'test.oracle_warehouse.source_unique_staging_orders_order_id.449154f9c3' was properly closed.
[0m08:12:47.164736 [info ] [MainThread]: 
[0m08:12:47.165501 [info ] [MainThread]: Finished running 15 data tests in 0 hours 0 minutes and 7.09 seconds (7.09s).
[0m08:12:47.167487 [debug] [MainThread]: Command end result
[0m08:12:47.221990 [debug] [MainThread]: Wrote artifact WritableManifest to /opt/airflow/dbt_project/target/manifest.json
[0m08:12:47.230971 [debug] [MainThread]: Wrote artifact SemanticManifest to /opt/airflow/dbt_project/target/semantic_manifest.json
[0m08:12:47.247241 [debug] [MainThread]: Wrote artifact RunExecutionResult to /opt/airflow/dbt_project/target/run_results.json
[0m08:12:47.248134 [info ] [MainThread]: 
[0m08:12:47.249056 [info ] [MainThread]: [31mCompleted with 2 errors, 0 partial successes, and 0 warnings:[0m
[0m08:12:47.249738 [info ] [MainThread]: 
[0m08:12:47.250535 [error] [MainThread]: [31mFailure in test source_not_null_staging_customers__dlt_loaded_at (models/staging/sources.yml)[0m
[0m08:12:47.251175 [error] [MainThread]:   Database Error in test source_not_null_staging_customers__dlt_loaded_at (models/staging/sources.yml)
  column "_dlt_loaded_at" does not exist
  LINE 17: select _dlt_loaded_at
                  ^
  compiled code at target/run/oracle_warehouse/models/staging/sources.yml/source_not_null_staging_customers__dlt_loaded_at.sql
[0m08:12:47.251736 [info ] [MainThread]: 
[0m08:12:47.252406 [info ] [MainThread]:   compiled code at target/compiled/oracle_warehouse/models/staging/sources.yml/source_not_null_staging_customers__dlt_loaded_at.sql
[0m08:12:47.253091 [info ] [MainThread]: 
[0m08:12:47.253866 [error] [MainThread]: [31mFailure in test source_not_null_staging_orders__dlt_loaded_at (models/staging/sources.yml)[0m
[0m08:12:47.254948 [error] [MainThread]:   Database Error in test source_not_null_staging_orders__dlt_loaded_at (models/staging/sources.yml)
  column "_dlt_loaded_at" does not exist
  LINE 17: select _dlt_loaded_at
                  ^
  compiled code at target/run/oracle_warehouse/models/staging/sources.yml/source_not_null_staging_orders__dlt_loaded_at.sql
[0m08:12:47.255455 [info ] [MainThread]: 
[0m08:12:47.255920 [info ] [MainThread]:   compiled code at target/compiled/oracle_warehouse/models/staging/sources.yml/source_not_null_staging_orders__dlt_loaded_at.sql
[0m08:12:47.256463 [info ] [MainThread]: 
[0m08:12:47.257234 [info ] [MainThread]: Done. PASS=13 WARN=0 ERROR=2 SKIP=0 NO-OP=0 TOTAL=15
[0m08:12:47.257916 [warn ] [MainThread]: [[33mWARNING[0m][DeprecationsSummary]: Deprecated functionality
Summary of encountered deprecations:
- MissingArgumentsPropertyInGenericTestDeprecation: 2 occurrences
To see all deprecation instances instead of just the first occurrence of each,
run command again with the `--show-all-deprecations` flag. You may also need to
run with `--no-partial-parse` as some deprecations are only encountered during
parsing.
[0m08:12:47.258965 [debug] [MainThread]: Resource report: {"command_name": "test", "command_success": false, "command_wall_clock_time": 9.175905, "process_in_blocks": "0", "process_kernel_time": 0.305675, "process_mem_max_rss": "155304", "process_out_blocks": "0", "process_user_time": 3.354283}
[0m08:12:47.259567 [debug] [MainThread]: Command `dbt test` failed at 08:12:47.259486 after 9.18 seconds
[0m08:12:47.260125 [debug] [MainThread]: Sending event: {'category': 'dbt', 'action': 'invocation', 'label': 'end', 'context': [<snowplow_tracker.self_describing_json.SelfDescribingJson object at 0x7dbeeb546af0>, <snowplow_tracker.self_describing_json.SelfDescribingJson object at 0x7dbee821e2b0>, <snowplow_tracker.self_describing_json.SelfDescribingJson object at 0x7dbee821d8b0>]}
[0m08:12:47.260676 [debug] [MainThread]: Flushing usage events
[0m08:12:47.927321 [debug] [MainThread]: An error was encountered while trying to flush usage events
[0m13:55:38.055026 [debug] [MainThread]: Sending event: {'category': 'dbt', 'action': 'invocation', 'label': 'start', 'context': [<snowplow_tracker.self_describing_json.SelfDescribingJson object at 0x782457cdcec0>, <snowplow_tracker.self_describing_json.SelfDescribingJson object at 0x782456bebc50>, <snowplow_tracker.self_describing_json.SelfDescribingJson object at 0x782456bebb10>]}


============================== 13:55:38.068878 | 5d14ffb3-1a84-4f51-bf19-ddbafd8c19e5 ==============================
[0m13:55:38.068878 [info ] [MainThread]: Running with dbt=1.11.11
[0m13:55:38.071765 [debug] [MainThread]: running dbt with arguments {'fail_fast': 'False', 'quiet': 'False', 'write_json': 'True', 'introspect': 'True', 'cache_selected_only': 'False', 'send_anonymous_usage_stats': 'True', 'log_cache_events': 'False', 'static_parser': 'True', 'invocation_command': 'dbt run --project-dir /opt/airflow/dbt_project --profiles-dir /opt/airflow/dbt_project --select staging --no-version-check --no-partial-parse', 'warn_error': 'None', 'debug': 'False', 'use_experimental_parser': 'False', 'indirect_selection': 'eager', 'printer_width': '80', 'use_colors': 'True', 'warn_error_options': 'WarnErrorOptionsV2(error=[], warn=[], silence=[])', 'target_path': 'None', 'profiles_dir': '/opt/airflow/dbt_project', 'log_format': 'default', 'partial_parse': 'False', 'no_print': 'None', 'log_path': '/opt/airflow/dbt_project/logs', 'empty': 'False', 'version_check': 'False'}
[0m13:55:38.652250 [debug] [MainThread]: Sending event: {'category': 'dbt', 'action': 'project_id', 'label': '5d14ffb3-1a84-4f51-bf19-ddbafd8c19e5', 'context': [<snowplow_tracker.self_describing_json.SelfDescribingJson object at 0x7824578cc3e0>]}
[0m13:55:38.772543 [debug] [MainThread]: Sending event: {'category': 'dbt', 'action': 'adapter_info', 'label': '5d14ffb3-1a84-4f51-bf19-ddbafd8c19e5', 'context': [<snowplow_tracker.self_describing_json.SelfDescribingJson object at 0x7824596ce360>]}
[0m13:55:38.775287 [info ] [MainThread]: Registered adapter: postgres=1.10.0
[0m13:55:38.869877 [debug] [MainThread]: checksum: 30a8cc8fdcbf66701b0944d4ccce3fa46dd04b61e5df68b9f16d57b2e0e3f0be, vars: {}, profile: , target: , version: 1.11.11
[0m13:55:38.889198 [debug] [MainThread]: Partial parsing not enabled
[0m13:55:41.080362 [warn ] [MainThread]: [[33mWARNING[0m][MissingArgumentsPropertyInGenericTestDeprecation]: Deprecated
functionality
Found top-level arguments to test `accepted_values` defined on 'fct_orders' in
package 'oracle_warehouse' (models/marts/schema.yml). Arguments to generic tests
should be nested under the `arguments` property.
[0m13:55:41.081561 [debug] [MainThread]: Sending event: {'category': 'dbt', 'action': 'deprecation', 'label': '5d14ffb3-1a84-4f51-bf19-ddbafd8c19e5', 'property_': 'warn', 'context': [<snowplow_tracker.self_describing_json.SelfDescribingJson object at 0x782456c83050>]}
[0m13:55:41.486664 [debug] [MainThread]: Sending event: {'category': 'dbt', 'action': 'load_project', 'label': '5d14ffb3-1a84-4f51-bf19-ddbafd8c19e5', 'context': [<snowplow_tracker.self_describing_json.SelfDescribingJson object at 0x782454b748c0>]}
[0m13:55:41.705930 [debug] [MainThread]: Wrote artifact WritableManifest to /opt/airflow/dbt_project/target/manifest.json
[0m13:55:41.737443 [debug] [MainThread]: Wrote artifact SemanticManifest to /opt/airflow/dbt_project/target/semantic_manifest.json
[0m13:55:41.808998 [debug] [MainThread]: Sending event: {'category': 'dbt', 'action': 'resource_counts', 'label': '5d14ffb3-1a84-4f51-bf19-ddbafd8c19e5', 'context': [<snowplow_tracker.self_describing_json.SelfDescribingJson object at 0x7824529f02f0>]}
[0m13:55:41.810626 [info ] [MainThread]: Found 4 models, 15 data tests, 2 sources, 475 macros
[0m13:55:41.812186 [debug] [MainThread]: Sending event: {'category': 'dbt', 'action': 'runnable_timing', 'label': '5d14ffb3-1a84-4f51-bf19-ddbafd8c19e5', 'context': [<snowplow_tracker.self_describing_json.SelfDescribingJson object at 0x782454b5a340>]}
[0m13:55:41.815361 [info ] [MainThread]: 
[0m13:55:41.816395 [info ] [MainThread]: Concurrency: 4 threads (target='prod')
[0m13:55:41.817701 [info ] [MainThread]: 
[0m13:55:41.819090 [debug] [MainThread]: Acquiring new postgres connection 'master'
[0m13:55:41.826178 [debug] [ThreadPool]: Acquiring new postgres connection 'list_warehouse'
[0m13:55:41.886368 [debug] [ThreadPool]: Using postgres connection "list_warehouse"
[0m13:55:41.887522 [debug] [ThreadPool]: On list_warehouse: /* {"app": "dbt", "dbt_version": "1.11.11", "profile_name": "oracle_warehouse", "target_name": "prod", "connection_name": "list_warehouse"} */

    select distinct nspname from pg_namespace
  
[0m13:55:41.890485 [debug] [ThreadPool]: Opening a new connection, currently in state init
[0m13:55:42.016832 [debug] [ThreadPool]: SQL status: SELECT 12 in 0.126 seconds
[0m13:55:42.020727 [debug] [ThreadPool]: On list_warehouse: Close
[0m13:55:42.029393 [debug] [ThreadPool]: Re-using an available connection from the pool (formerly list_warehouse, now list_warehouse_marts_marts)
[0m13:55:42.040650 [debug] [ThreadPool]: Using postgres connection "list_warehouse_marts_marts"
[0m13:55:42.044819 [debug] [ThreadPool]: On list_warehouse_marts_marts: /* {"app": "dbt", "dbt_version": "1.11.11", "profile_name": "oracle_warehouse", "target_name": "prod", "connection_name": "list_warehouse_marts_marts"} */
select
      'warehouse' as database,
      tablename as name,
      schemaname as schema,
      'table' as type
    from pg_tables
    where schemaname ilike 'marts_marts'
    union all
    select
      'warehouse' as database,
      viewname as name,
      schemaname as schema,
      'view' as type
    from pg_views
    where schemaname ilike 'marts_marts'
    union all
    select
      'warehouse' as database,
      matviewname as name,
      schemaname as schema,
      'materialized_view' as type
    from pg_matviews
    where schemaname ilike 'marts_marts'
  
[0m13:55:42.047593 [debug] [ThreadPool]: Opening a new connection, currently in state closed
[0m13:55:42.244935 [debug] [ThreadPool]: SQL status: SELECT 4 in 0.197 seconds
[0m13:55:42.249157 [debug] [ThreadPool]: On list_warehouse_marts_marts: ROLLBACK
[0m13:55:42.256447 [debug] [ThreadPool]: On list_warehouse_marts_marts: Close
[0m13:55:42.268945 [debug] [MainThread]: Using postgres connection "master"
[0m13:55:42.271129 [debug] [MainThread]: On master: /* {"app": "dbt", "dbt_version": "1.11.11", "profile_name": "oracle_warehouse", "target_name": "prod", "connection_name": "master"} */
select distinct
        dependent_namespace.nspname as dependent_schema,
        dependent_class.relname as dependent_name,
        referenced_namespace.nspname as referenced_schema,
        referenced_class.relname as referenced_name

    -- Query for views: views are entries in pg_class with an entry in pg_rewrite, but we avoid
    -- a seq scan on pg_rewrite by leveraging the fact there is an "internal" row in pg_depend for
    -- the view...
    from pg_class as dependent_class
    join pg_namespace as dependent_namespace on dependent_namespace.oid = dependent_class.relnamespace
    join pg_depend as dependent_depend on dependent_depend.refobjid = dependent_class.oid
        and dependent_depend.classid = 'pg_rewrite'::regclass
        and dependent_depend.refclassid = 'pg_class'::regclass
        and dependent_depend.deptype = 'i'

    -- ... and via pg_depend (that has a row per column, hence the need for "distinct" above, and
    -- making sure to exclude the internal row to avoid a view appearing to depend on itself)...
    join pg_depend as joining_depend on joining_depend.objid = dependent_depend.objid
        and joining_depend.classid = 'pg_rewrite'::regclass
        and joining_depend.refclassid = 'pg_class'::regclass
        and joining_depend.refobjid != dependent_depend.refobjid

    -- ... we can find the tables they query from in pg_class, but excluding system tables. Note we
    -- don't need need to exclude _dependent_ system tables, because they only query from other
    -- system tables, and so are automatically excluded by excluding _referenced_ system tables
    join pg_class as referenced_class on referenced_class.oid = joining_depend.refobjid
    join pg_namespace as referenced_namespace on referenced_namespace.oid = referenced_class.relnamespace
        and referenced_namespace.nspname != 'information_schema'
        and referenced_namespace.nspname not like 'pg\_%'

    order by
        dependent_schema, dependent_name, referenced_schema, referenced_name;
[0m13:55:42.273470 [debug] [MainThread]: Opening a new connection, currently in state init
[0m13:55:42.520647 [debug] [MainThread]: SQL status: SELECT 2 in 0.247 seconds
[0m13:55:42.525436 [debug] [MainThread]: Sending event: {'category': 'dbt', 'action': 'runnable_timing', 'label': '5d14ffb3-1a84-4f51-bf19-ddbafd8c19e5', 'context': [<snowplow_tracker.self_describing_json.SelfDescribingJson object at 0x7824527fdd90>]}
[0m13:55:42.529338 [debug] [MainThread]: On master: ROLLBACK
[0m13:55:42.540497 [debug] [MainThread]: On master: COMMIT
[0m13:55:42.542135 [debug] [MainThread]: Using postgres connection "master"
[0m13:55:42.543558 [debug] [MainThread]: On master: COMMIT
[0m13:55:42.556142 [debug] [MainThread]: SQL status: COMMIT in 0.011 seconds
[0m13:55:42.558363 [debug] [MainThread]: On master: Close
[0m13:55:42.576040 [debug] [Thread-1 (]: Began running node model.oracle_warehouse.stg_customers
[0m13:55:42.576782 [debug] [Thread-2 (]: Began running node model.oracle_warehouse.stg_orders
[0m13:55:42.577905 [info ] [Thread-1 (]: 1 of 2 START sql view model marts_marts.stg_customers .......................... [RUN]
[0m13:55:42.579280 [info ] [Thread-2 (]: 2 of 2 START sql view model marts_marts.stg_orders ............................. [RUN]
[0m13:55:42.580943 [debug] [Thread-1 (]: Re-using an available connection from the pool (formerly list_warehouse_marts_marts, now model.oracle_warehouse.stg_customers)
[0m13:55:42.582588 [debug] [Thread-2 (]: Acquiring new postgres connection 'model.oracle_warehouse.stg_orders'
[0m13:55:42.584263 [debug] [Thread-1 (]: Began compiling node model.oracle_warehouse.stg_customers
[0m13:55:42.585630 [debug] [Thread-2 (]: Began compiling node model.oracle_warehouse.stg_orders
[0m13:55:42.597656 [debug] [Thread-1 (]: Writing injected SQL for node "model.oracle_warehouse.stg_customers"
[0m13:55:42.601567 [debug] [Thread-2 (]: Writing injected SQL for node "model.oracle_warehouse.stg_orders"
[0m13:55:42.646349 [debug] [Thread-2 (]: Began executing node model.oracle_warehouse.stg_orders
[0m13:55:42.659099 [debug] [Thread-1 (]: Began executing node model.oracle_warehouse.stg_customers
[0m13:55:42.742970 [debug] [Thread-2 (]: Writing runtime sql for node "model.oracle_warehouse.stg_orders"
[0m13:55:42.743948 [debug] [Thread-1 (]: Writing runtime sql for node "model.oracle_warehouse.stg_customers"
[0m13:55:42.773435 [debug] [Thread-1 (]: Using postgres connection "model.oracle_warehouse.stg_customers"
[0m13:55:42.775335 [debug] [Thread-1 (]: On model.oracle_warehouse.stg_customers: /* {"app": "dbt", "dbt_version": "1.11.11", "profile_name": "oracle_warehouse", "target_name": "prod", "node_id": "model.oracle_warehouse.stg_customers"} */

  create view "warehouse"."marts_marts"."stg_customers__dbt_tmp"
    
    
  as (
    -- =============================================================================
-- models/staging/stg_customers.sql
-- =============================================================================



SELECT
    customer_id::INTEGER                AS customer_id,
    INITCAP(TRIM(full_name))            AS full_name,
    LOWER(TRIM(email))                  AS email,
    UPPER(TRIM(country))                AS country,
    UPPER(TRIM(tier))                   AS tier,   -- GOLD / SILVER / STANDARD

    created_at::TIMESTAMPTZ             AS created_at,
    updated_at::TIMESTAMPTZ             AS updated_at,

    _dlt_id                             AS _dlt_id,
    _dlt_load_id                      AS _dlt_load_id

FROM "warehouse"."staging"."customers"
WHERE COALESCE(is_deleted, 0) = 0
  );
[0m13:55:42.777193 [debug] [Thread-1 (]: Opening a new connection, currently in state closed
[0m13:55:42.781017 [debug] [Thread-2 (]: Using postgres connection "model.oracle_warehouse.stg_orders"
[0m13:55:42.782504 [debug] [Thread-2 (]: On model.oracle_warehouse.stg_orders: /* {"app": "dbt", "dbt_version": "1.11.11", "profile_name": "oracle_warehouse", "target_name": "prod", "node_id": "model.oracle_warehouse.stg_orders"} */

  create view "warehouse"."marts_marts"."stg_orders__dbt_tmp"
    
    
  as (
    -- =============================================================================
-- models/staging/stg_orders.sql
-- =============================================================================
-- Lightweight VIEW over the raw DLT-loaded orders table.
-- Purpose: cast types, rename columns, filter soft-deletes.
-- Materialized as a VIEW so it always reflects the latest DLT load.
-- =============================================================================



SELECT
    order_id::INTEGER                   AS order_id,
    customer_id::INTEGER                AS customer_id,

    UPPER(TRIM(status))                 AS status,
    amount::NUMERIC(10,2)               AS amount,
    UPPER(TRIM(product_code))           AS product_code,

    created_at::TIMESTAMPTZ             AS created_at,
    updated_at::TIMESTAMPTZ             AS updated_at,

    -- DLT metadata columns — kept for delta filtering in marts
    _dlt_id                             AS _dlt_id,
    _dlt_load_id                      AS _dlt_load_id

FROM "warehouse"."staging"."orders"

-- Filter soft-deleted rows (is_deleted=1 set in Oracle before export)
WHERE COALESCE(is_deleted, 0) = 0
  );
[0m13:55:42.784311 [debug] [Thread-2 (]: Opening a new connection, currently in state init
[0m13:55:43.206932 [debug] [Thread-1 (]: SQL status: CREATE VIEW in 0.429 seconds
[0m13:55:43.209229 [debug] [Thread-2 (]: SQL status: CREATE VIEW in 0.425 seconds
[0m13:55:43.220531 [debug] [Thread-1 (]: Using postgres connection "model.oracle_warehouse.stg_customers"
[0m13:55:43.229110 [debug] [Thread-2 (]: Using postgres connection "model.oracle_warehouse.stg_orders"
[0m13:55:43.231419 [debug] [Thread-1 (]: On model.oracle_warehouse.stg_customers: /* {"app": "dbt", "dbt_version": "1.11.11", "profile_name": "oracle_warehouse", "target_name": "prod", "node_id": "model.oracle_warehouse.stg_customers"} */
alter table "warehouse"."marts_marts"."stg_customers" rename to "stg_customers__dbt_backup"
[0m13:55:43.233844 [debug] [Thread-2 (]: On model.oracle_warehouse.stg_orders: /* {"app": "dbt", "dbt_version": "1.11.11", "profile_name": "oracle_warehouse", "target_name": "prod", "node_id": "model.oracle_warehouse.stg_orders"} */
alter table "warehouse"."marts_marts"."stg_orders" rename to "stg_orders__dbt_backup"
[0m13:55:43.254705 [debug] [Thread-1 (]: SQL status: ALTER TABLE in 0.019 seconds
[0m13:55:43.265035 [debug] [Thread-1 (]: Using postgres connection "model.oracle_warehouse.stg_customers"
[0m13:55:43.266039 [debug] [Thread-2 (]: SQL status: ALTER TABLE in 0.029 seconds
[0m13:55:43.266996 [debug] [Thread-1 (]: On model.oracle_warehouse.stg_customers: /* {"app": "dbt", "dbt_version": "1.11.11", "profile_name": "oracle_warehouse", "target_name": "prod", "node_id": "model.oracle_warehouse.stg_customers"} */
alter table "warehouse"."marts_marts"."stg_customers__dbt_tmp" rename to "stg_customers"
[0m13:55:43.272906 [debug] [Thread-2 (]: Using postgres connection "model.oracle_warehouse.stg_orders"
[0m13:55:43.277057 [debug] [Thread-2 (]: On model.oracle_warehouse.stg_orders: /* {"app": "dbt", "dbt_version": "1.11.11", "profile_name": "oracle_warehouse", "target_name": "prod", "node_id": "model.oracle_warehouse.stg_orders"} */
alter table "warehouse"."marts_marts"."stg_orders__dbt_tmp" rename to "stg_orders"
[0m13:55:43.284840 [debug] [Thread-1 (]: SQL status: ALTER TABLE in 0.009 seconds
[0m13:55:43.298904 [debug] [Thread-2 (]: SQL status: ALTER TABLE in 0.020 seconds
[0m13:55:43.345246 [debug] [Thread-1 (]: On model.oracle_warehouse.stg_customers: COMMIT
[0m13:55:43.348227 [debug] [Thread-2 (]: On model.oracle_warehouse.stg_orders: COMMIT
[0m13:55:43.349027 [debug] [Thread-1 (]: Using postgres connection "model.oracle_warehouse.stg_customers"
[0m13:55:43.351102 [debug] [Thread-2 (]: Using postgres connection "model.oracle_warehouse.stg_orders"
[0m13:55:43.353190 [debug] [Thread-1 (]: On model.oracle_warehouse.stg_customers: COMMIT
[0m13:55:43.354777 [debug] [Thread-2 (]: On model.oracle_warehouse.stg_orders: COMMIT
[0m13:55:43.427478 [debug] [Thread-1 (]: SQL status: COMMIT in 0.070 seconds
[0m13:55:43.443279 [debug] [Thread-1 (]: Applying DROP to: "warehouse"."marts_marts"."stg_customers__dbt_backup"
[0m13:55:43.443937 [debug] [Thread-2 (]: SQL status: COMMIT in 0.085 seconds
[0m13:55:43.451097 [debug] [Thread-1 (]: Using postgres connection "model.oracle_warehouse.stg_customers"
[0m13:55:43.454396 [debug] [Thread-2 (]: Applying DROP to: "warehouse"."marts_marts"."stg_orders__dbt_backup"
[0m13:55:43.456585 [debug] [Thread-1 (]: On model.oracle_warehouse.stg_customers: /* {"app": "dbt", "dbt_version": "1.11.11", "profile_name": "oracle_warehouse", "target_name": "prod", "node_id": "model.oracle_warehouse.stg_customers"} */
drop view if exists "warehouse"."marts_marts"."stg_customers__dbt_backup" cascade
[0m13:55:43.459673 [debug] [Thread-2 (]: Using postgres connection "model.oracle_warehouse.stg_orders"
[0m13:55:43.463088 [debug] [Thread-2 (]: On model.oracle_warehouse.stg_orders: /* {"app": "dbt", "dbt_version": "1.11.11", "profile_name": "oracle_warehouse", "target_name": "prod", "node_id": "model.oracle_warehouse.stg_orders"} */
drop view if exists "warehouse"."marts_marts"."stg_orders__dbt_backup" cascade
[0m13:55:43.527632 [debug] [Thread-1 (]: SQL status: DROP VIEW in 0.065 seconds
[0m13:55:43.535426 [debug] [Thread-1 (]: On model.oracle_warehouse.stg_customers: Close
[0m13:55:43.546343 [debug] [Thread-2 (]: SQL status: DROP VIEW in 0.081 seconds
[0m13:55:43.555094 [debug] [Thread-2 (]: On model.oracle_warehouse.stg_orders: Close
[0m13:55:43.557593 [debug] [Thread-1 (]: Sending event: {'category': 'dbt', 'action': 'run_model', 'label': '5d14ffb3-1a84-4f51-bf19-ddbafd8c19e5', 'context': [<snowplow_tracker.self_describing_json.SelfDescribingJson object at 0x7824528ce780>]}
[0m13:55:43.561707 [debug] [Thread-2 (]: Sending event: {'category': 'dbt', 'action': 'run_model', 'label': '5d14ffb3-1a84-4f51-bf19-ddbafd8c19e5', 'context': [<snowplow_tracker.self_describing_json.SelfDescribingJson object at 0x782451c6b750>]}
[0m13:55:43.564763 [info ] [Thread-1 (]: 1 of 2 OK created sql view model marts_marts.stg_customers ..................... [[32mCREATE VIEW[0m in 0.96s]
[0m13:55:43.569524 [info ] [Thread-2 (]: 2 of 2 OK created sql view model marts_marts.stg_orders ........................ [[32mCREATE VIEW[0m in 0.98s]
[0m13:55:43.572996 [debug] [Thread-1 (]: Finished running node model.oracle_warehouse.stg_customers
[0m13:55:43.577172 [debug] [Thread-2 (]: Finished running node model.oracle_warehouse.stg_orders
[0m13:55:43.588254 [debug] [MainThread]: On master: COMMIT
[0m13:55:43.590695 [debug] [MainThread]: Using postgres connection "master"
[0m13:55:43.593366 [debug] [MainThread]: On master: COMMIT
[0m13:55:43.594752 [debug] [MainThread]: Opening a new connection, currently in state closed
[0m13:55:43.716340 [debug] [MainThread]: SQL status: COMMIT in 0.121 seconds
[0m13:55:43.718937 [debug] [MainThread]: On master: Close
[0m13:55:43.721997 [debug] [MainThread]: Connection 'master' was properly closed.
[0m13:55:43.724456 [debug] [MainThread]: Connection 'model.oracle_warehouse.stg_customers' was properly closed.
[0m13:55:43.726696 [debug] [MainThread]: Connection 'model.oracle_warehouse.stg_orders' was properly closed.
[0m13:55:43.729036 [info ] [MainThread]: 
[0m13:55:43.731537 [info ] [MainThread]: Finished running 2 view models in 0 hours 0 minutes and 1.91 seconds (1.91s).
[0m13:55:43.735224 [debug] [MainThread]: Command end result
[0m13:55:43.885399 [debug] [MainThread]: Wrote artifact WritableManifest to /opt/airflow/dbt_project/target/manifest.json
[0m13:55:43.907479 [debug] [MainThread]: Wrote artifact SemanticManifest to /opt/airflow/dbt_project/target/semantic_manifest.json
[0m13:55:43.955482 [debug] [MainThread]: Wrote artifact RunExecutionResult to /opt/airflow/dbt_project/target/run_results.json
[0m13:55:43.957701 [info ] [MainThread]: 
[0m13:55:43.959651 [info ] [MainThread]: [32mCompleted successfully[0m
[0m13:55:43.961767 [info ] [MainThread]: 
[0m13:55:43.963965 [info ] [MainThread]: Done. PASS=2 WARN=0 ERROR=0 SKIP=0 NO-OP=0 TOTAL=2
[0m13:55:43.966621 [warn ] [MainThread]: [[33mWARNING[0m][DeprecationsSummary]: Deprecated functionality
Summary of encountered deprecations:
- MissingArgumentsPropertyInGenericTestDeprecation: 2 occurrences
To see all deprecation instances instead of just the first occurrence of each,
run command again with the `--show-all-deprecations` flag. You may also need to
run with `--no-partial-parse` as some deprecations are only encountered during
parsing.
[0m13:55:43.969930 [debug] [MainThread]: Resource report: {"command_name": "run", "command_success": true, "command_wall_clock_time": 6.1105165, "process_in_blocks": "37008", "process_kernel_time": 0.747621, "process_mem_max_rss": "153484", "process_out_blocks": "0", "process_user_time": 5.463699}
[0m13:55:43.972007 [debug] [MainThread]: Command `dbt run` succeeded at 13:55:43.971626 after 6.11 seconds
[0m13:55:43.974941 [debug] [MainThread]: Sending event: {'category': 'dbt', 'action': 'invocation', 'label': 'end', 'context': [<snowplow_tracker.self_describing_json.SelfDescribingJson object at 0x7824528b31d0>, <snowplow_tracker.self_describing_json.SelfDescribingJson object at 0x782457a436d0>, <snowplow_tracker.self_describing_json.SelfDescribingJson object at 0x782456a8bbd0>]}
[0m13:55:43.976922 [debug] [MainThread]: Flushing usage events
[0m13:55:45.357765 [debug] [MainThread]: An error was encountered while trying to flush usage events
[0m13:55:49.657018 [debug] [MainThread]: Sending event: {'category': 'dbt', 'action': 'invocation', 'label': 'start', 'context': [<snowplow_tracker.self_describing_json.SelfDescribingJson object at 0x7b1bd7b54ec0>, <snowplow_tracker.self_describing_json.SelfDescribingJson object at 0x7b1bd6a6bc50>, <snowplow_tracker.self_describing_json.SelfDescribingJson object at 0x7b1bd6a6bb10>]}


============================== 13:55:49.663607 | db73498c-bb10-4a64-a2ad-45b7299e1c3a ==============================
[0m13:55:49.663607 [info ] [MainThread]: Running with dbt=1.11.11
[0m13:55:49.665315 [debug] [MainThread]: running dbt with arguments {'no_print': 'None', 'partial_parse': 'False', 'indirect_selection': 'eager', 'log_cache_events': 'False', 'static_parser': 'True', 'log_path': '/opt/airflow/dbt_project/logs', 'log_format': 'default', 'send_anonymous_usage_stats': 'True', 'use_experimental_parser': 'False', 'empty': 'False', 'warn_error': 'None', 'target_path': 'None', 'profiles_dir': '/opt/airflow/dbt_project', 'quiet': 'False', 'printer_width': '80', 'cache_selected_only': 'False', 'write_json': 'True', 'invocation_command': 'dbt run --project-dir /opt/airflow/dbt_project --profiles-dir /opt/airflow/dbt_project --select marts --no-version-check --no-partial-parse', 'use_colors': 'True', 'warn_error_options': 'WarnErrorOptionsV2(error=[], warn=[], silence=[])', 'introspect': 'True', 'debug': 'False', 'version_check': 'False', 'fail_fast': 'False'}
[0m13:55:50.030904 [debug] [MainThread]: Sending event: {'category': 'dbt', 'action': 'project_id', 'label': 'db73498c-bb10-4a64-a2ad-45b7299e1c3a', 'context': [<snowplow_tracker.self_describing_json.SelfDescribingJson object at 0x7b1bd77483e0>]}
[0m13:55:50.188103 [debug] [MainThread]: Sending event: {'category': 'dbt', 'action': 'adapter_info', 'label': 'db73498c-bb10-4a64-a2ad-45b7299e1c3a', 'context': [<snowplow_tracker.self_describing_json.SelfDescribingJson object at 0x7b1bd953e360>]}
[0m13:55:50.191035 [info ] [MainThread]: Registered adapter: postgres=1.10.0
[0m13:55:50.297210 [debug] [MainThread]: checksum: 30a8cc8fdcbf66701b0944d4ccce3fa46dd04b61e5df68b9f16d57b2e0e3f0be, vars: {}, profile: , target: , version: 1.11.11
[0m13:55:50.308387 [debug] [MainThread]: Partial parsing not enabled
[0m13:55:52.387106 [warn ] [MainThread]: [[33mWARNING[0m][MissingArgumentsPropertyInGenericTestDeprecation]: Deprecated
functionality
Found top-level arguments to test `accepted_values` defined on 'fct_orders' in
package 'oracle_warehouse' (models/marts/schema.yml). Arguments to generic tests
should be nested under the `arguments` property.
[0m13:55:52.390034 [debug] [MainThread]: Sending event: {'category': 'dbt', 'action': 'deprecation', 'label': 'db73498c-bb10-4a64-a2ad-45b7299e1c3a', 'property_': 'warn', 'context': [<snowplow_tracker.self_describing_json.SelfDescribingJson object at 0x7b1bd6aff050>]}
[0m13:55:52.806456 [debug] [MainThread]: Sending event: {'category': 'dbt', 'action': 'load_project', 'label': 'db73498c-bb10-4a64-a2ad-45b7299e1c3a', 'context': [<snowplow_tracker.self_describing_json.SelfDescribingJson object at 0x7b1bd4d648c0>]}
[0m13:55:53.015644 [debug] [MainThread]: Wrote artifact WritableManifest to /opt/airflow/dbt_project/target/manifest.json
[0m13:55:53.033254 [debug] [MainThread]: Wrote artifact SemanticManifest to /opt/airflow/dbt_project/target/semantic_manifest.json
[0m13:55:53.075935 [debug] [MainThread]: Sending event: {'category': 'dbt', 'action': 'resource_counts', 'label': 'db73498c-bb10-4a64-a2ad-45b7299e1c3a', 'context': [<snowplow_tracker.self_describing_json.SelfDescribingJson object at 0x7b1bd28e02f0>]}
[0m13:55:53.082218 [info ] [MainThread]: Found 4 models, 15 data tests, 2 sources, 475 macros
[0m13:55:53.085645 [debug] [MainThread]: Sending event: {'category': 'dbt', 'action': 'runnable_timing', 'label': 'db73498c-bb10-4a64-a2ad-45b7299e1c3a', 'context': [<snowplow_tracker.self_describing_json.SelfDescribingJson object at 0x7b1bd4d4a340>]}
[0m13:55:53.092009 [info ] [MainThread]: 
[0m13:55:53.094352 [info ] [MainThread]: Concurrency: 4 threads (target='prod')
[0m13:55:53.096953 [info ] [MainThread]: 
[0m13:55:53.099181 [debug] [MainThread]: Acquiring new postgres connection 'master'
[0m13:55:53.107707 [debug] [ThreadPool]: Acquiring new postgres connection 'list_warehouse'
[0m13:55:53.155928 [debug] [ThreadPool]: Using postgres connection "list_warehouse"
[0m13:55:53.161367 [debug] [ThreadPool]: On list_warehouse: /* {"app": "dbt", "dbt_version": "1.11.11", "profile_name": "oracle_warehouse", "target_name": "prod", "connection_name": "list_warehouse"} */

    select distinct nspname from pg_namespace
  
[0m13:55:53.165900 [debug] [ThreadPool]: Opening a new connection, currently in state init
[0m13:55:53.315214 [debug] [ThreadPool]: SQL status: SELECT 12 in 0.149 seconds
[0m13:55:53.318790 [debug] [ThreadPool]: On list_warehouse: Close
[0m13:55:53.325904 [debug] [ThreadPool]: Re-using an available connection from the pool (formerly list_warehouse, now list_warehouse_marts_marts)
[0m13:55:53.338383 [debug] [ThreadPool]: Using postgres connection "list_warehouse_marts_marts"
[0m13:55:53.340951 [debug] [ThreadPool]: On list_warehouse_marts_marts: /* {"app": "dbt", "dbt_version": "1.11.11", "profile_name": "oracle_warehouse", "target_name": "prod", "connection_name": "list_warehouse_marts_marts"} */
select
      'warehouse' as database,
      tablename as name,
      schemaname as schema,
      'table' as type
    from pg_tables
    where schemaname ilike 'marts_marts'
    union all
    select
      'warehouse' as database,
      viewname as name,
      schemaname as schema,
      'view' as type
    from pg_views
    where schemaname ilike 'marts_marts'
    union all
    select
      'warehouse' as database,
      matviewname as name,
      schemaname as schema,
      'materialized_view' as type
    from pg_matviews
    where schemaname ilike 'marts_marts'
  
[0m13:55:53.342813 [debug] [ThreadPool]: Opening a new connection, currently in state closed
[0m13:55:53.485946 [debug] [ThreadPool]: SQL status: SELECT 4 in 0.143 seconds
[0m13:55:53.490183 [debug] [ThreadPool]: On list_warehouse_marts_marts: ROLLBACK
[0m13:55:53.498742 [debug] [ThreadPool]: On list_warehouse_marts_marts: Close
[0m13:55:53.511665 [debug] [MainThread]: Using postgres connection "master"
[0m13:55:53.513881 [debug] [MainThread]: On master: /* {"app": "dbt", "dbt_version": "1.11.11", "profile_name": "oracle_warehouse", "target_name": "prod", "connection_name": "master"} */
select distinct
        dependent_namespace.nspname as dependent_schema,
        dependent_class.relname as dependent_name,
        referenced_namespace.nspname as referenced_schema,
        referenced_class.relname as referenced_name

    -- Query for views: views are entries in pg_class with an entry in pg_rewrite, but we avoid
    -- a seq scan on pg_rewrite by leveraging the fact there is an "internal" row in pg_depend for
    -- the view...
    from pg_class as dependent_class
    join pg_namespace as dependent_namespace on dependent_namespace.oid = dependent_class.relnamespace
    join pg_depend as dependent_depend on dependent_depend.refobjid = dependent_class.oid
        and dependent_depend.classid = 'pg_rewrite'::regclass
        and dependent_depend.refclassid = 'pg_class'::regclass
        and dependent_depend.deptype = 'i'

    -- ... and via pg_depend (that has a row per column, hence the need for "distinct" above, and
    -- making sure to exclude the internal row to avoid a view appearing to depend on itself)...
    join pg_depend as joining_depend on joining_depend.objid = dependent_depend.objid
        and joining_depend.classid = 'pg_rewrite'::regclass
        and joining_depend.refclassid = 'pg_class'::regclass
        and joining_depend.refobjid != dependent_depend.refobjid

    -- ... we can find the tables they query from in pg_class, but excluding system tables. Note we
    -- don't need need to exclude _dependent_ system tables, because they only query from other
    -- system tables, and so are automatically excluded by excluding _referenced_ system tables
    join pg_class as referenced_class on referenced_class.oid = joining_depend.refobjid
    join pg_namespace as referenced_namespace on referenced_namespace.oid = referenced_class.relnamespace
        and referenced_namespace.nspname != 'information_schema'
        and referenced_namespace.nspname not like 'pg\_%'

    order by
        dependent_schema, dependent_name, referenced_schema, referenced_name;
[0m13:55:53.515554 [debug] [MainThread]: Opening a new connection, currently in state init
[0m13:55:53.651490 [debug] [MainThread]: SQL status: SELECT 2 in 0.136 seconds
[0m13:55:53.655289 [debug] [MainThread]: Sending event: {'category': 'dbt', 'action': 'runnable_timing', 'label': 'db73498c-bb10-4a64-a2ad-45b7299e1c3a', 'context': [<snowplow_tracker.self_describing_json.SelfDescribingJson object at 0x7b1bd26f5d90>]}
[0m13:55:53.657644 [debug] [MainThread]: On master: ROLLBACK
[0m13:55:53.666578 [debug] [MainThread]: On master: COMMIT
[0m13:55:53.668091 [debug] [MainThread]: Using postgres connection "master"
[0m13:55:53.669977 [debug] [MainThread]: On master: COMMIT
[0m13:55:53.685203 [debug] [MainThread]: SQL status: COMMIT in 0.014 seconds
[0m13:55:53.687044 [debug] [MainThread]: On master: Close
[0m13:55:53.698135 [debug] [Thread-1 (]: Began running node model.oracle_warehouse.delta_report
[0m13:55:53.699051 [debug] [Thread-2 (]: Began running node model.oracle_warehouse.fct_orders
[0m13:55:53.700990 [info ] [Thread-1 (]: 1 of 2 START sql incremental model marts_marts.delta_report .................... [RUN]
[0m13:55:53.704003 [info ] [Thread-2 (]: 2 of 2 START sql incremental model marts_marts.fct_orders ...................... [RUN]
[0m13:55:53.706823 [debug] [Thread-1 (]: Re-using an available connection from the pool (formerly list_warehouse_marts_marts, now model.oracle_warehouse.delta_report)
[0m13:55:53.709540 [debug] [Thread-2 (]: Acquiring new postgres connection 'model.oracle_warehouse.fct_orders'
[0m13:55:53.712421 [debug] [Thread-1 (]: Began compiling node model.oracle_warehouse.delta_report
[0m13:55:53.714845 [debug] [Thread-2 (]: Began compiling node model.oracle_warehouse.fct_orders
[0m13:55:53.736822 [debug] [Thread-1 (]: Writing injected SQL for node "model.oracle_warehouse.delta_report"
[0m13:55:53.740576 [debug] [Thread-2 (]: Writing injected SQL for node "model.oracle_warehouse.fct_orders"
[0m13:55:53.786906 [debug] [Thread-1 (]: Began executing node model.oracle_warehouse.delta_report
[0m13:55:53.795274 [debug] [Thread-2 (]: Began executing node model.oracle_warehouse.fct_orders
[0m13:55:53.930684 [debug] [Thread-2 (]: Using postgres connection "model.oracle_warehouse.fct_orders"
[0m13:55:53.927599 [debug] [Thread-1 (]: Using postgres connection "model.oracle_warehouse.delta_report"
[0m13:55:53.932179 [debug] [Thread-2 (]: On model.oracle_warehouse.fct_orders: /* {"app": "dbt", "dbt_version": "1.11.11", "profile_name": "oracle_warehouse", "target_name": "prod", "node_id": "model.oracle_warehouse.fct_orders"} */

    
  
    

  create temporary table "fct_orders__dbt_tmp135553874396"
  
  
    as
  
  (
    -- =============================================================================
-- models/marts/fct_orders.sql
-- =============================================================================
-- INCREMENTAL fact table — the core delta model.
--
-- How delta works here:
--   First run  → processes ALL rows from stg_orders (full load)
--   Every run after → the is_incremental() block injects a WHERE clause that
--                     only picks up rows whose _dlt_loaded_at is NEWER than
--                     the highest loaded_at already in this table.
--
-- This means DBT only transforms rows that DLT loaded THIS RUN.
-- The merge strategy then upserts them: new rows inserted, changed rows updated.
-- =============================================================================


with source as (
    select
        o.order_id,
        o.customer_id,
        o.status,
        o.amount,
        o.product_code,
        o.created_at,
        o.updated_at,
        o._dlt_load_id,
        c.full_name     as customer_name,
        c.country       as customer_country,
        c.tier          as customer_tier
    from "warehouse"."marts_marts"."stg_orders" as o
    left join "warehouse"."marts_marts"."stg_customers" as c
        on o.customer_id = c.customer_id

  
    where o.updated_at > (
        select coalesce(max(updated_at), '1970-01-01'::timestamptz)
        from "warehouse"."marts_marts"."fct_orders"
    )
    
)

select
    order_id,
    customer_id,
    customer_name,
    customer_country,
    customer_tier,
    status,
    amount,
    product_code,
    case when status = 'PAID'    then amount else 0 end  as paid_amount,
    case when status = 'PENDING' then amount else 0 end  as pending_amount,
    case when amount > 500       then true  else false end as is_high_value,
    date_trunc('day',  created_at)  as order_date,
    date_trunc('week', created_at)  as order_week,
    date_trunc('month',created_at)  as order_month,
    created_at,
    updated_at,
    updated_at as loaded_at
from source
  );
  
  
[0m13:55:53.933553 [debug] [Thread-1 (]: On model.oracle_warehouse.delta_report: /* {"app": "dbt", "dbt_version": "1.11.11", "profile_name": "oracle_warehouse", "target_name": "prod", "node_id": "model.oracle_warehouse.delta_report"} */

    
  
    

  create temporary table "delta_report__dbt_tmp135553871277"
  
  
    as
  
  (
    -- =============================================================================
-- models/marts/delta_report.sql
-- =============================================================================
-- Append-only log of every row that was new or changed in each DLT run.
-- Your team queries this to monitor what moved through the pipeline.
--
-- Query to check today's delta:
--   SELECT * FROM marts.delta_report WHERE load_date = CURRENT_DATE ORDER BY detected_at DESC;
-- =============================================================================


select
    o.order_id,
    o.customer_id,
    o.status,
    o.amount,
    o.product_code,
    o.updated_at                        as changed_at_source,
    o.updated_at                        as detected_at,
    cast(o.updated_at as date)          as load_date,
    case
        when o.updated_at = o.created_at then 'new_row'
        else 'updated_row'
    end                                 as change_type

from "warehouse"."marts_marts"."stg_orders" as o


where o.updated_at > (
    select coalesce(max(detected_at), '1970-01-01'::timestamptz)
    from "warehouse"."marts_marts"."delta_report"
)

  );
  
  
[0m13:55:53.934985 [debug] [Thread-2 (]: Opening a new connection, currently in state init
[0m13:55:53.936385 [debug] [Thread-1 (]: Opening a new connection, currently in state closed
[0m13:55:55.273808 [debug] [Thread-1 (]: SQL status: SELECT 4 in 1.337 seconds
[0m13:55:55.320318 [debug] [Thread-1 (]: Using postgres connection "model.oracle_warehouse.delta_report"
[0m13:55:55.324266 [debug] [Thread-1 (]: On model.oracle_warehouse.delta_report: /* {"app": "dbt", "dbt_version": "1.11.11", "profile_name": "oracle_warehouse", "target_name": "prod", "node_id": "model.oracle_warehouse.delta_report"} */

      select
          column_name,
          data_type,
          character_maximum_length,
          numeric_precision,
          numeric_scale

      from INFORMATION_SCHEMA.columns
      where table_name = 'delta_report__dbt_tmp135553871277'
        
      order by ordinal_position

  
[0m13:55:55.329600 [debug] [Thread-2 (]: SQL status: SELECT 4 in 1.394 seconds
[0m13:55:55.343297 [debug] [Thread-2 (]: Using postgres connection "model.oracle_warehouse.fct_orders"
[0m13:55:55.345833 [debug] [Thread-2 (]: On model.oracle_warehouse.fct_orders: /* {"app": "dbt", "dbt_version": "1.11.11", "profile_name": "oracle_warehouse", "target_name": "prod", "node_id": "model.oracle_warehouse.fct_orders"} */

      select
          column_name,
          data_type,
          character_maximum_length,
          numeric_precision,
          numeric_scale

      from INFORMATION_SCHEMA.columns
      where table_name = 'fct_orders__dbt_tmp135553874396'
        
      order by ordinal_position

  
[0m13:55:55.514792 [debug] [Thread-1 (]: SQL status: SELECT 9 in 0.188 seconds
[0m13:55:55.516226 [debug] [Thread-2 (]: SQL status: SELECT 17 in 0.169 seconds
[0m13:55:55.535136 [debug] [Thread-1 (]: Using postgres connection "model.oracle_warehouse.delta_report"
[0m13:55:55.538966 [debug] [Thread-2 (]: Using postgres connection "model.oracle_warehouse.fct_orders"
[0m13:55:55.540518 [debug] [Thread-1 (]: On model.oracle_warehouse.delta_report: /* {"app": "dbt", "dbt_version": "1.11.11", "profile_name": "oracle_warehouse", "target_name": "prod", "node_id": "model.oracle_warehouse.delta_report"} */

      select
          column_name,
          data_type,
          character_maximum_length,
          numeric_precision,
          numeric_scale

      from "warehouse".INFORMATION_SCHEMA.columns
      where table_name = 'delta_report'
        
        and table_schema = 'marts_marts'
        
      order by ordinal_position

  
[0m13:55:55.542581 [debug] [Thread-2 (]: On model.oracle_warehouse.fct_orders: /* {"app": "dbt", "dbt_version": "1.11.11", "profile_name": "oracle_warehouse", "target_name": "prod", "node_id": "model.oracle_warehouse.fct_orders"} */

      select
          column_name,
          data_type,
          character_maximum_length,
          numeric_precision,
          numeric_scale

      from "warehouse".INFORMATION_SCHEMA.columns
      where table_name = 'fct_orders'
        
        and table_schema = 'marts_marts'
        
      order by ordinal_position

  
[0m13:55:55.571512 [debug] [Thread-1 (]: SQL status: SELECT 9 in 0.026 seconds
[0m13:55:55.580127 [debug] [Thread-2 (]: SQL status: SELECT 17 in 0.034 seconds
[0m13:55:55.613462 [debug] [Thread-1 (]: Using postgres connection "model.oracle_warehouse.delta_report"
[0m13:55:55.614911 [debug] [Thread-2 (]: Using postgres connection "model.oracle_warehouse.fct_orders"
[0m13:55:55.615811 [debug] [Thread-1 (]: On model.oracle_warehouse.delta_report: /* {"app": "dbt", "dbt_version": "1.11.11", "profile_name": "oracle_warehouse", "target_name": "prod", "node_id": "model.oracle_warehouse.delta_report"} */

      select
          column_name,
          data_type,
          character_maximum_length,
          numeric_precision,
          numeric_scale

      from INFORMATION_SCHEMA.columns
      where table_name = 'delta_report__dbt_tmp135553871277'
        
      order by ordinal_position

  
[0m13:55:55.618024 [debug] [Thread-2 (]: On model.oracle_warehouse.fct_orders: /* {"app": "dbt", "dbt_version": "1.11.11", "profile_name": "oracle_warehouse", "target_name": "prod", "node_id": "model.oracle_warehouse.fct_orders"} */

      select
          column_name,
          data_type,
          character_maximum_length,
          numeric_precision,
          numeric_scale

      from INFORMATION_SCHEMA.columns
      where table_name = 'fct_orders__dbt_tmp135553874396'
        
      order by ordinal_position

  
[0m13:55:55.641036 [debug] [Thread-1 (]: SQL status: SELECT 9 in 0.021 seconds
[0m13:55:55.649767 [debug] [Thread-1 (]: Using postgres connection "model.oracle_warehouse.delta_report"
[0m13:55:55.650738 [debug] [Thread-2 (]: SQL status: SELECT 17 in 0.030 seconds
[0m13:55:55.651924 [debug] [Thread-1 (]: On model.oracle_warehouse.delta_report: /* {"app": "dbt", "dbt_version": "1.11.11", "profile_name": "oracle_warehouse", "target_name": "prod", "node_id": "model.oracle_warehouse.delta_report"} */

      select
          column_name,
          data_type,
          character_maximum_length,
          numeric_precision,
          numeric_scale

      from "warehouse".INFORMATION_SCHEMA.columns
      where table_name = 'delta_report'
        
        and table_schema = 'marts_marts'
        
      order by ordinal_position

  
[0m13:55:55.660564 [debug] [Thread-2 (]: Using postgres connection "model.oracle_warehouse.fct_orders"
[0m13:55:55.662525 [debug] [Thread-2 (]: On model.oracle_warehouse.fct_orders: /* {"app": "dbt", "dbt_version": "1.11.11", "profile_name": "oracle_warehouse", "target_name": "prod", "node_id": "model.oracle_warehouse.fct_orders"} */

      select
          column_name,
          data_type,
          character_maximum_length,
          numeric_precision,
          numeric_scale

      from "warehouse".INFORMATION_SCHEMA.columns
      where table_name = 'fct_orders'
        
        and table_schema = 'marts_marts'
        
      order by ordinal_position

  
[0m13:55:55.680479 [debug] [Thread-1 (]: SQL status: SELECT 9 in 0.019 seconds
[0m13:55:55.690491 [debug] [Thread-2 (]: SQL status: SELECT 17 in 0.026 seconds
[0m13:55:55.714840 [debug] [Thread-1 (]: 
    In "warehouse"."marts_marts"."delta_report":
        Schema changed: False
        Source columns not in target: []
        Target columns not in source: []
        New column types: []
  
[0m13:55:55.715562 [debug] [Thread-2 (]: 
    In "warehouse"."marts_marts"."fct_orders":
        Schema changed: False
        Source columns not in target: []
        Target columns not in source: []
        New column types: []
  
[0m13:55:55.735016 [debug] [Thread-1 (]: Writing runtime sql for node "model.oracle_warehouse.delta_report"
[0m13:55:55.747834 [debug] [Thread-2 (]: Writing runtime sql for node "model.oracle_warehouse.fct_orders"
[0m13:55:55.770821 [debug] [Thread-2 (]: Using postgres connection "model.oracle_warehouse.fct_orders"
[0m13:55:55.773676 [debug] [Thread-2 (]: On model.oracle_warehouse.fct_orders: /* {"app": "dbt", "dbt_version": "1.11.11", "profile_name": "oracle_warehouse", "target_name": "prod", "node_id": "model.oracle_warehouse.fct_orders"} */

      
        
        
        delete from "warehouse"."marts_marts"."fct_orders" as DBT_INTERNAL_DEST
        where (order_id) in (
            select distinct order_id
            from "fct_orders__dbt_tmp135553874396" as DBT_INTERNAL_SOURCE
        );

    

    insert into "warehouse"."marts_marts"."fct_orders" ("order_id", "customer_id", "customer_name", "customer_country", "customer_tier", "status", "amount", "product_code", "paid_amount", "pending_amount", "is_high_value", "order_date", "order_week", "order_month", "created_at", "updated_at", "loaded_at")
    (
        select "order_id", "customer_id", "customer_name", "customer_country", "customer_tier", "status", "amount", "product_code", "paid_amount", "pending_amount", "is_high_value", "order_date", "order_week", "order_month", "created_at", "updated_at", "loaded_at"
        from "fct_orders__dbt_tmp135553874396"
    )
  
[0m13:55:55.774653 [debug] [Thread-1 (]: Using postgres connection "model.oracle_warehouse.delta_report"
[0m13:55:55.776751 [debug] [Thread-1 (]: On model.oracle_warehouse.delta_report: /* {"app": "dbt", "dbt_version": "1.11.11", "profile_name": "oracle_warehouse", "target_name": "prod", "node_id": "model.oracle_warehouse.delta_report"} */

      insert into "warehouse"."marts_marts"."delta_report" ("order_id", "customer_id", "status", "amount", "product_code", "changed_at_source", "detected_at", "load_date", "change_type")
    (
        select "order_id", "customer_id", "status", "amount", "product_code", "changed_at_source", "detected_at", "load_date", "change_type"
        from "delta_report__dbt_tmp135553871277"
    )


  
[0m13:55:55.793554 [debug] [Thread-1 (]: SQL status: INSERT 0 4 in 0.014 seconds
[0m13:55:55.819081 [debug] [Thread-1 (]: On model.oracle_warehouse.delta_report: COMMIT
[0m13:55:55.821254 [debug] [Thread-1 (]: Using postgres connection "model.oracle_warehouse.delta_report"
[0m13:55:55.823729 [debug] [Thread-1 (]: On model.oracle_warehouse.delta_report: COMMIT
[0m13:55:55.846202 [debug] [Thread-1 (]: SQL status: COMMIT in 0.021 seconds
[0m13:55:55.851544 [debug] [Thread-1 (]: On model.oracle_warehouse.delta_report: Close
[0m13:55:55.857823 [debug] [Thread-1 (]: Sending event: {'category': 'dbt', 'action': 'run_model', 'label': 'db73498c-bb10-4a64-a2ad-45b7299e1c3a', 'context': [<snowplow_tracker.self_describing_json.SelfDescribingJson object at 0x7b1bd27be6d0>]}
[0m13:55:55.860248 [info ] [Thread-1 (]: 1 of 2 OK created sql incremental model marts_marts.delta_report ............... [[32mINSERT 0 4[0m in 2.15s]
[0m13:55:55.861971 [debug] [Thread-1 (]: Finished running node model.oracle_warehouse.delta_report
[0m13:55:56.403524 [debug] [Thread-2 (]: SQL status: INSERT 0 4 in 0.628 seconds
[0m13:55:56.408675 [debug] [Thread-2 (]: On model.oracle_warehouse.fct_orders: COMMIT
[0m13:55:56.410621 [debug] [Thread-2 (]: Using postgres connection "model.oracle_warehouse.fct_orders"
[0m13:55:56.413404 [debug] [Thread-2 (]: On model.oracle_warehouse.fct_orders: COMMIT
[0m13:55:56.439335 [debug] [Thread-2 (]: SQL status: COMMIT in 0.024 seconds
[0m13:55:56.441749 [debug] [Thread-2 (]: On model.oracle_warehouse.fct_orders: Close
[0m13:55:56.443095 [debug] [Thread-2 (]: Sending event: {'category': 'dbt', 'action': 'run_model', 'label': 'db73498c-bb10-4a64-a2ad-45b7299e1c3a', 'context': [<snowplow_tracker.self_describing_json.SelfDescribingJson object at 0x7b1bd1b9d630>]}
[0m13:55:56.444964 [info ] [Thread-2 (]: 2 of 2 OK created sql incremental model marts_marts.fct_orders ................. [[32mINSERT 0 4[0m in 2.73s]
[0m13:55:56.446394 [debug] [Thread-2 (]: Finished running node model.oracle_warehouse.fct_orders
[0m13:55:56.451060 [debug] [MainThread]: On master: COMMIT
[0m13:55:56.453205 [debug] [MainThread]: Using postgres connection "master"
[0m13:55:56.454958 [debug] [MainThread]: On master: COMMIT
[0m13:55:56.457243 [debug] [MainThread]: Opening a new connection, currently in state closed
[0m13:55:56.570177 [debug] [MainThread]: SQL status: COMMIT in 0.113 seconds
[0m13:55:56.571676 [debug] [MainThread]: On master: Close
[0m13:55:56.574237 [debug] [MainThread]: Connection 'master' was properly closed.
[0m13:55:56.576648 [debug] [MainThread]: Connection 'model.oracle_warehouse.delta_report' was properly closed.
[0m13:55:56.579393 [debug] [MainThread]: Connection 'model.oracle_warehouse.fct_orders' was properly closed.
[0m13:55:56.581280 [info ] [MainThread]: 
[0m13:55:56.582593 [info ] [MainThread]: Finished running 2 incremental models in 0 hours 0 minutes and 3.48 seconds (3.48s).
[0m13:55:56.584453 [debug] [MainThread]: Command end result
[0m13:55:56.784937 [debug] [MainThread]: Wrote artifact WritableManifest to /opt/airflow/dbt_project/target/manifest.json
[0m13:55:56.814358 [debug] [MainThread]: Wrote artifact SemanticManifest to /opt/airflow/dbt_project/target/semantic_manifest.json
[0m13:55:56.852159 [debug] [MainThread]: Wrote artifact RunExecutionResult to /opt/airflow/dbt_project/target/run_results.json
[0m13:55:56.853837 [info ] [MainThread]: 
[0m13:55:56.855648 [info ] [MainThread]: [32mCompleted successfully[0m
[0m13:55:56.857439 [info ] [MainThread]: 
[0m13:55:56.859144 [info ] [MainThread]: Done. PASS=2 WARN=0 ERROR=0 SKIP=0 NO-OP=0 TOTAL=2
[0m13:55:56.861155 [warn ] [MainThread]: [[33mWARNING[0m][DeprecationsSummary]: Deprecated functionality
Summary of encountered deprecations:
- MissingArgumentsPropertyInGenericTestDeprecation: 2 occurrences
To see all deprecation instances instead of just the first occurrence of each,
run command again with the `--show-all-deprecations` flag. You may also need to
run with `--no-partial-parse` as some deprecations are only encountered during
parsing.
[0m13:55:56.865042 [debug] [MainThread]: Resource report: {"command_name": "run", "command_success": true, "command_wall_clock_time": 7.431284, "process_in_blocks": "0", "process_kernel_time": 0.319257, "process_mem_max_rss": "155188", "process_out_blocks": "0", "process_user_time": 5.49921}
[0m13:55:56.867255 [debug] [MainThread]: Command `dbt run` succeeded at 13:55:56.866908 after 7.43 seconds
[0m13:55:56.868886 [debug] [MainThread]: Sending event: {'category': 'dbt', 'action': 'invocation', 'label': 'end', 'context': [<snowplow_tracker.self_describing_json.SelfDescribingJson object at 0x7b1bd27a31d0>, <snowplow_tracker.self_describing_json.SelfDescribingJson object at 0x7b1bd1bf5150>, <snowplow_tracker.self_describing_json.SelfDescribingJson object at 0x7b1bd6903bd0>]}
[0m13:55:56.871602 [debug] [MainThread]: Flushing usage events
[0m13:55:57.695593 [debug] [MainThread]: An error was encountered while trying to flush usage events
[0m13:56:01.829072 [debug] [MainThread]: Sending event: {'category': 'dbt', 'action': 'invocation', 'label': 'start', 'context': [<snowplow_tracker.self_describing_json.SelfDescribingJson object at 0x77b26fb20ec0>, <snowplow_tracker.self_describing_json.SelfDescribingJson object at 0x77b26e9f7c50>, <snowplow_tracker.self_describing_json.SelfDescribingJson object at 0x77b26e9f7b10>]}


============================== 13:56:01.837455 | f18c535c-c631-4904-b572-025c9e968bfe ==============================
[0m13:56:01.837455 [info ] [MainThread]: Running with dbt=1.11.11
[0m13:56:01.840051 [debug] [MainThread]: running dbt with arguments {'warn_error_options': 'WarnErrorOptionsV2(error=[], warn=[], silence=[])', 'log_format': 'default', 'empty': 'None', 'introspect': 'True', 'write_json': 'True', 'fail_fast': 'False', 'partial_parse': 'False', 'static_parser': 'True', 'quiet': 'False', 'target_path': 'None', 'warn_error': 'None', 'use_colors': 'True', 'send_anonymous_usage_stats': 'True', 'version_check': 'False', 'use_experimental_parser': 'False', 'cache_selected_only': 'False', 'no_print': 'None', 'invocation_command': 'dbt test --project-dir /opt/airflow/dbt_project --profiles-dir /opt/airflow/dbt_project --no-version-check --no-partial-parse', 'log_cache_events': 'False', 'printer_width': '80', 'profiles_dir': '/opt/airflow/dbt_project', 'debug': 'False', 'indirect_selection': 'eager', 'log_path': '/opt/airflow/dbt_project/logs'}
[0m13:56:02.181051 [debug] [MainThread]: Sending event: {'category': 'dbt', 'action': 'project_id', 'label': 'f18c535c-c631-4904-b572-025c9e968bfe', 'context': [<snowplow_tracker.self_describing_json.SelfDescribingJson object at 0x77b26f7083e0>]}
[0m13:56:02.302771 [debug] [MainThread]: Sending event: {'category': 'dbt', 'action': 'adapter_info', 'label': 'f18c535c-c631-4904-b572-025c9e968bfe', 'context': [<snowplow_tracker.self_describing_json.SelfDescribingJson object at 0x77b271512360>]}
[0m13:56:02.306738 [info ] [MainThread]: Registered adapter: postgres=1.10.0
[0m13:56:02.399312 [debug] [MainThread]: checksum: 30a8cc8fdcbf66701b0944d4ccce3fa46dd04b61e5df68b9f16d57b2e0e3f0be, vars: {}, profile: , target: , version: 1.11.11
[0m13:56:02.410575 [debug] [MainThread]: Partial parsing not enabled
[0m13:56:04.480795 [warn ] [MainThread]: [[33mWARNING[0m][MissingArgumentsPropertyInGenericTestDeprecation]: Deprecated
functionality
Found top-level arguments to test `accepted_values` defined on 'fct_orders' in
package 'oracle_warehouse' (models/marts/schema.yml). Arguments to generic tests
should be nested under the `arguments` property.
[0m13:56:04.483037 [debug] [MainThread]: Sending event: {'category': 'dbt', 'action': 'deprecation', 'label': 'f18c535c-c631-4904-b572-025c9e968bfe', 'property_': 'warn', 'context': [<snowplow_tracker.self_describing_json.SelfDescribingJson object at 0x77b26ec8f050>]}
[0m13:56:04.872964 [debug] [MainThread]: Sending event: {'category': 'dbt', 'action': 'load_project', 'label': 'f18c535c-c631-4904-b572-025c9e968bfe', 'context': [<snowplow_tracker.self_describing_json.SelfDescribingJson object at 0x77b26cd188c0>]}
[0m13:56:05.080498 [debug] [MainThread]: Wrote artifact WritableManifest to /opt/airflow/dbt_project/target/manifest.json
[0m13:56:05.110700 [debug] [MainThread]: Wrote artifact SemanticManifest to /opt/airflow/dbt_project/target/semantic_manifest.json
[0m13:56:05.173512 [debug] [MainThread]: Sending event: {'category': 'dbt', 'action': 'resource_counts', 'label': 'f18c535c-c631-4904-b572-025c9e968bfe', 'context': [<snowplow_tracker.self_describing_json.SelfDescribingJson object at 0x77b26c5e8830>]}
[0m13:56:05.174992 [info ] [MainThread]: Found 4 models, 15 data tests, 2 sources, 475 macros
[0m13:56:05.176726 [debug] [MainThread]: Sending event: {'category': 'dbt', 'action': 'runnable_timing', 'label': 'f18c535c-c631-4904-b572-025c9e968bfe', 'context': [<snowplow_tracker.self_describing_json.SelfDescribingJson object at 0x77b26a7e6dd0>]}
[0m13:56:05.180923 [info ] [MainThread]: 
[0m13:56:05.182385 [info ] [MainThread]: Concurrency: 4 threads (target='prod')
[0m13:56:05.183601 [info ] [MainThread]: 
[0m13:56:05.184839 [debug] [MainThread]: Acquiring new postgres connection 'master'
[0m13:56:05.191772 [debug] [ThreadPool]: Acquiring new postgres connection 'list_warehouse_marts_marts'
[0m13:56:05.242674 [debug] [ThreadPool]: Using postgres connection "list_warehouse_marts_marts"
[0m13:56:05.244905 [debug] [ThreadPool]: On list_warehouse_marts_marts: /* {"app": "dbt", "dbt_version": "1.11.11", "profile_name": "oracle_warehouse", "target_name": "prod", "connection_name": "list_warehouse_marts_marts"} */
select
      'warehouse' as database,
      tablename as name,
      schemaname as schema,
      'table' as type
    from pg_tables
    where schemaname ilike 'marts_marts'
    union all
    select
      'warehouse' as database,
      viewname as name,
      schemaname as schema,
      'view' as type
    from pg_views
    where schemaname ilike 'marts_marts'
    union all
    select
      'warehouse' as database,
      matviewname as name,
      schemaname as schema,
      'materialized_view' as type
    from pg_matviews
    where schemaname ilike 'marts_marts'
  
[0m13:56:05.247072 [debug] [ThreadPool]: Opening a new connection, currently in state init
[0m13:56:05.357886 [debug] [ThreadPool]: SQL status: SELECT 4 in 0.111 seconds
[0m13:56:05.362631 [debug] [ThreadPool]: On list_warehouse_marts_marts: ROLLBACK
[0m13:56:05.370772 [debug] [ThreadPool]: On list_warehouse_marts_marts: Close
[0m13:56:05.380899 [debug] [MainThread]: Using postgres connection "master"
[0m13:56:05.382405 [debug] [MainThread]: On master: /* {"app": "dbt", "dbt_version": "1.11.11", "profile_name": "oracle_warehouse", "target_name": "prod", "connection_name": "master"} */
select distinct
        dependent_namespace.nspname as dependent_schema,
        dependent_class.relname as dependent_name,
        referenced_namespace.nspname as referenced_schema,
        referenced_class.relname as referenced_name

    -- Query for views: views are entries in pg_class with an entry in pg_rewrite, but we avoid
    -- a seq scan on pg_rewrite by leveraging the fact there is an "internal" row in pg_depend for
    -- the view...
    from pg_class as dependent_class
    join pg_namespace as dependent_namespace on dependent_namespace.oid = dependent_class.relnamespace
    join pg_depend as dependent_depend on dependent_depend.refobjid = dependent_class.oid
        and dependent_depend.classid = 'pg_rewrite'::regclass
        and dependent_depend.refclassid = 'pg_class'::regclass
        and dependent_depend.deptype = 'i'

    -- ... and via pg_depend (that has a row per column, hence the need for "distinct" above, and
    -- making sure to exclude the internal row to avoid a view appearing to depend on itself)...
    join pg_depend as joining_depend on joining_depend.objid = dependent_depend.objid
        and joining_depend.classid = 'pg_rewrite'::regclass
        and joining_depend.refclassid = 'pg_class'::regclass
        and joining_depend.refobjid != dependent_depend.refobjid

    -- ... we can find the tables they query from in pg_class, but excluding system tables. Note we
    -- don't need need to exclude _dependent_ system tables, because they only query from other
    -- system tables, and so are automatically excluded by excluding _referenced_ system tables
    join pg_class as referenced_class on referenced_class.oid = joining_depend.refobjid
    join pg_namespace as referenced_namespace on referenced_namespace.oid = referenced_class.relnamespace
        and referenced_namespace.nspname != 'information_schema'
        and referenced_namespace.nspname not like 'pg\_%'

    order by
        dependent_schema, dependent_name, referenced_schema, referenced_name;
[0m13:56:05.383853 [debug] [MainThread]: Opening a new connection, currently in state init
[0m13:56:05.500504 [debug] [MainThread]: SQL status: SELECT 2 in 0.117 seconds
[0m13:56:05.504090 [debug] [MainThread]: Sending event: {'category': 'dbt', 'action': 'runnable_timing', 'label': 'f18c535c-c631-4904-b572-025c9e968bfe', 'context': [<snowplow_tracker.self_describing_json.SelfDescribingJson object at 0x77b26a8ab590>]}
[0m13:56:05.505766 [debug] [MainThread]: On master: ROLLBACK
[0m13:56:05.515323 [debug] [MainThread]: On master: COMMIT
[0m13:56:05.517279 [debug] [MainThread]: Using postgres connection "master"
[0m13:56:05.518948 [debug] [MainThread]: On master: COMMIT
[0m13:56:05.533365 [debug] [MainThread]: SQL status: COMMIT in 0.012 seconds
[0m13:56:05.535547 [debug] [MainThread]: On master: Close
[0m13:56:05.544536 [debug] [Thread-4 (]: Began running node test.oracle_warehouse.not_null_delta_report_order_id.198a693f2b
[0m13:56:05.545368 [debug] [Thread-3 (]: Began running node test.oracle_warehouse.not_null_delta_report_load_date.2749686861
[0m13:56:05.546365 [debug] [Thread-1 (]: Began running node test.oracle_warehouse.accepted_values_delta_report_change_type__new_row__updated_row.d878a50d17
[0m13:56:05.547453 [debug] [Thread-2 (]: Began running node test.oracle_warehouse.accepted_values_fct_orders_status__PAID__PENDING__SHIPPED__CANCELLED.4bda94c2ee
[0m13:56:05.548457 [info ] [Thread-4 (]: 4 of 15 START test not_null_delta_report_order_id .............................. [RUN]
[0m13:56:05.550610 [info ] [Thread-3 (]: 3 of 15 START test not_null_delta_report_load_date ............................. [RUN]
[0m13:56:05.552578 [info ] [Thread-1 (]: 1 of 15 START test accepted_values_delta_report_change_type__new_row__updated_row  [RUN]
[0m13:56:05.554296 [info ] [Thread-2 (]: 2 of 15 START test accepted_values_fct_orders_status__PAID__PENDING__SHIPPED__CANCELLED  [RUN]
[0m13:56:05.557853 [debug] [Thread-4 (]: Acquiring new postgres connection 'test.oracle_warehouse.not_null_delta_report_order_id.198a693f2b'
[0m13:56:05.560532 [debug] [Thread-3 (]: Acquiring new postgres connection 'test.oracle_warehouse.not_null_delta_report_load_date.2749686861'
[0m13:56:05.562266 [debug] [Thread-1 (]: Re-using an available connection from the pool (formerly list_warehouse_marts_marts, now test.oracle_warehouse.accepted_values_delta_report_change_type__new_row__updated_row.d878a50d17)
[0m13:56:05.564218 [debug] [Thread-2 (]: Acquiring new postgres connection 'test.oracle_warehouse.accepted_values_fct_orders_status__PAID__PENDING__SHIPPED__CANCELLED.4bda94c2ee'
[0m13:56:05.567069 [debug] [Thread-4 (]: Began compiling node test.oracle_warehouse.not_null_delta_report_order_id.198a693f2b
[0m13:56:05.568642 [debug] [Thread-3 (]: Began compiling node test.oracle_warehouse.not_null_delta_report_load_date.2749686861
[0m13:56:05.570287 [debug] [Thread-1 (]: Began compiling node test.oracle_warehouse.accepted_values_delta_report_change_type__new_row__updated_row.d878a50d17
[0m13:56:05.572819 [debug] [Thread-2 (]: Began compiling node test.oracle_warehouse.accepted_values_fct_orders_status__PAID__PENDING__SHIPPED__CANCELLED.4bda94c2ee
[0m13:56:05.604676 [debug] [Thread-4 (]: Writing injected SQL for node "test.oracle_warehouse.not_null_delta_report_order_id.198a693f2b"
[0m13:56:05.606223 [debug] [Thread-3 (]: Writing injected SQL for node "test.oracle_warehouse.not_null_delta_report_load_date.2749686861"
[0m13:56:05.615305 [debug] [Thread-1 (]: Writing injected SQL for node "test.oracle_warehouse.accepted_values_delta_report_change_type__new_row__updated_row.d878a50d17"
[0m13:56:05.620033 [debug] [Thread-2 (]: Writing injected SQL for node "test.oracle_warehouse.accepted_values_fct_orders_status__PAID__PENDING__SHIPPED__CANCELLED.4bda94c2ee"
[0m13:56:05.653588 [debug] [Thread-1 (]: Began executing node test.oracle_warehouse.accepted_values_delta_report_change_type__new_row__updated_row.d878a50d17
[0m13:56:05.661361 [debug] [Thread-3 (]: Began executing node test.oracle_warehouse.not_null_delta_report_load_date.2749686861
[0m13:56:05.684670 [debug] [Thread-4 (]: Began executing node test.oracle_warehouse.not_null_delta_report_order_id.198a693f2b
[0m13:56:05.699136 [debug] [Thread-4 (]: Writing runtime sql for node "test.oracle_warehouse.not_null_delta_report_order_id.198a693f2b"
[0m13:56:05.701426 [debug] [Thread-1 (]: Writing runtime sql for node "test.oracle_warehouse.accepted_values_delta_report_change_type__new_row__updated_row.d878a50d17"
[0m13:56:05.713907 [debug] [Thread-2 (]: Began executing node test.oracle_warehouse.accepted_values_fct_orders_status__PAID__PENDING__SHIPPED__CANCELLED.4bda94c2ee
[0m13:56:05.715111 [debug] [Thread-3 (]: Writing runtime sql for node "test.oracle_warehouse.not_null_delta_report_load_date.2749686861"
[0m13:56:05.720821 [debug] [Thread-2 (]: Writing runtime sql for node "test.oracle_warehouse.accepted_values_fct_orders_status__PAID__PENDING__SHIPPED__CANCELLED.4bda94c2ee"
[0m13:56:05.740308 [debug] [Thread-4 (]: Using postgres connection "test.oracle_warehouse.not_null_delta_report_order_id.198a693f2b"
[0m13:56:05.742770 [debug] [Thread-4 (]: On test.oracle_warehouse.not_null_delta_report_order_id.198a693f2b: /* {"app": "dbt", "dbt_version": "1.11.11", "profile_name": "oracle_warehouse", "target_name": "prod", "node_id": "test.oracle_warehouse.not_null_delta_report_order_id.198a693f2b"} */

    
    select
      count(*) as failures,
      count(*) != 0 as should_warn,
      count(*) != 0 as should_error
    from (
      
    
  
    
    



select order_id
from "warehouse"."marts_marts"."delta_report"
where order_id is null



  
  
      
    ) dbt_internal_test
[0m13:56:05.745571 [debug] [Thread-4 (]: Opening a new connection, currently in state init
[0m13:56:05.747836 [debug] [Thread-1 (]: Using postgres connection "test.oracle_warehouse.accepted_values_delta_report_change_type__new_row__updated_row.d878a50d17"
[0m13:56:05.748491 [debug] [Thread-3 (]: Using postgres connection "test.oracle_warehouse.not_null_delta_report_load_date.2749686861"
[0m13:56:05.751667 [debug] [Thread-1 (]: On test.oracle_warehouse.accepted_values_delta_report_change_type__new_row__updated_row.d878a50d17: /* {"app": "dbt", "dbt_version": "1.11.11", "profile_name": "oracle_warehouse", "target_name": "prod", "node_id": "test.oracle_warehouse.accepted_values_delta_report_change_type__new_row__updated_row.d878a50d17"} */

    
    select
      count(*) as failures,
      count(*) != 0 as should_warn,
      count(*) != 0 as should_error
    from (
      
    
  
    
    

with all_values as (

    select
        change_type as value_field,
        count(*) as n_records

    from "warehouse"."marts_marts"."delta_report"
    group by change_type

)

select *
from all_values
where value_field not in (
    'new_row','updated_row'
)



  
  
      
    ) dbt_internal_test
[0m13:56:05.753375 [debug] [Thread-3 (]: On test.oracle_warehouse.not_null_delta_report_load_date.2749686861: /* {"app": "dbt", "dbt_version": "1.11.11", "profile_name": "oracle_warehouse", "target_name": "prod", "node_id": "test.oracle_warehouse.not_null_delta_report_load_date.2749686861"} */

    
    select
      count(*) as failures,
      count(*) != 0 as should_warn,
      count(*) != 0 as should_error
    from (
      
    
  
    
    



select load_date
from "warehouse"."marts_marts"."delta_report"
where load_date is null



  
  
      
    ) dbt_internal_test
[0m13:56:05.754919 [debug] [Thread-2 (]: Using postgres connection "test.oracle_warehouse.accepted_values_fct_orders_status__PAID__PENDING__SHIPPED__CANCELLED.4bda94c2ee"
[0m13:56:05.756367 [debug] [Thread-1 (]: Opening a new connection, currently in state closed
[0m13:56:05.758387 [debug] [Thread-3 (]: Opening a new connection, currently in state init
[0m13:56:05.760918 [debug] [Thread-2 (]: On test.oracle_warehouse.accepted_values_fct_orders_status__PAID__PENDING__SHIPPED__CANCELLED.4bda94c2ee: /* {"app": "dbt", "dbt_version": "1.11.11", "profile_name": "oracle_warehouse", "target_name": "prod", "node_id": "test.oracle_warehouse.accepted_values_fct_orders_status__PAID__PENDING__SHIPPED__CANCELLED.4bda94c2ee"} */

    
    select
      count(*) as failures,
      count(*) != 0 as should_warn,
      count(*) != 0 as should_error
    from (
      
    
  
    
    

with all_values as (

    select
        status as value_field,
        count(*) as n_records

    from "warehouse"."marts_marts"."fct_orders"
    group by status

)

select *
from all_values
where value_field not in (
    'PAID','PENDING','SHIPPED','CANCELLED'
)



  
  
      
    ) dbt_internal_test
[0m13:56:05.767326 [debug] [Thread-2 (]: Opening a new connection, currently in state init
[0m13:56:06.380009 [debug] [Thread-3 (]: SQL status: SELECT 1 in 0.621 seconds
[0m13:56:06.395875 [debug] [Thread-3 (]: On test.oracle_warehouse.not_null_delta_report_load_date.2749686861: ROLLBACK
[0m13:56:06.407481 [debug] [Thread-3 (]: On test.oracle_warehouse.not_null_delta_report_load_date.2749686861: Close
[0m13:56:06.411545 [info ] [Thread-3 (]: 3 of 15 PASS not_null_delta_report_load_date ................................... [[32mPASS[0m in 0.85s]
[0m13:56:06.415028 [debug] [Thread-3 (]: Finished running node test.oracle_warehouse.not_null_delta_report_load_date.2749686861
[0m13:56:06.418040 [debug] [Thread-3 (]: Began running node test.oracle_warehouse.not_null_fct_orders_amount.66810a8d08
[0m13:56:06.420888 [info ] [Thread-3 (]: 5 of 15 START test not_null_fct_orders_amount .................................. [RUN]
[0m13:56:06.424079 [debug] [Thread-3 (]: Re-using an available connection from the pool (formerly test.oracle_warehouse.not_null_delta_report_load_date.2749686861, now test.oracle_warehouse.not_null_fct_orders_amount.66810a8d08)
[0m13:56:06.426508 [debug] [Thread-3 (]: Began compiling node test.oracle_warehouse.not_null_fct_orders_amount.66810a8d08
[0m13:56:06.440009 [debug] [Thread-4 (]: SQL status: SELECT 1 in 0.694 seconds
[0m13:56:06.446294 [debug] [Thread-3 (]: Writing injected SQL for node "test.oracle_warehouse.not_null_fct_orders_amount.66810a8d08"
[0m13:56:06.451651 [debug] [Thread-4 (]: On test.oracle_warehouse.not_null_delta_report_order_id.198a693f2b: ROLLBACK
[0m13:56:06.466564 [debug] [Thread-4 (]: On test.oracle_warehouse.not_null_delta_report_order_id.198a693f2b: Close
[0m13:56:06.472361 [info ] [Thread-4 (]: 4 of 15 PASS not_null_delta_report_order_id .................................... [[32mPASS[0m in 0.91s]
[0m13:56:06.478364 [debug] [Thread-4 (]: Finished running node test.oracle_warehouse.not_null_delta_report_order_id.198a693f2b
[0m13:56:06.481368 [debug] [Thread-4 (]: Began running node test.oracle_warehouse.not_null_fct_orders_loaded_at.7cb41085ba
[0m13:56:06.484416 [info ] [Thread-4 (]: 6 of 15 START test not_null_fct_orders_loaded_at ............................... [RUN]
[0m13:56:06.487509 [debug] [Thread-4 (]: Re-using an available connection from the pool (formerly test.oracle_warehouse.not_null_delta_report_order_id.198a693f2b, now test.oracle_warehouse.not_null_fct_orders_loaded_at.7cb41085ba)
[0m13:56:06.491232 [debug] [Thread-4 (]: Began compiling node test.oracle_warehouse.not_null_fct_orders_loaded_at.7cb41085ba
[0m13:56:06.509540 [debug] [Thread-4 (]: Writing injected SQL for node "test.oracle_warehouse.not_null_fct_orders_loaded_at.7cb41085ba"
[0m13:56:06.514949 [debug] [Thread-3 (]: Began executing node test.oracle_warehouse.not_null_fct_orders_amount.66810a8d08
[0m13:56:06.524667 [debug] [Thread-3 (]: Writing runtime sql for node "test.oracle_warehouse.not_null_fct_orders_amount.66810a8d08"
[0m13:56:06.533923 [debug] [Thread-4 (]: Began executing node test.oracle_warehouse.not_null_fct_orders_loaded_at.7cb41085ba
[0m13:56:06.542965 [debug] [Thread-4 (]: Writing runtime sql for node "test.oracle_warehouse.not_null_fct_orders_loaded_at.7cb41085ba"
[0m13:56:06.544480 [debug] [Thread-1 (]: SQL status: SELECT 1 in 0.788 seconds
[0m13:56:06.551540 [debug] [Thread-1 (]: On test.oracle_warehouse.accepted_values_delta_report_change_type__new_row__updated_row.d878a50d17: ROLLBACK
[0m13:56:06.563386 [debug] [Thread-1 (]: On test.oracle_warehouse.accepted_values_delta_report_change_type__new_row__updated_row.d878a50d17: Close
[0m13:56:06.566295 [info ] [Thread-1 (]: 1 of 15 PASS accepted_values_delta_report_change_type__new_row__updated_row .... [[32mPASS[0m in 1.00s]
[0m13:56:06.568546 [debug] [Thread-1 (]: Finished running node test.oracle_warehouse.accepted_values_delta_report_change_type__new_row__updated_row.d878a50d17
[0m13:56:06.570715 [debug] [Thread-1 (]: Began running node test.oracle_warehouse.not_null_fct_orders_order_id.4e687af8d0
[0m13:56:06.573988 [info ] [Thread-1 (]: 7 of 15 START test not_null_fct_orders_order_id ................................ [RUN]
[0m13:56:06.576162 [debug] [Thread-3 (]: Using postgres connection "test.oracle_warehouse.not_null_fct_orders_amount.66810a8d08"
[0m13:56:06.578495 [debug] [Thread-1 (]: Re-using an available connection from the pool (formerly test.oracle_warehouse.accepted_values_delta_report_change_type__new_row__updated_row.d878a50d17, now test.oracle_warehouse.not_null_fct_orders_order_id.4e687af8d0)
[0m13:56:06.580941 [debug] [Thread-4 (]: Using postgres connection "test.oracle_warehouse.not_null_fct_orders_loaded_at.7cb41085ba"
[0m13:56:06.582925 [debug] [Thread-3 (]: On test.oracle_warehouse.not_null_fct_orders_amount.66810a8d08: /* {"app": "dbt", "dbt_version": "1.11.11", "profile_name": "oracle_warehouse", "target_name": "prod", "node_id": "test.oracle_warehouse.not_null_fct_orders_amount.66810a8d08"} */

    
    select
      count(*) as failures,
      count(*) != 0 as should_warn,
      count(*) != 0 as should_error
    from (
      
    
  
    
    



select amount
from "warehouse"."marts_marts"."fct_orders"
where amount is null



  
  
      
    ) dbt_internal_test
[0m13:56:06.585050 [debug] [Thread-1 (]: Began compiling node test.oracle_warehouse.not_null_fct_orders_order_id.4e687af8d0
[0m13:56:06.587299 [debug] [Thread-4 (]: On test.oracle_warehouse.not_null_fct_orders_loaded_at.7cb41085ba: /* {"app": "dbt", "dbt_version": "1.11.11", "profile_name": "oracle_warehouse", "target_name": "prod", "node_id": "test.oracle_warehouse.not_null_fct_orders_loaded_at.7cb41085ba"} */

    
    select
      count(*) as failures,
      count(*) != 0 as should_warn,
      count(*) != 0 as should_error
    from (
      
    
  
    
    



select loaded_at
from "warehouse"."marts_marts"."fct_orders"
where loaded_at is null



  
  
      
    ) dbt_internal_test
[0m13:56:06.590080 [debug] [Thread-3 (]: Opening a new connection, currently in state closed
[0m13:56:06.597366 [debug] [Thread-1 (]: Writing injected SQL for node "test.oracle_warehouse.not_null_fct_orders_order_id.4e687af8d0"
[0m13:56:06.598641 [debug] [Thread-4 (]: Opening a new connection, currently in state closed
[0m13:56:06.643086 [debug] [Thread-2 (]: SQL status: SELECT 1 in 0.876 seconds
[0m13:56:06.649353 [debug] [Thread-2 (]: On test.oracle_warehouse.accepted_values_fct_orders_status__PAID__PENDING__SHIPPED__CANCELLED.4bda94c2ee: ROLLBACK
[0m13:56:06.651210 [debug] [Thread-1 (]: Began executing node test.oracle_warehouse.not_null_fct_orders_order_id.4e687af8d0
[0m13:56:06.664351 [debug] [Thread-1 (]: Writing runtime sql for node "test.oracle_warehouse.not_null_fct_orders_order_id.4e687af8d0"
[0m13:56:06.669739 [debug] [Thread-2 (]: On test.oracle_warehouse.accepted_values_fct_orders_status__PAID__PENDING__SHIPPED__CANCELLED.4bda94c2ee: Close
[0m13:56:06.674882 [info ] [Thread-2 (]: 2 of 15 PASS accepted_values_fct_orders_status__PAID__PENDING__SHIPPED__CANCELLED  [[32mPASS[0m in 1.11s]
[0m13:56:06.678387 [debug] [Thread-2 (]: Finished running node test.oracle_warehouse.accepted_values_fct_orders_status__PAID__PENDING__SHIPPED__CANCELLED.4bda94c2ee
[0m13:56:06.681188 [debug] [Thread-2 (]: Began running node test.oracle_warehouse.source_not_null_staging_customers__dlt_loaded_at.6ea4d6333c
[0m13:56:06.683974 [info ] [Thread-2 (]: 8 of 15 START test source_not_null_staging_customers__dlt_loaded_at ............ [RUN]
[0m13:56:06.687843 [debug] [Thread-2 (]: Re-using an available connection from the pool (formerly test.oracle_warehouse.accepted_values_fct_orders_status__PAID__PENDING__SHIPPED__CANCELLED.4bda94c2ee, now test.oracle_warehouse.source_not_null_staging_customers__dlt_loaded_at.6ea4d6333c)
[0m13:56:06.691185 [debug] [Thread-2 (]: Began compiling node test.oracle_warehouse.source_not_null_staging_customers__dlt_loaded_at.6ea4d6333c
[0m13:56:06.705769 [debug] [Thread-2 (]: Writing injected SQL for node "test.oracle_warehouse.source_not_null_staging_customers__dlt_loaded_at.6ea4d6333c"
[0m13:56:06.713508 [debug] [Thread-1 (]: Using postgres connection "test.oracle_warehouse.not_null_fct_orders_order_id.4e687af8d0"
[0m13:56:06.715613 [debug] [Thread-1 (]: On test.oracle_warehouse.not_null_fct_orders_order_id.4e687af8d0: /* {"app": "dbt", "dbt_version": "1.11.11", "profile_name": "oracle_warehouse", "target_name": "prod", "node_id": "test.oracle_warehouse.not_null_fct_orders_order_id.4e687af8d0"} */

    
    select
      count(*) as failures,
      count(*) != 0 as should_warn,
      count(*) != 0 as should_error
    from (
      
    
  
    
    



select order_id
from "warehouse"."marts_marts"."fct_orders"
where order_id is null



  
  
      
    ) dbt_internal_test
[0m13:56:06.717480 [debug] [Thread-1 (]: Opening a new connection, currently in state closed
[0m13:56:06.744972 [debug] [Thread-2 (]: Began executing node test.oracle_warehouse.source_not_null_staging_customers__dlt_loaded_at.6ea4d6333c
[0m13:56:06.751086 [debug] [Thread-2 (]: Writing runtime sql for node "test.oracle_warehouse.source_not_null_staging_customers__dlt_loaded_at.6ea4d6333c"
[0m13:56:06.785528 [debug] [Thread-2 (]: Using postgres connection "test.oracle_warehouse.source_not_null_staging_customers__dlt_loaded_at.6ea4d6333c"
[0m13:56:06.787305 [debug] [Thread-2 (]: On test.oracle_warehouse.source_not_null_staging_customers__dlt_loaded_at.6ea4d6333c: /* {"app": "dbt", "dbt_version": "1.11.11", "profile_name": "oracle_warehouse", "target_name": "prod", "node_id": "test.oracle_warehouse.source_not_null_staging_customers__dlt_loaded_at.6ea4d6333c"} */

    
    select
      count(*) as failures,
      count(*) != 0 as should_warn,
      count(*) != 0 as should_error
    from (
      
    
  
    
    



select _dlt_loaded_at
from "warehouse"."staging"."customers"
where _dlt_loaded_at is null



  
  
      
    ) dbt_internal_test
[0m13:56:06.789452 [debug] [Thread-2 (]: Opening a new connection, currently in state closed
[0m13:56:06.999790 [debug] [Thread-2 (]: Postgres adapter: Postgres error: column "_dlt_loaded_at" does not exist
LINE 17: select _dlt_loaded_at
                ^

[0m13:56:07.003584 [debug] [Thread-2 (]: On test.oracle_warehouse.source_not_null_staging_customers__dlt_loaded_at.6ea4d6333c: ROLLBACK
[0m13:56:07.033732 [debug] [Thread-2 (]: On test.oracle_warehouse.source_not_null_staging_customers__dlt_loaded_at.6ea4d6333c: Close
[0m13:56:07.095559 [debug] [Thread-2 (]: Database Error in test source_not_null_staging_customers__dlt_loaded_at (models/staging/sources.yml)
  column "_dlt_loaded_at" does not exist
  LINE 17: select _dlt_loaded_at
                  ^
  compiled code at target/run/oracle_warehouse/models/staging/sources.yml/source_not_null_staging_customers__dlt_loaded_at.sql
[0m13:56:07.098848 [error] [Thread-2 (]: 8 of 15 ERROR source_not_null_staging_customers__dlt_loaded_at ................. [[31mERROR[0m in 0.41s]
[0m13:56:07.102685 [debug] [Thread-2 (]: Finished running node test.oracle_warehouse.source_not_null_staging_customers__dlt_loaded_at.6ea4d6333c
[0m13:56:07.105991 [debug] [Thread-2 (]: Began running node test.oracle_warehouse.source_not_null_staging_customers_customer_id.37583efb74
[0m13:56:07.108624 [debug] [Thread-7 (]: Marking all children of 'test.oracle_warehouse.source_not_null_staging_customers__dlt_loaded_at.6ea4d6333c' to be skipped because of status 'error'.  Reason: Database Error in test source_not_null_staging_customers__dlt_loaded_at (models/staging/sources.yml)
  column "_dlt_loaded_at" does not exist
  LINE 17: select _dlt_loaded_at
                  ^
  compiled code at target/run/oracle_warehouse/models/staging/sources.yml/source_not_null_staging_customers__dlt_loaded_at.sql.
[0m13:56:07.110242 [info ] [Thread-2 (]: 9 of 15 START test source_not_null_staging_customers_customer_id ............... [RUN]
[0m13:56:07.117478 [debug] [Thread-2 (]: Re-using an available connection from the pool (formerly test.oracle_warehouse.source_not_null_staging_customers__dlt_loaded_at.6ea4d6333c, now test.oracle_warehouse.source_not_null_staging_customers_customer_id.37583efb74)
[0m13:56:07.120847 [debug] [Thread-2 (]: Began compiling node test.oracle_warehouse.source_not_null_staging_customers_customer_id.37583efb74
[0m13:56:07.143211 [debug] [Thread-2 (]: Writing injected SQL for node "test.oracle_warehouse.source_not_null_staging_customers_customer_id.37583efb74"
[0m13:56:07.196845 [debug] [Thread-2 (]: Began executing node test.oracle_warehouse.source_not_null_staging_customers_customer_id.37583efb74
[0m13:56:07.204203 [debug] [Thread-2 (]: Writing runtime sql for node "test.oracle_warehouse.source_not_null_staging_customers_customer_id.37583efb74"
[0m13:56:07.260154 [debug] [Thread-2 (]: Using postgres connection "test.oracle_warehouse.source_not_null_staging_customers_customer_id.37583efb74"
[0m13:56:07.261895 [debug] [Thread-2 (]: On test.oracle_warehouse.source_not_null_staging_customers_customer_id.37583efb74: /* {"app": "dbt", "dbt_version": "1.11.11", "profile_name": "oracle_warehouse", "target_name": "prod", "node_id": "test.oracle_warehouse.source_not_null_staging_customers_customer_id.37583efb74"} */

    
    select
      count(*) as failures,
      count(*) != 0 as should_warn,
      count(*) != 0 as should_error
    from (
      
    
  
    
    



select customer_id
from "warehouse"."staging"."customers"
where customer_id is null



  
  
      
    ) dbt_internal_test
[0m13:56:07.263684 [debug] [Thread-2 (]: Opening a new connection, currently in state closed
[0m13:56:07.345909 [debug] [Thread-1 (]: SQL status: SELECT 1 in 0.628 seconds
[0m13:56:07.353612 [debug] [Thread-1 (]: On test.oracle_warehouse.not_null_fct_orders_order_id.4e687af8d0: ROLLBACK
[0m13:56:07.364592 [debug] [Thread-1 (]: On test.oracle_warehouse.not_null_fct_orders_order_id.4e687af8d0: Close
[0m13:56:07.368398 [info ] [Thread-1 (]: 7 of 15 PASS not_null_fct_orders_order_id ...................................... [[32mPASS[0m in 0.79s]
[0m13:56:07.370385 [debug] [Thread-1 (]: Finished running node test.oracle_warehouse.not_null_fct_orders_order_id.4e687af8d0
[0m13:56:07.372215 [debug] [Thread-1 (]: Began running node test.oracle_warehouse.source_not_null_staging_orders__dlt_loaded_at.89d42ca065
[0m13:56:07.374504 [debug] [Thread-4 (]: SQL status: SELECT 1 in 0.776 seconds
[0m13:56:07.373712 [info ] [Thread-1 (]: 10 of 15 START test source_not_null_staging_orders__dlt_loaded_at .............. [RUN]
[0m13:56:07.378013 [debug] [Thread-4 (]: On test.oracle_warehouse.not_null_fct_orders_loaded_at.7cb41085ba: ROLLBACK
[0m13:56:07.379576 [debug] [Thread-3 (]: SQL status: SELECT 1 in 0.789 seconds
[0m13:56:07.380827 [debug] [Thread-1 (]: Re-using an available connection from the pool (formerly test.oracle_warehouse.not_null_fct_orders_order_id.4e687af8d0, now test.oracle_warehouse.source_not_null_staging_orders__dlt_loaded_at.89d42ca065)
[0m13:56:07.386857 [debug] [Thread-3 (]: On test.oracle_warehouse.not_null_fct_orders_amount.66810a8d08: ROLLBACK
[0m13:56:07.389836 [debug] [Thread-1 (]: Began compiling node test.oracle_warehouse.source_not_null_staging_orders__dlt_loaded_at.89d42ca065
[0m13:56:07.392321 [debug] [Thread-4 (]: On test.oracle_warehouse.not_null_fct_orders_loaded_at.7cb41085ba: Close
[0m13:56:07.402856 [debug] [Thread-1 (]: Writing injected SQL for node "test.oracle_warehouse.source_not_null_staging_orders__dlt_loaded_at.89d42ca065"
[0m13:56:07.404923 [debug] [Thread-3 (]: On test.oracle_warehouse.not_null_fct_orders_amount.66810a8d08: Close
[0m13:56:07.407702 [info ] [Thread-4 (]: 6 of 15 PASS not_null_fct_orders_loaded_at ..................................... [[32mPASS[0m in 0.92s]
[0m13:56:07.414340 [debug] [Thread-4 (]: Finished running node test.oracle_warehouse.not_null_fct_orders_loaded_at.7cb41085ba
[0m13:56:07.411719 [info ] [Thread-3 (]: 5 of 15 PASS not_null_fct_orders_amount ........................................ [[32mPASS[0m in 0.99s]
[0m13:56:07.416674 [debug] [Thread-4 (]: Began running node test.oracle_warehouse.source_not_null_staging_orders_order_id.8a94cd7e35
[0m13:56:07.419703 [debug] [Thread-3 (]: Finished running node test.oracle_warehouse.not_null_fct_orders_amount.66810a8d08
[0m13:56:07.423012 [info ] [Thread-4 (]: 11 of 15 START test source_not_null_staging_orders_order_id .................... [RUN]
[0m13:56:07.426171 [debug] [Thread-2 (]: SQL status: SELECT 1 in 0.162 seconds
[0m13:56:07.427938 [debug] [Thread-3 (]: Began running node test.oracle_warehouse.source_not_null_staging_orders_updated_at.9d13676043
[0m13:56:07.430728 [debug] [Thread-4 (]: Re-using an available connection from the pool (formerly test.oracle_warehouse.not_null_fct_orders_loaded_at.7cb41085ba, now test.oracle_warehouse.source_not_null_staging_orders_order_id.8a94cd7e35)
[0m13:56:07.435697 [debug] [Thread-2 (]: On test.oracle_warehouse.source_not_null_staging_customers_customer_id.37583efb74: ROLLBACK
[0m13:56:07.437429 [info ] [Thread-3 (]: 12 of 15 START test source_not_null_staging_orders_updated_at .................. [RUN]
[0m13:56:07.440651 [debug] [Thread-4 (]: Began compiling node test.oracle_warehouse.source_not_null_staging_orders_order_id.8a94cd7e35
[0m13:56:07.444168 [debug] [Thread-3 (]: Re-using an available connection from the pool (formerly test.oracle_warehouse.not_null_fct_orders_amount.66810a8d08, now test.oracle_warehouse.source_not_null_staging_orders_updated_at.9d13676043)
[0m13:56:07.451614 [debug] [Thread-1 (]: Began executing node test.oracle_warehouse.source_not_null_staging_orders__dlt_loaded_at.89d42ca065
[0m13:56:07.452492 [debug] [Thread-2 (]: On test.oracle_warehouse.source_not_null_staging_customers_customer_id.37583efb74: Close
[0m13:56:07.457052 [debug] [Thread-4 (]: Writing injected SQL for node "test.oracle_warehouse.source_not_null_staging_orders_order_id.8a94cd7e35"
[0m13:56:07.458523 [debug] [Thread-3 (]: Began compiling node test.oracle_warehouse.source_not_null_staging_orders_updated_at.9d13676043
[0m13:56:07.462543 [debug] [Thread-1 (]: Writing runtime sql for node "test.oracle_warehouse.source_not_null_staging_orders__dlt_loaded_at.89d42ca065"
[0m13:56:07.464548 [info ] [Thread-2 (]: 9 of 15 PASS source_not_null_staging_customers_customer_id ..................... [[32mPASS[0m in 0.35s]
[0m13:56:07.480161 [debug] [Thread-3 (]: Writing injected SQL for node "test.oracle_warehouse.source_not_null_staging_orders_updated_at.9d13676043"
[0m13:56:07.483215 [debug] [Thread-2 (]: Finished running node test.oracle_warehouse.source_not_null_staging_customers_customer_id.37583efb74
[0m13:56:07.487079 [debug] [Thread-2 (]: Began running node test.oracle_warehouse.source_unique_staging_customers_customer_id.d8103a1a70
[0m13:56:07.490415 [info ] [Thread-2 (]: 13 of 15 START test source_unique_staging_customers_customer_id ................ [RUN]
[0m13:56:07.493223 [debug] [Thread-2 (]: Re-using an available connection from the pool (formerly test.oracle_warehouse.source_not_null_staging_customers_customer_id.37583efb74, now test.oracle_warehouse.source_unique_staging_customers_customer_id.d8103a1a70)
[0m13:56:07.495448 [debug] [Thread-2 (]: Began compiling node test.oracle_warehouse.source_unique_staging_customers_customer_id.d8103a1a70
[0m13:56:07.509793 [debug] [Thread-2 (]: Writing injected SQL for node "test.oracle_warehouse.source_unique_staging_customers_customer_id.d8103a1a70"
[0m13:56:07.513053 [debug] [Thread-3 (]: Began executing node test.oracle_warehouse.source_not_null_staging_orders_updated_at.9d13676043
[0m13:56:07.513935 [debug] [Thread-4 (]: Began executing node test.oracle_warehouse.source_not_null_staging_orders_order_id.8a94cd7e35
[0m13:56:07.518526 [debug] [Thread-3 (]: Writing runtime sql for node "test.oracle_warehouse.source_not_null_staging_orders_updated_at.9d13676043"
[0m13:56:07.519372 [debug] [Thread-1 (]: Using postgres connection "test.oracle_warehouse.source_not_null_staging_orders__dlt_loaded_at.89d42ca065"
[0m13:56:07.522774 [debug] [Thread-4 (]: Writing runtime sql for node "test.oracle_warehouse.source_not_null_staging_orders_order_id.8a94cd7e35"
[0m13:56:07.525455 [debug] [Thread-1 (]: On test.oracle_warehouse.source_not_null_staging_orders__dlt_loaded_at.89d42ca065: /* {"app": "dbt", "dbt_version": "1.11.11", "profile_name": "oracle_warehouse", "target_name": "prod", "node_id": "test.oracle_warehouse.source_not_null_staging_orders__dlt_loaded_at.89d42ca065"} */

    
    select
      count(*) as failures,
      count(*) != 0 as should_warn,
      count(*) != 0 as should_error
    from (
      
    
  
    
    



select _dlt_loaded_at
from "warehouse"."staging"."orders"
where _dlt_loaded_at is null



  
  
      
    ) dbt_internal_test
[0m13:56:07.527793 [debug] [Thread-2 (]: Began executing node test.oracle_warehouse.source_unique_staging_customers_customer_id.d8103a1a70
[0m13:56:07.528441 [debug] [Thread-1 (]: Opening a new connection, currently in state closed
[0m13:56:07.532067 [debug] [Thread-2 (]: Writing runtime sql for node "test.oracle_warehouse.source_unique_staging_customers_customer_id.d8103a1a70"
[0m13:56:07.550528 [debug] [Thread-3 (]: Using postgres connection "test.oracle_warehouse.source_not_null_staging_orders_updated_at.9d13676043"
[0m13:56:07.552738 [debug] [Thread-3 (]: On test.oracle_warehouse.source_not_null_staging_orders_updated_at.9d13676043: /* {"app": "dbt", "dbt_version": "1.11.11", "profile_name": "oracle_warehouse", "target_name": "prod", "node_id": "test.oracle_warehouse.source_not_null_staging_orders_updated_at.9d13676043"} */

    
    select
      count(*) as failures,
      count(*) != 0 as should_warn,
      count(*) != 0 as should_error
    from (
      
    
  
    
    



select updated_at
from "warehouse"."staging"."orders"
where updated_at is null



  
  
      
    ) dbt_internal_test
[0m13:56:07.554990 [debug] [Thread-4 (]: Using postgres connection "test.oracle_warehouse.source_not_null_staging_orders_order_id.8a94cd7e35"
[0m13:56:07.556953 [debug] [Thread-3 (]: Opening a new connection, currently in state closed
[0m13:56:07.559208 [debug] [Thread-4 (]: On test.oracle_warehouse.source_not_null_staging_orders_order_id.8a94cd7e35: /* {"app": "dbt", "dbt_version": "1.11.11", "profile_name": "oracle_warehouse", "target_name": "prod", "node_id": "test.oracle_warehouse.source_not_null_staging_orders_order_id.8a94cd7e35"} */

    
    select
      count(*) as failures,
      count(*) != 0 as should_warn,
      count(*) != 0 as should_error
    from (
      
    
  
    
    



select order_id
from "warehouse"."staging"."orders"
where order_id is null



  
  
      
    ) dbt_internal_test
[0m13:56:07.561588 [debug] [Thread-4 (]: Opening a new connection, currently in state closed
[0m13:56:07.563342 [debug] [Thread-2 (]: Using postgres connection "test.oracle_warehouse.source_unique_staging_customers_customer_id.d8103a1a70"
[0m13:56:07.565553 [debug] [Thread-2 (]: On test.oracle_warehouse.source_unique_staging_customers_customer_id.d8103a1a70: /* {"app": "dbt", "dbt_version": "1.11.11", "profile_name": "oracle_warehouse", "target_name": "prod", "node_id": "test.oracle_warehouse.source_unique_staging_customers_customer_id.d8103a1a70"} */

    
    select
      count(*) as failures,
      count(*) != 0 as should_warn,
      count(*) != 0 as should_error
    from (
      
    
  
    
    

select
    customer_id as unique_field,
    count(*) as n_records

from "warehouse"."staging"."customers"
where customer_id is not null
group by customer_id
having count(*) > 1



  
  
      
    ) dbt_internal_test
[0m13:56:07.567603 [debug] [Thread-2 (]: Opening a new connection, currently in state closed
[0m13:56:07.643894 [debug] [Thread-1 (]: Postgres adapter: Postgres error: column "_dlt_loaded_at" does not exist
LINE 17: select _dlt_loaded_at
                ^

[0m13:56:07.645828 [debug] [Thread-1 (]: On test.oracle_warehouse.source_not_null_staging_orders__dlt_loaded_at.89d42ca065: ROLLBACK
[0m13:56:07.657641 [debug] [Thread-1 (]: On test.oracle_warehouse.source_not_null_staging_orders__dlt_loaded_at.89d42ca065: Close
[0m13:56:07.668748 [debug] [Thread-1 (]: Database Error in test source_not_null_staging_orders__dlt_loaded_at (models/staging/sources.yml)
  column "_dlt_loaded_at" does not exist
  LINE 17: select _dlt_loaded_at
                  ^
  compiled code at target/run/oracle_warehouse/models/staging/sources.yml/source_not_null_staging_orders__dlt_loaded_at.sql
[0m13:56:07.672472 [error] [Thread-1 (]: 10 of 15 ERROR source_not_null_staging_orders__dlt_loaded_at ................... [[31mERROR[0m in 0.29s]
[0m13:56:07.675124 [debug] [Thread-1 (]: Finished running node test.oracle_warehouse.source_not_null_staging_orders__dlt_loaded_at.89d42ca065
[0m13:56:07.677329 [debug] [Thread-1 (]: Began running node test.oracle_warehouse.source_unique_staging_orders_order_id.449154f9c3
[0m13:56:07.679135 [debug] [Thread-7 (]: Marking all children of 'test.oracle_warehouse.source_not_null_staging_orders__dlt_loaded_at.89d42ca065' to be skipped because of status 'error'.  Reason: Database Error in test source_not_null_staging_orders__dlt_loaded_at (models/staging/sources.yml)
  column "_dlt_loaded_at" does not exist
  LINE 17: select _dlt_loaded_at
                  ^
  compiled code at target/run/oracle_warehouse/models/staging/sources.yml/source_not_null_staging_orders__dlt_loaded_at.sql.
[0m13:56:07.681326 [info ] [Thread-1 (]: 14 of 15 START test source_unique_staging_orders_order_id ...................... [RUN]
[0m13:56:07.685533 [debug] [Thread-1 (]: Re-using an available connection from the pool (formerly test.oracle_warehouse.source_not_null_staging_orders__dlt_loaded_at.89d42ca065, now test.oracle_warehouse.source_unique_staging_orders_order_id.449154f9c3)
[0m13:56:07.687131 [debug] [Thread-1 (]: Began compiling node test.oracle_warehouse.source_unique_staging_orders_order_id.449154f9c3
[0m13:56:07.701835 [debug] [Thread-1 (]: Writing injected SQL for node "test.oracle_warehouse.source_unique_staging_orders_order_id.449154f9c3"
[0m13:56:07.702858 [debug] [Thread-2 (]: SQL status: SELECT 1 in 0.136 seconds
[0m13:56:07.709919 [debug] [Thread-2 (]: On test.oracle_warehouse.source_unique_staging_customers_customer_id.d8103a1a70: ROLLBACK
[0m13:56:07.721392 [debug] [Thread-2 (]: On test.oracle_warehouse.source_unique_staging_customers_customer_id.d8103a1a70: Close
[0m13:56:07.727034 [info ] [Thread-2 (]: 13 of 15 PASS source_unique_staging_customers_customer_id ...................... [[32mPASS[0m in 0.23s]
[0m13:56:07.732028 [debug] [Thread-2 (]: Finished running node test.oracle_warehouse.source_unique_staging_customers_customer_id.d8103a1a70
[0m13:56:07.734279 [debug] [Thread-2 (]: Began running node test.oracle_warehouse.unique_fct_orders_order_id.523ddb6ce5
[0m13:56:07.736757 [info ] [Thread-2 (]: 15 of 15 START test unique_fct_orders_order_id ................................. [RUN]
[0m13:56:07.740336 [debug] [Thread-2 (]: Re-using an available connection from the pool (formerly test.oracle_warehouse.source_unique_staging_customers_customer_id.d8103a1a70, now test.oracle_warehouse.unique_fct_orders_order_id.523ddb6ce5)
[0m13:56:07.743276 [debug] [Thread-2 (]: Began compiling node test.oracle_warehouse.unique_fct_orders_order_id.523ddb6ce5
[0m13:56:07.762093 [debug] [Thread-2 (]: Writing injected SQL for node "test.oracle_warehouse.unique_fct_orders_order_id.523ddb6ce5"
[0m13:56:07.764199 [debug] [Thread-1 (]: Began executing node test.oracle_warehouse.source_unique_staging_orders_order_id.449154f9c3
[0m13:56:07.775894 [debug] [Thread-1 (]: Writing runtime sql for node "test.oracle_warehouse.source_unique_staging_orders_order_id.449154f9c3"
[0m13:56:07.807515 [debug] [Thread-2 (]: Began executing node test.oracle_warehouse.unique_fct_orders_order_id.523ddb6ce5
[0m13:56:07.816678 [debug] [Thread-2 (]: Writing runtime sql for node "test.oracle_warehouse.unique_fct_orders_order_id.523ddb6ce5"
[0m13:56:07.821941 [debug] [Thread-1 (]: Using postgres connection "test.oracle_warehouse.source_unique_staging_orders_order_id.449154f9c3"
[0m13:56:07.824486 [debug] [Thread-1 (]: On test.oracle_warehouse.source_unique_staging_orders_order_id.449154f9c3: /* {"app": "dbt", "dbt_version": "1.11.11", "profile_name": "oracle_warehouse", "target_name": "prod", "node_id": "test.oracle_warehouse.source_unique_staging_orders_order_id.449154f9c3"} */

    
    select
      count(*) as failures,
      count(*) != 0 as should_warn,
      count(*) != 0 as should_error
    from (
      
    
  
    
    

select
    order_id as unique_field,
    count(*) as n_records

from "warehouse"."staging"."orders"
where order_id is not null
group by order_id
having count(*) > 1



  
  
      
    ) dbt_internal_test
[0m13:56:07.826958 [debug] [Thread-1 (]: Opening a new connection, currently in state closed
[0m13:56:07.855524 [debug] [Thread-2 (]: Using postgres connection "test.oracle_warehouse.unique_fct_orders_order_id.523ddb6ce5"
[0m13:56:07.858838 [debug] [Thread-2 (]: On test.oracle_warehouse.unique_fct_orders_order_id.523ddb6ce5: /* {"app": "dbt", "dbt_version": "1.11.11", "profile_name": "oracle_warehouse", "target_name": "prod", "node_id": "test.oracle_warehouse.unique_fct_orders_order_id.523ddb6ce5"} */

    
    select
      count(*) as failures,
      count(*) != 0 as should_warn,
      count(*) != 0 as should_error
    from (
      
    
  
    
    

select
    order_id as unique_field,
    count(*) as n_records

from "warehouse"."marts_marts"."fct_orders"
where order_id is not null
group by order_id
having count(*) > 1



  
  
      
    ) dbt_internal_test
[0m13:56:07.861331 [debug] [Thread-2 (]: Opening a new connection, currently in state closed
[0m13:56:08.014989 [debug] [Thread-4 (]: SQL status: SELECT 1 in 0.453 seconds
[0m13:56:08.025081 [debug] [Thread-4 (]: On test.oracle_warehouse.source_not_null_staging_orders_order_id.8a94cd7e35: ROLLBACK
[0m13:56:08.040427 [debug] [Thread-4 (]: On test.oracle_warehouse.source_not_null_staging_orders_order_id.8a94cd7e35: Close
[0m13:56:08.046563 [info ] [Thread-4 (]: 11 of 15 PASS source_not_null_staging_orders_order_id .......................... [[32mPASS[0m in 0.62s]
[0m13:56:08.050528 [debug] [Thread-4 (]: Finished running node test.oracle_warehouse.source_not_null_staging_orders_order_id.8a94cd7e35
[0m13:56:08.073881 [debug] [Thread-3 (]: SQL status: SELECT 1 in 0.516 seconds
[0m13:56:08.080648 [debug] [Thread-3 (]: On test.oracle_warehouse.source_not_null_staging_orders_updated_at.9d13676043: ROLLBACK
[0m13:56:08.092329 [debug] [Thread-3 (]: On test.oracle_warehouse.source_not_null_staging_orders_updated_at.9d13676043: Close
[0m13:56:08.096323 [info ] [Thread-3 (]: 12 of 15 PASS source_not_null_staging_orders_updated_at ........................ [[32mPASS[0m in 0.65s]
[0m13:56:08.102179 [debug] [Thread-3 (]: Finished running node test.oracle_warehouse.source_not_null_staging_orders_updated_at.9d13676043
[0m13:56:14.961639 [debug] [Thread-2 (]: SQL status: SELECT 1 in 7.100 seconds
[0m13:56:14.966572 [debug] [Thread-2 (]: On test.oracle_warehouse.unique_fct_orders_order_id.523ddb6ce5: ROLLBACK
[0m13:56:14.977360 [debug] [Thread-2 (]: On test.oracle_warehouse.unique_fct_orders_order_id.523ddb6ce5: Close
[0m13:56:14.981046 [info ] [Thread-2 (]: 15 of 15 PASS unique_fct_orders_order_id ....................................... [[32mPASS[0m in 7.24s]
[0m13:56:14.984019 [debug] [Thread-2 (]: Finished running node test.oracle_warehouse.unique_fct_orders_order_id.523ddb6ce5
[0m13:56:15.024295 [debug] [Thread-1 (]: SQL status: SELECT 1 in 7.197 seconds
[0m13:56:15.029030 [debug] [Thread-1 (]: On test.oracle_warehouse.source_unique_staging_orders_order_id.449154f9c3: ROLLBACK
[0m13:56:15.048785 [debug] [Thread-1 (]: On test.oracle_warehouse.source_unique_staging_orders_order_id.449154f9c3: Close
[0m13:56:15.051211 [info ] [Thread-1 (]: 14 of 15 PASS source_unique_staging_orders_order_id ............................ [[32mPASS[0m in 7.37s]
[0m13:56:15.054059 [debug] [Thread-1 (]: Finished running node test.oracle_warehouse.source_unique_staging_orders_order_id.449154f9c3
[0m13:56:15.059779 [debug] [MainThread]: On master: COMMIT
[0m13:56:15.061965 [debug] [MainThread]: Using postgres connection "master"
[0m13:56:15.063310 [debug] [MainThread]: On master: COMMIT
[0m13:56:15.064958 [debug] [MainThread]: Opening a new connection, currently in state closed
[0m13:56:15.168606 [debug] [MainThread]: SQL status: COMMIT in 0.104 seconds
[0m13:56:15.170240 [debug] [MainThread]: On master: Close
[0m13:56:15.172401 [debug] [MainThread]: Connection 'master' was properly closed.
[0m13:56:15.174834 [debug] [MainThread]: Connection 'test.oracle_warehouse.source_unique_staging_orders_order_id.449154f9c3' was properly closed.
[0m13:56:15.177033 [debug] [MainThread]: Connection 'test.oracle_warehouse.source_not_null_staging_orders_order_id.8a94cd7e35' was properly closed.
[0m13:56:15.179622 [debug] [MainThread]: Connection 'test.oracle_warehouse.source_not_null_staging_orders_updated_at.9d13676043' was properly closed.
[0m13:56:15.181279 [debug] [MainThread]: Connection 'test.oracle_warehouse.unique_fct_orders_order_id.523ddb6ce5' was properly closed.
[0m13:56:15.183195 [info ] [MainThread]: 
[0m13:56:15.186166 [info ] [MainThread]: Finished running 15 data tests in 0 hours 0 minutes and 10.00 seconds (10.00s).
[0m13:56:15.192960 [debug] [MainThread]: Command end result
[0m13:56:15.321779 [debug] [MainThread]: Wrote artifact WritableManifest to /opt/airflow/dbt_project/target/manifest.json
[0m13:56:15.340901 [debug] [MainThread]: Wrote artifact SemanticManifest to /opt/airflow/dbt_project/target/semantic_manifest.json
[0m13:56:15.374919 [debug] [MainThread]: Wrote artifact RunExecutionResult to /opt/airflow/dbt_project/target/run_results.json
[0m13:56:15.376248 [info ] [MainThread]: 
[0m13:56:15.377602 [info ] [MainThread]: [31mCompleted with 2 errors, 0 partial successes, and 0 warnings:[0m
[0m13:56:15.379096 [info ] [MainThread]: 
[0m13:56:15.380378 [error] [MainThread]: [31mFailure in test source_not_null_staging_customers__dlt_loaded_at (models/staging/sources.yml)[0m
[0m13:56:15.381537 [error] [MainThread]:   Database Error in test source_not_null_staging_customers__dlt_loaded_at (models/staging/sources.yml)
  column "_dlt_loaded_at" does not exist
  LINE 17: select _dlt_loaded_at
                  ^
  compiled code at target/run/oracle_warehouse/models/staging/sources.yml/source_not_null_staging_customers__dlt_loaded_at.sql
[0m13:56:15.382564 [info ] [MainThread]: 
[0m13:56:15.383663 [info ] [MainThread]:   compiled code at target/compiled/oracle_warehouse/models/staging/sources.yml/source_not_null_staging_customers__dlt_loaded_at.sql
[0m13:56:15.384863 [info ] [MainThread]: 
[0m13:56:15.386184 [error] [MainThread]: [31mFailure in test source_not_null_staging_orders__dlt_loaded_at (models/staging/sources.yml)[0m
[0m13:56:15.387219 [error] [MainThread]:   Database Error in test source_not_null_staging_orders__dlt_loaded_at (models/staging/sources.yml)
  column "_dlt_loaded_at" does not exist
  LINE 17: select _dlt_loaded_at
                  ^
  compiled code at target/run/oracle_warehouse/models/staging/sources.yml/source_not_null_staging_orders__dlt_loaded_at.sql
[0m13:56:15.388442 [info ] [MainThread]: 
[0m13:56:15.391053 [info ] [MainThread]:   compiled code at target/compiled/oracle_warehouse/models/staging/sources.yml/source_not_null_staging_orders__dlt_loaded_at.sql
[0m13:56:15.391979 [info ] [MainThread]: 
[0m13:56:15.392937 [info ] [MainThread]: Done. PASS=13 WARN=0 ERROR=2 SKIP=0 NO-OP=0 TOTAL=15
[0m13:56:15.394147 [warn ] [MainThread]: [[33mWARNING[0m][DeprecationsSummary]: Deprecated functionality
Summary of encountered deprecations:
- MissingArgumentsPropertyInGenericTestDeprecation: 2 occurrences
To see all deprecation instances instead of just the first occurrence of each,
run command again with the `--show-all-deprecations` flag. You may also need to
run with `--no-partial-parse` as some deprecations are only encountered during
parsing.
[0m13:56:15.395787 [debug] [MainThread]: Resource report: {"command_name": "test", "command_success": false, "command_wall_clock_time": 13.748975, "process_in_blocks": "1552", "process_kernel_time": 0.497161, "process_mem_max_rss": "155744", "process_out_blocks": "0", "process_user_time": 5.918214}
[0m13:56:15.397038 [debug] [MainThread]: Command `dbt test` failed at 13:56:15.396860 after 13.75 seconds
[0m13:56:15.398001 [debug] [MainThread]: Sending event: {'category': 'dbt', 'action': 'invocation', 'label': 'end', 'context': [<snowplow_tracker.self_describing_json.SelfDescribingJson object at 0x77b269ddac50>, <snowplow_tracker.self_describing_json.SelfDescribingJson object at 0x77b2682c0730>, <snowplow_tracker.self_describing_json.SelfDescribingJson object at 0x77b2682c0e10>]}
[0m13:56:15.399063 [debug] [MainThread]: Flushing usage events
[0m13:56:16.283345 [debug] [MainThread]: An error was encountered while trying to flush usage events
[0m10:51:03.490241 [debug] [MainThread]: Sending event: {'category': 'dbt', 'action': 'invocation', 'label': 'start', 'context': [<snowplow_tracker.self_describing_json.SelfDescribingJson object at 0x7ca1279c8ec0>, <snowplow_tracker.self_describing_json.SelfDescribingJson object at 0x7ca12689fc50>, <snowplow_tracker.self_describing_json.SelfDescribingJson object at 0x7ca12689fb10>]}


============================== 10:51:03.505070 | 857d8cd8-efbd-4112-adf6-e93075767eb1 ==============================
[0m10:51:03.505070 [info ] [MainThread]: Running with dbt=1.11.11
[0m10:51:03.506947 [debug] [MainThread]: running dbt with arguments {'introspect': 'True', 'partial_parse': 'False', 'log_path': '/opt/airflow/dbt_project/logs', 'warn_error': 'None', 'write_json': 'True', 'warn_error_options': 'WarnErrorOptionsV2(error=[], warn=[], silence=[])', 'printer_width': '80', 'version_check': 'False', 'use_colors': 'True', 'use_experimental_parser': 'False', 'static_parser': 'True', 'no_print': 'None', 'log_format': 'default', 'debug': 'False', 'fail_fast': 'False', 'profiles_dir': '/opt/airflow/dbt_project', 'send_anonymous_usage_stats': 'True', 'quiet': 'False', 'indirect_selection': 'eager', 'log_cache_events': 'False', 'cache_selected_only': 'False', 'invocation_command': 'dbt run --project-dir /opt/airflow/dbt_project --profiles-dir /opt/airflow/dbt_project --select staging --no-version-check --no-partial-parse', 'target_path': 'None', 'empty': 'False'}
[0m10:51:04.368137 [debug] [MainThread]: Sending event: {'category': 'dbt', 'action': 'project_id', 'label': '857d8cd8-efbd-4112-adf6-e93075767eb1', 'context': [<snowplow_tracker.self_describing_json.SelfDescribingJson object at 0x7ca1275b03e0>]}
[0m10:51:04.639857 [debug] [MainThread]: Sending event: {'category': 'dbt', 'action': 'adapter_info', 'label': '857d8cd8-efbd-4112-adf6-e93075767eb1', 'context': [<snowplow_tracker.self_describing_json.SelfDescribingJson object at 0x7ca1293ba360>]}
[0m10:51:04.645053 [info ] [MainThread]: Registered adapter: postgres=1.10.0
[0m10:51:04.793284 [debug] [MainThread]: checksum: 30a8cc8fdcbf66701b0944d4ccce3fa46dd04b61e5df68b9f16d57b2e0e3f0be, vars: {}, profile: , target: , version: 1.11.11
[0m10:51:04.807221 [debug] [MainThread]: Partial parsing not enabled
[0m10:51:07.076367 [warn ] [MainThread]: [[33mWARNING[0m][MissingArgumentsPropertyInGenericTestDeprecation]: Deprecated
functionality
Found top-level arguments to test `accepted_values` defined on 'fct_orders' in
package 'oracle_warehouse' (models/marts/schema.yml). Arguments to generic tests
should be nested under the `arguments` property.
[0m10:51:07.084805 [debug] [MainThread]: Sending event: {'category': 'dbt', 'action': 'deprecation', 'label': '857d8cd8-efbd-4112-adf6-e93075767eb1', 'property_': 'warn', 'context': [<snowplow_tracker.self_describing_json.SelfDescribingJson object at 0x7ca126b37050>]}
[0m10:51:07.787111 [debug] [MainThread]: Sending event: {'category': 'dbt', 'action': 'load_project', 'label': '857d8cd8-efbd-4112-adf6-e93075767eb1', 'context': [<snowplow_tracker.self_describing_json.SelfDescribingJson object at 0x7ca124b188c0>]}
[0m10:51:08.130064 [debug] [MainThread]: Wrote artifact WritableManifest to /opt/airflow/dbt_project/target/manifest.json
[0m10:51:08.167568 [debug] [MainThread]: Wrote artifact SemanticManifest to /opt/airflow/dbt_project/target/semantic_manifest.json
[0m10:51:08.250533 [debug] [MainThread]: Sending event: {'category': 'dbt', 'action': 'resource_counts', 'label': '857d8cd8-efbd-4112-adf6-e93075767eb1', 'context': [<snowplow_tracker.self_describing_json.SelfDescribingJson object at 0x7ca1226942f0>]}
[0m10:51:08.252456 [info ] [MainThread]: Found 4 models, 15 data tests, 2 sources, 475 macros
[0m10:51:08.253987 [debug] [MainThread]: Sending event: {'category': 'dbt', 'action': 'runnable_timing', 'label': '857d8cd8-efbd-4112-adf6-e93075767eb1', 'context': [<snowplow_tracker.self_describing_json.SelfDescribingJson object at 0x7ca124ffe340>]}
[0m10:51:08.258989 [info ] [MainThread]: 
[0m10:51:08.260715 [info ] [MainThread]: Concurrency: 4 threads (target='prod')
[0m10:51:08.262314 [info ] [MainThread]: 
[0m10:51:08.264383 [debug] [MainThread]: Acquiring new postgres connection 'master'
[0m10:51:08.273535 [debug] [ThreadPool]: Acquiring new postgres connection 'list_warehouse'
[0m10:51:08.427044 [debug] [ThreadPool]: Using postgres connection "list_warehouse"
[0m10:51:08.428372 [debug] [ThreadPool]: On list_warehouse: /* {"app": "dbt", "dbt_version": "1.11.11", "profile_name": "oracle_warehouse", "target_name": "prod", "connection_name": "list_warehouse"} */

    select distinct nspname from pg_namespace
  
[0m10:51:08.429542 [debug] [ThreadPool]: Opening a new connection, currently in state init
[0m10:51:08.528353 [debug] [ThreadPool]: SQL status: SELECT 12 in 0.099 seconds
[0m10:51:08.534986 [debug] [ThreadPool]: On list_warehouse: Close
[0m10:51:08.540832 [debug] [ThreadPool]: Re-using an available connection from the pool (formerly list_warehouse, now list_warehouse_marts_marts)
[0m10:51:08.553796 [debug] [ThreadPool]: Using postgres connection "list_warehouse_marts_marts"
[0m10:51:08.555714 [debug] [ThreadPool]: On list_warehouse_marts_marts: /* {"app": "dbt", "dbt_version": "1.11.11", "profile_name": "oracle_warehouse", "target_name": "prod", "connection_name": "list_warehouse_marts_marts"} */
select
      'warehouse' as database,
      tablename as name,
      schemaname as schema,
      'table' as type
    from pg_tables
    where schemaname ilike 'marts_marts'
    union all
    select
      'warehouse' as database,
      viewname as name,
      schemaname as schema,
      'view' as type
    from pg_views
    where schemaname ilike 'marts_marts'
    union all
    select
      'warehouse' as database,
      matviewname as name,
      schemaname as schema,
      'materialized_view' as type
    from pg_matviews
    where schemaname ilike 'marts_marts'
  
[0m10:51:08.557102 [debug] [ThreadPool]: Opening a new connection, currently in state closed
[0m10:51:08.706636 [debug] [ThreadPool]: SQL status: SELECT 4 in 0.149 seconds
[0m10:51:08.710283 [debug] [ThreadPool]: On list_warehouse_marts_marts: ROLLBACK
[0m10:51:08.718946 [debug] [ThreadPool]: On list_warehouse_marts_marts: Close
[0m10:51:08.738145 [debug] [MainThread]: Using postgres connection "master"
[0m10:51:08.742619 [debug] [MainThread]: On master: /* {"app": "dbt", "dbt_version": "1.11.11", "profile_name": "oracle_warehouse", "target_name": "prod", "connection_name": "master"} */
select distinct
        dependent_namespace.nspname as dependent_schema,
        dependent_class.relname as dependent_name,
        referenced_namespace.nspname as referenced_schema,
        referenced_class.relname as referenced_name

    -- Query for views: views are entries in pg_class with an entry in pg_rewrite, but we avoid
    -- a seq scan on pg_rewrite by leveraging the fact there is an "internal" row in pg_depend for
    -- the view...
    from pg_class as dependent_class
    join pg_namespace as dependent_namespace on dependent_namespace.oid = dependent_class.relnamespace
    join pg_depend as dependent_depend on dependent_depend.refobjid = dependent_class.oid
        and dependent_depend.classid = 'pg_rewrite'::regclass
        and dependent_depend.refclassid = 'pg_class'::regclass
        and dependent_depend.deptype = 'i'

    -- ... and via pg_depend (that has a row per column, hence the need for "distinct" above, and
    -- making sure to exclude the internal row to avoid a view appearing to depend on itself)...
    join pg_depend as joining_depend on joining_depend.objid = dependent_depend.objid
        and joining_depend.classid = 'pg_rewrite'::regclass
        and joining_depend.refclassid = 'pg_class'::regclass
        and joining_depend.refobjid != dependent_depend.refobjid

    -- ... we can find the tables they query from in pg_class, but excluding system tables. Note we
    -- don't need need to exclude _dependent_ system tables, because they only query from other
    -- system tables, and so are automatically excluded by excluding _referenced_ system tables
    join pg_class as referenced_class on referenced_class.oid = joining_depend.refobjid
    join pg_namespace as referenced_namespace on referenced_namespace.oid = referenced_class.relnamespace
        and referenced_namespace.nspname != 'information_schema'
        and referenced_namespace.nspname not like 'pg\_%'

    order by
        dependent_schema, dependent_name, referenced_schema, referenced_name;
[0m10:51:08.746655 [debug] [MainThread]: Opening a new connection, currently in state init
[0m10:51:08.911390 [debug] [MainThread]: SQL status: SELECT 2 in 0.165 seconds
[0m10:51:08.918222 [debug] [MainThread]: Sending event: {'category': 'dbt', 'action': 'runnable_timing', 'label': '857d8cd8-efbd-4112-adf6-e93075767eb1', 'context': [<snowplow_tracker.self_describing_json.SelfDescribingJson object at 0x7ca1226a1d90>]}
[0m10:51:08.921167 [debug] [MainThread]: On master: ROLLBACK
[0m10:51:08.928812 [debug] [MainThread]: On master: COMMIT
[0m10:51:08.931470 [debug] [MainThread]: Using postgres connection "master"
[0m10:51:08.934400 [debug] [MainThread]: On master: COMMIT
[0m10:51:08.950435 [debug] [MainThread]: SQL status: COMMIT in 0.013 seconds
[0m10:51:08.953053 [debug] [MainThread]: On master: Close
[0m10:51:08.978376 [debug] [Thread-2 (]: Began running node model.oracle_warehouse.stg_orders
[0m10:51:08.980378 [debug] [Thread-1 (]: Began running node model.oracle_warehouse.stg_customers
[0m10:51:08.983469 [info ] [Thread-2 (]: 2 of 2 START sql view model marts_marts.stg_orders ............................. [RUN]
[0m10:51:08.988051 [info ] [Thread-1 (]: 1 of 2 START sql view model marts_marts.stg_customers .......................... [RUN]
[0m10:51:08.990802 [debug] [Thread-2 (]: Acquiring new postgres connection 'model.oracle_warehouse.stg_orders'
[0m10:51:08.993227 [debug] [Thread-1 (]: Re-using an available connection from the pool (formerly list_warehouse_marts_marts, now model.oracle_warehouse.stg_customers)
[0m10:51:08.996420 [debug] [Thread-2 (]: Began compiling node model.oracle_warehouse.stg_orders
[0m10:51:08.999897 [debug] [Thread-1 (]: Began compiling node model.oracle_warehouse.stg_customers
[0m10:51:09.039528 [debug] [Thread-2 (]: Writing injected SQL for node "model.oracle_warehouse.stg_orders"
[0m10:51:09.042297 [debug] [Thread-1 (]: Writing injected SQL for node "model.oracle_warehouse.stg_customers"
[0m10:51:09.089376 [debug] [Thread-1 (]: Began executing node model.oracle_warehouse.stg_customers
[0m10:51:09.105816 [debug] [Thread-2 (]: Began executing node model.oracle_warehouse.stg_orders
[0m10:51:09.198076 [debug] [Thread-2 (]: Writing runtime sql for node "model.oracle_warehouse.stg_orders"
[0m10:51:09.202190 [debug] [Thread-1 (]: Writing runtime sql for node "model.oracle_warehouse.stg_customers"
[0m10:51:09.238365 [debug] [Thread-1 (]: Using postgres connection "model.oracle_warehouse.stg_customers"
[0m10:51:09.240006 [debug] [Thread-1 (]: On model.oracle_warehouse.stg_customers: /* {"app": "dbt", "dbt_version": "1.11.11", "profile_name": "oracle_warehouse", "target_name": "prod", "node_id": "model.oracle_warehouse.stg_customers"} */

  create view "warehouse"."marts_marts"."stg_customers__dbt_tmp"
    
    
  as (
    -- =============================================================================
-- models/staging/stg_customers.sql
-- =============================================================================



SELECT
    customer_id::INTEGER                AS customer_id,
    INITCAP(TRIM(full_name))            AS full_name,
    LOWER(TRIM(email))                  AS email,
    UPPER(TRIM(country))                AS country,
    UPPER(TRIM(tier))                   AS tier,   -- GOLD / SILVER / STANDARD

    created_at::TIMESTAMPTZ             AS created_at,
    updated_at::TIMESTAMPTZ             AS updated_at,

    _dlt_id                             AS _dlt_id,
    _dlt_load_id                      AS _dlt_load_id

FROM "warehouse"."staging"."customers"
WHERE COALESCE(is_deleted, 0) = 0
  );
[0m10:51:09.242116 [debug] [Thread-1 (]: Opening a new connection, currently in state closed
[0m10:51:09.242866 [debug] [Thread-2 (]: Using postgres connection "model.oracle_warehouse.stg_orders"
[0m10:51:09.244824 [debug] [Thread-2 (]: On model.oracle_warehouse.stg_orders: /* {"app": "dbt", "dbt_version": "1.11.11", "profile_name": "oracle_warehouse", "target_name": "prod", "node_id": "model.oracle_warehouse.stg_orders"} */

  create view "warehouse"."marts_marts"."stg_orders__dbt_tmp"
    
    
  as (
    -- =============================================================================
-- models/staging/stg_orders.sql
-- =============================================================================
-- Lightweight VIEW over the raw DLT-loaded orders table.
-- Purpose: cast types, rename columns, filter soft-deletes.
-- Materialized as a VIEW so it always reflects the latest DLT load.
-- =============================================================================



SELECT
    order_id::INTEGER                   AS order_id,
    customer_id::INTEGER                AS customer_id,

    UPPER(TRIM(status))                 AS status,
    amount::NUMERIC(10,2)               AS amount,
    UPPER(TRIM(product_code))           AS product_code,

    created_at::TIMESTAMPTZ             AS created_at,
    updated_at::TIMESTAMPTZ             AS updated_at,

    -- DLT metadata columns — kept for delta filtering in marts
    _dlt_id                             AS _dlt_id,
    _dlt_load_id                      AS _dlt_load_id

FROM "warehouse"."staging"."orders"

-- Filter soft-deleted rows (is_deleted=1 set in Oracle before export)
WHERE COALESCE(is_deleted, 0) = 0
  );
[0m10:51:09.246359 [debug] [Thread-2 (]: Opening a new connection, currently in state init
[0m10:51:09.484368 [debug] [Thread-2 (]: SQL status: CREATE VIEW in 0.238 seconds
[0m10:51:09.485911 [debug] [Thread-1 (]: SQL status: CREATE VIEW in 0.244 seconds
[0m10:51:09.496359 [debug] [Thread-2 (]: Using postgres connection "model.oracle_warehouse.stg_orders"
[0m10:51:09.502928 [debug] [Thread-1 (]: Using postgres connection "model.oracle_warehouse.stg_customers"
[0m10:51:09.505561 [debug] [Thread-2 (]: On model.oracle_warehouse.stg_orders: /* {"app": "dbt", "dbt_version": "1.11.11", "profile_name": "oracle_warehouse", "target_name": "prod", "node_id": "model.oracle_warehouse.stg_orders"} */
alter table "warehouse"."marts_marts"."stg_orders" rename to "stg_orders__dbt_backup"
[0m10:51:09.515286 [debug] [Thread-1 (]: On model.oracle_warehouse.stg_customers: /* {"app": "dbt", "dbt_version": "1.11.11", "profile_name": "oracle_warehouse", "target_name": "prod", "node_id": "model.oracle_warehouse.stg_customers"} */
alter table "warehouse"."marts_marts"."stg_customers" rename to "stg_customers__dbt_backup"
[0m10:51:09.526024 [debug] [Thread-2 (]: SQL status: ALTER TABLE in 0.007 seconds
[0m10:51:09.535448 [debug] [Thread-1 (]: SQL status: ALTER TABLE in 0.016 seconds
[0m10:51:09.538434 [debug] [Thread-2 (]: Using postgres connection "model.oracle_warehouse.stg_orders"
[0m10:51:09.543337 [debug] [Thread-1 (]: Using postgres connection "model.oracle_warehouse.stg_customers"
[0m10:51:09.546135 [debug] [Thread-2 (]: On model.oracle_warehouse.stg_orders: /* {"app": "dbt", "dbt_version": "1.11.11", "profile_name": "oracle_warehouse", "target_name": "prod", "node_id": "model.oracle_warehouse.stg_orders"} */
alter table "warehouse"."marts_marts"."stg_orders__dbt_tmp" rename to "stg_orders"
[0m10:51:09.548893 [debug] [Thread-1 (]: On model.oracle_warehouse.stg_customers: /* {"app": "dbt", "dbt_version": "1.11.11", "profile_name": "oracle_warehouse", "target_name": "prod", "node_id": "model.oracle_warehouse.stg_customers"} */
alter table "warehouse"."marts_marts"."stg_customers__dbt_tmp" rename to "stg_customers"
[0m10:51:09.558723 [debug] [Thread-2 (]: SQL status: ALTER TABLE in 0.007 seconds
[0m10:51:09.561077 [debug] [Thread-1 (]: SQL status: ALTER TABLE in 0.008 seconds
[0m10:51:09.604507 [debug] [Thread-2 (]: On model.oracle_warehouse.stg_orders: COMMIT
[0m10:51:09.609323 [debug] [Thread-1 (]: On model.oracle_warehouse.stg_customers: COMMIT
[0m10:51:09.610058 [debug] [Thread-2 (]: Using postgres connection "model.oracle_warehouse.stg_orders"
[0m10:51:09.612038 [debug] [Thread-1 (]: Using postgres connection "model.oracle_warehouse.stg_customers"
[0m10:51:09.613981 [debug] [Thread-2 (]: On model.oracle_warehouse.stg_orders: COMMIT
[0m10:51:09.615893 [debug] [Thread-1 (]: On model.oracle_warehouse.stg_customers: COMMIT
[0m10:51:09.629258 [debug] [Thread-2 (]: SQL status: COMMIT in 0.011 seconds
[0m10:51:09.640499 [debug] [Thread-1 (]: SQL status: COMMIT in 0.021 seconds
[0m10:51:09.643517 [debug] [Thread-2 (]: Applying DROP to: "warehouse"."marts_marts"."stg_orders__dbt_backup"
[0m10:51:09.647817 [debug] [Thread-1 (]: Applying DROP to: "warehouse"."marts_marts"."stg_customers__dbt_backup"
[0m10:51:09.656939 [debug] [Thread-2 (]: Using postgres connection "model.oracle_warehouse.stg_orders"
[0m10:51:09.658164 [debug] [Thread-1 (]: Using postgres connection "model.oracle_warehouse.stg_customers"
[0m10:51:09.660174 [debug] [Thread-2 (]: On model.oracle_warehouse.stg_orders: /* {"app": "dbt", "dbt_version": "1.11.11", "profile_name": "oracle_warehouse", "target_name": "prod", "node_id": "model.oracle_warehouse.stg_orders"} */
drop view if exists "warehouse"."marts_marts"."stg_orders__dbt_backup" cascade
[0m10:51:09.661886 [debug] [Thread-1 (]: On model.oracle_warehouse.stg_customers: /* {"app": "dbt", "dbt_version": "1.11.11", "profile_name": "oracle_warehouse", "target_name": "prod", "node_id": "model.oracle_warehouse.stg_customers"} */
drop view if exists "warehouse"."marts_marts"."stg_customers__dbt_backup" cascade
[0m10:51:09.698523 [debug] [Thread-2 (]: SQL status: DROP VIEW in 0.035 seconds
[0m10:51:09.703845 [debug] [Thread-2 (]: On model.oracle_warehouse.stg_orders: Close
[0m10:51:09.705002 [debug] [Thread-1 (]: SQL status: DROP VIEW in 0.040 seconds
[0m10:51:09.711045 [debug] [Thread-1 (]: On model.oracle_warehouse.stg_customers: Close
[0m10:51:09.713115 [debug] [Thread-2 (]: Sending event: {'category': 'dbt', 'action': 'run_model', 'label': '857d8cd8-efbd-4112-adf6-e93075767eb1', 'context': [<snowplow_tracker.self_describing_json.SelfDescribingJson object at 0x7ca122571ff0>]}
[0m10:51:09.714407 [debug] [Thread-1 (]: Sending event: {'category': 'dbt', 'action': 'run_model', 'label': '857d8cd8-efbd-4112-adf6-e93075767eb1', 'context': [<snowplow_tracker.self_describing_json.SelfDescribingJson object at 0x7ca1292c59f0>]}
[0m10:51:09.721891 [info ] [Thread-2 (]: 2 of 2 OK created sql view model marts_marts.stg_orders ........................ [[32mCREATE VIEW[0m in 0.72s]
[0m10:51:09.726676 [info ] [Thread-1 (]: 1 of 2 OK created sql view model marts_marts.stg_customers ..................... [[32mCREATE VIEW[0m in 0.72s]
[0m10:51:09.730508 [debug] [Thread-2 (]: Finished running node model.oracle_warehouse.stg_orders
[0m10:51:09.735798 [debug] [Thread-1 (]: Finished running node model.oracle_warehouse.stg_customers
[0m10:51:09.743657 [debug] [MainThread]: On master: COMMIT
[0m10:51:09.744926 [debug] [MainThread]: Using postgres connection "master"
[0m10:51:09.746395 [debug] [MainThread]: On master: COMMIT
[0m10:51:09.747960 [debug] [MainThread]: Opening a new connection, currently in state closed
[0m10:51:09.844304 [debug] [MainThread]: SQL status: COMMIT in 0.096 seconds
[0m10:51:09.846055 [debug] [MainThread]: On master: Close
[0m10:51:09.848651 [debug] [MainThread]: Connection 'master' was properly closed.
[0m10:51:09.852257 [debug] [MainThread]: Connection 'model.oracle_warehouse.stg_customers' was properly closed.
[0m10:51:09.854232 [debug] [MainThread]: Connection 'model.oracle_warehouse.stg_orders' was properly closed.
[0m10:51:09.856250 [info ] [MainThread]: 
[0m10:51:09.859937 [info ] [MainThread]: Finished running 2 view models in 0 hours 0 minutes and 1.59 seconds (1.59s).
[0m10:51:09.863399 [debug] [MainThread]: Command end result
[0m10:51:09.998374 [debug] [MainThread]: Wrote artifact WritableManifest to /opt/airflow/dbt_project/target/manifest.json
[0m10:51:10.007298 [debug] [MainThread]: Wrote artifact SemanticManifest to /opt/airflow/dbt_project/target/semantic_manifest.json
[0m10:51:10.056080 [debug] [MainThread]: Wrote artifact RunExecutionResult to /opt/airflow/dbt_project/target/run_results.json
[0m10:51:10.058426 [info ] [MainThread]: 
[0m10:51:10.061025 [info ] [MainThread]: [32mCompleted successfully[0m
[0m10:51:10.064925 [info ] [MainThread]: 
[0m10:51:10.068785 [info ] [MainThread]: Done. PASS=2 WARN=0 ERROR=0 SKIP=0 NO-OP=0 TOTAL=2
[0m10:51:10.074234 [warn ] [MainThread]: [[33mWARNING[0m][DeprecationsSummary]: Deprecated functionality
Summary of encountered deprecations:
- MissingArgumentsPropertyInGenericTestDeprecation: 2 occurrences
To see all deprecation instances instead of just the first occurrence of each,
run command again with the `--show-all-deprecations` flag. You may also need to
run with `--no-partial-parse` as some deprecations are only encountered during
parsing.
[0m10:51:10.082736 [debug] [MainThread]: Resource report: {"command_name": "run", "command_success": true, "command_wall_clock_time": 6.8820148, "process_in_blocks": "29368", "process_kernel_time": 1.719563, "process_mem_max_rss": "153652", "process_out_blocks": "0", "process_user_time": 6.735972}
[0m10:51:10.086099 [debug] [MainThread]: Command `dbt run` succeeded at 10:51:10.085335 after 6.89 seconds
[0m10:51:10.088133 [debug] [MainThread]: Sending event: {'category': 'dbt', 'action': 'invocation', 'label': 'end', 'context': [<snowplow_tracker.self_describing_json.SelfDescribingJson object at 0x7ca1225571d0>, <snowplow_tracker.self_describing_json.SelfDescribingJson object at 0x7ca1243b9c50>, <snowplow_tracker.self_describing_json.SelfDescribingJson object at 0x7ca126937bd0>]}
[0m10:51:10.090801 [debug] [MainThread]: Flushing usage events
[0m10:51:12.254833 [debug] [MainThread]: An error was encountered while trying to flush usage events
[0m10:51:17.080343 [debug] [MainThread]: Sending event: {'category': 'dbt', 'action': 'invocation', 'label': 'start', 'context': [<snowplow_tracker.self_describing_json.SelfDescribingJson object at 0x7ed661df0ec0>, <snowplow_tracker.self_describing_json.SelfDescribingJson object at 0x7ed660d07c50>, <snowplow_tracker.self_describing_json.SelfDescribingJson object at 0x7ed660d07b10>]}


============================== 10:51:17.086647 | 60409bb8-21b9-4c67-a7a4-42f3fee83ebc ==============================
[0m10:51:17.086647 [info ] [MainThread]: Running with dbt=1.11.11
[0m10:51:17.088061 [debug] [MainThread]: running dbt with arguments {'log_format': 'default', 'profiles_dir': '/opt/airflow/dbt_project', 'introspect': 'True', 'static_parser': 'True', 'invocation_command': 'dbt run --project-dir /opt/airflow/dbt_project --profiles-dir /opt/airflow/dbt_project --select marts --no-version-check --no-partial-parse', 'indirect_selection': 'eager', 'cache_selected_only': 'False', 'target_path': 'None', 'use_colors': 'True', 'partial_parse': 'False', 'empty': 'False', 'log_cache_events': 'False', 'use_experimental_parser': 'False', 'fail_fast': 'False', 'debug': 'False', 'version_check': 'False', 'log_path': '/opt/airflow/dbt_project/logs', 'printer_width': '80', 'warn_error_options': 'WarnErrorOptionsV2(error=[], warn=[], silence=[])', 'no_print': 'None', 'write_json': 'True', 'quiet': 'False', 'warn_error': 'None', 'send_anonymous_usage_stats': 'True'}
[0m10:51:17.415894 [debug] [MainThread]: Sending event: {'category': 'dbt', 'action': 'project_id', 'label': '60409bb8-21b9-4c67-a7a4-42f3fee83ebc', 'context': [<snowplow_tracker.self_describing_json.SelfDescribingJson object at 0x7ed6619e43e0>]}
[0m10:51:17.534821 [debug] [MainThread]: Sending event: {'category': 'dbt', 'action': 'adapter_info', 'label': '60409bb8-21b9-4c67-a7a4-42f3fee83ebc', 'context': [<snowplow_tracker.self_describing_json.SelfDescribingJson object at 0x7ed6637e2360>]}
[0m10:51:17.536671 [info ] [MainThread]: Registered adapter: postgres=1.10.0
[0m10:51:17.632410 [debug] [MainThread]: checksum: 30a8cc8fdcbf66701b0944d4ccce3fa46dd04b61e5df68b9f16d57b2e0e3f0be, vars: {}, profile: , target: , version: 1.11.11
[0m10:51:17.646046 [debug] [MainThread]: Partial parsing not enabled
[0m10:51:19.886601 [warn ] [MainThread]: [[33mWARNING[0m][MissingArgumentsPropertyInGenericTestDeprecation]: Deprecated
functionality
Found top-level arguments to test `accepted_values` defined on 'fct_orders' in
package 'oracle_warehouse' (models/marts/schema.yml). Arguments to generic tests
should be nested under the `arguments` property.
[0m10:51:19.888236 [debug] [MainThread]: Sending event: {'category': 'dbt', 'action': 'deprecation', 'label': '60409bb8-21b9-4c67-a7a4-42f3fee83ebc', 'property_': 'warn', 'context': [<snowplow_tracker.self_describing_json.SelfDescribingJson object at 0x7ed660d97050>]}
[0m10:51:20.329202 [debug] [MainThread]: Sending event: {'category': 'dbt', 'action': 'load_project', 'label': '60409bb8-21b9-4c67-a7a4-42f3fee83ebc', 'context': [<snowplow_tracker.self_describing_json.SelfDescribingJson object at 0x7ed65ef788c0>]}
[0m10:51:20.541302 [debug] [MainThread]: Wrote artifact WritableManifest to /opt/airflow/dbt_project/target/manifest.json
[0m10:51:20.564881 [debug] [MainThread]: Wrote artifact SemanticManifest to /opt/airflow/dbt_project/target/semantic_manifest.json
[0m10:51:20.618228 [debug] [MainThread]: Sending event: {'category': 'dbt', 'action': 'resource_counts', 'label': '60409bb8-21b9-4c67-a7a4-42f3fee83ebc', 'context': [<snowplow_tracker.self_describing_json.SelfDescribingJson object at 0x7ed65caf02f0>]}
[0m10:51:20.620161 [info ] [MainThread]: Found 4 models, 15 data tests, 2 sources, 475 macros
[0m10:51:20.622109 [debug] [MainThread]: Sending event: {'category': 'dbt', 'action': 'runnable_timing', 'label': '60409bb8-21b9-4c67-a7a4-42f3fee83ebc', 'context': [<snowplow_tracker.self_describing_json.SelfDescribingJson object at 0x7ed65ef5a340>]}
[0m10:51:20.627606 [info ] [MainThread]: 
[0m10:51:20.630351 [info ] [MainThread]: Concurrency: 4 threads (target='prod')
[0m10:51:20.632412 [info ] [MainThread]: 
[0m10:51:20.634595 [debug] [MainThread]: Acquiring new postgres connection 'master'
[0m10:51:20.642898 [debug] [ThreadPool]: Acquiring new postgres connection 'list_warehouse'
[0m10:51:20.687929 [debug] [ThreadPool]: Using postgres connection "list_warehouse"
[0m10:51:20.689623 [debug] [ThreadPool]: On list_warehouse: /* {"app": "dbt", "dbt_version": "1.11.11", "profile_name": "oracle_warehouse", "target_name": "prod", "connection_name": "list_warehouse"} */

    select distinct nspname from pg_namespace
  
[0m10:51:20.691146 [debug] [ThreadPool]: Opening a new connection, currently in state init
[0m10:51:20.784770 [debug] [ThreadPool]: SQL status: SELECT 12 in 0.094 seconds
[0m10:51:20.788199 [debug] [ThreadPool]: On list_warehouse: Close
[0m10:51:20.793310 [debug] [ThreadPool]: Re-using an available connection from the pool (formerly list_warehouse, now list_warehouse_marts_marts)
[0m10:51:20.809910 [debug] [ThreadPool]: Using postgres connection "list_warehouse_marts_marts"
[0m10:51:20.812057 [debug] [ThreadPool]: On list_warehouse_marts_marts: /* {"app": "dbt", "dbt_version": "1.11.11", "profile_name": "oracle_warehouse", "target_name": "prod", "connection_name": "list_warehouse_marts_marts"} */
select
      'warehouse' as database,
      tablename as name,
      schemaname as schema,
      'table' as type
    from pg_tables
    where schemaname ilike 'marts_marts'
    union all
    select
      'warehouse' as database,
      viewname as name,
      schemaname as schema,
      'view' as type
    from pg_views
    where schemaname ilike 'marts_marts'
    union all
    select
      'warehouse' as database,
      matviewname as name,
      schemaname as schema,
      'materialized_view' as type
    from pg_matviews
    where schemaname ilike 'marts_marts'
  
[0m10:51:20.814863 [debug] [ThreadPool]: Opening a new connection, currently in state closed
[0m10:51:20.918096 [debug] [ThreadPool]: SQL status: SELECT 4 in 0.103 seconds
[0m10:51:20.922503 [debug] [ThreadPool]: On list_warehouse_marts_marts: ROLLBACK
[0m10:51:20.938775 [debug] [ThreadPool]: On list_warehouse_marts_marts: Close
[0m10:51:20.953269 [debug] [MainThread]: Using postgres connection "master"
[0m10:51:20.955557 [debug] [MainThread]: On master: /* {"app": "dbt", "dbt_version": "1.11.11", "profile_name": "oracle_warehouse", "target_name": "prod", "connection_name": "master"} */
select distinct
        dependent_namespace.nspname as dependent_schema,
        dependent_class.relname as dependent_name,
        referenced_namespace.nspname as referenced_schema,
        referenced_class.relname as referenced_name

    -- Query for views: views are entries in pg_class with an entry in pg_rewrite, but we avoid
    -- a seq scan on pg_rewrite by leveraging the fact there is an "internal" row in pg_depend for
    -- the view...
    from pg_class as dependent_class
    join pg_namespace as dependent_namespace on dependent_namespace.oid = dependent_class.relnamespace
    join pg_depend as dependent_depend on dependent_depend.refobjid = dependent_class.oid
        and dependent_depend.classid = 'pg_rewrite'::regclass
        and dependent_depend.refclassid = 'pg_class'::regclass
        and dependent_depend.deptype = 'i'

    -- ... and via pg_depend (that has a row per column, hence the need for "distinct" above, and
    -- making sure to exclude the internal row to avoid a view appearing to depend on itself)...
    join pg_depend as joining_depend on joining_depend.objid = dependent_depend.objid
        and joining_depend.classid = 'pg_rewrite'::regclass
        and joining_depend.refclassid = 'pg_class'::regclass
        and joining_depend.refobjid != dependent_depend.refobjid

    -- ... we can find the tables they query from in pg_class, but excluding system tables. Note we
    -- don't need need to exclude _dependent_ system tables, because they only query from other
    -- system tables, and so are automatically excluded by excluding _referenced_ system tables
    join pg_class as referenced_class on referenced_class.oid = joining_depend.refobjid
    join pg_namespace as referenced_namespace on referenced_namespace.oid = referenced_class.relnamespace
        and referenced_namespace.nspname != 'information_schema'
        and referenced_namespace.nspname not like 'pg\_%'

    order by
        dependent_schema, dependent_name, referenced_schema, referenced_name;
[0m10:51:20.957581 [debug] [MainThread]: Opening a new connection, currently in state init
[0m10:51:21.088589 [debug] [MainThread]: SQL status: SELECT 2 in 0.131 seconds
[0m10:51:21.091160 [debug] [MainThread]: Sending event: {'category': 'dbt', 'action': 'runnable_timing', 'label': '60409bb8-21b9-4c67-a7a4-42f3fee83ebc', 'context': [<snowplow_tracker.self_describing_json.SelfDescribingJson object at 0x7ed65c901d90>]}
[0m10:51:21.092638 [debug] [MainThread]: On master: ROLLBACK
[0m10:51:21.098456 [debug] [MainThread]: On master: COMMIT
[0m10:51:21.100182 [debug] [MainThread]: Using postgres connection "master"
[0m10:51:21.101768 [debug] [MainThread]: On master: COMMIT
[0m10:51:21.123178 [debug] [MainThread]: SQL status: COMMIT in 0.020 seconds
[0m10:51:21.124205 [debug] [MainThread]: On master: Close
[0m10:51:21.154035 [debug] [Thread-1 (]: Began running node model.oracle_warehouse.delta_report
[0m10:51:21.154914 [debug] [Thread-2 (]: Began running node model.oracle_warehouse.fct_orders
[0m10:51:21.162201 [info ] [Thread-1 (]: 1 of 2 START sql incremental model marts_marts.delta_report .................... [RUN]
[0m10:51:21.165955 [info ] [Thread-2 (]: 2 of 2 START sql incremental model marts_marts.fct_orders ...................... [RUN]
[0m10:51:21.168358 [debug] [Thread-1 (]: Re-using an available connection from the pool (formerly list_warehouse_marts_marts, now model.oracle_warehouse.delta_report)
[0m10:51:21.170478 [debug] [Thread-2 (]: Acquiring new postgres connection 'model.oracle_warehouse.fct_orders'
[0m10:51:21.172481 [debug] [Thread-1 (]: Began compiling node model.oracle_warehouse.delta_report
[0m10:51:21.174193 [debug] [Thread-2 (]: Began compiling node model.oracle_warehouse.fct_orders
[0m10:51:21.195706 [debug] [Thread-1 (]: Writing injected SQL for node "model.oracle_warehouse.delta_report"
[0m10:51:21.197296 [debug] [Thread-2 (]: Writing injected SQL for node "model.oracle_warehouse.fct_orders"
[0m10:51:21.247994 [debug] [Thread-1 (]: Began executing node model.oracle_warehouse.delta_report
[0m10:51:21.257509 [debug] [Thread-2 (]: Began executing node model.oracle_warehouse.fct_orders
[0m10:51:21.391534 [debug] [Thread-1 (]: Using postgres connection "model.oracle_warehouse.delta_report"
[0m10:51:21.393333 [debug] [Thread-2 (]: Using postgres connection "model.oracle_warehouse.fct_orders"
[0m10:51:21.395315 [debug] [Thread-1 (]: On model.oracle_warehouse.delta_report: /* {"app": "dbt", "dbt_version": "1.11.11", "profile_name": "oracle_warehouse", "target_name": "prod", "node_id": "model.oracle_warehouse.delta_report"} */

    
  
    

  create temporary table "delta_report__dbt_tmp105121327178"
  
  
    as
  
  (
    -- =============================================================================
-- models/marts/delta_report.sql
-- =============================================================================
-- Append-only log of every row that was new or changed in each DLT run.
-- Your team queries this to monitor what moved through the pipeline.
--
-- Query to check today's delta:
--   SELECT * FROM marts.delta_report WHERE load_date = CURRENT_DATE ORDER BY detected_at DESC;
-- =============================================================================


select
    o.order_id,
    o.customer_id,
    o.status,
    o.amount,
    o.product_code,
    o.updated_at                        as changed_at_source,
    o.updated_at                        as detected_at,
    cast(o.updated_at as date)          as load_date,
    case
        when o.updated_at = o.created_at then 'new_row'
        else 'updated_row'
    end                                 as change_type

from "warehouse"."marts_marts"."stg_orders" as o


where o.updated_at > (
    select coalesce(max(detected_at), '1970-01-01'::timestamptz)
    from "warehouse"."marts_marts"."delta_report"
)

  );
  
  
[0m10:51:21.398247 [debug] [Thread-2 (]: On model.oracle_warehouse.fct_orders: /* {"app": "dbt", "dbt_version": "1.11.11", "profile_name": "oracle_warehouse", "target_name": "prod", "node_id": "model.oracle_warehouse.fct_orders"} */

    
  
    

  create temporary table "fct_orders__dbt_tmp105121330613"
  
  
    as
  
  (
    -- =============================================================================
-- models/marts/fct_orders.sql
-- =============================================================================
-- INCREMENTAL fact table — the core delta model.
--
-- How delta works here:
--   First run  → processes ALL rows from stg_orders (full load)
--   Every run after → the is_incremental() block injects a WHERE clause that
--                     only picks up rows whose _dlt_loaded_at is NEWER than
--                     the highest loaded_at already in this table.
--
-- This means DBT only transforms rows that DLT loaded THIS RUN.
-- The merge strategy then upserts them: new rows inserted, changed rows updated.
-- =============================================================================


with source as (
    select
        o.order_id,
        o.customer_id,
        o.status,
        o.amount,
        o.product_code,
        o.created_at,
        o.updated_at,
        o._dlt_load_id,
        c.full_name     as customer_name,
        c.country       as customer_country,
        c.tier          as customer_tier
    from "warehouse"."marts_marts"."stg_orders" as o
    left join "warehouse"."marts_marts"."stg_customers" as c
        on o.customer_id = c.customer_id

  
    where o.updated_at > (
        select coalesce(max(updated_at), '1970-01-01'::timestamptz)
        from "warehouse"."marts_marts"."fct_orders"
    )
    
)

select
    order_id,
    customer_id,
    customer_name,
    customer_country,
    customer_tier,
    status,
    amount,
    product_code,
    case when status = 'PAID'    then amount else 0 end  as paid_amount,
    case when status = 'PENDING' then amount else 0 end  as pending_amount,
    case when amount > 500       then true  else false end as is_high_value,
    date_trunc('day',  created_at)  as order_date,
    date_trunc('week', created_at)  as order_week,
    date_trunc('month',created_at)  as order_month,
    created_at,
    updated_at,
    updated_at as loaded_at
from source
  );
  
  
[0m10:51:21.401464 [debug] [Thread-1 (]: Opening a new connection, currently in state closed
[0m10:51:21.406414 [debug] [Thread-2 (]: Opening a new connection, currently in state init
[0m10:51:22.273551 [debug] [Thread-1 (]: SQL status: SELECT 1 in 0.872 seconds
[0m10:51:22.307052 [debug] [Thread-1 (]: Using postgres connection "model.oracle_warehouse.delta_report"
[0m10:51:22.309005 [debug] [Thread-1 (]: On model.oracle_warehouse.delta_report: /* {"app": "dbt", "dbt_version": "1.11.11", "profile_name": "oracle_warehouse", "target_name": "prod", "node_id": "model.oracle_warehouse.delta_report"} */

      select
          column_name,
          data_type,
          character_maximum_length,
          numeric_precision,
          numeric_scale

      from INFORMATION_SCHEMA.columns
      where table_name = 'delta_report__dbt_tmp105121327178'
        
      order by ordinal_position

  
[0m10:51:22.510678 [debug] [Thread-2 (]: SQL status: SELECT 1 in 1.104 seconds
[0m10:51:22.517852 [debug] [Thread-2 (]: Using postgres connection "model.oracle_warehouse.fct_orders"
[0m10:51:22.519720 [debug] [Thread-2 (]: On model.oracle_warehouse.fct_orders: /* {"app": "dbt", "dbt_version": "1.11.11", "profile_name": "oracle_warehouse", "target_name": "prod", "node_id": "model.oracle_warehouse.fct_orders"} */

      select
          column_name,
          data_type,
          character_maximum_length,
          numeric_precision,
          numeric_scale

      from INFORMATION_SCHEMA.columns
      where table_name = 'fct_orders__dbt_tmp105121330613'
        
      order by ordinal_position

  
[0m10:51:22.548272 [debug] [Thread-1 (]: SQL status: SELECT 9 in 0.238 seconds
[0m10:51:22.557258 [debug] [Thread-1 (]: Using postgres connection "model.oracle_warehouse.delta_report"
[0m10:51:22.558319 [debug] [Thread-2 (]: SQL status: SELECT 17 in 0.036 seconds
[0m10:51:22.559264 [debug] [Thread-1 (]: On model.oracle_warehouse.delta_report: /* {"app": "dbt", "dbt_version": "1.11.11", "profile_name": "oracle_warehouse", "target_name": "prod", "node_id": "model.oracle_warehouse.delta_report"} */

      select
          column_name,
          data_type,
          character_maximum_length,
          numeric_precision,
          numeric_scale

      from "warehouse".INFORMATION_SCHEMA.columns
      where table_name = 'delta_report'
        
        and table_schema = 'marts_marts'
        
      order by ordinal_position

  
[0m10:51:22.565399 [debug] [Thread-2 (]: Using postgres connection "model.oracle_warehouse.fct_orders"
[0m10:51:22.568303 [debug] [Thread-2 (]: On model.oracle_warehouse.fct_orders: /* {"app": "dbt", "dbt_version": "1.11.11", "profile_name": "oracle_warehouse", "target_name": "prod", "node_id": "model.oracle_warehouse.fct_orders"} */

      select
          column_name,
          data_type,
          character_maximum_length,
          numeric_precision,
          numeric_scale

      from "warehouse".INFORMATION_SCHEMA.columns
      where table_name = 'fct_orders'
        
        and table_schema = 'marts_marts'
        
      order by ordinal_position

  
[0m10:51:22.591158 [debug] [Thread-1 (]: SQL status: SELECT 9 in 0.024 seconds
[0m10:51:22.592301 [debug] [Thread-2 (]: SQL status: SELECT 17 in 0.022 seconds
[0m10:51:22.632245 [debug] [Thread-1 (]: Using postgres connection "model.oracle_warehouse.delta_report"
[0m10:51:22.636776 [debug] [Thread-2 (]: Using postgres connection "model.oracle_warehouse.fct_orders"
[0m10:51:22.637427 [debug] [Thread-1 (]: On model.oracle_warehouse.delta_report: /* {"app": "dbt", "dbt_version": "1.11.11", "profile_name": "oracle_warehouse", "target_name": "prod", "node_id": "model.oracle_warehouse.delta_report"} */

      select
          column_name,
          data_type,
          character_maximum_length,
          numeric_precision,
          numeric_scale

      from INFORMATION_SCHEMA.columns
      where table_name = 'delta_report__dbt_tmp105121327178'
        
      order by ordinal_position

  
[0m10:51:22.640065 [debug] [Thread-2 (]: On model.oracle_warehouse.fct_orders: /* {"app": "dbt", "dbt_version": "1.11.11", "profile_name": "oracle_warehouse", "target_name": "prod", "node_id": "model.oracle_warehouse.fct_orders"} */

      select
          column_name,
          data_type,
          character_maximum_length,
          numeric_precision,
          numeric_scale

      from INFORMATION_SCHEMA.columns
      where table_name = 'fct_orders__dbt_tmp105121330613'
        
      order by ordinal_position

  
[0m10:51:22.657463 [debug] [Thread-1 (]: SQL status: SELECT 9 in 0.015 seconds
[0m10:51:22.658737 [debug] [Thread-2 (]: SQL status: SELECT 17 in 0.016 seconds
[0m10:51:22.664393 [debug] [Thread-1 (]: Using postgres connection "model.oracle_warehouse.delta_report"
[0m10:51:22.671797 [debug] [Thread-2 (]: Using postgres connection "model.oracle_warehouse.fct_orders"
[0m10:51:22.673870 [debug] [Thread-1 (]: On model.oracle_warehouse.delta_report: /* {"app": "dbt", "dbt_version": "1.11.11", "profile_name": "oracle_warehouse", "target_name": "prod", "node_id": "model.oracle_warehouse.delta_report"} */

      select
          column_name,
          data_type,
          character_maximum_length,
          numeric_precision,
          numeric_scale

      from "warehouse".INFORMATION_SCHEMA.columns
      where table_name = 'delta_report'
        
        and table_schema = 'marts_marts'
        
      order by ordinal_position

  
[0m10:51:22.675586 [debug] [Thread-2 (]: On model.oracle_warehouse.fct_orders: /* {"app": "dbt", "dbt_version": "1.11.11", "profile_name": "oracle_warehouse", "target_name": "prod", "node_id": "model.oracle_warehouse.fct_orders"} */

      select
          column_name,
          data_type,
          character_maximum_length,
          numeric_precision,
          numeric_scale

      from "warehouse".INFORMATION_SCHEMA.columns
      where table_name = 'fct_orders'
        
        and table_schema = 'marts_marts'
        
      order by ordinal_position

  
[0m10:51:22.690097 [debug] [Thread-1 (]: SQL status: SELECT 9 in 0.013 seconds
[0m10:51:22.691110 [debug] [Thread-2 (]: SQL status: SELECT 17 in 0.013 seconds
[0m10:51:22.720435 [debug] [Thread-1 (]: 
    In "warehouse"."marts_marts"."delta_report":
        Schema changed: False
        Source columns not in target: []
        Target columns not in source: []
        New column types: []
  
[0m10:51:22.719349 [debug] [Thread-2 (]: 
    In "warehouse"."marts_marts"."fct_orders":
        Schema changed: False
        Source columns not in target: []
        Target columns not in source: []
        New column types: []
  
[0m10:51:22.732398 [debug] [Thread-1 (]: Writing runtime sql for node "model.oracle_warehouse.delta_report"
[0m10:51:22.743157 [debug] [Thread-2 (]: Writing runtime sql for node "model.oracle_warehouse.fct_orders"
[0m10:51:22.783491 [debug] [Thread-1 (]: Using postgres connection "model.oracle_warehouse.delta_report"
[0m10:51:22.786870 [debug] [Thread-1 (]: On model.oracle_warehouse.delta_report: /* {"app": "dbt", "dbt_version": "1.11.11", "profile_name": "oracle_warehouse", "target_name": "prod", "node_id": "model.oracle_warehouse.delta_report"} */

      insert into "warehouse"."marts_marts"."delta_report" ("order_id", "customer_id", "status", "amount", "product_code", "changed_at_source", "detected_at", "load_date", "change_type")
    (
        select "order_id", "customer_id", "status", "amount", "product_code", "changed_at_source", "detected_at", "load_date", "change_type"
        from "delta_report__dbt_tmp105121327178"
    )


  
[0m10:51:22.808246 [debug] [Thread-2 (]: Using postgres connection "model.oracle_warehouse.fct_orders"
[0m10:51:22.809653 [debug] [Thread-1 (]: SQL status: INSERT 0 1 in 0.019 seconds
[0m10:51:22.810620 [debug] [Thread-2 (]: On model.oracle_warehouse.fct_orders: /* {"app": "dbt", "dbt_version": "1.11.11", "profile_name": "oracle_warehouse", "target_name": "prod", "node_id": "model.oracle_warehouse.fct_orders"} */

      
        
        
        delete from "warehouse"."marts_marts"."fct_orders" as DBT_INTERNAL_DEST
        where (order_id) in (
            select distinct order_id
            from "fct_orders__dbt_tmp105121330613" as DBT_INTERNAL_SOURCE
        );

    

    insert into "warehouse"."marts_marts"."fct_orders" ("order_id", "customer_id", "customer_name", "customer_country", "customer_tier", "status", "amount", "product_code", "paid_amount", "pending_amount", "is_high_value", "order_date", "order_week", "order_month", "created_at", "updated_at", "loaded_at")
    (
        select "order_id", "customer_id", "customer_name", "customer_country", "customer_tier", "status", "amount", "product_code", "paid_amount", "pending_amount", "is_high_value", "order_date", "order_week", "order_month", "created_at", "updated_at", "loaded_at"
        from "fct_orders__dbt_tmp105121330613"
    )
  
[0m10:51:22.851130 [debug] [Thread-1 (]: On model.oracle_warehouse.delta_report: COMMIT
[0m10:51:22.853039 [debug] [Thread-1 (]: Using postgres connection "model.oracle_warehouse.delta_report"
[0m10:51:22.854896 [debug] [Thread-1 (]: On model.oracle_warehouse.delta_report: COMMIT
[0m10:51:22.877272 [debug] [Thread-1 (]: SQL status: COMMIT in 0.020 seconds
[0m10:51:22.880807 [debug] [Thread-1 (]: On model.oracle_warehouse.delta_report: Close
[0m10:51:22.884361 [debug] [Thread-1 (]: Sending event: {'category': 'dbt', 'action': 'run_model', 'label': '60409bb8-21b9-4c67-a7a4-42f3fee83ebc', 'context': [<snowplow_tracker.self_describing_json.SelfDescribingJson object at 0x7ed65c9ce780>]}
[0m10:51:22.885907 [info ] [Thread-1 (]: 1 of 2 OK created sql incremental model marts_marts.delta_report ............... [[32mINSERT 0 1[0m in 1.71s]
[0m10:51:22.887503 [debug] [Thread-1 (]: Finished running node model.oracle_warehouse.delta_report
[0m10:51:23.209919 [debug] [Thread-2 (]: SQL status: INSERT 0 1 in 0.385 seconds
[0m10:51:23.215619 [debug] [Thread-2 (]: On model.oracle_warehouse.fct_orders: COMMIT
[0m10:51:23.218339 [debug] [Thread-2 (]: Using postgres connection "model.oracle_warehouse.fct_orders"
[0m10:51:23.220212 [debug] [Thread-2 (]: On model.oracle_warehouse.fct_orders: COMMIT
[0m10:51:23.242211 [debug] [Thread-2 (]: SQL status: COMMIT in 0.020 seconds
[0m10:51:23.245711 [debug] [Thread-2 (]: On model.oracle_warehouse.fct_orders: Close
[0m10:51:23.251189 [debug] [Thread-2 (]: Sending event: {'category': 'dbt', 'action': 'run_model', 'label': '60409bb8-21b9-4c67-a7a4-42f3fee83ebc', 'context': [<snowplow_tracker.self_describing_json.SelfDescribingJson object at 0x7ed65c5ca3f0>]}
[0m10:51:23.255617 [info ] [Thread-2 (]: 2 of 2 OK created sql incremental model marts_marts.fct_orders ................. [[32mINSERT 0 1[0m in 2.08s]
[0m10:51:23.259486 [debug] [Thread-2 (]: Finished running node model.oracle_warehouse.fct_orders
[0m10:51:23.270645 [debug] [MainThread]: On master: COMMIT
[0m10:51:23.273279 [debug] [MainThread]: Using postgres connection "master"
[0m10:51:23.275116 [debug] [MainThread]: On master: COMMIT
[0m10:51:23.276240 [debug] [MainThread]: Opening a new connection, currently in state closed
[0m10:51:23.369469 [debug] [MainThread]: SQL status: COMMIT in 0.093 seconds
[0m10:51:23.370724 [debug] [MainThread]: On master: Close
[0m10:51:23.373007 [debug] [MainThread]: Connection 'master' was properly closed.
[0m10:51:23.375084 [debug] [MainThread]: Connection 'model.oracle_warehouse.delta_report' was properly closed.
[0m10:51:23.379371 [debug] [MainThread]: Connection 'model.oracle_warehouse.fct_orders' was properly closed.
[0m10:51:23.382751 [info ] [MainThread]: 
[0m10:51:23.387238 [info ] [MainThread]: Finished running 2 incremental models in 0 hours 0 minutes and 2.75 seconds (2.75s).
[0m10:51:23.392093 [debug] [MainThread]: Command end result
[0m10:51:23.563193 [debug] [MainThread]: Wrote artifact WritableManifest to /opt/airflow/dbt_project/target/manifest.json
[0m10:51:23.585551 [debug] [MainThread]: Wrote artifact SemanticManifest to /opt/airflow/dbt_project/target/semantic_manifest.json
[0m10:51:23.614544 [debug] [MainThread]: Wrote artifact RunExecutionResult to /opt/airflow/dbt_project/target/run_results.json
[0m10:51:23.616584 [info ] [MainThread]: 
[0m10:51:23.618273 [info ] [MainThread]: [32mCompleted successfully[0m
[0m10:51:23.619830 [info ] [MainThread]: 
[0m10:51:23.621664 [info ] [MainThread]: Done. PASS=2 WARN=0 ERROR=0 SKIP=0 NO-OP=0 TOTAL=2
[0m10:51:23.623582 [warn ] [MainThread]: [[33mWARNING[0m][DeprecationsSummary]: Deprecated functionality
Summary of encountered deprecations:
- MissingArgumentsPropertyInGenericTestDeprecation: 2 occurrences
To see all deprecation instances instead of just the first occurrence of each,
run command again with the `--show-all-deprecations` flag. You may also need to
run with `--no-partial-parse` as some deprecations are only encountered during
parsing.
[0m10:51:23.626500 [debug] [MainThread]: Resource report: {"command_name": "run", "command_success": true, "command_wall_clock_time": 6.7057304, "process_in_blocks": "0", "process_kernel_time": 0.370345, "process_mem_max_rss": "155192", "process_out_blocks": "0", "process_user_time": 5.77659}
[0m10:51:23.628844 [debug] [MainThread]: Command `dbt run` succeeded at 10:51:23.628451 after 6.71 seconds
[0m10:51:23.630739 [debug] [MainThread]: Sending event: {'category': 'dbt', 'action': 'invocation', 'label': 'end', 'context': [<snowplow_tracker.self_describing_json.SelfDescribingJson object at 0x7ed65c93f1d0>, <snowplow_tracker.self_describing_json.SelfDescribingJson object at 0x7ed65c6038d0>, <snowplow_tracker.self_describing_json.SelfDescribingJson object at 0x7ed660b9fbd0>]}
[0m10:51:23.632442 [debug] [MainThread]: Flushing usage events
[0m10:51:24.419109 [debug] [MainThread]: An error was encountered while trying to flush usage events
[0m10:51:28.376891 [debug] [MainThread]: Sending event: {'category': 'dbt', 'action': 'invocation', 'label': 'start', 'context': [<snowplow_tracker.self_describing_json.SelfDescribingJson object at 0x754e5abc8ec0>, <snowplow_tracker.self_describing_json.SelfDescribingJson object at 0x754e59adfc50>, <snowplow_tracker.self_describing_json.SelfDescribingJson object at 0x754e59adfb10>]}


============================== 10:51:28.384852 | 012adc64-8bbf-432e-b5d0-9e5463ebcb6b ==============================
[0m10:51:28.384852 [info ] [MainThread]: Running with dbt=1.11.11
[0m10:51:28.387178 [debug] [MainThread]: running dbt with arguments {'version_check': 'False', 'warn_error': 'None', 'empty': 'None', 'quiet': 'False', 'debug': 'False', 'partial_parse': 'False', 'no_print': 'None', 'static_parser': 'True', 'use_experimental_parser': 'False', 'write_json': 'True', 'target_path': 'None', 'send_anonymous_usage_stats': 'True', 'invocation_command': 'dbt test --project-dir /opt/airflow/dbt_project --profiles-dir /opt/airflow/dbt_project --no-version-check --no-partial-parse', 'introspect': 'True', 'warn_error_options': 'WarnErrorOptionsV2(error=[], warn=[], silence=[])', 'log_format': 'default', 'log_path': '/opt/airflow/dbt_project/logs', 'cache_selected_only': 'False', 'profiles_dir': '/opt/airflow/dbt_project', 'fail_fast': 'False', 'indirect_selection': 'eager', 'log_cache_events': 'False', 'use_colors': 'True', 'printer_width': '80'}
[0m10:51:28.736385 [debug] [MainThread]: Sending event: {'category': 'dbt', 'action': 'project_id', 'label': '012adc64-8bbf-432e-b5d0-9e5463ebcb6b', 'context': [<snowplow_tracker.self_describing_json.SelfDescribingJson object at 0x754e5a7bc3e0>]}
[0m10:51:29.004197 [debug] [MainThread]: Sending event: {'category': 'dbt', 'action': 'adapter_info', 'label': '012adc64-8bbf-432e-b5d0-9e5463ebcb6b', 'context': [<snowplow_tracker.self_describing_json.SelfDescribingJson object at 0x754e5c5be360>]}
[0m10:51:29.007273 [info ] [MainThread]: Registered adapter: postgres=1.10.0
[0m10:51:29.147759 [debug] [MainThread]: checksum: 30a8cc8fdcbf66701b0944d4ccce3fa46dd04b61e5df68b9f16d57b2e0e3f0be, vars: {}, profile: , target: , version: 1.11.11
[0m10:51:29.156129 [debug] [MainThread]: Partial parsing not enabled
[0m10:51:31.403043 [warn ] [MainThread]: [[33mWARNING[0m][MissingArgumentsPropertyInGenericTestDeprecation]: Deprecated
functionality
Found top-level arguments to test `accepted_values` defined on 'fct_orders' in
package 'oracle_warehouse' (models/marts/schema.yml). Arguments to generic tests
should be nested under the `arguments` property.
[0m10:51:31.405010 [debug] [MainThread]: Sending event: {'category': 'dbt', 'action': 'deprecation', 'label': '012adc64-8bbf-432e-b5d0-9e5463ebcb6b', 'property_': 'warn', 'context': [<snowplow_tracker.self_describing_json.SelfDescribingJson object at 0x754e59b73050>]}
[0m10:51:31.916867 [debug] [MainThread]: Sending event: {'category': 'dbt', 'action': 'load_project', 'label': '012adc64-8bbf-432e-b5d0-9e5463ebcb6b', 'context': [<snowplow_tracker.self_describing_json.SelfDescribingJson object at 0x754e57d6c8c0>]}
[0m10:51:32.146075 [debug] [MainThread]: Wrote artifact WritableManifest to /opt/airflow/dbt_project/target/manifest.json
[0m10:51:32.160729 [debug] [MainThread]: Wrote artifact SemanticManifest to /opt/airflow/dbt_project/target/semantic_manifest.json
[0m10:51:32.245519 [debug] [MainThread]: Sending event: {'category': 'dbt', 'action': 'resource_counts', 'label': '012adc64-8bbf-432e-b5d0-9e5463ebcb6b', 'context': [<snowplow_tracker.self_describing_json.SelfDescribingJson object at 0x754e55930830>]}
[0m10:51:32.247154 [info ] [MainThread]: Found 4 models, 15 data tests, 2 sources, 475 macros
[0m10:51:32.248867 [debug] [MainThread]: Sending event: {'category': 'dbt', 'action': 'runnable_timing', 'label': '012adc64-8bbf-432e-b5d0-9e5463ebcb6b', 'context': [<snowplow_tracker.self_describing_json.SelfDescribingJson object at 0x754e557e2dd0>]}
[0m10:51:32.253560 [info ] [MainThread]: 
[0m10:51:32.255028 [info ] [MainThread]: Concurrency: 4 threads (target='prod')
[0m10:51:32.256163 [info ] [MainThread]: 
[0m10:51:32.257427 [debug] [MainThread]: Acquiring new postgres connection 'master'
[0m10:51:32.264736 [debug] [ThreadPool]: Acquiring new postgres connection 'list_warehouse_marts_marts'
[0m10:51:32.319327 [debug] [ThreadPool]: Using postgres connection "list_warehouse_marts_marts"
[0m10:51:32.321700 [debug] [ThreadPool]: On list_warehouse_marts_marts: /* {"app": "dbt", "dbt_version": "1.11.11", "profile_name": "oracle_warehouse", "target_name": "prod", "connection_name": "list_warehouse_marts_marts"} */
select
      'warehouse' as database,
      tablename as name,
      schemaname as schema,
      'table' as type
    from pg_tables
    where schemaname ilike 'marts_marts'
    union all
    select
      'warehouse' as database,
      viewname as name,
      schemaname as schema,
      'view' as type
    from pg_views
    where schemaname ilike 'marts_marts'
    union all
    select
      'warehouse' as database,
      matviewname as name,
      schemaname as schema,
      'materialized_view' as type
    from pg_matviews
    where schemaname ilike 'marts_marts'
  
[0m10:51:32.325822 [debug] [ThreadPool]: Opening a new connection, currently in state init
[0m10:51:32.441257 [debug] [ThreadPool]: SQL status: SELECT 4 in 0.115 seconds
[0m10:51:32.447405 [debug] [ThreadPool]: On list_warehouse_marts_marts: ROLLBACK
[0m10:51:32.455688 [debug] [ThreadPool]: On list_warehouse_marts_marts: Close
[0m10:51:32.466768 [debug] [MainThread]: Using postgres connection "master"
[0m10:51:32.469753 [debug] [MainThread]: On master: /* {"app": "dbt", "dbt_version": "1.11.11", "profile_name": "oracle_warehouse", "target_name": "prod", "connection_name": "master"} */
select distinct
        dependent_namespace.nspname as dependent_schema,
        dependent_class.relname as dependent_name,
        referenced_namespace.nspname as referenced_schema,
        referenced_class.relname as referenced_name

    -- Query for views: views are entries in pg_class with an entry in pg_rewrite, but we avoid
    -- a seq scan on pg_rewrite by leveraging the fact there is an "internal" row in pg_depend for
    -- the view...
    from pg_class as dependent_class
    join pg_namespace as dependent_namespace on dependent_namespace.oid = dependent_class.relnamespace
    join pg_depend as dependent_depend on dependent_depend.refobjid = dependent_class.oid
        and dependent_depend.classid = 'pg_rewrite'::regclass
        and dependent_depend.refclassid = 'pg_class'::regclass
        and dependent_depend.deptype = 'i'

    -- ... and via pg_depend (that has a row per column, hence the need for "distinct" above, and
    -- making sure to exclude the internal row to avoid a view appearing to depend on itself)...
    join pg_depend as joining_depend on joining_depend.objid = dependent_depend.objid
        and joining_depend.classid = 'pg_rewrite'::regclass
        and joining_depend.refclassid = 'pg_class'::regclass
        and joining_depend.refobjid != dependent_depend.refobjid

    -- ... we can find the tables they query from in pg_class, but excluding system tables. Note we
    -- don't need need to exclude _dependent_ system tables, because they only query from other
    -- system tables, and so are automatically excluded by excluding _referenced_ system tables
    join pg_class as referenced_class on referenced_class.oid = joining_depend.refobjid
    join pg_namespace as referenced_namespace on referenced_namespace.oid = referenced_class.relnamespace
        and referenced_namespace.nspname != 'information_schema'
        and referenced_namespace.nspname not like 'pg\_%'

    order by
        dependent_schema, dependent_name, referenced_schema, referenced_name;
[0m10:51:32.473433 [debug] [MainThread]: Opening a new connection, currently in state init
[0m10:51:32.646587 [debug] [MainThread]: SQL status: SELECT 2 in 0.174 seconds
[0m10:51:32.650214 [debug] [MainThread]: Sending event: {'category': 'dbt', 'action': 'runnable_timing', 'label': '012adc64-8bbf-432e-b5d0-9e5463ebcb6b', 'context': [<snowplow_tracker.self_describing_json.SelfDescribingJson object at 0x754e55703590>]}
[0m10:51:32.652227 [debug] [MainThread]: On master: ROLLBACK
[0m10:51:32.659953 [debug] [MainThread]: On master: COMMIT
[0m10:51:32.661262 [debug] [MainThread]: Using postgres connection "master"
[0m10:51:32.663654 [debug] [MainThread]: On master: COMMIT
[0m10:51:32.676378 [debug] [MainThread]: SQL status: COMMIT in 0.011 seconds
[0m10:51:32.678202 [debug] [MainThread]: On master: Close
[0m10:51:32.692553 [debug] [Thread-3 (]: Began running node test.oracle_warehouse.not_null_delta_report_load_date.2749686861
[0m10:51:32.693791 [debug] [Thread-2 (]: Began running node test.oracle_warehouse.accepted_values_fct_orders_status__PAID__PENDING__SHIPPED__CANCELLED.4bda94c2ee
[0m10:51:32.694722 [debug] [Thread-4 (]: Began running node test.oracle_warehouse.not_null_delta_report_order_id.198a693f2b
[0m10:51:32.696573 [debug] [Thread-1 (]: Began running node test.oracle_warehouse.accepted_values_delta_report_change_type__new_row__updated_row.d878a50d17
[0m10:51:32.698085 [info ] [Thread-3 (]: 3 of 15 START test not_null_delta_report_load_date ............................. [RUN]
[0m10:51:32.700111 [info ] [Thread-2 (]: 2 of 15 START test accepted_values_fct_orders_status__PAID__PENDING__SHIPPED__CANCELLED  [RUN]
[0m10:51:32.701429 [info ] [Thread-4 (]: 4 of 15 START test not_null_delta_report_order_id .............................. [RUN]
[0m10:51:32.703216 [info ] [Thread-1 (]: 1 of 15 START test accepted_values_delta_report_change_type__new_row__updated_row  [RUN]
[0m10:51:32.705592 [debug] [Thread-3 (]: Acquiring new postgres connection 'test.oracle_warehouse.not_null_delta_report_load_date.2749686861'
[0m10:51:32.707488 [debug] [Thread-2 (]: Acquiring new postgres connection 'test.oracle_warehouse.accepted_values_fct_orders_status__PAID__PENDING__SHIPPED__CANCELLED.4bda94c2ee'
[0m10:51:32.710321 [debug] [Thread-4 (]: Acquiring new postgres connection 'test.oracle_warehouse.not_null_delta_report_order_id.198a693f2b'
[0m10:51:32.713306 [debug] [Thread-1 (]: Re-using an available connection from the pool (formerly list_warehouse_marts_marts, now test.oracle_warehouse.accepted_values_delta_report_change_type__new_row__updated_row.d878a50d17)
[0m10:51:32.716461 [debug] [Thread-3 (]: Began compiling node test.oracle_warehouse.not_null_delta_report_load_date.2749686861
[0m10:51:32.718234 [debug] [Thread-2 (]: Began compiling node test.oracle_warehouse.accepted_values_fct_orders_status__PAID__PENDING__SHIPPED__CANCELLED.4bda94c2ee
[0m10:51:32.719492 [debug] [Thread-4 (]: Began compiling node test.oracle_warehouse.not_null_delta_report_order_id.198a693f2b
[0m10:51:32.720794 [debug] [Thread-1 (]: Began compiling node test.oracle_warehouse.accepted_values_delta_report_change_type__new_row__updated_row.d878a50d17
[0m10:51:32.746754 [debug] [Thread-2 (]: Writing injected SQL for node "test.oracle_warehouse.accepted_values_fct_orders_status__PAID__PENDING__SHIPPED__CANCELLED.4bda94c2ee"
[0m10:51:32.750675 [debug] [Thread-3 (]: Writing injected SQL for node "test.oracle_warehouse.not_null_delta_report_load_date.2749686861"
[0m10:51:32.760135 [debug] [Thread-4 (]: Writing injected SQL for node "test.oracle_warehouse.not_null_delta_report_order_id.198a693f2b"
[0m10:51:32.766789 [debug] [Thread-1 (]: Writing injected SQL for node "test.oracle_warehouse.accepted_values_delta_report_change_type__new_row__updated_row.d878a50d17"
[0m10:51:32.800895 [debug] [Thread-1 (]: Began executing node test.oracle_warehouse.accepted_values_delta_report_change_type__new_row__updated_row.d878a50d17
[0m10:51:32.802615 [debug] [Thread-2 (]: Began executing node test.oracle_warehouse.accepted_values_fct_orders_status__PAID__PENDING__SHIPPED__CANCELLED.4bda94c2ee
[0m10:51:32.803735 [debug] [Thread-4 (]: Began executing node test.oracle_warehouse.not_null_delta_report_order_id.198a693f2b
[0m10:51:32.821709 [debug] [Thread-3 (]: Began executing node test.oracle_warehouse.not_null_delta_report_load_date.2749686861
[0m10:51:32.856133 [debug] [Thread-2 (]: Writing runtime sql for node "test.oracle_warehouse.accepted_values_fct_orders_status__PAID__PENDING__SHIPPED__CANCELLED.4bda94c2ee"
[0m10:51:32.859805 [debug] [Thread-4 (]: Writing runtime sql for node "test.oracle_warehouse.not_null_delta_report_order_id.198a693f2b"
[0m10:51:32.863589 [debug] [Thread-1 (]: Writing runtime sql for node "test.oracle_warehouse.accepted_values_delta_report_change_type__new_row__updated_row.d878a50d17"
[0m10:51:32.868235 [debug] [Thread-3 (]: Writing runtime sql for node "test.oracle_warehouse.not_null_delta_report_load_date.2749686861"
[0m10:51:32.905993 [debug] [Thread-4 (]: Using postgres connection "test.oracle_warehouse.not_null_delta_report_order_id.198a693f2b"
[0m10:51:32.906970 [debug] [Thread-3 (]: Using postgres connection "test.oracle_warehouse.not_null_delta_report_load_date.2749686861"
[0m10:51:32.908234 [debug] [Thread-4 (]: On test.oracle_warehouse.not_null_delta_report_order_id.198a693f2b: /* {"app": "dbt", "dbt_version": "1.11.11", "profile_name": "oracle_warehouse", "target_name": "prod", "node_id": "test.oracle_warehouse.not_null_delta_report_order_id.198a693f2b"} */

    
    select
      count(*) as failures,
      count(*) != 0 as should_warn,
      count(*) != 0 as should_error
    from (
      
    
  
    
    



select order_id
from "warehouse"."marts_marts"."delta_report"
where order_id is null



  
  
      
    ) dbt_internal_test
[0m10:51:32.911765 [debug] [Thread-3 (]: On test.oracle_warehouse.not_null_delta_report_load_date.2749686861: /* {"app": "dbt", "dbt_version": "1.11.11", "profile_name": "oracle_warehouse", "target_name": "prod", "node_id": "test.oracle_warehouse.not_null_delta_report_load_date.2749686861"} */

    
    select
      count(*) as failures,
      count(*) != 0 as should_warn,
      count(*) != 0 as should_error
    from (
      
    
  
    
    



select load_date
from "warehouse"."marts_marts"."delta_report"
where load_date is null



  
  
      
    ) dbt_internal_test
[0m10:51:32.912840 [debug] [Thread-1 (]: Using postgres connection "test.oracle_warehouse.accepted_values_delta_report_change_type__new_row__updated_row.d878a50d17"
[0m10:51:32.914191 [debug] [Thread-4 (]: Opening a new connection, currently in state init
[0m10:51:32.917590 [debug] [Thread-3 (]: Opening a new connection, currently in state init
[0m10:51:32.920710 [debug] [Thread-1 (]: On test.oracle_warehouse.accepted_values_delta_report_change_type__new_row__updated_row.d878a50d17: /* {"app": "dbt", "dbt_version": "1.11.11", "profile_name": "oracle_warehouse", "target_name": "prod", "node_id": "test.oracle_warehouse.accepted_values_delta_report_change_type__new_row__updated_row.d878a50d17"} */

    
    select
      count(*) as failures,
      count(*) != 0 as should_warn,
      count(*) != 0 as should_error
    from (
      
    
  
    
    

with all_values as (

    select
        change_type as value_field,
        count(*) as n_records

    from "warehouse"."marts_marts"."delta_report"
    group by change_type

)

select *
from all_values
where value_field not in (
    'new_row','updated_row'
)



  
  
      
    ) dbt_internal_test
[0m10:51:32.921466 [debug] [Thread-2 (]: Using postgres connection "test.oracle_warehouse.accepted_values_fct_orders_status__PAID__PENDING__SHIPPED__CANCELLED.4bda94c2ee"
[0m10:51:32.929639 [debug] [Thread-1 (]: Opening a new connection, currently in state closed
[0m10:51:32.932574 [debug] [Thread-2 (]: On test.oracle_warehouse.accepted_values_fct_orders_status__PAID__PENDING__SHIPPED__CANCELLED.4bda94c2ee: /* {"app": "dbt", "dbt_version": "1.11.11", "profile_name": "oracle_warehouse", "target_name": "prod", "node_id": "test.oracle_warehouse.accepted_values_fct_orders_status__PAID__PENDING__SHIPPED__CANCELLED.4bda94c2ee"} */

    
    select
      count(*) as failures,
      count(*) != 0 as should_warn,
      count(*) != 0 as should_error
    from (
      
    
  
    
    

with all_values as (

    select
        status as value_field,
        count(*) as n_records

    from "warehouse"."marts_marts"."fct_orders"
    group by status

)

select *
from all_values
where value_field not in (
    'PAID','PENDING','SHIPPED','CANCELLED'
)



  
  
      
    ) dbt_internal_test
[0m10:51:32.935893 [debug] [Thread-2 (]: Opening a new connection, currently in state init
[0m10:51:33.367747 [debug] [Thread-4 (]: SQL status: SELECT 1 in 0.453 seconds
[0m10:51:33.380961 [debug] [Thread-4 (]: On test.oracle_warehouse.not_null_delta_report_order_id.198a693f2b: ROLLBACK
[0m10:51:33.391663 [debug] [Thread-4 (]: On test.oracle_warehouse.not_null_delta_report_order_id.198a693f2b: Close
[0m10:51:33.397028 [info ] [Thread-4 (]: 4 of 15 PASS not_null_delta_report_order_id .................................... [[32mPASS[0m in 0.69s]
[0m10:51:33.401207 [debug] [Thread-4 (]: Finished running node test.oracle_warehouse.not_null_delta_report_order_id.198a693f2b
[0m10:51:33.404717 [debug] [Thread-4 (]: Began running node test.oracle_warehouse.not_null_fct_orders_amount.66810a8d08
[0m10:51:33.407864 [info ] [Thread-4 (]: 5 of 15 START test not_null_fct_orders_amount .................................. [RUN]
[0m10:51:33.412632 [debug] [Thread-4 (]: Re-using an available connection from the pool (formerly test.oracle_warehouse.not_null_delta_report_order_id.198a693f2b, now test.oracle_warehouse.not_null_fct_orders_amount.66810a8d08)
[0m10:51:33.416742 [debug] [Thread-4 (]: Began compiling node test.oracle_warehouse.not_null_fct_orders_amount.66810a8d08
[0m10:51:33.434788 [debug] [Thread-4 (]: Writing injected SQL for node "test.oracle_warehouse.not_null_fct_orders_amount.66810a8d08"
[0m10:51:33.463964 [debug] [Thread-3 (]: SQL status: SELECT 1 in 0.546 seconds
[0m10:51:33.470837 [debug] [Thread-3 (]: On test.oracle_warehouse.not_null_delta_report_load_date.2749686861: ROLLBACK
[0m10:51:33.481057 [debug] [Thread-3 (]: On test.oracle_warehouse.not_null_delta_report_load_date.2749686861: Close
[0m10:51:33.485675 [info ] [Thread-3 (]: 3 of 15 PASS not_null_delta_report_load_date ................................... [[32mPASS[0m in 0.78s]
[0m10:51:33.488883 [debug] [Thread-3 (]: Finished running node test.oracle_warehouse.not_null_delta_report_load_date.2749686861
[0m10:51:33.490962 [debug] [Thread-3 (]: Began running node test.oracle_warehouse.not_null_fct_orders_loaded_at.7cb41085ba
[0m10:51:33.493636 [info ] [Thread-3 (]: 6 of 15 START test not_null_fct_orders_loaded_at ............................... [RUN]
[0m10:51:33.498218 [debug] [Thread-3 (]: Re-using an available connection from the pool (formerly test.oracle_warehouse.not_null_delta_report_load_date.2749686861, now test.oracle_warehouse.not_null_fct_orders_loaded_at.7cb41085ba)
[0m10:51:33.501443 [debug] [Thread-3 (]: Began compiling node test.oracle_warehouse.not_null_fct_orders_loaded_at.7cb41085ba
[0m10:51:33.519111 [debug] [Thread-3 (]: Writing injected SQL for node "test.oracle_warehouse.not_null_fct_orders_loaded_at.7cb41085ba"
[0m10:51:33.520561 [debug] [Thread-4 (]: Began executing node test.oracle_warehouse.not_null_fct_orders_amount.66810a8d08
[0m10:51:33.529935 [debug] [Thread-4 (]: Writing runtime sql for node "test.oracle_warehouse.not_null_fct_orders_amount.66810a8d08"
[0m10:51:33.549568 [debug] [Thread-2 (]: SQL status: SELECT 1 in 0.613 seconds
[0m10:51:33.555164 [debug] [Thread-2 (]: On test.oracle_warehouse.accepted_values_fct_orders_status__PAID__PENDING__SHIPPED__CANCELLED.4bda94c2ee: ROLLBACK
[0m10:51:33.564935 [debug] [Thread-2 (]: On test.oracle_warehouse.accepted_values_fct_orders_status__PAID__PENDING__SHIPPED__CANCELLED.4bda94c2ee: Close
[0m10:51:33.568832 [debug] [Thread-3 (]: Began executing node test.oracle_warehouse.not_null_fct_orders_loaded_at.7cb41085ba
[0m10:51:33.571401 [info ] [Thread-2 (]: 2 of 15 PASS accepted_values_fct_orders_status__PAID__PENDING__SHIPPED__CANCELLED  [[32mPASS[0m in 0.86s]
[0m10:51:33.578937 [debug] [Thread-3 (]: Writing runtime sql for node "test.oracle_warehouse.not_null_fct_orders_loaded_at.7cb41085ba"
[0m10:51:33.581046 [debug] [Thread-2 (]: Finished running node test.oracle_warehouse.accepted_values_fct_orders_status__PAID__PENDING__SHIPPED__CANCELLED.4bda94c2ee
[0m10:51:33.584066 [debug] [Thread-4 (]: Using postgres connection "test.oracle_warehouse.not_null_fct_orders_amount.66810a8d08"
[0m10:51:33.585859 [debug] [Thread-2 (]: Began running node test.oracle_warehouse.not_null_fct_orders_order_id.4e687af8d0
[0m10:51:33.587785 [debug] [Thread-4 (]: On test.oracle_warehouse.not_null_fct_orders_amount.66810a8d08: /* {"app": "dbt", "dbt_version": "1.11.11", "profile_name": "oracle_warehouse", "target_name": "prod", "node_id": "test.oracle_warehouse.not_null_fct_orders_amount.66810a8d08"} */

    
    select
      count(*) as failures,
      count(*) != 0 as should_warn,
      count(*) != 0 as should_error
    from (
      
    
  
    
    



select amount
from "warehouse"."marts_marts"."fct_orders"
where amount is null



  
  
      
    ) dbt_internal_test
[0m10:51:33.589491 [info ] [Thread-2 (]: 7 of 15 START test not_null_fct_orders_order_id ................................ [RUN]
[0m10:51:33.591531 [debug] [Thread-4 (]: Opening a new connection, currently in state closed
[0m10:51:33.593743 [debug] [Thread-2 (]: Re-using an available connection from the pool (formerly test.oracle_warehouse.accepted_values_fct_orders_status__PAID__PENDING__SHIPPED__CANCELLED.4bda94c2ee, now test.oracle_warehouse.not_null_fct_orders_order_id.4e687af8d0)
[0m10:51:33.596737 [debug] [Thread-2 (]: Began compiling node test.oracle_warehouse.not_null_fct_orders_order_id.4e687af8d0
[0m10:51:33.598509 [debug] [Thread-1 (]: SQL status: SELECT 1 in 0.669 seconds
[0m10:51:33.610001 [debug] [Thread-2 (]: Writing injected SQL for node "test.oracle_warehouse.not_null_fct_orders_order_id.4e687af8d0"
[0m10:51:33.614308 [debug] [Thread-1 (]: On test.oracle_warehouse.accepted_values_delta_report_change_type__new_row__updated_row.d878a50d17: ROLLBACK
[0m10:51:33.623137 [debug] [Thread-1 (]: On test.oracle_warehouse.accepted_values_delta_report_change_type__new_row__updated_row.d878a50d17: Close
[0m10:51:33.626421 [info ] [Thread-1 (]: 1 of 15 PASS accepted_values_delta_report_change_type__new_row__updated_row .... [[32mPASS[0m in 0.91s]
[0m10:51:33.628825 [debug] [Thread-1 (]: Finished running node test.oracle_warehouse.accepted_values_delta_report_change_type__new_row__updated_row.d878a50d17
[0m10:51:33.631791 [debug] [Thread-1 (]: Began running node test.oracle_warehouse.source_not_null_staging_customers__dlt_loaded_at.6ea4d6333c
[0m10:51:33.634249 [info ] [Thread-1 (]: 8 of 15 START test source_not_null_staging_customers__dlt_loaded_at ............ [RUN]
[0m10:51:33.638069 [debug] [Thread-1 (]: Re-using an available connection from the pool (formerly test.oracle_warehouse.accepted_values_delta_report_change_type__new_row__updated_row.d878a50d17, now test.oracle_warehouse.source_not_null_staging_customers__dlt_loaded_at.6ea4d6333c)
[0m10:51:33.641245 [debug] [Thread-1 (]: Began compiling node test.oracle_warehouse.source_not_null_staging_customers__dlt_loaded_at.6ea4d6333c
[0m10:51:33.652792 [debug] [Thread-1 (]: Writing injected SQL for node "test.oracle_warehouse.source_not_null_staging_customers__dlt_loaded_at.6ea4d6333c"
[0m10:51:33.653964 [debug] [Thread-3 (]: Using postgres connection "test.oracle_warehouse.not_null_fct_orders_loaded_at.7cb41085ba"
[0m10:51:33.656172 [debug] [Thread-3 (]: On test.oracle_warehouse.not_null_fct_orders_loaded_at.7cb41085ba: /* {"app": "dbt", "dbt_version": "1.11.11", "profile_name": "oracle_warehouse", "target_name": "prod", "node_id": "test.oracle_warehouse.not_null_fct_orders_loaded_at.7cb41085ba"} */

    
    select
      count(*) as failures,
      count(*) != 0 as should_warn,
      count(*) != 0 as should_error
    from (
      
    
  
    
    



select loaded_at
from "warehouse"."marts_marts"."fct_orders"
where loaded_at is null



  
  
      
    ) dbt_internal_test
[0m10:51:33.657688 [debug] [Thread-3 (]: Opening a new connection, currently in state closed
[0m10:51:33.660038 [debug] [Thread-2 (]: Began executing node test.oracle_warehouse.not_null_fct_orders_order_id.4e687af8d0
[0m10:51:33.669473 [debug] [Thread-2 (]: Writing runtime sql for node "test.oracle_warehouse.not_null_fct_orders_order_id.4e687af8d0"
[0m10:51:33.700976 [debug] [Thread-1 (]: Began executing node test.oracle_warehouse.source_not_null_staging_customers__dlt_loaded_at.6ea4d6333c
[0m10:51:33.710500 [debug] [Thread-1 (]: Writing runtime sql for node "test.oracle_warehouse.source_not_null_staging_customers__dlt_loaded_at.6ea4d6333c"
[0m10:51:33.719245 [debug] [Thread-2 (]: Using postgres connection "test.oracle_warehouse.not_null_fct_orders_order_id.4e687af8d0"
[0m10:51:33.722307 [debug] [Thread-2 (]: On test.oracle_warehouse.not_null_fct_orders_order_id.4e687af8d0: /* {"app": "dbt", "dbt_version": "1.11.11", "profile_name": "oracle_warehouse", "target_name": "prod", "node_id": "test.oracle_warehouse.not_null_fct_orders_order_id.4e687af8d0"} */

    
    select
      count(*) as failures,
      count(*) != 0 as should_warn,
      count(*) != 0 as should_error
    from (
      
    
  
    
    



select order_id
from "warehouse"."marts_marts"."fct_orders"
where order_id is null



  
  
      
    ) dbt_internal_test
[0m10:51:33.724805 [debug] [Thread-2 (]: Opening a new connection, currently in state closed
[0m10:51:33.756192 [debug] [Thread-1 (]: Using postgres connection "test.oracle_warehouse.source_not_null_staging_customers__dlt_loaded_at.6ea4d6333c"
[0m10:51:33.759222 [debug] [Thread-1 (]: On test.oracle_warehouse.source_not_null_staging_customers__dlt_loaded_at.6ea4d6333c: /* {"app": "dbt", "dbt_version": "1.11.11", "profile_name": "oracle_warehouse", "target_name": "prod", "node_id": "test.oracle_warehouse.source_not_null_staging_customers__dlt_loaded_at.6ea4d6333c"} */

    
    select
      count(*) as failures,
      count(*) != 0 as should_warn,
      count(*) != 0 as should_error
    from (
      
    
  
    
    



select _dlt_loaded_at
from "warehouse"."staging"."customers"
where _dlt_loaded_at is null



  
  
      
    ) dbt_internal_test
[0m10:51:33.762138 [debug] [Thread-1 (]: Opening a new connection, currently in state closed
[0m10:51:33.913307 [debug] [Thread-1 (]: Postgres adapter: Postgres error: column "_dlt_loaded_at" does not exist
LINE 17: select _dlt_loaded_at
                ^

[0m10:51:33.915458 [debug] [Thread-1 (]: On test.oracle_warehouse.source_not_null_staging_customers__dlt_loaded_at.6ea4d6333c: ROLLBACK
[0m10:51:33.923413 [debug] [Thread-1 (]: On test.oracle_warehouse.source_not_null_staging_customers__dlt_loaded_at.6ea4d6333c: Close
[0m10:51:33.971396 [debug] [Thread-1 (]: Database Error in test source_not_null_staging_customers__dlt_loaded_at (models/staging/sources.yml)
  column "_dlt_loaded_at" does not exist
  LINE 17: select _dlt_loaded_at
                  ^
  compiled code at target/run/oracle_warehouse/models/staging/sources.yml/source_not_null_staging_customers__dlt_loaded_at.sql
[0m10:51:33.974337 [error] [Thread-1 (]: 8 of 15 ERROR source_not_null_staging_customers__dlt_loaded_at ................. [[31mERROR[0m in 0.34s]
[0m10:51:33.977663 [debug] [Thread-1 (]: Finished running node test.oracle_warehouse.source_not_null_staging_customers__dlt_loaded_at.6ea4d6333c
[0m10:51:33.980715 [debug] [Thread-1 (]: Began running node test.oracle_warehouse.source_not_null_staging_customers_customer_id.37583efb74
[0m10:51:33.982911 [debug] [Thread-7 (]: Marking all children of 'test.oracle_warehouse.source_not_null_staging_customers__dlt_loaded_at.6ea4d6333c' to be skipped because of status 'error'.  Reason: Database Error in test source_not_null_staging_customers__dlt_loaded_at (models/staging/sources.yml)
  column "_dlt_loaded_at" does not exist
  LINE 17: select _dlt_loaded_at
                  ^
  compiled code at target/run/oracle_warehouse/models/staging/sources.yml/source_not_null_staging_customers__dlt_loaded_at.sql.
[0m10:51:33.984602 [info ] [Thread-1 (]: 9 of 15 START test source_not_null_staging_customers_customer_id ............... [RUN]
[0m10:51:33.989638 [debug] [Thread-1 (]: Re-using an available connection from the pool (formerly test.oracle_warehouse.source_not_null_staging_customers__dlt_loaded_at.6ea4d6333c, now test.oracle_warehouse.source_not_null_staging_customers_customer_id.37583efb74)
[0m10:51:33.991621 [debug] [Thread-1 (]: Began compiling node test.oracle_warehouse.source_not_null_staging_customers_customer_id.37583efb74
[0m10:51:33.999706 [debug] [Thread-4 (]: SQL status: SELECT 1 in 0.408 seconds
[0m10:51:34.010645 [debug] [Thread-4 (]: On test.oracle_warehouse.not_null_fct_orders_amount.66810a8d08: ROLLBACK
[0m10:51:34.013476 [debug] [Thread-1 (]: Writing injected SQL for node "test.oracle_warehouse.source_not_null_staging_customers_customer_id.37583efb74"
[0m10:51:34.023970 [debug] [Thread-4 (]: On test.oracle_warehouse.not_null_fct_orders_amount.66810a8d08: Close
[0m10:51:34.028494 [info ] [Thread-4 (]: 5 of 15 PASS not_null_fct_orders_amount ........................................ [[32mPASS[0m in 0.62s]
[0m10:51:34.031852 [debug] [Thread-4 (]: Finished running node test.oracle_warehouse.not_null_fct_orders_amount.66810a8d08
[0m10:51:34.035462 [debug] [Thread-4 (]: Began running node test.oracle_warehouse.source_not_null_staging_orders__dlt_loaded_at.89d42ca065
[0m10:51:34.038654 [info ] [Thread-4 (]: 10 of 15 START test source_not_null_staging_orders__dlt_loaded_at .............. [RUN]
[0m10:51:34.042403 [debug] [Thread-4 (]: Re-using an available connection from the pool (formerly test.oracle_warehouse.not_null_fct_orders_amount.66810a8d08, now test.oracle_warehouse.source_not_null_staging_orders__dlt_loaded_at.89d42ca065)
[0m10:51:34.045751 [debug] [Thread-4 (]: Began compiling node test.oracle_warehouse.source_not_null_staging_orders__dlt_loaded_at.89d42ca065
[0m10:51:34.062142 [debug] [Thread-4 (]: Writing injected SQL for node "test.oracle_warehouse.source_not_null_staging_orders__dlt_loaded_at.89d42ca065"
[0m10:51:34.068734 [debug] [Thread-1 (]: Began executing node test.oracle_warehouse.source_not_null_staging_customers_customer_id.37583efb74
[0m10:51:34.077979 [debug] [Thread-1 (]: Writing runtime sql for node "test.oracle_warehouse.source_not_null_staging_customers_customer_id.37583efb74"
[0m10:51:34.089346 [debug] [Thread-4 (]: Began executing node test.oracle_warehouse.source_not_null_staging_orders__dlt_loaded_at.89d42ca065
[0m10:51:34.098707 [debug] [Thread-4 (]: Writing runtime sql for node "test.oracle_warehouse.source_not_null_staging_orders__dlt_loaded_at.89d42ca065"
[0m10:51:34.125781 [debug] [Thread-2 (]: SQL status: SELECT 1 in 0.401 seconds
[0m10:51:34.131276 [debug] [Thread-2 (]: On test.oracle_warehouse.not_null_fct_orders_order_id.4e687af8d0: ROLLBACK
[0m10:51:34.132411 [debug] [Thread-1 (]: Using postgres connection "test.oracle_warehouse.source_not_null_staging_customers_customer_id.37583efb74"
[0m10:51:34.134971 [debug] [Thread-1 (]: On test.oracle_warehouse.source_not_null_staging_customers_customer_id.37583efb74: /* {"app": "dbt", "dbt_version": "1.11.11", "profile_name": "oracle_warehouse", "target_name": "prod", "node_id": "test.oracle_warehouse.source_not_null_staging_customers_customer_id.37583efb74"} */

    
    select
      count(*) as failures,
      count(*) != 0 as should_warn,
      count(*) != 0 as should_error
    from (
      
    
  
    
    



select customer_id
from "warehouse"."staging"."customers"
where customer_id is null



  
  
      
    ) dbt_internal_test
[0m10:51:34.136937 [debug] [Thread-1 (]: Opening a new connection, currently in state closed
[0m10:51:34.139467 [debug] [Thread-4 (]: Using postgres connection "test.oracle_warehouse.source_not_null_staging_orders__dlt_loaded_at.89d42ca065"
[0m10:51:34.141822 [debug] [Thread-2 (]: On test.oracle_warehouse.not_null_fct_orders_order_id.4e687af8d0: Close
[0m10:51:34.143679 [debug] [Thread-4 (]: On test.oracle_warehouse.source_not_null_staging_orders__dlt_loaded_at.89d42ca065: /* {"app": "dbt", "dbt_version": "1.11.11", "profile_name": "oracle_warehouse", "target_name": "prod", "node_id": "test.oracle_warehouse.source_not_null_staging_orders__dlt_loaded_at.89d42ca065"} */

    
    select
      count(*) as failures,
      count(*) != 0 as should_warn,
      count(*) != 0 as should_error
    from (
      
    
  
    
    



select _dlt_loaded_at
from "warehouse"."staging"."orders"
where _dlt_loaded_at is null



  
  
      
    ) dbt_internal_test
[0m10:51:34.146955 [debug] [Thread-3 (]: SQL status: SELECT 1 in 0.489 seconds
[0m10:51:34.150862 [debug] [Thread-4 (]: Opening a new connection, currently in state closed
[0m10:51:34.149700 [info ] [Thread-2 (]: 7 of 15 PASS not_null_fct_orders_order_id ...................................... [[32mPASS[0m in 0.56s]
[0m10:51:34.158024 [debug] [Thread-3 (]: On test.oracle_warehouse.not_null_fct_orders_loaded_at.7cb41085ba: ROLLBACK
[0m10:51:34.161900 [debug] [Thread-2 (]: Finished running node test.oracle_warehouse.not_null_fct_orders_order_id.4e687af8d0
[0m10:51:34.165616 [debug] [Thread-2 (]: Began running node test.oracle_warehouse.source_not_null_staging_orders_order_id.8a94cd7e35
[0m10:51:34.167950 [info ] [Thread-2 (]: 11 of 15 START test source_not_null_staging_orders_order_id .................... [RUN]
[0m10:51:34.170605 [debug] [Thread-2 (]: Re-using an available connection from the pool (formerly test.oracle_warehouse.not_null_fct_orders_order_id.4e687af8d0, now test.oracle_warehouse.source_not_null_staging_orders_order_id.8a94cd7e35)
[0m10:51:34.172581 [debug] [Thread-2 (]: Began compiling node test.oracle_warehouse.source_not_null_staging_orders_order_id.8a94cd7e35
[0m10:51:34.174395 [debug] [Thread-3 (]: On test.oracle_warehouse.not_null_fct_orders_loaded_at.7cb41085ba: Close
[0m10:51:34.186573 [debug] [Thread-2 (]: Writing injected SQL for node "test.oracle_warehouse.source_not_null_staging_orders_order_id.8a94cd7e35"
[0m10:51:34.190114 [info ] [Thread-3 (]: 6 of 15 PASS not_null_fct_orders_loaded_at ..................................... [[32mPASS[0m in 0.69s]
[0m10:51:34.194063 [debug] [Thread-3 (]: Finished running node test.oracle_warehouse.not_null_fct_orders_loaded_at.7cb41085ba
[0m10:51:34.198189 [debug] [Thread-3 (]: Began running node test.oracle_warehouse.source_not_null_staging_orders_updated_at.9d13676043
[0m10:51:34.200451 [info ] [Thread-3 (]: 12 of 15 START test source_not_null_staging_orders_updated_at .................. [RUN]
[0m10:51:34.203370 [debug] [Thread-3 (]: Re-using an available connection from the pool (formerly test.oracle_warehouse.not_null_fct_orders_loaded_at.7cb41085ba, now test.oracle_warehouse.source_not_null_staging_orders_updated_at.9d13676043)
[0m10:51:34.207054 [debug] [Thread-3 (]: Began compiling node test.oracle_warehouse.source_not_null_staging_orders_updated_at.9d13676043
[0m10:51:34.220209 [debug] [Thread-3 (]: Writing injected SQL for node "test.oracle_warehouse.source_not_null_staging_orders_updated_at.9d13676043"
[0m10:51:34.242386 [debug] [Thread-2 (]: Began executing node test.oracle_warehouse.source_not_null_staging_orders_order_id.8a94cd7e35
[0m10:51:34.252034 [debug] [Thread-2 (]: Writing runtime sql for node "test.oracle_warehouse.source_not_null_staging_orders_order_id.8a94cd7e35"
[0m10:51:34.253710 [debug] [Thread-1 (]: SQL status: SELECT 1 in 0.116 seconds
[0m10:51:34.256055 [debug] [Thread-3 (]: Began executing node test.oracle_warehouse.source_not_null_staging_orders_updated_at.9d13676043
[0m10:51:34.260554 [debug] [Thread-1 (]: On test.oracle_warehouse.source_not_null_staging_customers_customer_id.37583efb74: ROLLBACK
[0m10:51:34.262763 [debug] [Thread-4 (]: Postgres adapter: Postgres error: column "_dlt_loaded_at" does not exist
LINE 17: select _dlt_loaded_at
                ^

[0m10:51:34.271226 [debug] [Thread-3 (]: Writing runtime sql for node "test.oracle_warehouse.source_not_null_staging_orders_updated_at.9d13676043"
[0m10:51:34.273993 [debug] [Thread-4 (]: On test.oracle_warehouse.source_not_null_staging_orders__dlt_loaded_at.89d42ca065: ROLLBACK
[0m10:51:34.278536 [debug] [Thread-1 (]: On test.oracle_warehouse.source_not_null_staging_customers_customer_id.37583efb74: Close
[0m10:51:34.283529 [info ] [Thread-1 (]: 9 of 15 PASS source_not_null_staging_customers_customer_id ..................... [[32mPASS[0m in 0.29s]
[0m10:51:34.286623 [debug] [Thread-1 (]: Finished running node test.oracle_warehouse.source_not_null_staging_customers_customer_id.37583efb74
[0m10:51:34.288827 [debug] [Thread-4 (]: On test.oracle_warehouse.source_not_null_staging_orders__dlt_loaded_at.89d42ca065: Close
[0m10:51:34.290428 [debug] [Thread-1 (]: Began running node test.oracle_warehouse.source_unique_staging_customers_customer_id.d8103a1a70
[0m10:51:34.297638 [info ] [Thread-1 (]: 13 of 15 START test source_unique_staging_customers_customer_id ................ [RUN]
[0m10:51:34.301410 [debug] [Thread-1 (]: Re-using an available connection from the pool (formerly test.oracle_warehouse.source_not_null_staging_customers_customer_id.37583efb74, now test.oracle_warehouse.source_unique_staging_customers_customer_id.d8103a1a70)
[0m10:51:34.304254 [debug] [Thread-2 (]: Using postgres connection "test.oracle_warehouse.source_not_null_staging_orders_order_id.8a94cd7e35"
[0m10:51:34.305889 [debug] [Thread-1 (]: Began compiling node test.oracle_warehouse.source_unique_staging_customers_customer_id.d8103a1a70
[0m10:51:34.314456 [debug] [Thread-4 (]: Database Error in test source_not_null_staging_orders__dlt_loaded_at (models/staging/sources.yml)
  column "_dlt_loaded_at" does not exist
  LINE 17: select _dlt_loaded_at
                  ^
  compiled code at target/run/oracle_warehouse/models/staging/sources.yml/source_not_null_staging_orders__dlt_loaded_at.sql
[0m10:51:34.315653 [debug] [Thread-2 (]: On test.oracle_warehouse.source_not_null_staging_orders_order_id.8a94cd7e35: /* {"app": "dbt", "dbt_version": "1.11.11", "profile_name": "oracle_warehouse", "target_name": "prod", "node_id": "test.oracle_warehouse.source_not_null_staging_orders_order_id.8a94cd7e35"} */

    
    select
      count(*) as failures,
      count(*) != 0 as should_warn,
      count(*) != 0 as should_error
    from (
      
    
  
    
    



select order_id
from "warehouse"."staging"."orders"
where order_id is null



  
  
      
    ) dbt_internal_test
[0m10:51:34.324415 [debug] [Thread-3 (]: Using postgres connection "test.oracle_warehouse.source_not_null_staging_orders_updated_at.9d13676043"
[0m10:51:34.333346 [error] [Thread-4 (]: 10 of 15 ERROR source_not_null_staging_orders__dlt_loaded_at ................... [[31mERROR[0m in 0.29s]
[0m10:51:34.336950 [debug] [Thread-1 (]: Writing injected SQL for node "test.oracle_warehouse.source_unique_staging_customers_customer_id.d8103a1a70"
[0m10:51:34.339089 [debug] [Thread-2 (]: Opening a new connection, currently in state closed
[0m10:51:34.341624 [debug] [Thread-3 (]: On test.oracle_warehouse.source_not_null_staging_orders_updated_at.9d13676043: /* {"app": "dbt", "dbt_version": "1.11.11", "profile_name": "oracle_warehouse", "target_name": "prod", "node_id": "test.oracle_warehouse.source_not_null_staging_orders_updated_at.9d13676043"} */

    
    select
      count(*) as failures,
      count(*) != 0 as should_warn,
      count(*) != 0 as should_error
    from (
      
    
  
    
    



select updated_at
from "warehouse"."staging"."orders"
where updated_at is null



  
  
      
    ) dbt_internal_test
[0m10:51:34.344228 [debug] [Thread-4 (]: Finished running node test.oracle_warehouse.source_not_null_staging_orders__dlt_loaded_at.89d42ca065
[0m10:51:34.349000 [debug] [Thread-3 (]: Opening a new connection, currently in state closed
[0m10:51:34.351194 [debug] [Thread-4 (]: Began running node test.oracle_warehouse.source_unique_staging_orders_order_id.449154f9c3
[0m10:51:34.353139 [debug] [Thread-7 (]: Marking all children of 'test.oracle_warehouse.source_not_null_staging_orders__dlt_loaded_at.89d42ca065' to be skipped because of status 'error'.  Reason: Database Error in test source_not_null_staging_orders__dlt_loaded_at (models/staging/sources.yml)
  column "_dlt_loaded_at" does not exist
  LINE 17: select _dlt_loaded_at
                  ^
  compiled code at target/run/oracle_warehouse/models/staging/sources.yml/source_not_null_staging_orders__dlt_loaded_at.sql.
[0m10:51:34.356197 [info ] [Thread-4 (]: 14 of 15 START test source_unique_staging_orders_order_id ...................... [RUN]
[0m10:51:34.360882 [debug] [Thread-4 (]: Re-using an available connection from the pool (formerly test.oracle_warehouse.source_not_null_staging_orders__dlt_loaded_at.89d42ca065, now test.oracle_warehouse.source_unique_staging_orders_order_id.449154f9c3)
[0m10:51:34.363335 [debug] [Thread-4 (]: Began compiling node test.oracle_warehouse.source_unique_staging_orders_order_id.449154f9c3
[0m10:51:34.378043 [debug] [Thread-4 (]: Writing injected SQL for node "test.oracle_warehouse.source_unique_staging_orders_order_id.449154f9c3"
[0m10:51:34.384215 [debug] [Thread-1 (]: Began executing node test.oracle_warehouse.source_unique_staging_customers_customer_id.d8103a1a70
[0m10:51:34.390703 [debug] [Thread-1 (]: Writing runtime sql for node "test.oracle_warehouse.source_unique_staging_customers_customer_id.d8103a1a70"
[0m10:51:34.398253 [debug] [Thread-4 (]: Began executing node test.oracle_warehouse.source_unique_staging_orders_order_id.449154f9c3
[0m10:51:34.405795 [debug] [Thread-4 (]: Writing runtime sql for node "test.oracle_warehouse.source_unique_staging_orders_order_id.449154f9c3"
[0m10:51:34.427638 [debug] [Thread-1 (]: Using postgres connection "test.oracle_warehouse.source_unique_staging_customers_customer_id.d8103a1a70"
[0m10:51:34.430266 [debug] [Thread-1 (]: On test.oracle_warehouse.source_unique_staging_customers_customer_id.d8103a1a70: /* {"app": "dbt", "dbt_version": "1.11.11", "profile_name": "oracle_warehouse", "target_name": "prod", "node_id": "test.oracle_warehouse.source_unique_staging_customers_customer_id.d8103a1a70"} */

    
    select
      count(*) as failures,
      count(*) != 0 as should_warn,
      count(*) != 0 as should_error
    from (
      
    
  
    
    

select
    customer_id as unique_field,
    count(*) as n_records

from "warehouse"."staging"."customers"
where customer_id is not null
group by customer_id
having count(*) > 1



  
  
      
    ) dbt_internal_test
[0m10:51:34.432725 [debug] [Thread-1 (]: Opening a new connection, currently in state closed
[0m10:51:34.436388 [debug] [Thread-4 (]: Using postgres connection "test.oracle_warehouse.source_unique_staging_orders_order_id.449154f9c3"
[0m10:51:34.439182 [debug] [Thread-4 (]: On test.oracle_warehouse.source_unique_staging_orders_order_id.449154f9c3: /* {"app": "dbt", "dbt_version": "1.11.11", "profile_name": "oracle_warehouse", "target_name": "prod", "node_id": "test.oracle_warehouse.source_unique_staging_orders_order_id.449154f9c3"} */

    
    select
      count(*) as failures,
      count(*) != 0 as should_warn,
      count(*) != 0 as should_error
    from (
      
    
  
    
    

select
    order_id as unique_field,
    count(*) as n_records

from "warehouse"."staging"."orders"
where order_id is not null
group by order_id
having count(*) > 1



  
  
      
    ) dbt_internal_test
[0m10:51:34.440950 [debug] [Thread-4 (]: Opening a new connection, currently in state closed
[0m10:51:34.548109 [debug] [Thread-1 (]: SQL status: SELECT 1 in 0.115 seconds
[0m10:51:34.555581 [debug] [Thread-1 (]: On test.oracle_warehouse.source_unique_staging_customers_customer_id.d8103a1a70: ROLLBACK
[0m10:51:34.706357 [debug] [Thread-1 (]: On test.oracle_warehouse.source_unique_staging_customers_customer_id.d8103a1a70: Close
[0m10:51:34.710463 [info ] [Thread-1 (]: 13 of 15 PASS source_unique_staging_customers_customer_id ...................... [[32mPASS[0m in 0.41s]
[0m10:51:34.715354 [debug] [Thread-1 (]: Finished running node test.oracle_warehouse.source_unique_staging_customers_customer_id.d8103a1a70
[0m10:51:34.718647 [debug] [Thread-1 (]: Began running node test.oracle_warehouse.unique_fct_orders_order_id.523ddb6ce5
[0m10:51:34.721330 [info ] [Thread-1 (]: 15 of 15 START test unique_fct_orders_order_id ................................. [RUN]
[0m10:51:34.725604 [debug] [Thread-1 (]: Re-using an available connection from the pool (formerly test.oracle_warehouse.source_unique_staging_customers_customer_id.d8103a1a70, now test.oracle_warehouse.unique_fct_orders_order_id.523ddb6ce5)
[0m10:51:34.729325 [debug] [Thread-1 (]: Began compiling node test.oracle_warehouse.unique_fct_orders_order_id.523ddb6ce5
[0m10:51:34.745898 [debug] [Thread-1 (]: Writing injected SQL for node "test.oracle_warehouse.unique_fct_orders_order_id.523ddb6ce5"
[0m10:51:34.803395 [debug] [Thread-1 (]: Began executing node test.oracle_warehouse.unique_fct_orders_order_id.523ddb6ce5
[0m10:51:34.812335 [debug] [Thread-1 (]: Writing runtime sql for node "test.oracle_warehouse.unique_fct_orders_order_id.523ddb6ce5"
[0m10:51:34.873795 [debug] [Thread-1 (]: Using postgres connection "test.oracle_warehouse.unique_fct_orders_order_id.523ddb6ce5"
[0m10:51:34.877218 [debug] [Thread-1 (]: On test.oracle_warehouse.unique_fct_orders_order_id.523ddb6ce5: /* {"app": "dbt", "dbt_version": "1.11.11", "profile_name": "oracle_warehouse", "target_name": "prod", "node_id": "test.oracle_warehouse.unique_fct_orders_order_id.523ddb6ce5"} */

    
    select
      count(*) as failures,
      count(*) != 0 as should_warn,
      count(*) != 0 as should_error
    from (
      
    
  
    
    

select
    order_id as unique_field,
    count(*) as n_records

from "warehouse"."marts_marts"."fct_orders"
where order_id is not null
group by order_id
having count(*) > 1



  
  
      
    ) dbt_internal_test
[0m10:51:34.881031 [debug] [Thread-1 (]: Opening a new connection, currently in state closed
[0m10:51:34.905522 [debug] [Thread-3 (]: SQL status: SELECT 1 in 0.556 seconds
[0m10:51:34.915729 [debug] [Thread-3 (]: On test.oracle_warehouse.source_not_null_staging_orders_updated_at.9d13676043: ROLLBACK
[0m10:51:34.929871 [debug] [Thread-3 (]: On test.oracle_warehouse.source_not_null_staging_orders_updated_at.9d13676043: Close
[0m10:51:34.934473 [info ] [Thread-3 (]: 12 of 15 PASS source_not_null_staging_orders_updated_at ........................ [[32mPASS[0m in 0.73s]
[0m10:51:34.937802 [debug] [Thread-3 (]: Finished running node test.oracle_warehouse.source_not_null_staging_orders_updated_at.9d13676043
[0m10:51:35.264681 [debug] [Thread-2 (]: SQL status: SELECT 1 in 0.926 seconds
[0m10:51:35.270169 [debug] [Thread-2 (]: On test.oracle_warehouse.source_not_null_staging_orders_order_id.8a94cd7e35: ROLLBACK
[0m10:51:35.278934 [debug] [Thread-2 (]: On test.oracle_warehouse.source_not_null_staging_orders_order_id.8a94cd7e35: Close
[0m10:51:35.282276 [info ] [Thread-2 (]: 11 of 15 PASS source_not_null_staging_orders_order_id .......................... [[32mPASS[0m in 1.11s]
[0m10:51:35.285752 [debug] [Thread-2 (]: Finished running node test.oracle_warehouse.source_not_null_staging_orders_order_id.8a94cd7e35
[0m10:51:39.975490 [debug] [Thread-1 (]: SQL status: SELECT 1 in 5.095 seconds
[0m10:51:39.979916 [debug] [Thread-1 (]: On test.oracle_warehouse.unique_fct_orders_order_id.523ddb6ce5: ROLLBACK
[0m10:51:39.989047 [debug] [Thread-1 (]: On test.oracle_warehouse.unique_fct_orders_order_id.523ddb6ce5: Close
[0m10:51:39.992625 [info ] [Thread-1 (]: 15 of 15 PASS unique_fct_orders_order_id ....................................... [[32mPASS[0m in 5.27s]
[0m10:51:39.995305 [debug] [Thread-1 (]: Finished running node test.oracle_warehouse.unique_fct_orders_order_id.523ddb6ce5
[0m10:51:40.183792 [debug] [Thread-4 (]: SQL status: SELECT 1 in 5.743 seconds
[0m10:51:40.188255 [debug] [Thread-4 (]: On test.oracle_warehouse.source_unique_staging_orders_order_id.449154f9c3: ROLLBACK
[0m10:51:40.199075 [debug] [Thread-4 (]: On test.oracle_warehouse.source_unique_staging_orders_order_id.449154f9c3: Close
[0m10:51:40.202676 [info ] [Thread-4 (]: 14 of 15 PASS source_unique_staging_orders_order_id ............................ [[32mPASS[0m in 5.84s]
[0m10:51:40.205298 [debug] [Thread-4 (]: Finished running node test.oracle_warehouse.source_unique_staging_orders_order_id.449154f9c3
[0m10:51:40.215244 [debug] [MainThread]: On master: COMMIT
[0m10:51:40.218466 [debug] [MainThread]: Using postgres connection "master"
[0m10:51:40.220641 [debug] [MainThread]: On master: COMMIT
[0m10:51:40.223160 [debug] [MainThread]: Opening a new connection, currently in state closed
[0m10:51:40.345330 [debug] [MainThread]: SQL status: COMMIT in 0.127 seconds
[0m10:51:40.347962 [debug] [MainThread]: On master: Close
[0m10:51:40.351771 [debug] [MainThread]: Connection 'master' was properly closed.
[0m10:51:40.354502 [debug] [MainThread]: Connection 'test.oracle_warehouse.unique_fct_orders_order_id.523ddb6ce5' was properly closed.
[0m10:51:40.356932 [debug] [MainThread]: Connection 'test.oracle_warehouse.source_not_null_staging_orders_updated_at.9d13676043' was properly closed.
[0m10:51:40.359240 [debug] [MainThread]: Connection 'test.oracle_warehouse.source_not_null_staging_orders_order_id.8a94cd7e35' was properly closed.
[0m10:51:40.361514 [debug] [MainThread]: Connection 'test.oracle_warehouse.source_unique_staging_orders_order_id.449154f9c3' was properly closed.
[0m10:51:40.364332 [info ] [MainThread]: 
[0m10:51:40.367191 [info ] [MainThread]: Finished running 15 data tests in 0 hours 0 minutes and 8.11 seconds (8.11s).
[0m10:51:40.375732 [debug] [MainThread]: Command end result
[0m10:51:40.549871 [debug] [MainThread]: Wrote artifact WritableManifest to /opt/airflow/dbt_project/target/manifest.json
[0m10:51:40.562300 [debug] [MainThread]: Wrote artifact SemanticManifest to /opt/airflow/dbt_project/target/semantic_manifest.json
[0m10:51:40.591070 [debug] [MainThread]: Wrote artifact RunExecutionResult to /opt/airflow/dbt_project/target/run_results.json
[0m10:51:40.593361 [info ] [MainThread]: 
[0m10:51:40.595551 [info ] [MainThread]: [31mCompleted with 2 errors, 0 partial successes, and 0 warnings:[0m
[0m10:51:40.597954 [info ] [MainThread]: 
[0m10:51:40.600134 [error] [MainThread]: [31mFailure in test source_not_null_staging_customers__dlt_loaded_at (models/staging/sources.yml)[0m
[0m10:51:40.602216 [error] [MainThread]:   Database Error in test source_not_null_staging_customers__dlt_loaded_at (models/staging/sources.yml)
  column "_dlt_loaded_at" does not exist
  LINE 17: select _dlt_loaded_at
                  ^
  compiled code at target/run/oracle_warehouse/models/staging/sources.yml/source_not_null_staging_customers__dlt_loaded_at.sql
[0m10:51:40.604181 [info ] [MainThread]: 
[0m10:51:40.606515 [info ] [MainThread]:   compiled code at target/compiled/oracle_warehouse/models/staging/sources.yml/source_not_null_staging_customers__dlt_loaded_at.sql
[0m10:51:40.609106 [info ] [MainThread]: 
[0m10:51:40.611611 [error] [MainThread]: [31mFailure in test source_not_null_staging_orders__dlt_loaded_at (models/staging/sources.yml)[0m
[0m10:51:40.614123 [error] [MainThread]:   Database Error in test source_not_null_staging_orders__dlt_loaded_at (models/staging/sources.yml)
  column "_dlt_loaded_at" does not exist
  LINE 17: select _dlt_loaded_at
                  ^
  compiled code at target/run/oracle_warehouse/models/staging/sources.yml/source_not_null_staging_orders__dlt_loaded_at.sql
[0m10:51:40.616502 [info ] [MainThread]: 
[0m10:51:40.621841 [info ] [MainThread]:   compiled code at target/compiled/oracle_warehouse/models/staging/sources.yml/source_not_null_staging_orders__dlt_loaded_at.sql
[0m10:51:40.624984 [info ] [MainThread]: 
[0m10:51:40.628636 [info ] [MainThread]: Done. PASS=13 WARN=0 ERROR=2 SKIP=0 NO-OP=0 TOTAL=15
[0m10:51:40.632562 [warn ] [MainThread]: [[33mWARNING[0m][DeprecationsSummary]: Deprecated functionality
Summary of encountered deprecations:
- MissingArgumentsPropertyInGenericTestDeprecation: 2 occurrences
To see all deprecation instances instead of just the first occurrence of each,
run command again with the `--show-all-deprecations` flag. You may also need to
run with `--no-partial-parse` as some deprecations are only encountered during
parsing.
[0m10:51:40.638643 [debug] [MainThread]: Resource report: {"command_name": "test", "command_success": false, "command_wall_clock_time": 12.440409, "process_in_blocks": "1552", "process_kernel_time": 0.456701, "process_mem_max_rss": "155200", "process_out_blocks": "0", "process_user_time": 6.433882}
[0m10:51:40.642403 [debug] [MainThread]: Command `dbt test` failed at 10:51:40.641767 after 12.44 seconds
[0m10:51:40.645492 [debug] [MainThread]: Sending event: {'category': 'dbt', 'action': 'invocation', 'label': 'end', 'context': [<snowplow_tracker.self_describing_json.SelfDescribingJson object at 0x754e54c328e0>, <snowplow_tracker.self_describing_json.SelfDescribingJson object at 0x754e5411c050>, <snowplow_tracker.self_describing_json.SelfDescribingJson object at 0x754e5411c2d0>]}
[0m10:51:40.648525 [debug] [MainThread]: Flushing usage events
[0m10:51:42.917420 [debug] [MainThread]: An error was encountered while trying to flush usage events
[0m11:12:36.579329 [debug] [MainThread]: Sending event: {'category': 'dbt', 'action': 'invocation', 'label': 'start', 'context': [<snowplow_tracker.self_describing_json.SelfDescribingJson object at 0x74d51e550ec0>, <snowplow_tracker.self_describing_json.SelfDescribingJson object at 0x74d51d463c50>, <snowplow_tracker.self_describing_json.SelfDescribingJson object at 0x74d51d463b10>]}


============================== 11:12:36.591432 | 9f102b92-3f26-441b-b600-73c3ad88a54b ==============================
[0m11:12:36.591432 [info ] [MainThread]: Running with dbt=1.11.11
[0m11:12:36.593178 [debug] [MainThread]: running dbt with arguments {'warn_error': 'None', 'debug': 'False', 'invocation_command': 'dbt run --project-dir /opt/airflow/dbt_project --profiles-dir /opt/airflow/dbt_project --select staging --no-version-check --no-partial-parse', 'profiles_dir': '/opt/airflow/dbt_project', 'target_path': 'None', 'use_colors': 'True', 'log_cache_events': 'False', 'log_path': '/opt/airflow/dbt_project/logs', 'log_format': 'default', 'introspect': 'True', 'send_anonymous_usage_stats': 'True', 'empty': 'False', 'warn_error_options': 'WarnErrorOptionsV2(error=[], warn=[], silence=[])', 'use_experimental_parser': 'False', 'quiet': 'False', 'static_parser': 'True', 'partial_parse': 'False', 'cache_selected_only': 'False', 'no_print': 'None', 'fail_fast': 'False', 'printer_width': '80', 'indirect_selection': 'eager', 'version_check': 'False', 'write_json': 'True'}
[0m11:12:36.939213 [debug] [MainThread]: Sending event: {'category': 'dbt', 'action': 'project_id', 'label': '9f102b92-3f26-441b-b600-73c3ad88a54b', 'context': [<snowplow_tracker.self_describing_json.SelfDescribingJson object at 0x74d51e1403e0>]}
[0m11:12:37.055414 [debug] [MainThread]: Sending event: {'category': 'dbt', 'action': 'adapter_info', 'label': '9f102b92-3f26-441b-b600-73c3ad88a54b', 'context': [<snowplow_tracker.self_describing_json.SelfDescribingJson object at 0x74d51ff36360>]}
[0m11:12:37.057278 [info ] [MainThread]: Registered adapter: postgres=1.10.0
[0m11:12:37.159646 [debug] [MainThread]: checksum: 30a8cc8fdcbf66701b0944d4ccce3fa46dd04b61e5df68b9f16d57b2e0e3f0be, vars: {}, profile: , target: , version: 1.11.11
[0m11:12:37.171456 [debug] [MainThread]: Partial parsing not enabled
[0m11:12:39.543639 [warn ] [MainThread]: [[33mWARNING[0m][MissingArgumentsPropertyInGenericTestDeprecation]: Deprecated
functionality
Found top-level arguments to test `accepted_values` defined on 'fct_orders' in
package 'oracle_warehouse' (models/marts/schema.yml). Arguments to generic tests
should be nested under the `arguments` property.
[0m11:12:39.545465 [debug] [MainThread]: Sending event: {'category': 'dbt', 'action': 'deprecation', 'label': '9f102b92-3f26-441b-b600-73c3ad88a54b', 'property_': 'warn', 'context': [<snowplow_tracker.self_describing_json.SelfDescribingJson object at 0x74d51d4f7050>]}
[0m11:12:39.939241 [debug] [MainThread]: Sending event: {'category': 'dbt', 'action': 'load_project', 'label': '9f102b92-3f26-441b-b600-73c3ad88a54b', 'context': [<snowplow_tracker.self_describing_json.SelfDescribingJson object at 0x74d51b7648c0>]}
[0m11:12:40.109188 [debug] [MainThread]: Wrote artifact WritableManifest to /opt/airflow/dbt_project/target/manifest.json
[0m11:12:40.129715 [debug] [MainThread]: Wrote artifact SemanticManifest to /opt/airflow/dbt_project/target/semantic_manifest.json
[0m11:12:40.164242 [debug] [MainThread]: Sending event: {'category': 'dbt', 'action': 'resource_counts', 'label': '9f102b92-3f26-441b-b600-73c3ad88a54b', 'context': [<snowplow_tracker.self_describing_json.SelfDescribingJson object at 0x74d5194e82f0>]}
[0m11:12:40.165787 [info ] [MainThread]: Found 4 models, 15 data tests, 2 sources, 475 macros
[0m11:12:40.167209 [debug] [MainThread]: Sending event: {'category': 'dbt', 'action': 'runnable_timing', 'label': '9f102b92-3f26-441b-b600-73c3ad88a54b', 'context': [<snowplow_tracker.self_describing_json.SelfDescribingJson object at 0x74d51b74a340>]}
[0m11:12:40.170774 [info ] [MainThread]: 
[0m11:12:40.172217 [info ] [MainThread]: Concurrency: 4 threads (target='prod')
[0m11:12:40.173485 [info ] [MainThread]: 
[0m11:12:40.174847 [debug] [MainThread]: Acquiring new postgres connection 'master'
[0m11:12:40.181179 [debug] [ThreadPool]: Acquiring new postgres connection 'list_warehouse'
[0m11:12:40.231109 [debug] [ThreadPool]: Using postgres connection "list_warehouse"
[0m11:12:40.234725 [debug] [ThreadPool]: On list_warehouse: /* {"app": "dbt", "dbt_version": "1.11.11", "profile_name": "oracle_warehouse", "target_name": "prod", "connection_name": "list_warehouse"} */

    select distinct nspname from pg_namespace
  
[0m11:12:40.236526 [debug] [ThreadPool]: Opening a new connection, currently in state init
[0m11:12:40.358721 [debug] [ThreadPool]: SQL status: SELECT 16 in 0.122 seconds
[0m11:12:40.365425 [debug] [ThreadPool]: On list_warehouse: Close
[0m11:12:40.374711 [debug] [ThreadPool]: Re-using an available connection from the pool (formerly list_warehouse, now list_warehouse_marts_marts)
[0m11:12:40.388933 [debug] [ThreadPool]: Using postgres connection "list_warehouse_marts_marts"
[0m11:12:40.390757 [debug] [ThreadPool]: On list_warehouse_marts_marts: /* {"app": "dbt", "dbt_version": "1.11.11", "profile_name": "oracle_warehouse", "target_name": "prod", "connection_name": "list_warehouse_marts_marts"} */
select
      'warehouse' as database,
      tablename as name,
      schemaname as schema,
      'table' as type
    from pg_tables
    where schemaname ilike 'marts_marts'
    union all
    select
      'warehouse' as database,
      viewname as name,
      schemaname as schema,
      'view' as type
    from pg_views
    where schemaname ilike 'marts_marts'
    union all
    select
      'warehouse' as database,
      matviewname as name,
      schemaname as schema,
      'materialized_view' as type
    from pg_matviews
    where schemaname ilike 'marts_marts'
  
[0m11:12:40.393160 [debug] [ThreadPool]: Opening a new connection, currently in state closed
[0m11:12:40.522610 [debug] [ThreadPool]: SQL status: SELECT 4 in 0.133 seconds
[0m11:12:40.527471 [debug] [ThreadPool]: On list_warehouse_marts_marts: ROLLBACK
[0m11:12:40.536642 [debug] [ThreadPool]: On list_warehouse_marts_marts: Close
[0m11:12:40.560506 [debug] [MainThread]: Using postgres connection "master"
[0m11:12:40.564252 [debug] [MainThread]: On master: /* {"app": "dbt", "dbt_version": "1.11.11", "profile_name": "oracle_warehouse", "target_name": "prod", "connection_name": "master"} */
select distinct
        dependent_namespace.nspname as dependent_schema,
        dependent_class.relname as dependent_name,
        referenced_namespace.nspname as referenced_schema,
        referenced_class.relname as referenced_name

    -- Query for views: views are entries in pg_class with an entry in pg_rewrite, but we avoid
    -- a seq scan on pg_rewrite by leveraging the fact there is an "internal" row in pg_depend for
    -- the view...
    from pg_class as dependent_class
    join pg_namespace as dependent_namespace on dependent_namespace.oid = dependent_class.relnamespace
    join pg_depend as dependent_depend on dependent_depend.refobjid = dependent_class.oid
        and dependent_depend.classid = 'pg_rewrite'::regclass
        and dependent_depend.refclassid = 'pg_class'::regclass
        and dependent_depend.deptype = 'i'

    -- ... and via pg_depend (that has a row per column, hence the need for "distinct" above, and
    -- making sure to exclude the internal row to avoid a view appearing to depend on itself)...
    join pg_depend as joining_depend on joining_depend.objid = dependent_depend.objid
        and joining_depend.classid = 'pg_rewrite'::regclass
        and joining_depend.refclassid = 'pg_class'::regclass
        and joining_depend.refobjid != dependent_depend.refobjid

    -- ... we can find the tables they query from in pg_class, but excluding system tables. Note we
    -- don't need need to exclude _dependent_ system tables, because they only query from other
    -- system tables, and so are automatically excluded by excluding _referenced_ system tables
    join pg_class as referenced_class on referenced_class.oid = joining_depend.refobjid
    join pg_namespace as referenced_namespace on referenced_namespace.oid = referenced_class.relnamespace
        and referenced_namespace.nspname != 'information_schema'
        and referenced_namespace.nspname not like 'pg\_%'

    order by
        dependent_schema, dependent_name, referenced_schema, referenced_name;
[0m11:12:40.567225 [debug] [MainThread]: Opening a new connection, currently in state init
[0m11:12:40.720035 [debug] [MainThread]: SQL status: SELECT 2 in 0.153 seconds
[0m11:12:40.725427 [debug] [MainThread]: Sending event: {'category': 'dbt', 'action': 'runnable_timing', 'label': '9f102b92-3f26-441b-b600-73c3ad88a54b', 'context': [<snowplow_tracker.self_describing_json.SelfDescribingJson object at 0x74d519301d90>]}
[0m11:12:40.727543 [debug] [MainThread]: On master: ROLLBACK
[0m11:12:40.735117 [debug] [MainThread]: On master: COMMIT
[0m11:12:40.736378 [debug] [MainThread]: Using postgres connection "master"
[0m11:12:40.737448 [debug] [MainThread]: On master: COMMIT
[0m11:12:40.749152 [debug] [MainThread]: SQL status: COMMIT in 0.010 seconds
[0m11:12:40.751363 [debug] [MainThread]: On master: Close
[0m11:12:40.765261 [debug] [Thread-1 (]: Began running node model.oracle_warehouse.stg_customers
[0m11:12:40.767769 [debug] [Thread-2 (]: Began running node model.oracle_warehouse.stg_orders
[0m11:12:40.770441 [info ] [Thread-1 (]: 1 of 2 START sql view model marts_marts.stg_customers .......................... [RUN]
[0m11:12:40.772831 [info ] [Thread-2 (]: 2 of 2 START sql view model marts_marts.stg_orders ............................. [RUN]
[0m11:12:40.790480 [debug] [Thread-2 (]: Acquiring new postgres connection 'model.oracle_warehouse.stg_orders'
[0m11:12:40.781891 [debug] [Thread-1 (]: Re-using an available connection from the pool (formerly list_warehouse_marts_marts, now model.oracle_warehouse.stg_customers)
[0m11:12:40.792282 [debug] [Thread-2 (]: Began compiling node model.oracle_warehouse.stg_orders
[0m11:12:40.795599 [debug] [Thread-1 (]: Began compiling node model.oracle_warehouse.stg_customers
[0m11:12:40.812794 [debug] [Thread-1 (]: Writing injected SQL for node "model.oracle_warehouse.stg_customers"
[0m11:12:40.808268 [debug] [Thread-2 (]: Writing injected SQL for node "model.oracle_warehouse.stg_orders"
[0m11:12:40.853192 [debug] [Thread-2 (]: Began executing node model.oracle_warehouse.stg_orders
[0m11:12:40.864198 [debug] [Thread-1 (]: Began executing node model.oracle_warehouse.stg_customers
[0m11:12:40.996471 [debug] [Thread-2 (]: Writing runtime sql for node "model.oracle_warehouse.stg_orders"
[0m11:12:40.998879 [debug] [Thread-1 (]: Writing runtime sql for node "model.oracle_warehouse.stg_customers"
[0m11:12:41.028890 [debug] [Thread-1 (]: Using postgres connection "model.oracle_warehouse.stg_customers"
[0m11:12:41.031155 [debug] [Thread-1 (]: On model.oracle_warehouse.stg_customers: /* {"app": "dbt", "dbt_version": "1.11.11", "profile_name": "oracle_warehouse", "target_name": "prod", "node_id": "model.oracle_warehouse.stg_customers"} */

  create view "warehouse"."marts_marts"."stg_customers__dbt_tmp"
    
    
  as (
    -- =============================================================================
-- models/staging/stg_customers.sql
-- =============================================================================



SELECT
    customer_id::INTEGER                AS customer_id,
    INITCAP(TRIM(full_name))            AS full_name,
    LOWER(TRIM(email))                  AS email,
    UPPER(TRIM(country))                AS country,
    UPPER(TRIM(tier))                   AS tier,   -- GOLD / SILVER / STANDARD

    created_at::TIMESTAMPTZ             AS created_at,
    updated_at::TIMESTAMPTZ             AS updated_at,

    _dlt_id                             AS _dlt_id,
    _dlt_load_id                      AS _dlt_load_id

FROM "warehouse"."staging"."customers"
WHERE COALESCE(is_deleted, 0) = 0
  );
[0m11:12:41.033535 [debug] [Thread-1 (]: Opening a new connection, currently in state closed
[0m11:12:41.037784 [debug] [Thread-2 (]: Using postgres connection "model.oracle_warehouse.stg_orders"
[0m11:12:41.040314 [debug] [Thread-2 (]: On model.oracle_warehouse.stg_orders: /* {"app": "dbt", "dbt_version": "1.11.11", "profile_name": "oracle_warehouse", "target_name": "prod", "node_id": "model.oracle_warehouse.stg_orders"} */

  create view "warehouse"."marts_marts"."stg_orders__dbt_tmp"
    
    
  as (
    -- =============================================================================
-- models/staging/stg_orders.sql
-- =============================================================================
-- Lightweight VIEW over the raw DLT-loaded orders table.
-- Purpose: cast types, rename columns, filter soft-deletes.
-- Materialized as a VIEW so it always reflects the latest DLT load.
-- =============================================================================



SELECT
    order_id::INTEGER                   AS order_id,
    customer_id::INTEGER                AS customer_id,

    UPPER(TRIM(status))                 AS status,
    amount::NUMERIC(10,2)               AS amount,
    UPPER(TRIM(product_code))           AS product_code,

    created_at::TIMESTAMPTZ             AS created_at,
    updated_at::TIMESTAMPTZ             AS updated_at,

    -- DLT metadata columns — kept for delta filtering in marts
    _dlt_id                             AS _dlt_id,
    _dlt_load_id                      AS _dlt_load_id

FROM "warehouse"."staging"."orders"

-- Filter soft-deleted rows (is_deleted=1 set in Oracle before export)
WHERE COALESCE(is_deleted, 0) = 0
  );
[0m11:12:41.042748 [debug] [Thread-2 (]: Opening a new connection, currently in state init
[0m11:12:41.175194 [debug] [Thread-2 (]: SQL status: CREATE VIEW in 0.132 seconds
[0m11:12:41.176569 [debug] [Thread-1 (]: SQL status: CREATE VIEW in 0.143 seconds
[0m11:12:41.185309 [debug] [Thread-2 (]: Using postgres connection "model.oracle_warehouse.stg_orders"
[0m11:12:41.191467 [debug] [Thread-1 (]: Using postgres connection "model.oracle_warehouse.stg_customers"
[0m11:12:41.192494 [debug] [Thread-2 (]: On model.oracle_warehouse.stg_orders: /* {"app": "dbt", "dbt_version": "1.11.11", "profile_name": "oracle_warehouse", "target_name": "prod", "node_id": "model.oracle_warehouse.stg_orders"} */
alter table "warehouse"."marts_marts"."stg_orders" rename to "stg_orders__dbt_backup"
[0m11:12:41.194154 [debug] [Thread-1 (]: On model.oracle_warehouse.stg_customers: /* {"app": "dbt", "dbt_version": "1.11.11", "profile_name": "oracle_warehouse", "target_name": "prod", "node_id": "model.oracle_warehouse.stg_customers"} */
alter table "warehouse"."marts_marts"."stg_customers" rename to "stg_customers__dbt_backup"
[0m11:12:41.201995 [debug] [Thread-2 (]: SQL status: ALTER TABLE in 0.006 seconds
[0m11:12:41.203077 [debug] [Thread-1 (]: SQL status: ALTER TABLE in 0.007 seconds
[0m11:12:41.208172 [debug] [Thread-2 (]: Using postgres connection "model.oracle_warehouse.stg_orders"
[0m11:12:41.214133 [debug] [Thread-1 (]: Using postgres connection "model.oracle_warehouse.stg_customers"
[0m11:12:41.215806 [debug] [Thread-2 (]: On model.oracle_warehouse.stg_orders: /* {"app": "dbt", "dbt_version": "1.11.11", "profile_name": "oracle_warehouse", "target_name": "prod", "node_id": "model.oracle_warehouse.stg_orders"} */
alter table "warehouse"."marts_marts"."stg_orders__dbt_tmp" rename to "stg_orders"
[0m11:12:41.217156 [debug] [Thread-1 (]: On model.oracle_warehouse.stg_customers: /* {"app": "dbt", "dbt_version": "1.11.11", "profile_name": "oracle_warehouse", "target_name": "prod", "node_id": "model.oracle_warehouse.stg_customers"} */
alter table "warehouse"."marts_marts"."stg_customers__dbt_tmp" rename to "stg_customers"
[0m11:12:41.222674 [debug] [Thread-2 (]: SQL status: ALTER TABLE in 0.004 seconds
[0m11:12:41.230465 [debug] [Thread-1 (]: SQL status: ALTER TABLE in 0.011 seconds
[0m11:12:41.265539 [debug] [Thread-2 (]: On model.oracle_warehouse.stg_orders: COMMIT
[0m11:12:41.266597 [debug] [Thread-1 (]: On model.oracle_warehouse.stg_customers: COMMIT
[0m11:12:41.267310 [debug] [Thread-2 (]: Using postgres connection "model.oracle_warehouse.stg_orders"
[0m11:12:41.268648 [debug] [Thread-1 (]: Using postgres connection "model.oracle_warehouse.stg_customers"
[0m11:12:41.269825 [debug] [Thread-2 (]: On model.oracle_warehouse.stg_orders: COMMIT
[0m11:12:41.271096 [debug] [Thread-1 (]: On model.oracle_warehouse.stg_customers: COMMIT
[0m11:12:41.283501 [debug] [Thread-2 (]: SQL status: COMMIT in 0.011 seconds
[0m11:12:41.293500 [debug] [Thread-1 (]: SQL status: COMMIT in 0.020 seconds
[0m11:12:41.295964 [debug] [Thread-2 (]: Applying DROP to: "warehouse"."marts_marts"."stg_orders__dbt_backup"
[0m11:12:41.299594 [debug] [Thread-1 (]: Applying DROP to: "warehouse"."marts_marts"."stg_customers__dbt_backup"
[0m11:12:41.308200 [debug] [Thread-2 (]: Using postgres connection "model.oracle_warehouse.stg_orders"
[0m11:12:41.310280 [debug] [Thread-1 (]: Using postgres connection "model.oracle_warehouse.stg_customers"
[0m11:12:41.312035 [debug] [Thread-2 (]: On model.oracle_warehouse.stg_orders: /* {"app": "dbt", "dbt_version": "1.11.11", "profile_name": "oracle_warehouse", "target_name": "prod", "node_id": "model.oracle_warehouse.stg_orders"} */
drop view if exists "warehouse"."marts_marts"."stg_orders__dbt_backup" cascade
[0m11:12:41.313348 [debug] [Thread-1 (]: On model.oracle_warehouse.stg_customers: /* {"app": "dbt", "dbt_version": "1.11.11", "profile_name": "oracle_warehouse", "target_name": "prod", "node_id": "model.oracle_warehouse.stg_customers"} */
drop view if exists "warehouse"."marts_marts"."stg_customers__dbt_backup" cascade
[0m11:12:41.347751 [debug] [Thread-2 (]: SQL status: DROP VIEW in 0.033 seconds
[0m11:12:41.353303 [debug] [Thread-2 (]: On model.oracle_warehouse.stg_orders: Close
[0m11:12:41.354227 [debug] [Thread-1 (]: SQL status: DROP VIEW in 0.038 seconds
[0m11:12:41.359536 [debug] [Thread-1 (]: On model.oracle_warehouse.stg_customers: Close
[0m11:12:41.360465 [debug] [Thread-2 (]: Sending event: {'category': 'dbt', 'action': 'run_model', 'label': '9f102b92-3f26-441b-b600-73c3ad88a54b', 'context': [<snowplow_tracker.self_describing_json.SelfDescribingJson object at 0x74d5193ca360>]}
[0m11:12:41.362499 [debug] [Thread-1 (]: Sending event: {'category': 'dbt', 'action': 'run_model', 'label': '9f102b92-3f26-441b-b600-73c3ad88a54b', 'context': [<snowplow_tracker.self_describing_json.SelfDescribingJson object at 0x74d51aff2350>]}
[0m11:12:41.364392 [info ] [Thread-2 (]: 2 of 2 OK created sql view model marts_marts.stg_orders ........................ [[32mCREATE VIEW[0m in 0.57s]
[0m11:12:41.366425 [info ] [Thread-1 (]: 1 of 2 OK created sql view model marts_marts.stg_customers ..................... [[32mCREATE VIEW[0m in 0.59s]
[0m11:12:41.368226 [debug] [Thread-2 (]: Finished running node model.oracle_warehouse.stg_orders
[0m11:12:41.370194 [debug] [Thread-1 (]: Finished running node model.oracle_warehouse.stg_customers
[0m11:12:41.375073 [debug] [MainThread]: On master: COMMIT
[0m11:12:41.378026 [debug] [MainThread]: Using postgres connection "master"
[0m11:12:41.380063 [debug] [MainThread]: On master: COMMIT
[0m11:12:41.381820 [debug] [MainThread]: Opening a new connection, currently in state closed
[0m11:12:41.451120 [debug] [MainThread]: SQL status: COMMIT in 0.069 seconds
[0m11:12:41.454045 [debug] [MainThread]: On master: Close
[0m11:12:41.458928 [debug] [MainThread]: Connection 'master' was properly closed.
[0m11:12:41.461538 [debug] [MainThread]: Connection 'model.oracle_warehouse.stg_customers' was properly closed.
[0m11:12:41.463531 [debug] [MainThread]: Connection 'model.oracle_warehouse.stg_orders' was properly closed.
[0m11:12:41.466035 [info ] [MainThread]: 
[0m11:12:41.469105 [info ] [MainThread]: Finished running 2 view models in 0 hours 0 minutes and 1.29 seconds (1.29s).
[0m11:12:41.472816 [debug] [MainThread]: Command end result
[0m11:12:41.639048 [debug] [MainThread]: Wrote artifact WritableManifest to /opt/airflow/dbt_project/target/manifest.json
[0m11:12:41.654333 [debug] [MainThread]: Wrote artifact SemanticManifest to /opt/airflow/dbt_project/target/semantic_manifest.json
[0m11:12:41.679001 [debug] [MainThread]: Wrote artifact RunExecutionResult to /opt/airflow/dbt_project/target/run_results.json
[0m11:12:41.680275 [info ] [MainThread]: 
[0m11:12:41.681398 [info ] [MainThread]: [32mCompleted successfully[0m
[0m11:12:41.682417 [info ] [MainThread]: 
[0m11:12:41.683632 [info ] [MainThread]: Done. PASS=2 WARN=0 ERROR=0 SKIP=0 NO-OP=0 TOTAL=2
[0m11:12:41.684786 [warn ] [MainThread]: [[33mWARNING[0m][DeprecationsSummary]: Deprecated functionality
Summary of encountered deprecations:
- MissingArgumentsPropertyInGenericTestDeprecation: 2 occurrences
To see all deprecation instances instead of just the first occurrence of each,
run command again with the `--show-all-deprecations` flag. You may also need to
run with `--no-partial-parse` as some deprecations are only encountered during
parsing.
[0m11:12:41.687090 [debug] [MainThread]: Resource report: {"command_name": "run", "command_success": true, "command_wall_clock_time": 5.2849836, "process_in_blocks": "0", "process_kernel_time": 0.543709, "process_mem_max_rss": "153328", "process_out_blocks": "0", "process_user_time": 5.976808}
[0m11:12:41.688846 [debug] [MainThread]: Command `dbt run` succeeded at 11:12:41.688540 after 5.29 seconds
[0m11:12:41.690702 [debug] [MainThread]: Sending event: {'category': 'dbt', 'action': 'invocation', 'label': 'end', 'context': [<snowplow_tracker.self_describing_json.SelfDescribingJson object at 0x74d5193af1d0>, <snowplow_tracker.self_describing_json.SelfDescribingJson object at 0x74d51953d750>, <snowplow_tracker.self_describing_json.SelfDescribingJson object at 0x74d51d2ffbd0>]}
[0m11:12:41.692611 [debug] [MainThread]: Flushing usage events
[0m11:12:42.958380 [debug] [MainThread]: An error was encountered while trying to flush usage events
[0m11:12:47.370375 [debug] [MainThread]: Sending event: {'category': 'dbt', 'action': 'invocation', 'label': 'start', 'context': [<snowplow_tracker.self_describing_json.SelfDescribingJson object at 0x7fd3ff84cec0>, <snowplow_tracker.self_describing_json.SelfDescribingJson object at 0x7fd3fe75fc50>, <snowplow_tracker.self_describing_json.SelfDescribingJson object at 0x7fd3fe75fb10>]}


============================== 11:12:47.376280 | 32d6d7c9-b63b-4ccf-ba2f-0eb8796da3a5 ==============================
[0m11:12:47.376280 [info ] [MainThread]: Running with dbt=1.11.11
[0m11:12:47.378324 [debug] [MainThread]: running dbt with arguments {'indirect_selection': 'eager', 'log_cache_events': 'False', 'quiet': 'False', 'warn_error_options': 'WarnErrorOptionsV2(error=[], warn=[], silence=[])', 'log_path': '/opt/airflow/dbt_project/logs', 'version_check': 'False', 'send_anonymous_usage_stats': 'True', 'profiles_dir': '/opt/airflow/dbt_project', 'invocation_command': 'dbt run --project-dir /opt/airflow/dbt_project --profiles-dir /opt/airflow/dbt_project --select marts --no-version-check --no-partial-parse', 'empty': 'False', 'target_path': 'None', 'log_format': 'default', 'use_experimental_parser': 'False', 'introspect': 'True', 'partial_parse': 'False', 'debug': 'False', 'printer_width': '80', 'fail_fast': 'False', 'write_json': 'True', 'static_parser': 'True', 'cache_selected_only': 'False', 'warn_error': 'None', 'use_colors': 'True', 'no_print': 'None'}
[0m11:12:47.768118 [debug] [MainThread]: Sending event: {'category': 'dbt', 'action': 'project_id', 'label': '32d6d7c9-b63b-4ccf-ba2f-0eb8796da3a5', 'context': [<snowplow_tracker.self_describing_json.SelfDescribingJson object at 0x7fd3ff43c3e0>]}
[0m11:12:47.953712 [debug] [MainThread]: Sending event: {'category': 'dbt', 'action': 'adapter_info', 'label': '32d6d7c9-b63b-4ccf-ba2f-0eb8796da3a5', 'context': [<snowplow_tracker.self_describing_json.SelfDescribingJson object at 0x7fd40123e360>]}
[0m11:12:47.955667 [info ] [MainThread]: Registered adapter: postgres=1.10.0
[0m11:12:48.065641 [debug] [MainThread]: checksum: 30a8cc8fdcbf66701b0944d4ccce3fa46dd04b61e5df68b9f16d57b2e0e3f0be, vars: {}, profile: , target: , version: 1.11.11
[0m11:12:48.074349 [debug] [MainThread]: Partial parsing not enabled
[0m11:12:50.206325 [warn ] [MainThread]: [[33mWARNING[0m][MissingArgumentsPropertyInGenericTestDeprecation]: Deprecated
functionality
Found top-level arguments to test `accepted_values` defined on 'fct_orders' in
package 'oracle_warehouse' (models/marts/schema.yml). Arguments to generic tests
should be nested under the `arguments` property.
[0m11:12:50.209335 [debug] [MainThread]: Sending event: {'category': 'dbt', 'action': 'deprecation', 'label': '32d6d7c9-b63b-4ccf-ba2f-0eb8796da3a5', 'property_': 'warn', 'context': [<snowplow_tracker.self_describing_json.SelfDescribingJson object at 0x7fd3fe7f3050>]}
[0m11:12:50.682744 [debug] [MainThread]: Sending event: {'category': 'dbt', 'action': 'load_project', 'label': '32d6d7c9-b63b-4ccf-ba2f-0eb8796da3a5', 'context': [<snowplow_tracker.self_describing_json.SelfDescribingJson object at 0x7fd3fcd748c0>]}
[0m11:12:50.957739 [debug] [MainThread]: Wrote artifact WritableManifest to /opt/airflow/dbt_project/target/manifest.json
[0m11:12:50.977261 [debug] [MainThread]: Wrote artifact SemanticManifest to /opt/airflow/dbt_project/target/semantic_manifest.json
[0m11:12:51.025304 [debug] [MainThread]: Sending event: {'category': 'dbt', 'action': 'resource_counts', 'label': '32d6d7c9-b63b-4ccf-ba2f-0eb8796da3a5', 'context': [<snowplow_tracker.self_describing_json.SelfDescribingJson object at 0x7fd3fa3f42f0>]}
[0m11:12:51.027169 [info ] [MainThread]: Found 4 models, 15 data tests, 2 sources, 475 macros
[0m11:12:51.029204 [debug] [MainThread]: Sending event: {'category': 'dbt', 'action': 'runnable_timing', 'label': '32d6d7c9-b63b-4ccf-ba2f-0eb8796da3a5', 'context': [<snowplow_tracker.self_describing_json.SelfDescribingJson object at 0x7fd3fcd5a340>]}
[0m11:12:51.034527 [info ] [MainThread]: 
[0m11:12:51.036608 [info ] [MainThread]: Concurrency: 4 threads (target='prod')
[0m11:12:51.038212 [info ] [MainThread]: 
[0m11:12:51.040664 [debug] [MainThread]: Acquiring new postgres connection 'master'
[0m11:12:51.049592 [debug] [ThreadPool]: Acquiring new postgres connection 'list_warehouse'
[0m11:12:51.091924 [debug] [ThreadPool]: Using postgres connection "list_warehouse"
[0m11:12:51.095133 [debug] [ThreadPool]: On list_warehouse: /* {"app": "dbt", "dbt_version": "1.11.11", "profile_name": "oracle_warehouse", "target_name": "prod", "connection_name": "list_warehouse"} */

    select distinct nspname from pg_namespace
  
[0m11:12:51.096913 [debug] [ThreadPool]: Opening a new connection, currently in state init
[0m11:12:51.194629 [debug] [ThreadPool]: SQL status: SELECT 16 in 0.098 seconds
[0m11:12:51.198350 [debug] [ThreadPool]: On list_warehouse: Close
[0m11:12:51.203185 [debug] [ThreadPool]: Re-using an available connection from the pool (formerly list_warehouse, now list_warehouse_marts_marts)
[0m11:12:51.215018 [debug] [ThreadPool]: Using postgres connection "list_warehouse_marts_marts"
[0m11:12:51.216714 [debug] [ThreadPool]: On list_warehouse_marts_marts: /* {"app": "dbt", "dbt_version": "1.11.11", "profile_name": "oracle_warehouse", "target_name": "prod", "connection_name": "list_warehouse_marts_marts"} */
select
      'warehouse' as database,
      tablename as name,
      schemaname as schema,
      'table' as type
    from pg_tables
    where schemaname ilike 'marts_marts'
    union all
    select
      'warehouse' as database,
      viewname as name,
      schemaname as schema,
      'view' as type
    from pg_views
    where schemaname ilike 'marts_marts'
    union all
    select
      'warehouse' as database,
      matviewname as name,
      schemaname as schema,
      'materialized_view' as type
    from pg_matviews
    where schemaname ilike 'marts_marts'
  
[0m11:12:51.218261 [debug] [ThreadPool]: Opening a new connection, currently in state closed
[0m11:12:51.354141 [debug] [ThreadPool]: SQL status: SELECT 4 in 0.136 seconds
[0m11:12:51.359770 [debug] [ThreadPool]: On list_warehouse_marts_marts: ROLLBACK
[0m11:12:51.366209 [debug] [ThreadPool]: On list_warehouse_marts_marts: Close
[0m11:12:51.375754 [debug] [MainThread]: Using postgres connection "master"
[0m11:12:51.378358 [debug] [MainThread]: On master: /* {"app": "dbt", "dbt_version": "1.11.11", "profile_name": "oracle_warehouse", "target_name": "prod", "connection_name": "master"} */
select distinct
        dependent_namespace.nspname as dependent_schema,
        dependent_class.relname as dependent_name,
        referenced_namespace.nspname as referenced_schema,
        referenced_class.relname as referenced_name

    -- Query for views: views are entries in pg_class with an entry in pg_rewrite, but we avoid
    -- a seq scan on pg_rewrite by leveraging the fact there is an "internal" row in pg_depend for
    -- the view...
    from pg_class as dependent_class
    join pg_namespace as dependent_namespace on dependent_namespace.oid = dependent_class.relnamespace
    join pg_depend as dependent_depend on dependent_depend.refobjid = dependent_class.oid
        and dependent_depend.classid = 'pg_rewrite'::regclass
        and dependent_depend.refclassid = 'pg_class'::regclass
        and dependent_depend.deptype = 'i'

    -- ... and via pg_depend (that has a row per column, hence the need for "distinct" above, and
    -- making sure to exclude the internal row to avoid a view appearing to depend on itself)...
    join pg_depend as joining_depend on joining_depend.objid = dependent_depend.objid
        and joining_depend.classid = 'pg_rewrite'::regclass
        and joining_depend.refclassid = 'pg_class'::regclass
        and joining_depend.refobjid != dependent_depend.refobjid

    -- ... we can find the tables they query from in pg_class, but excluding system tables. Note we
    -- don't need need to exclude _dependent_ system tables, because they only query from other
    -- system tables, and so are automatically excluded by excluding _referenced_ system tables
    join pg_class as referenced_class on referenced_class.oid = joining_depend.refobjid
    join pg_namespace as referenced_namespace on referenced_namespace.oid = referenced_class.relnamespace
        and referenced_namespace.nspname != 'information_schema'
        and referenced_namespace.nspname not like 'pg\_%'

    order by
        dependent_schema, dependent_name, referenced_schema, referenced_name;
[0m11:12:51.380653 [debug] [MainThread]: Opening a new connection, currently in state init
[0m11:12:51.526698 [debug] [MainThread]: SQL status: SELECT 2 in 0.146 seconds
[0m11:12:51.533606 [debug] [MainThread]: Sending event: {'category': 'dbt', 'action': 'runnable_timing', 'label': '32d6d7c9-b63b-4ccf-ba2f-0eb8796da3a5', 'context': [<snowplow_tracker.self_describing_json.SelfDescribingJson object at 0x7fd3fa401d90>]}
[0m11:12:51.537007 [debug] [MainThread]: On master: ROLLBACK
[0m11:12:51.548669 [debug] [MainThread]: On master: COMMIT
[0m11:12:51.551445 [debug] [MainThread]: Using postgres connection "master"
[0m11:12:51.554201 [debug] [MainThread]: On master: COMMIT
[0m11:12:51.571585 [debug] [MainThread]: SQL status: COMMIT in 0.015 seconds
[0m11:12:51.574407 [debug] [MainThread]: On master: Close
[0m11:12:51.608841 [debug] [Thread-1 (]: Began running node model.oracle_warehouse.delta_report
[0m11:12:51.611027 [debug] [Thread-2 (]: Began running node model.oracle_warehouse.fct_orders
[0m11:12:51.614039 [info ] [Thread-1 (]: 1 of 2 START sql incremental model marts_marts.delta_report .................... [RUN]
[0m11:12:51.618373 [info ] [Thread-2 (]: 2 of 2 START sql incremental model marts_marts.fct_orders ...................... [RUN]
[0m11:12:51.622068 [debug] [Thread-1 (]: Re-using an available connection from the pool (formerly list_warehouse_marts_marts, now model.oracle_warehouse.delta_report)
[0m11:12:51.625395 [debug] [Thread-2 (]: Acquiring new postgres connection 'model.oracle_warehouse.fct_orders'
[0m11:12:51.629278 [debug] [Thread-1 (]: Began compiling node model.oracle_warehouse.delta_report
[0m11:12:51.632326 [debug] [Thread-2 (]: Began compiling node model.oracle_warehouse.fct_orders
[0m11:12:51.671154 [debug] [Thread-2 (]: Writing injected SQL for node "model.oracle_warehouse.fct_orders"
[0m11:12:51.667895 [debug] [Thread-1 (]: Writing injected SQL for node "model.oracle_warehouse.delta_report"
[0m11:12:51.704875 [debug] [Thread-2 (]: Began executing node model.oracle_warehouse.fct_orders
[0m11:12:51.716714 [debug] [Thread-1 (]: Began executing node model.oracle_warehouse.delta_report
[0m11:12:52.024428 [debug] [Thread-1 (]: Using postgres connection "model.oracle_warehouse.delta_report"
[0m11:12:52.022820 [debug] [Thread-2 (]: Using postgres connection "model.oracle_warehouse.fct_orders"
[0m11:12:52.028312 [debug] [Thread-1 (]: On model.oracle_warehouse.delta_report: /* {"app": "dbt", "dbt_version": "1.11.11", "profile_name": "oracle_warehouse", "target_name": "prod", "node_id": "model.oracle_warehouse.delta_report"} */

    
  
    

  create temporary table "delta_report__dbt_tmp111251896593"
  
  
    as
  
  (
    -- =============================================================================
-- models/marts/delta_report.sql
-- =============================================================================
-- Append-only log of every row that was new or changed in each DLT run.
-- Your team queries this to monitor what moved through the pipeline.
--
-- Query to check today's delta:
--   SELECT * FROM marts.delta_report WHERE load_date = CURRENT_DATE ORDER BY detected_at DESC;
-- =============================================================================


select
    o.order_id,
    o.customer_id,
    o.status,
    o.amount,
    o.product_code,
    o.updated_at                        as changed_at_source,
    o.updated_at                        as detected_at,
    cast(o.updated_at as date)          as load_date,
    case
        when o.updated_at = o.created_at then 'new_row'
        else 'updated_row'
    end                                 as change_type

from "warehouse"."marts_marts"."stg_orders" as o


where o.updated_at > (
    select coalesce(max(detected_at), '1970-01-01'::timestamptz)
    from "warehouse"."marts_marts"."delta_report"
)

  );
  
  
[0m11:12:52.031298 [debug] [Thread-2 (]: On model.oracle_warehouse.fct_orders: /* {"app": "dbt", "dbt_version": "1.11.11", "profile_name": "oracle_warehouse", "target_name": "prod", "node_id": "model.oracle_warehouse.fct_orders"} */

    
  
    

  create temporary table "fct_orders__dbt_tmp111251894183"
  
  
    as
  
  (
    -- =============================================================================
-- models/marts/fct_orders.sql
-- =============================================================================
-- INCREMENTAL fact table — the core delta model.
--
-- How delta works here:
--   First run  → processes ALL rows from stg_orders (full load)
--   Every run after → the is_incremental() block injects a WHERE clause that
--                     only picks up rows whose _dlt_loaded_at is NEWER than
--                     the highest loaded_at already in this table.
--
-- This means DBT only transforms rows that DLT loaded THIS RUN.
-- The merge strategy then upserts them: new rows inserted, changed rows updated.
-- =============================================================================


with source as (
    select
        o.order_id,
        o.customer_id,
        o.status,
        o.amount,
        o.product_code,
        o.created_at,
        o.updated_at,
        o._dlt_load_id,
        c.full_name     as customer_name,
        c.country       as customer_country,
        c.tier          as customer_tier
    from "warehouse"."marts_marts"."stg_orders" as o
    left join "warehouse"."marts_marts"."stg_customers" as c
        on o.customer_id = c.customer_id

  
    where o.updated_at > (
        select coalesce(max(updated_at), '1970-01-01'::timestamptz)
        from "warehouse"."marts_marts"."fct_orders"
    )
    
)

select
    order_id,
    customer_id,
    customer_name,
    customer_country,
    customer_tier,
    status,
    amount,
    product_code,
    case when status = 'PAID'    then amount else 0 end  as paid_amount,
    case when status = 'PENDING' then amount else 0 end  as pending_amount,
    case when amount > 500       then true  else false end as is_high_value,
    date_trunc('day',  created_at)  as order_date,
    date_trunc('week', created_at)  as order_week,
    date_trunc('month',created_at)  as order_month,
    created_at,
    updated_at,
    updated_at as loaded_at
from source
  );
  
  
[0m11:12:52.033597 [debug] [Thread-1 (]: Opening a new connection, currently in state closed
[0m11:12:52.036272 [debug] [Thread-2 (]: Opening a new connection, currently in state init
[0m11:12:53.511222 [debug] [Thread-1 (]: SQL status: SELECT 2 in 1.477 seconds
[0m11:12:53.567577 [debug] [Thread-1 (]: Using postgres connection "model.oracle_warehouse.delta_report"
[0m11:12:53.570370 [debug] [Thread-1 (]: On model.oracle_warehouse.delta_report: /* {"app": "dbt", "dbt_version": "1.11.11", "profile_name": "oracle_warehouse", "target_name": "prod", "node_id": "model.oracle_warehouse.delta_report"} */

      select
          column_name,
          data_type,
          character_maximum_length,
          numeric_precision,
          numeric_scale

      from INFORMATION_SCHEMA.columns
      where table_name = 'delta_report__dbt_tmp111251896593'
        
      order by ordinal_position

  
[0m11:12:53.715829 [debug] [Thread-1 (]: SQL status: SELECT 9 in 0.143 seconds
[0m11:12:53.733225 [debug] [Thread-1 (]: Using postgres connection "model.oracle_warehouse.delta_report"
[0m11:12:53.735611 [debug] [Thread-1 (]: On model.oracle_warehouse.delta_report: /* {"app": "dbt", "dbt_version": "1.11.11", "profile_name": "oracle_warehouse", "target_name": "prod", "node_id": "model.oracle_warehouse.delta_report"} */

      select
          column_name,
          data_type,
          character_maximum_length,
          numeric_precision,
          numeric_scale

      from "warehouse".INFORMATION_SCHEMA.columns
      where table_name = 'delta_report'
        
        and table_schema = 'marts_marts'
        
      order by ordinal_position

  
[0m11:12:53.765224 [debug] [Thread-1 (]: SQL status: SELECT 9 in 0.028 seconds
[0m11:12:53.808280 [debug] [Thread-1 (]: Using postgres connection "model.oracle_warehouse.delta_report"
[0m11:12:53.810831 [debug] [Thread-1 (]: On model.oracle_warehouse.delta_report: /* {"app": "dbt", "dbt_version": "1.11.11", "profile_name": "oracle_warehouse", "target_name": "prod", "node_id": "model.oracle_warehouse.delta_report"} */

      select
          column_name,
          data_type,
          character_maximum_length,
          numeric_precision,
          numeric_scale

      from INFORMATION_SCHEMA.columns
      where table_name = 'delta_report__dbt_tmp111251896593'
        
      order by ordinal_position

  
[0m11:12:53.838294 [debug] [Thread-1 (]: SQL status: SELECT 9 in 0.025 seconds
[0m11:12:53.849237 [debug] [Thread-1 (]: Using postgres connection "model.oracle_warehouse.delta_report"
[0m11:12:53.851939 [debug] [Thread-1 (]: On model.oracle_warehouse.delta_report: /* {"app": "dbt", "dbt_version": "1.11.11", "profile_name": "oracle_warehouse", "target_name": "prod", "node_id": "model.oracle_warehouse.delta_report"} */

      select
          column_name,
          data_type,
          character_maximum_length,
          numeric_precision,
          numeric_scale

      from "warehouse".INFORMATION_SCHEMA.columns
      where table_name = 'delta_report'
        
        and table_schema = 'marts_marts'
        
      order by ordinal_position

  
[0m11:12:53.871413 [debug] [Thread-1 (]: SQL status: SELECT 9 in 0.017 seconds
[0m11:12:53.903487 [debug] [Thread-1 (]: 
    In "warehouse"."marts_marts"."delta_report":
        Schema changed: False
        Source columns not in target: []
        Target columns not in source: []
        New column types: []
  
[0m11:12:53.929771 [debug] [Thread-1 (]: Writing runtime sql for node "model.oracle_warehouse.delta_report"
[0m11:12:53.965273 [debug] [Thread-1 (]: Using postgres connection "model.oracle_warehouse.delta_report"
[0m11:12:53.967532 [debug] [Thread-1 (]: On model.oracle_warehouse.delta_report: /* {"app": "dbt", "dbt_version": "1.11.11", "profile_name": "oracle_warehouse", "target_name": "prod", "node_id": "model.oracle_warehouse.delta_report"} */

      insert into "warehouse"."marts_marts"."delta_report" ("order_id", "customer_id", "status", "amount", "product_code", "changed_at_source", "detected_at", "load_date", "change_type")
    (
        select "order_id", "customer_id", "status", "amount", "product_code", "changed_at_source", "detected_at", "load_date", "change_type"
        from "delta_report__dbt_tmp111251896593"
    )


  
[0m11:12:53.992434 [debug] [Thread-1 (]: SQL status: INSERT 0 2 in 0.023 seconds
[0m11:12:54.044779 [debug] [Thread-1 (]: On model.oracle_warehouse.delta_report: COMMIT
[0m11:12:54.046727 [debug] [Thread-1 (]: Using postgres connection "model.oracle_warehouse.delta_report"
[0m11:12:54.048857 [debug] [Thread-1 (]: On model.oracle_warehouse.delta_report: COMMIT
[0m11:12:54.086265 [debug] [Thread-1 (]: SQL status: COMMIT in 0.035 seconds
[0m11:12:54.092828 [debug] [Thread-1 (]: On model.oracle_warehouse.delta_report: Close
[0m11:12:54.101054 [debug] [Thread-1 (]: Sending event: {'category': 'dbt', 'action': 'run_model', 'label': '32d6d7c9-b63b-4ccf-ba2f-0eb8796da3a5', 'context': [<snowplow_tracker.self_describing_json.SelfDescribingJson object at 0x7fd3fa4ce780>]}
[0m11:12:54.104214 [info ] [Thread-1 (]: 1 of 2 OK created sql incremental model marts_marts.delta_report ............... [[32mINSERT 0 2[0m in 2.48s]
[0m11:12:54.107838 [debug] [Thread-1 (]: Finished running node model.oracle_warehouse.delta_report
[0m11:13:02.186252 [debug] [Thread-2 (]: SQL status: SELECT 2 in 10.150 seconds
[0m11:13:02.191001 [debug] [Thread-2 (]: Using postgres connection "model.oracle_warehouse.fct_orders"
[0m11:13:02.192543 [debug] [Thread-2 (]: On model.oracle_warehouse.fct_orders: /* {"app": "dbt", "dbt_version": "1.11.11", "profile_name": "oracle_warehouse", "target_name": "prod", "node_id": "model.oracle_warehouse.fct_orders"} */

      select
          column_name,
          data_type,
          character_maximum_length,
          numeric_precision,
          numeric_scale

      from INFORMATION_SCHEMA.columns
      where table_name = 'fct_orders__dbt_tmp111251894183'
        
      order by ordinal_position

  
[0m11:13:02.234830 [debug] [Thread-2 (]: SQL status: SELECT 17 in 0.041 seconds
[0m11:13:02.242108 [debug] [Thread-2 (]: Using postgres connection "model.oracle_warehouse.fct_orders"
[0m11:13:02.244311 [debug] [Thread-2 (]: On model.oracle_warehouse.fct_orders: /* {"app": "dbt", "dbt_version": "1.11.11", "profile_name": "oracle_warehouse", "target_name": "prod", "node_id": "model.oracle_warehouse.fct_orders"} */

      select
          column_name,
          data_type,
          character_maximum_length,
          numeric_precision,
          numeric_scale

      from "warehouse".INFORMATION_SCHEMA.columns
      where table_name = 'fct_orders'
        
        and table_schema = 'marts_marts'
        
      order by ordinal_position

  
[0m11:13:02.271429 [debug] [Thread-2 (]: SQL status: SELECT 17 in 0.025 seconds
[0m11:13:02.278331 [debug] [Thread-2 (]: Using postgres connection "model.oracle_warehouse.fct_orders"
[0m11:13:02.280727 [debug] [Thread-2 (]: On model.oracle_warehouse.fct_orders: /* {"app": "dbt", "dbt_version": "1.11.11", "profile_name": "oracle_warehouse", "target_name": "prod", "node_id": "model.oracle_warehouse.fct_orders"} */

      select
          column_name,
          data_type,
          character_maximum_length,
          numeric_precision,
          numeric_scale

      from INFORMATION_SCHEMA.columns
      where table_name = 'fct_orders__dbt_tmp111251894183'
        
      order by ordinal_position

  
[0m11:13:02.305465 [debug] [Thread-2 (]: SQL status: SELECT 17 in 0.022 seconds
[0m11:13:02.314297 [debug] [Thread-2 (]: Using postgres connection "model.oracle_warehouse.fct_orders"
[0m11:13:02.316158 [debug] [Thread-2 (]: On model.oracle_warehouse.fct_orders: /* {"app": "dbt", "dbt_version": "1.11.11", "profile_name": "oracle_warehouse", "target_name": "prod", "node_id": "model.oracle_warehouse.fct_orders"} */

      select
          column_name,
          data_type,
          character_maximum_length,
          numeric_precision,
          numeric_scale

      from "warehouse".INFORMATION_SCHEMA.columns
      where table_name = 'fct_orders'
        
        and table_schema = 'marts_marts'
        
      order by ordinal_position

  
[0m11:13:02.339529 [debug] [Thread-2 (]: SQL status: SELECT 17 in 0.021 seconds
[0m11:13:02.347254 [debug] [Thread-2 (]: 
    In "warehouse"."marts_marts"."fct_orders":
        Schema changed: False
        Source columns not in target: []
        Target columns not in source: []
        New column types: []
  
[0m11:13:02.366170 [debug] [Thread-2 (]: Writing runtime sql for node "model.oracle_warehouse.fct_orders"
[0m11:13:02.410126 [debug] [Thread-2 (]: Using postgres connection "model.oracle_warehouse.fct_orders"
[0m11:13:02.412392 [debug] [Thread-2 (]: On model.oracle_warehouse.fct_orders: /* {"app": "dbt", "dbt_version": "1.11.11", "profile_name": "oracle_warehouse", "target_name": "prod", "node_id": "model.oracle_warehouse.fct_orders"} */

      
        
        
        delete from "warehouse"."marts_marts"."fct_orders" as DBT_INTERNAL_DEST
        where (order_id) in (
            select distinct order_id
            from "fct_orders__dbt_tmp111251894183" as DBT_INTERNAL_SOURCE
        );

    

    insert into "warehouse"."marts_marts"."fct_orders" ("order_id", "customer_id", "customer_name", "customer_country", "customer_tier", "status", "amount", "product_code", "paid_amount", "pending_amount", "is_high_value", "order_date", "order_week", "order_month", "created_at", "updated_at", "loaded_at")
    (
        select "order_id", "customer_id", "customer_name", "customer_country", "customer_tier", "status", "amount", "product_code", "paid_amount", "pending_amount", "is_high_value", "order_date", "order_week", "order_month", "created_at", "updated_at", "loaded_at"
        from "fct_orders__dbt_tmp111251894183"
    )
  
[0m11:13:02.866899 [debug] [Thread-2 (]: SQL status: INSERT 0 2 in 0.452 seconds
[0m11:13:02.874795 [debug] [Thread-2 (]: On model.oracle_warehouse.fct_orders: COMMIT
[0m11:13:02.877826 [debug] [Thread-2 (]: Using postgres connection "model.oracle_warehouse.fct_orders"
[0m11:13:02.881126 [debug] [Thread-2 (]: On model.oracle_warehouse.fct_orders: COMMIT
[0m11:13:02.906703 [debug] [Thread-2 (]: SQL status: COMMIT in 0.022 seconds
[0m11:13:02.912844 [debug] [Thread-2 (]: On model.oracle_warehouse.fct_orders: Close
[0m11:13:02.917862 [debug] [Thread-2 (]: Sending event: {'category': 'dbt', 'action': 'run_model', 'label': '32d6d7c9-b63b-4ccf-ba2f-0eb8796da3a5', 'context': [<snowplow_tracker.self_describing_json.SelfDescribingJson object at 0x7fd3f9879e50>]}
[0m11:13:02.922072 [info ] [Thread-2 (]: 2 of 2 OK created sql incremental model marts_marts.fct_orders ................. [[32mINSERT 0 2[0m in 11.29s]
[0m11:13:02.927315 [debug] [Thread-2 (]: Finished running node model.oracle_warehouse.fct_orders
[0m11:13:02.943741 [debug] [MainThread]: On master: COMMIT
[0m11:13:02.947480 [debug] [MainThread]: Using postgres connection "master"
[0m11:13:02.951251 [debug] [MainThread]: On master: COMMIT
[0m11:13:02.954791 [debug] [MainThread]: Opening a new connection, currently in state closed
[0m11:13:03.061893 [debug] [MainThread]: SQL status: COMMIT in 0.107 seconds
[0m11:13:03.063782 [debug] [MainThread]: On master: Close
[0m11:13:03.066597 [debug] [MainThread]: Connection 'master' was properly closed.
[0m11:13:03.068410 [debug] [MainThread]: Connection 'model.oracle_warehouse.delta_report' was properly closed.
[0m11:13:03.070377 [debug] [MainThread]: Connection 'model.oracle_warehouse.fct_orders' was properly closed.
[0m11:13:03.075186 [info ] [MainThread]: 
[0m11:13:03.077329 [info ] [MainThread]: Finished running 2 incremental models in 0 hours 0 minutes and 12.03 seconds (12.03s).
[0m11:13:03.081307 [debug] [MainThread]: Command end result
[0m11:13:03.240347 [debug] [MainThread]: Wrote artifact WritableManifest to /opt/airflow/dbt_project/target/manifest.json
[0m11:13:03.329940 [debug] [MainThread]: Wrote artifact SemanticManifest to /opt/airflow/dbt_project/target/semantic_manifest.json
[0m11:13:03.439588 [debug] [MainThread]: Wrote artifact RunExecutionResult to /opt/airflow/dbt_project/target/run_results.json
[0m11:13:03.444314 [info ] [MainThread]: 
[0m11:13:03.447903 [info ] [MainThread]: [32mCompleted successfully[0m
[0m11:13:03.450873 [info ] [MainThread]: 
[0m11:13:03.453650 [info ] [MainThread]: Done. PASS=2 WARN=0 ERROR=0 SKIP=0 NO-OP=0 TOTAL=2
[0m11:13:03.457237 [warn ] [MainThread]: [[33mWARNING[0m][DeprecationsSummary]: Deprecated functionality
Summary of encountered deprecations:
- MissingArgumentsPropertyInGenericTestDeprecation: 2 occurrences
To see all deprecation instances instead of just the first occurrence of each,
run command again with the `--show-all-deprecations` flag. You may also need to
run with `--no-partial-parse` as some deprecations are only encountered during
parsing.
[0m11:13:03.464023 [debug] [MainThread]: Resource report: {"command_name": "run", "command_success": true, "command_wall_clock_time": 16.278881, "process_in_blocks": "0", "process_kernel_time": 0.433763, "process_mem_max_rss": "155136", "process_out_blocks": "0", "process_user_time": 6.434151}
[0m11:13:03.467078 [debug] [MainThread]: Command `dbt run` succeeded at 11:13:03.466661 after 16.28 seconds
[0m11:13:03.471375 [debug] [MainThread]: Sending event: {'category': 'dbt', 'action': 'invocation', 'label': 'end', 'context': [<snowplow_tracker.self_describing_json.SelfDescribingJson object at 0x7fd3fa4b31d0>, <snowplow_tracker.self_describing_json.SelfDescribingJson object at 0x7fd3ff5b76d0>, <snowplow_tracker.self_describing_json.SelfDescribingJson object at 0x7fd3fe5f7bd0>]}
[0m11:13:03.473945 [debug] [MainThread]: Flushing usage events
[0m11:13:05.799586 [debug] [MainThread]: An error was encountered while trying to flush usage events
[0m11:13:12.226386 [debug] [MainThread]: Sending event: {'category': 'dbt', 'action': 'invocation', 'label': 'start', 'context': [<snowplow_tracker.self_describing_json.SelfDescribingJson object at 0x78b67ecd4ec0>, <snowplow_tracker.self_describing_json.SelfDescribingJson object at 0x78b67dba7c50>, <snowplow_tracker.self_describing_json.SelfDescribingJson object at 0x78b67dba7b10>]}


============================== 11:13:12.235591 | dbaae2d4-d8f8-493c-a0a1-5fa9e7a913f3 ==============================
[0m11:13:12.235591 [info ] [MainThread]: Running with dbt=1.11.11
[0m11:13:12.237473 [debug] [MainThread]: running dbt with arguments {'warn_error_options': 'WarnErrorOptionsV2(error=[], warn=[], silence=[])', 'quiet': 'False', 'log_cache_events': 'False', 'partial_parse': 'False', 'empty': 'None', 'no_print': 'None', 'warn_error': 'None', 'introspect': 'True', 'debug': 'False', 'target_path': 'None', 'indirect_selection': 'eager', 'profiles_dir': '/opt/airflow/dbt_project', 'log_path': '/opt/airflow/dbt_project/logs', 'use_colors': 'True', 'fail_fast': 'False', 'printer_width': '80', 'version_check': 'False', 'send_anonymous_usage_stats': 'True', 'log_format': 'default', 'invocation_command': 'dbt test --project-dir /opt/airflow/dbt_project --profiles-dir /opt/airflow/dbt_project --no-version-check --no-partial-parse', 'write_json': 'True', 'cache_selected_only': 'False', 'use_experimental_parser': 'False', 'static_parser': 'True'}
[0m11:13:12.569875 [debug] [MainThread]: Sending event: {'category': 'dbt', 'action': 'project_id', 'label': 'dbaae2d4-d8f8-493c-a0a1-5fa9e7a913f3', 'context': [<snowplow_tracker.self_describing_json.SelfDescribingJson object at 0x78b67e8b83e0>]}
[0m11:13:12.687666 [debug] [MainThread]: Sending event: {'category': 'dbt', 'action': 'adapter_info', 'label': 'dbaae2d4-d8f8-493c-a0a1-5fa9e7a913f3', 'context': [<snowplow_tracker.self_describing_json.SelfDescribingJson object at 0x78b6806c2360>]}
[0m11:13:12.690872 [info ] [MainThread]: Registered adapter: postgres=1.10.0
[0m11:13:12.784842 [debug] [MainThread]: checksum: 30a8cc8fdcbf66701b0944d4ccce3fa46dd04b61e5df68b9f16d57b2e0e3f0be, vars: {}, profile: , target: , version: 1.11.11
[0m11:13:12.799491 [debug] [MainThread]: Partial parsing not enabled
[0m11:13:14.958852 [warn ] [MainThread]: [[33mWARNING[0m][MissingArgumentsPropertyInGenericTestDeprecation]: Deprecated
functionality
Found top-level arguments to test `accepted_values` defined on 'fct_orders' in
package 'oracle_warehouse' (models/marts/schema.yml). Arguments to generic tests
should be nested under the `arguments` property.
[0m11:13:14.960792 [debug] [MainThread]: Sending event: {'category': 'dbt', 'action': 'deprecation', 'label': 'dbaae2d4-d8f8-493c-a0a1-5fa9e7a913f3', 'property_': 'warn', 'context': [<snowplow_tracker.self_describing_json.SelfDescribingJson object at 0x78b67de3f050>]}
[0m11:13:15.449651 [debug] [MainThread]: Sending event: {'category': 'dbt', 'action': 'load_project', 'label': 'dbaae2d4-d8f8-493c-a0a1-5fa9e7a913f3', 'context': [<snowplow_tracker.self_describing_json.SelfDescribingJson object at 0x78b67bb188c0>]}
[0m11:13:15.707102 [debug] [MainThread]: Wrote artifact WritableManifest to /opt/airflow/dbt_project/target/manifest.json
[0m11:13:15.731745 [debug] [MainThread]: Wrote artifact SemanticManifest to /opt/airflow/dbt_project/target/semantic_manifest.json
[0m11:13:15.801937 [debug] [MainThread]: Sending event: {'category': 'dbt', 'action': 'resource_counts', 'label': 'dbaae2d4-d8f8-493c-a0a1-5fa9e7a913f3', 'context': [<snowplow_tracker.self_describing_json.SelfDescribingJson object at 0x78b67b3e8830>]}
[0m11:13:15.803538 [info ] [MainThread]: Found 4 models, 15 data tests, 2 sources, 475 macros
[0m11:13:15.807873 [debug] [MainThread]: Sending event: {'category': 'dbt', 'action': 'runnable_timing', 'label': 'dbaae2d4-d8f8-493c-a0a1-5fa9e7a913f3', 'context': [<snowplow_tracker.self_describing_json.SelfDescribingJson object at 0x78b6798dedd0>]}
[0m11:13:15.813485 [info ] [MainThread]: 
[0m11:13:15.817840 [info ] [MainThread]: Concurrency: 4 threads (target='prod')
[0m11:13:15.820401 [info ] [MainThread]: 
[0m11:13:15.823997 [debug] [MainThread]: Acquiring new postgres connection 'master'
[0m11:13:15.833628 [debug] [ThreadPool]: Acquiring new postgres connection 'list_warehouse_marts_marts'
[0m11:13:15.895887 [debug] [ThreadPool]: Using postgres connection "list_warehouse_marts_marts"
[0m11:13:15.898338 [debug] [ThreadPool]: On list_warehouse_marts_marts: /* {"app": "dbt", "dbt_version": "1.11.11", "profile_name": "oracle_warehouse", "target_name": "prod", "connection_name": "list_warehouse_marts_marts"} */
select
      'warehouse' as database,
      tablename as name,
      schemaname as schema,
      'table' as type
    from pg_tables
    where schemaname ilike 'marts_marts'
    union all
    select
      'warehouse' as database,
      viewname as name,
      schemaname as schema,
      'view' as type
    from pg_views
    where schemaname ilike 'marts_marts'
    union all
    select
      'warehouse' as database,
      matviewname as name,
      schemaname as schema,
      'materialized_view' as type
    from pg_matviews
    where schemaname ilike 'marts_marts'
  
[0m11:13:15.900279 [debug] [ThreadPool]: Opening a new connection, currently in state init
[0m11:13:16.032700 [debug] [ThreadPool]: SQL status: SELECT 4 in 0.132 seconds
[0m11:13:16.037955 [debug] [ThreadPool]: On list_warehouse_marts_marts: ROLLBACK
[0m11:13:16.050656 [debug] [ThreadPool]: On list_warehouse_marts_marts: Close
[0m11:13:16.071309 [debug] [MainThread]: Using postgres connection "master"
[0m11:13:16.074146 [debug] [MainThread]: On master: /* {"app": "dbt", "dbt_version": "1.11.11", "profile_name": "oracle_warehouse", "target_name": "prod", "connection_name": "master"} */
select distinct
        dependent_namespace.nspname as dependent_schema,
        dependent_class.relname as dependent_name,
        referenced_namespace.nspname as referenced_schema,
        referenced_class.relname as referenced_name

    -- Query for views: views are entries in pg_class with an entry in pg_rewrite, but we avoid
    -- a seq scan on pg_rewrite by leveraging the fact there is an "internal" row in pg_depend for
    -- the view...
    from pg_class as dependent_class
    join pg_namespace as dependent_namespace on dependent_namespace.oid = dependent_class.relnamespace
    join pg_depend as dependent_depend on dependent_depend.refobjid = dependent_class.oid
        and dependent_depend.classid = 'pg_rewrite'::regclass
        and dependent_depend.refclassid = 'pg_class'::regclass
        and dependent_depend.deptype = 'i'

    -- ... and via pg_depend (that has a row per column, hence the need for "distinct" above, and
    -- making sure to exclude the internal row to avoid a view appearing to depend on itself)...
    join pg_depend as joining_depend on joining_depend.objid = dependent_depend.objid
        and joining_depend.classid = 'pg_rewrite'::regclass
        and joining_depend.refclassid = 'pg_class'::regclass
        and joining_depend.refobjid != dependent_depend.refobjid

    -- ... we can find the tables they query from in pg_class, but excluding system tables. Note we
    -- don't need need to exclude _dependent_ system tables, because they only query from other
    -- system tables, and so are automatically excluded by excluding _referenced_ system tables
    join pg_class as referenced_class on referenced_class.oid = joining_depend.refobjid
    join pg_namespace as referenced_namespace on referenced_namespace.oid = referenced_class.relnamespace
        and referenced_namespace.nspname != 'information_schema'
        and referenced_namespace.nspname not like 'pg\_%'

    order by
        dependent_schema, dependent_name, referenced_schema, referenced_name;
[0m11:13:16.077255 [debug] [MainThread]: Opening a new connection, currently in state init
[0m11:13:16.234856 [debug] [MainThread]: SQL status: SELECT 2 in 0.157 seconds
[0m11:13:16.241860 [debug] [MainThread]: Sending event: {'category': 'dbt', 'action': 'runnable_timing', 'label': 'dbaae2d4-d8f8-493c-a0a1-5fa9e7a913f3', 'context': [<snowplow_tracker.self_describing_json.SelfDescribingJson object at 0x78b6799af590>]}
[0m11:13:16.244337 [debug] [MainThread]: On master: ROLLBACK
[0m11:13:16.254789 [debug] [MainThread]: On master: COMMIT
[0m11:13:16.258310 [debug] [MainThread]: Using postgres connection "master"
[0m11:13:16.260560 [debug] [MainThread]: On master: COMMIT
[0m11:13:16.281117 [debug] [MainThread]: SQL status: COMMIT in 0.018 seconds
[0m11:13:16.283235 [debug] [MainThread]: On master: Close
[0m11:13:16.303749 [debug] [Thread-1 (]: Began running node test.oracle_warehouse.accepted_values_delta_report_change_type__new_row__updated_row.d878a50d17
[0m11:13:16.306064 [debug] [Thread-2 (]: Began running node test.oracle_warehouse.accepted_values_fct_orders_status__PAID__PENDING__SHIPPED__CANCELLED.4bda94c2ee
[0m11:13:16.309698 [debug] [Thread-4 (]: Began running node test.oracle_warehouse.not_null_delta_report_order_id.198a693f2b
[0m11:13:16.312129 [debug] [Thread-3 (]: Began running node test.oracle_warehouse.not_null_delta_report_load_date.2749686861
[0m11:13:16.314326 [info ] [Thread-1 (]: 1 of 15 START test accepted_values_delta_report_change_type__new_row__updated_row  [RUN]
[0m11:13:16.318082 [info ] [Thread-2 (]: 2 of 15 START test accepted_values_fct_orders_status__PAID__PENDING__SHIPPED__CANCELLED  [RUN]
[0m11:13:16.320610 [info ] [Thread-4 (]: 4 of 15 START test not_null_delta_report_order_id .............................. [RUN]
[0m11:13:16.324046 [info ] [Thread-3 (]: 3 of 15 START test not_null_delta_report_load_date ............................. [RUN]
[0m11:13:16.328871 [debug] [Thread-1 (]: Re-using an available connection from the pool (formerly list_warehouse_marts_marts, now test.oracle_warehouse.accepted_values_delta_report_change_type__new_row__updated_row.d878a50d17)
[0m11:13:16.332559 [debug] [Thread-2 (]: Acquiring new postgres connection 'test.oracle_warehouse.accepted_values_fct_orders_status__PAID__PENDING__SHIPPED__CANCELLED.4bda94c2ee'
[0m11:13:16.336290 [debug] [Thread-4 (]: Acquiring new postgres connection 'test.oracle_warehouse.not_null_delta_report_order_id.198a693f2b'
[0m11:13:16.340586 [debug] [Thread-3 (]: Acquiring new postgres connection 'test.oracle_warehouse.not_null_delta_report_load_date.2749686861'
[0m11:13:16.346033 [debug] [Thread-1 (]: Began compiling node test.oracle_warehouse.accepted_values_delta_report_change_type__new_row__updated_row.d878a50d17
[0m11:13:16.351300 [debug] [Thread-2 (]: Began compiling node test.oracle_warehouse.accepted_values_fct_orders_status__PAID__PENDING__SHIPPED__CANCELLED.4bda94c2ee
[0m11:13:16.355451 [debug] [Thread-4 (]: Began compiling node test.oracle_warehouse.not_null_delta_report_order_id.198a693f2b
[0m11:13:16.361777 [debug] [Thread-3 (]: Began compiling node test.oracle_warehouse.not_null_delta_report_load_date.2749686861
[0m11:13:16.487925 [debug] [Thread-2 (]: Writing injected SQL for node "test.oracle_warehouse.accepted_values_fct_orders_status__PAID__PENDING__SHIPPED__CANCELLED.4bda94c2ee"
[0m11:13:16.498172 [debug] [Thread-1 (]: Writing injected SQL for node "test.oracle_warehouse.accepted_values_delta_report_change_type__new_row__updated_row.d878a50d17"
[0m11:13:16.550622 [debug] [Thread-4 (]: Writing injected SQL for node "test.oracle_warehouse.not_null_delta_report_order_id.198a693f2b"
[0m11:13:16.555663 [debug] [Thread-3 (]: Writing injected SQL for node "test.oracle_warehouse.not_null_delta_report_load_date.2749686861"
[0m11:13:16.597193 [debug] [Thread-1 (]: Began executing node test.oracle_warehouse.accepted_values_delta_report_change_type__new_row__updated_row.d878a50d17
[0m11:13:16.610219 [debug] [Thread-2 (]: Began executing node test.oracle_warehouse.accepted_values_fct_orders_status__PAID__PENDING__SHIPPED__CANCELLED.4bda94c2ee
[0m11:13:16.645919 [debug] [Thread-4 (]: Began executing node test.oracle_warehouse.not_null_delta_report_order_id.198a693f2b
[0m11:13:16.722498 [debug] [Thread-3 (]: Began executing node test.oracle_warehouse.not_null_delta_report_load_date.2749686861
[0m11:13:16.770433 [debug] [Thread-4 (]: Writing runtime sql for node "test.oracle_warehouse.not_null_delta_report_order_id.198a693f2b"
[0m11:13:16.775635 [debug] [Thread-3 (]: Writing runtime sql for node "test.oracle_warehouse.not_null_delta_report_load_date.2749686861"
[0m11:13:16.783249 [debug] [Thread-2 (]: Writing runtime sql for node "test.oracle_warehouse.accepted_values_fct_orders_status__PAID__PENDING__SHIPPED__CANCELLED.4bda94c2ee"
[0m11:13:16.787604 [debug] [Thread-1 (]: Writing runtime sql for node "test.oracle_warehouse.accepted_values_delta_report_change_type__new_row__updated_row.d878a50d17"
[0m11:13:16.827674 [debug] [Thread-4 (]: Using postgres connection "test.oracle_warehouse.not_null_delta_report_order_id.198a693f2b"
[0m11:13:16.830345 [debug] [Thread-4 (]: On test.oracle_warehouse.not_null_delta_report_order_id.198a693f2b: /* {"app": "dbt", "dbt_version": "1.11.11", "profile_name": "oracle_warehouse", "target_name": "prod", "node_id": "test.oracle_warehouse.not_null_delta_report_order_id.198a693f2b"} */

    
    select
      count(*) as failures,
      count(*) != 0 as should_warn,
      count(*) != 0 as should_error
    from (
      
    
  
    
    



select order_id
from "warehouse"."marts_marts"."delta_report"
where order_id is null



  
  
      
    ) dbt_internal_test
[0m11:13:16.832572 [debug] [Thread-4 (]: Opening a new connection, currently in state init
[0m11:13:16.834889 [debug] [Thread-1 (]: Using postgres connection "test.oracle_warehouse.accepted_values_delta_report_change_type__new_row__updated_row.d878a50d17"
[0m11:13:16.837846 [debug] [Thread-3 (]: Using postgres connection "test.oracle_warehouse.not_null_delta_report_load_date.2749686861"
[0m11:13:16.840622 [debug] [Thread-1 (]: On test.oracle_warehouse.accepted_values_delta_report_change_type__new_row__updated_row.d878a50d17: /* {"app": "dbt", "dbt_version": "1.11.11", "profile_name": "oracle_warehouse", "target_name": "prod", "node_id": "test.oracle_warehouse.accepted_values_delta_report_change_type__new_row__updated_row.d878a50d17"} */

    
    select
      count(*) as failures,
      count(*) != 0 as should_warn,
      count(*) != 0 as should_error
    from (
      
    
  
    
    

with all_values as (

    select
        change_type as value_field,
        count(*) as n_records

    from "warehouse"."marts_marts"."delta_report"
    group by change_type

)

select *
from all_values
where value_field not in (
    'new_row','updated_row'
)



  
  
      
    ) dbt_internal_test
[0m11:13:16.843181 [debug] [Thread-2 (]: Using postgres connection "test.oracle_warehouse.accepted_values_fct_orders_status__PAID__PENDING__SHIPPED__CANCELLED.4bda94c2ee"
[0m11:13:16.844613 [debug] [Thread-3 (]: On test.oracle_warehouse.not_null_delta_report_load_date.2749686861: /* {"app": "dbt", "dbt_version": "1.11.11", "profile_name": "oracle_warehouse", "target_name": "prod", "node_id": "test.oracle_warehouse.not_null_delta_report_load_date.2749686861"} */

    
    select
      count(*) as failures,
      count(*) != 0 as should_warn,
      count(*) != 0 as should_error
    from (
      
    
  
    
    



select load_date
from "warehouse"."marts_marts"."delta_report"
where load_date is null



  
  
      
    ) dbt_internal_test
[0m11:13:16.846954 [debug] [Thread-1 (]: Opening a new connection, currently in state closed
[0m11:13:16.848744 [debug] [Thread-2 (]: On test.oracle_warehouse.accepted_values_fct_orders_status__PAID__PENDING__SHIPPED__CANCELLED.4bda94c2ee: /* {"app": "dbt", "dbt_version": "1.11.11", "profile_name": "oracle_warehouse", "target_name": "prod", "node_id": "test.oracle_warehouse.accepted_values_fct_orders_status__PAID__PENDING__SHIPPED__CANCELLED.4bda94c2ee"} */

    
    select
      count(*) as failures,
      count(*) != 0 as should_warn,
      count(*) != 0 as should_error
    from (
      
    
  
    
    

with all_values as (

    select
        status as value_field,
        count(*) as n_records

    from "warehouse"."marts_marts"."fct_orders"
    group by status

)

select *
from all_values
where value_field not in (
    'PAID','PENDING','SHIPPED','CANCELLED'
)



  
  
      
    ) dbt_internal_test
[0m11:13:16.850565 [debug] [Thread-3 (]: Opening a new connection, currently in state init
[0m11:13:16.854089 [debug] [Thread-2 (]: Opening a new connection, currently in state init
[0m11:13:17.265480 [debug] [Thread-4 (]: SQL status: SELECT 1 in 0.433 seconds
[0m11:13:17.278566 [debug] [Thread-4 (]: On test.oracle_warehouse.not_null_delta_report_order_id.198a693f2b: ROLLBACK
[0m11:13:17.290679 [debug] [Thread-4 (]: On test.oracle_warehouse.not_null_delta_report_order_id.198a693f2b: Close
[0m11:13:17.294290 [info ] [Thread-4 (]: 4 of 15 PASS not_null_delta_report_order_id .................................... [[32mPASS[0m in 0.96s]
[0m11:13:17.297337 [debug] [Thread-4 (]: Finished running node test.oracle_warehouse.not_null_delta_report_order_id.198a693f2b
[0m11:13:17.299809 [debug] [Thread-4 (]: Began running node test.oracle_warehouse.not_null_fct_orders_amount.66810a8d08
[0m11:13:17.301958 [info ] [Thread-4 (]: 5 of 15 START test not_null_fct_orders_amount .................................. [RUN]
[0m11:13:17.304419 [debug] [Thread-4 (]: Re-using an available connection from the pool (formerly test.oracle_warehouse.not_null_delta_report_order_id.198a693f2b, now test.oracle_warehouse.not_null_fct_orders_amount.66810a8d08)
[0m11:13:17.307097 [debug] [Thread-4 (]: Began compiling node test.oracle_warehouse.not_null_fct_orders_amount.66810a8d08
[0m11:13:17.331377 [debug] [Thread-4 (]: Writing injected SQL for node "test.oracle_warehouse.not_null_fct_orders_amount.66810a8d08"
[0m11:13:17.387240 [debug] [Thread-4 (]: Began executing node test.oracle_warehouse.not_null_fct_orders_amount.66810a8d08
[0m11:13:17.395583 [debug] [Thread-3 (]: SQL status: SELECT 1 in 0.545 seconds
[0m11:13:17.398953 [debug] [Thread-4 (]: Writing runtime sql for node "test.oracle_warehouse.not_null_fct_orders_amount.66810a8d08"
[0m11:13:17.402316 [debug] [Thread-3 (]: On test.oracle_warehouse.not_null_delta_report_load_date.2749686861: ROLLBACK
[0m11:13:17.413104 [debug] [Thread-3 (]: On test.oracle_warehouse.not_null_delta_report_load_date.2749686861: Close
[0m11:13:17.417193 [info ] [Thread-3 (]: 3 of 15 PASS not_null_delta_report_load_date ................................... [[32mPASS[0m in 1.08s]
[0m11:13:17.419972 [debug] [Thread-3 (]: Finished running node test.oracle_warehouse.not_null_delta_report_load_date.2749686861
[0m11:13:17.422825 [debug] [Thread-3 (]: Began running node test.oracle_warehouse.not_null_fct_orders_loaded_at.7cb41085ba
[0m11:13:17.425613 [info ] [Thread-3 (]: 6 of 15 START test not_null_fct_orders_loaded_at ............................... [RUN]
[0m11:13:17.428585 [debug] [Thread-3 (]: Re-using an available connection from the pool (formerly test.oracle_warehouse.not_null_delta_report_load_date.2749686861, now test.oracle_warehouse.not_null_fct_orders_loaded_at.7cb41085ba)
[0m11:13:17.430349 [debug] [Thread-3 (]: Began compiling node test.oracle_warehouse.not_null_fct_orders_loaded_at.7cb41085ba
[0m11:13:17.444155 [debug] [Thread-3 (]: Writing injected SQL for node "test.oracle_warehouse.not_null_fct_orders_loaded_at.7cb41085ba"
[0m11:13:17.453334 [debug] [Thread-4 (]: Using postgres connection "test.oracle_warehouse.not_null_fct_orders_amount.66810a8d08"
[0m11:13:17.456146 [debug] [Thread-4 (]: On test.oracle_warehouse.not_null_fct_orders_amount.66810a8d08: /* {"app": "dbt", "dbt_version": "1.11.11", "profile_name": "oracle_warehouse", "target_name": "prod", "node_id": "test.oracle_warehouse.not_null_fct_orders_amount.66810a8d08"} */

    
    select
      count(*) as failures,
      count(*) != 0 as should_warn,
      count(*) != 0 as should_error
    from (
      
    
  
    
    



select amount
from "warehouse"."marts_marts"."fct_orders"
where amount is null



  
  
      
    ) dbt_internal_test
[0m11:13:17.458830 [debug] [Thread-4 (]: Opening a new connection, currently in state closed
[0m11:13:17.462195 [debug] [Thread-1 (]: SQL status: SELECT 1 in 0.615 seconds
[0m11:13:17.466959 [debug] [Thread-1 (]: On test.oracle_warehouse.accepted_values_delta_report_change_type__new_row__updated_row.d878a50d17: ROLLBACK
[0m11:13:17.481171 [debug] [Thread-1 (]: On test.oracle_warehouse.accepted_values_delta_report_change_type__new_row__updated_row.d878a50d17: Close
[0m11:13:17.483684 [info ] [Thread-1 (]: 1 of 15 PASS accepted_values_delta_report_change_type__new_row__updated_row .... [[32mPASS[0m in 1.16s]
[0m11:13:17.486407 [debug] [Thread-1 (]: Finished running node test.oracle_warehouse.accepted_values_delta_report_change_type__new_row__updated_row.d878a50d17
[0m11:13:17.489126 [debug] [Thread-1 (]: Began running node test.oracle_warehouse.not_null_fct_orders_order_id.4e687af8d0
[0m11:13:17.491516 [info ] [Thread-1 (]: 7 of 15 START test not_null_fct_orders_order_id ................................ [RUN]
[0m11:13:17.495447 [debug] [Thread-1 (]: Re-using an available connection from the pool (formerly test.oracle_warehouse.accepted_values_delta_report_change_type__new_row__updated_row.d878a50d17, now test.oracle_warehouse.not_null_fct_orders_order_id.4e687af8d0)
[0m11:13:17.496887 [debug] [Thread-3 (]: Began executing node test.oracle_warehouse.not_null_fct_orders_loaded_at.7cb41085ba
[0m11:13:17.499093 [debug] [Thread-1 (]: Began compiling node test.oracle_warehouse.not_null_fct_orders_order_id.4e687af8d0
[0m11:13:17.505449 [debug] [Thread-3 (]: Writing runtime sql for node "test.oracle_warehouse.not_null_fct_orders_loaded_at.7cb41085ba"
[0m11:13:17.518416 [debug] [Thread-1 (]: Writing injected SQL for node "test.oracle_warehouse.not_null_fct_orders_order_id.4e687af8d0"
[0m11:13:17.559281 [debug] [Thread-3 (]: Using postgres connection "test.oracle_warehouse.not_null_fct_orders_loaded_at.7cb41085ba"
[0m11:13:17.560888 [debug] [Thread-1 (]: Began executing node test.oracle_warehouse.not_null_fct_orders_order_id.4e687af8d0
[0m11:13:17.561768 [debug] [Thread-3 (]: On test.oracle_warehouse.not_null_fct_orders_loaded_at.7cb41085ba: /* {"app": "dbt", "dbt_version": "1.11.11", "profile_name": "oracle_warehouse", "target_name": "prod", "node_id": "test.oracle_warehouse.not_null_fct_orders_loaded_at.7cb41085ba"} */

    
    select
      count(*) as failures,
      count(*) != 0 as should_warn,
      count(*) != 0 as should_error
    from (
      
    
  
    
    



select loaded_at
from "warehouse"."marts_marts"."fct_orders"
where loaded_at is null



  
  
      
    ) dbt_internal_test
[0m11:13:17.567620 [debug] [Thread-1 (]: Writing runtime sql for node "test.oracle_warehouse.not_null_fct_orders_order_id.4e687af8d0"
[0m11:13:17.570603 [debug] [Thread-3 (]: Opening a new connection, currently in state closed
[0m11:13:17.607413 [debug] [Thread-1 (]: Using postgres connection "test.oracle_warehouse.not_null_fct_orders_order_id.4e687af8d0"
[0m11:13:17.609966 [debug] [Thread-1 (]: On test.oracle_warehouse.not_null_fct_orders_order_id.4e687af8d0: /* {"app": "dbt", "dbt_version": "1.11.11", "profile_name": "oracle_warehouse", "target_name": "prod", "node_id": "test.oracle_warehouse.not_null_fct_orders_order_id.4e687af8d0"} */

    
    select
      count(*) as failures,
      count(*) != 0 as should_warn,
      count(*) != 0 as should_error
    from (
      
    
  
    
    



select order_id
from "warehouse"."marts_marts"."fct_orders"
where order_id is null



  
  
      
    ) dbt_internal_test
[0m11:13:17.611661 [debug] [Thread-2 (]: SQL status: SELECT 1 in 0.757 seconds
[0m11:13:17.613553 [debug] [Thread-1 (]: Opening a new connection, currently in state closed
[0m11:13:17.617967 [debug] [Thread-2 (]: On test.oracle_warehouse.accepted_values_fct_orders_status__PAID__PENDING__SHIPPED__CANCELLED.4bda94c2ee: ROLLBACK
[0m11:13:17.627771 [debug] [Thread-2 (]: On test.oracle_warehouse.accepted_values_fct_orders_status__PAID__PENDING__SHIPPED__CANCELLED.4bda94c2ee: Close
[0m11:13:17.631333 [error] [Thread-2 (]: 2 of 15 FAIL 1 accepted_values_fct_orders_status__PAID__PENDING__SHIPPED__CANCELLED  [[31mFAIL 1[0m in 1.30s]
[0m11:13:17.635105 [debug] [Thread-2 (]: Finished running node test.oracle_warehouse.accepted_values_fct_orders_status__PAID__PENDING__SHIPPED__CANCELLED.4bda94c2ee
[0m11:13:17.637900 [debug] [Thread-2 (]: Began running node test.oracle_warehouse.source_not_null_staging_customers__dlt_loaded_at.6ea4d6333c
[0m11:13:17.641203 [info ] [Thread-2 (]: 8 of 15 START test source_not_null_staging_customers__dlt_loaded_at ............ [RUN]
[0m11:13:17.644162 [debug] [Thread-2 (]: Re-using an available connection from the pool (formerly test.oracle_warehouse.accepted_values_fct_orders_status__PAID__PENDING__SHIPPED__CANCELLED.4bda94c2ee, now test.oracle_warehouse.source_not_null_staging_customers__dlt_loaded_at.6ea4d6333c)
[0m11:13:17.648076 [debug] [Thread-2 (]: Began compiling node test.oracle_warehouse.source_not_null_staging_customers__dlt_loaded_at.6ea4d6333c
[0m11:13:17.662050 [debug] [Thread-2 (]: Writing injected SQL for node "test.oracle_warehouse.source_not_null_staging_customers__dlt_loaded_at.6ea4d6333c"
[0m11:13:17.710218 [debug] [Thread-2 (]: Began executing node test.oracle_warehouse.source_not_null_staging_customers__dlt_loaded_at.6ea4d6333c
[0m11:13:17.718266 [debug] [Thread-2 (]: Writing runtime sql for node "test.oracle_warehouse.source_not_null_staging_customers__dlt_loaded_at.6ea4d6333c"
[0m11:13:17.766470 [debug] [Thread-2 (]: Using postgres connection "test.oracle_warehouse.source_not_null_staging_customers__dlt_loaded_at.6ea4d6333c"
[0m11:13:17.768065 [debug] [Thread-2 (]: On test.oracle_warehouse.source_not_null_staging_customers__dlt_loaded_at.6ea4d6333c: /* {"app": "dbt", "dbt_version": "1.11.11", "profile_name": "oracle_warehouse", "target_name": "prod", "node_id": "test.oracle_warehouse.source_not_null_staging_customers__dlt_loaded_at.6ea4d6333c"} */

    
    select
      count(*) as failures,
      count(*) != 0 as should_warn,
      count(*) != 0 as should_error
    from (
      
    
  
    
    



select _dlt_loaded_at
from "warehouse"."staging"."customers"
where _dlt_loaded_at is null



  
  
      
    ) dbt_internal_test
[0m11:13:17.770050 [debug] [Thread-2 (]: Opening a new connection, currently in state closed
[0m11:13:17.780091 [debug] [Thread-4 (]: SQL status: SELECT 1 in 0.321 seconds
[0m11:13:17.786000 [debug] [Thread-4 (]: On test.oracle_warehouse.not_null_fct_orders_amount.66810a8d08: ROLLBACK
[0m11:13:17.795315 [debug] [Thread-4 (]: On test.oracle_warehouse.not_null_fct_orders_amount.66810a8d08: Close
[0m11:13:17.798949 [info ] [Thread-4 (]: 5 of 15 PASS not_null_fct_orders_amount ........................................ [[32mPASS[0m in 0.49s]
[0m11:13:17.802098 [debug] [Thread-4 (]: Finished running node test.oracle_warehouse.not_null_fct_orders_amount.66810a8d08
[0m11:13:17.805012 [debug] [Thread-4 (]: Began running node test.oracle_warehouse.source_not_null_staging_customers_customer_id.37583efb74
[0m11:13:17.807355 [info ] [Thread-4 (]: 9 of 15 START test source_not_null_staging_customers_customer_id ............... [RUN]
[0m11:13:17.810541 [debug] [Thread-4 (]: Re-using an available connection from the pool (formerly test.oracle_warehouse.not_null_fct_orders_amount.66810a8d08, now test.oracle_warehouse.source_not_null_staging_customers_customer_id.37583efb74)
[0m11:13:17.813211 [debug] [Thread-4 (]: Began compiling node test.oracle_warehouse.source_not_null_staging_customers_customer_id.37583efb74
[0m11:13:17.824540 [debug] [Thread-4 (]: Writing injected SQL for node "test.oracle_warehouse.source_not_null_staging_customers_customer_id.37583efb74"
[0m11:13:17.877864 [debug] [Thread-4 (]: Began executing node test.oracle_warehouse.source_not_null_staging_customers_customer_id.37583efb74
[0m11:13:17.884925 [debug] [Thread-4 (]: Writing runtime sql for node "test.oracle_warehouse.source_not_null_staging_customers_customer_id.37583efb74"
[0m11:13:17.890275 [debug] [Thread-2 (]: Postgres adapter: Postgres error: column "_dlt_loaded_at" does not exist
LINE 17: select _dlt_loaded_at
                ^

[0m11:13:17.892899 [debug] [Thread-2 (]: On test.oracle_warehouse.source_not_null_staging_customers__dlt_loaded_at.6ea4d6333c: ROLLBACK
[0m11:13:17.899751 [debug] [Thread-2 (]: On test.oracle_warehouse.source_not_null_staging_customers__dlt_loaded_at.6ea4d6333c: Close
[0m11:13:17.916574 [debug] [Thread-2 (]: Database Error in test source_not_null_staging_customers__dlt_loaded_at (models/staging/sources.yml)
  column "_dlt_loaded_at" does not exist
  LINE 17: select _dlt_loaded_at
                  ^
  compiled code at target/run/oracle_warehouse/models/staging/sources.yml/source_not_null_staging_customers__dlt_loaded_at.sql
[0m11:13:17.918691 [error] [Thread-2 (]: 8 of 15 ERROR source_not_null_staging_customers__dlt_loaded_at ................. [[31mERROR[0m in 0.27s]
[0m11:13:17.920976 [debug] [Thread-2 (]: Finished running node test.oracle_warehouse.source_not_null_staging_customers__dlt_loaded_at.6ea4d6333c
[0m11:13:17.923054 [debug] [Thread-2 (]: Began running node test.oracle_warehouse.source_not_null_staging_orders__dlt_loaded_at.89d42ca065
[0m11:13:17.925202 [debug] [Thread-7 (]: Marking all children of 'test.oracle_warehouse.source_not_null_staging_customers__dlt_loaded_at.6ea4d6333c' to be skipped because of status 'error'.  Reason: Database Error in test source_not_null_staging_customers__dlt_loaded_at (models/staging/sources.yml)
  column "_dlt_loaded_at" does not exist
  LINE 17: select _dlt_loaded_at
                  ^
  compiled code at target/run/oracle_warehouse/models/staging/sources.yml/source_not_null_staging_customers__dlt_loaded_at.sql.
[0m11:13:17.926936 [info ] [Thread-2 (]: 10 of 15 START test source_not_null_staging_orders__dlt_loaded_at .............. [RUN]
[0m11:13:17.931723 [debug] [Thread-2 (]: Re-using an available connection from the pool (formerly test.oracle_warehouse.source_not_null_staging_customers__dlt_loaded_at.6ea4d6333c, now test.oracle_warehouse.source_not_null_staging_orders__dlt_loaded_at.89d42ca065)
[0m11:13:17.933445 [debug] [Thread-4 (]: Using postgres connection "test.oracle_warehouse.source_not_null_staging_customers_customer_id.37583efb74"
[0m11:13:17.934393 [debug] [Thread-2 (]: Began compiling node test.oracle_warehouse.source_not_null_staging_orders__dlt_loaded_at.89d42ca065
[0m11:13:17.936604 [debug] [Thread-4 (]: On test.oracle_warehouse.source_not_null_staging_customers_customer_id.37583efb74: /* {"app": "dbt", "dbt_version": "1.11.11", "profile_name": "oracle_warehouse", "target_name": "prod", "node_id": "test.oracle_warehouse.source_not_null_staging_customers_customer_id.37583efb74"} */

    
    select
      count(*) as failures,
      count(*) != 0 as should_warn,
      count(*) != 0 as should_error
    from (
      
    
  
    
    



select customer_id
from "warehouse"."staging"."customers"
where customer_id is null



  
  
      
    ) dbt_internal_test
[0m11:13:17.950201 [debug] [Thread-4 (]: Opening a new connection, currently in state closed
[0m11:13:17.949714 [debug] [Thread-2 (]: Writing injected SQL for node "test.oracle_warehouse.source_not_null_staging_orders__dlt_loaded_at.89d42ca065"
[0m11:13:17.989005 [debug] [Thread-2 (]: Began executing node test.oracle_warehouse.source_not_null_staging_orders__dlt_loaded_at.89d42ca065
[0m11:13:17.996387 [debug] [Thread-2 (]: Writing runtime sql for node "test.oracle_warehouse.source_not_null_staging_orders__dlt_loaded_at.89d42ca065"
[0m11:13:18.065938 [debug] [Thread-2 (]: Using postgres connection "test.oracle_warehouse.source_not_null_staging_orders__dlt_loaded_at.89d42ca065"
[0m11:13:18.068309 [debug] [Thread-2 (]: On test.oracle_warehouse.source_not_null_staging_orders__dlt_loaded_at.89d42ca065: /* {"app": "dbt", "dbt_version": "1.11.11", "profile_name": "oracle_warehouse", "target_name": "prod", "node_id": "test.oracle_warehouse.source_not_null_staging_orders__dlt_loaded_at.89d42ca065"} */

    
    select
      count(*) as failures,
      count(*) != 0 as should_warn,
      count(*) != 0 as should_error
    from (
      
    
  
    
    



select _dlt_loaded_at
from "warehouse"."staging"."orders"
where _dlt_loaded_at is null



  
  
      
    ) dbt_internal_test
[0m11:13:18.075844 [debug] [Thread-2 (]: Opening a new connection, currently in state closed
[0m11:13:18.095275 [debug] [Thread-4 (]: SQL status: SELECT 1 in 0.145 seconds
[0m11:13:18.103246 [debug] [Thread-4 (]: On test.oracle_warehouse.source_not_null_staging_customers_customer_id.37583efb74: ROLLBACK
[0m11:13:18.112434 [debug] [Thread-4 (]: On test.oracle_warehouse.source_not_null_staging_customers_customer_id.37583efb74: Close
[0m11:13:18.115975 [info ] [Thread-4 (]: 9 of 15 PASS source_not_null_staging_customers_customer_id ..................... [[32mPASS[0m in 0.31s]
[0m11:13:18.119097 [debug] [Thread-4 (]: Finished running node test.oracle_warehouse.source_not_null_staging_customers_customer_id.37583efb74
[0m11:13:18.123325 [debug] [Thread-4 (]: Began running node test.oracle_warehouse.source_not_null_staging_orders_order_id.8a94cd7e35
[0m11:13:18.125752 [debug] [Thread-1 (]: SQL status: SELECT 1 in 0.512 seconds
[0m11:13:18.127938 [info ] [Thread-4 (]: 11 of 15 START test source_not_null_staging_orders_order_id .................... [RUN]
[0m11:13:18.132832 [debug] [Thread-1 (]: On test.oracle_warehouse.not_null_fct_orders_order_id.4e687af8d0: ROLLBACK
[0m11:13:18.135536 [debug] [Thread-4 (]: Re-using an available connection from the pool (formerly test.oracle_warehouse.source_not_null_staging_customers_customer_id.37583efb74, now test.oracle_warehouse.source_not_null_staging_orders_order_id.8a94cd7e35)
[0m11:13:18.138953 [debug] [Thread-4 (]: Began compiling node test.oracle_warehouse.source_not_null_staging_orders_order_id.8a94cd7e35
[0m11:13:18.153944 [debug] [Thread-1 (]: On test.oracle_warehouse.not_null_fct_orders_order_id.4e687af8d0: Close
[0m11:13:18.159031 [debug] [Thread-4 (]: Writing injected SQL for node "test.oracle_warehouse.source_not_null_staging_orders_order_id.8a94cd7e35"
[0m11:13:18.161043 [debug] [Thread-3 (]: SQL status: SELECT 1 in 0.590 seconds
[0m11:13:18.163981 [info ] [Thread-1 (]: 7 of 15 PASS not_null_fct_orders_order_id ...................................... [[32mPASS[0m in 0.67s]
[0m11:13:18.170291 [debug] [Thread-3 (]: On test.oracle_warehouse.not_null_fct_orders_loaded_at.7cb41085ba: ROLLBACK
[0m11:13:18.175157 [debug] [Thread-1 (]: Finished running node test.oracle_warehouse.not_null_fct_orders_order_id.4e687af8d0
[0m11:13:18.180373 [debug] [Thread-1 (]: Began running node test.oracle_warehouse.source_not_null_staging_orders_updated_at.9d13676043
[0m11:13:18.185380 [debug] [Thread-3 (]: On test.oracle_warehouse.not_null_fct_orders_loaded_at.7cb41085ba: Close
[0m11:13:18.183454 [info ] [Thread-1 (]: 12 of 15 START test source_not_null_staging_orders_updated_at .................. [RUN]
[0m11:13:18.188406 [info ] [Thread-3 (]: 6 of 15 PASS not_null_fct_orders_loaded_at ..................................... [[32mPASS[0m in 0.76s]
[0m11:13:18.190819 [debug] [Thread-1 (]: Re-using an available connection from the pool (formerly test.oracle_warehouse.not_null_fct_orders_order_id.4e687af8d0, now test.oracle_warehouse.source_not_null_staging_orders_updated_at.9d13676043)
[0m11:13:18.195867 [debug] [Thread-3 (]: Finished running node test.oracle_warehouse.not_null_fct_orders_loaded_at.7cb41085ba
[0m11:13:18.197746 [debug] [Thread-2 (]: Postgres adapter: Postgres error: column "_dlt_loaded_at" does not exist
LINE 17: select _dlt_loaded_at
                ^

[0m11:13:18.199821 [debug] [Thread-1 (]: Began compiling node test.oracle_warehouse.source_not_null_staging_orders_updated_at.9d13676043
[0m11:13:18.202957 [debug] [Thread-3 (]: Began running node test.oracle_warehouse.source_unique_staging_customers_customer_id.d8103a1a70
[0m11:13:18.204686 [debug] [Thread-2 (]: On test.oracle_warehouse.source_not_null_staging_orders__dlt_loaded_at.89d42ca065: ROLLBACK
[0m11:13:18.218703 [info ] [Thread-3 (]: 13 of 15 START test source_unique_staging_customers_customer_id ................ [RUN]
[0m11:13:18.217096 [debug] [Thread-1 (]: Writing injected SQL for node "test.oracle_warehouse.source_not_null_staging_orders_updated_at.9d13676043"
[0m11:13:18.223779 [debug] [Thread-3 (]: Re-using an available connection from the pool (formerly test.oracle_warehouse.not_null_fct_orders_loaded_at.7cb41085ba, now test.oracle_warehouse.source_unique_staging_customers_customer_id.d8103a1a70)
[0m11:13:18.227330 [debug] [Thread-4 (]: Began executing node test.oracle_warehouse.source_not_null_staging_orders_order_id.8a94cd7e35
[0m11:13:18.231638 [debug] [Thread-3 (]: Began compiling node test.oracle_warehouse.source_unique_staging_customers_customer_id.d8103a1a70
[0m11:13:18.243816 [debug] [Thread-4 (]: Writing runtime sql for node "test.oracle_warehouse.source_not_null_staging_orders_order_id.8a94cd7e35"
[0m11:13:18.246635 [debug] [Thread-2 (]: On test.oracle_warehouse.source_not_null_staging_orders__dlt_loaded_at.89d42ca065: Close
[0m11:13:18.280050 [debug] [Thread-3 (]: Writing injected SQL for node "test.oracle_warehouse.source_unique_staging_customers_customer_id.d8103a1a70"
[0m11:13:18.300630 [debug] [Thread-2 (]: Database Error in test source_not_null_staging_orders__dlt_loaded_at (models/staging/sources.yml)
  column "_dlt_loaded_at" does not exist
  LINE 17: select _dlt_loaded_at
                  ^
  compiled code at target/run/oracle_warehouse/models/staging/sources.yml/source_not_null_staging_orders__dlt_loaded_at.sql
[0m11:13:18.305151 [error] [Thread-2 (]: 10 of 15 ERROR source_not_null_staging_orders__dlt_loaded_at ................... [[31mERROR[0m in 0.37s]
[0m11:13:18.314097 [debug] [Thread-2 (]: Finished running node test.oracle_warehouse.source_not_null_staging_orders__dlt_loaded_at.89d42ca065
[0m11:13:18.317330 [debug] [Thread-2 (]: Began running node test.oracle_warehouse.source_unique_staging_orders_order_id.449154f9c3
[0m11:13:18.319615 [debug] [Thread-7 (]: Marking all children of 'test.oracle_warehouse.source_not_null_staging_orders__dlt_loaded_at.89d42ca065' to be skipped because of status 'error'.  Reason: Database Error in test source_not_null_staging_orders__dlt_loaded_at (models/staging/sources.yml)
  column "_dlt_loaded_at" does not exist
  LINE 17: select _dlt_loaded_at
                  ^
  compiled code at target/run/oracle_warehouse/models/staging/sources.yml/source_not_null_staging_orders__dlt_loaded_at.sql.
[0m11:13:18.321687 [info ] [Thread-2 (]: 14 of 15 START test source_unique_staging_orders_order_id ...................... [RUN]
[0m11:13:18.331138 [debug] [Thread-1 (]: Began executing node test.oracle_warehouse.source_not_null_staging_orders_updated_at.9d13676043
[0m11:13:18.332910 [debug] [Thread-2 (]: Re-using an available connection from the pool (formerly test.oracle_warehouse.source_not_null_staging_orders__dlt_loaded_at.89d42ca065, now test.oracle_warehouse.source_unique_staging_orders_order_id.449154f9c3)
[0m11:13:18.342043 [debug] [Thread-3 (]: Began executing node test.oracle_warehouse.source_unique_staging_customers_customer_id.d8103a1a70
[0m11:13:18.350996 [debug] [Thread-1 (]: Writing runtime sql for node "test.oracle_warehouse.source_not_null_staging_orders_updated_at.9d13676043"
[0m11:13:18.352557 [debug] [Thread-2 (]: Began compiling node test.oracle_warehouse.source_unique_staging_orders_order_id.449154f9c3
[0m11:13:18.364322 [debug] [Thread-3 (]: Writing runtime sql for node "test.oracle_warehouse.source_unique_staging_customers_customer_id.d8103a1a70"
[0m11:13:18.366558 [debug] [Thread-4 (]: Using postgres connection "test.oracle_warehouse.source_not_null_staging_orders_order_id.8a94cd7e35"
[0m11:13:18.382601 [debug] [Thread-2 (]: Writing injected SQL for node "test.oracle_warehouse.source_unique_staging_orders_order_id.449154f9c3"
[0m11:13:18.385282 [debug] [Thread-4 (]: On test.oracle_warehouse.source_not_null_staging_orders_order_id.8a94cd7e35: /* {"app": "dbt", "dbt_version": "1.11.11", "profile_name": "oracle_warehouse", "target_name": "prod", "node_id": "test.oracle_warehouse.source_not_null_staging_orders_order_id.8a94cd7e35"} */

    
    select
      count(*) as failures,
      count(*) != 0 as should_warn,
      count(*) != 0 as should_error
    from (
      
    
  
    
    



select order_id
from "warehouse"."staging"."orders"
where order_id is null



  
  
      
    ) dbt_internal_test
[0m11:13:18.389941 [debug] [Thread-4 (]: Opening a new connection, currently in state closed
[0m11:13:18.408025 [debug] [Thread-1 (]: Using postgres connection "test.oracle_warehouse.source_not_null_staging_orders_updated_at.9d13676043"
[0m11:13:18.414127 [debug] [Thread-1 (]: On test.oracle_warehouse.source_not_null_staging_orders_updated_at.9d13676043: /* {"app": "dbt", "dbt_version": "1.11.11", "profile_name": "oracle_warehouse", "target_name": "prod", "node_id": "test.oracle_warehouse.source_not_null_staging_orders_updated_at.9d13676043"} */

    
    select
      count(*) as failures,
      count(*) != 0 as should_warn,
      count(*) != 0 as should_error
    from (
      
    
  
    
    



select updated_at
from "warehouse"."staging"."orders"
where updated_at is null



  
  
      
    ) dbt_internal_test
[0m11:13:18.416649 [debug] [Thread-1 (]: Opening a new connection, currently in state closed
[0m11:13:18.420784 [debug] [Thread-3 (]: Using postgres connection "test.oracle_warehouse.source_unique_staging_customers_customer_id.d8103a1a70"
[0m11:13:18.428992 [debug] [Thread-3 (]: On test.oracle_warehouse.source_unique_staging_customers_customer_id.d8103a1a70: /* {"app": "dbt", "dbt_version": "1.11.11", "profile_name": "oracle_warehouse", "target_name": "prod", "node_id": "test.oracle_warehouse.source_unique_staging_customers_customer_id.d8103a1a70"} */

    
    select
      count(*) as failures,
      count(*) != 0 as should_warn,
      count(*) != 0 as should_error
    from (
      
    
  
    
    

select
    customer_id as unique_field,
    count(*) as n_records

from "warehouse"."staging"."customers"
where customer_id is not null
group by customer_id
having count(*) > 1



  
  
      
    ) dbt_internal_test
[0m11:13:18.434055 [debug] [Thread-3 (]: Opening a new connection, currently in state closed
[0m11:13:18.462453 [debug] [Thread-2 (]: Began executing node test.oracle_warehouse.source_unique_staging_orders_order_id.449154f9c3
[0m11:13:18.473822 [debug] [Thread-2 (]: Writing runtime sql for node "test.oracle_warehouse.source_unique_staging_orders_order_id.449154f9c3"
[0m11:13:18.527002 [debug] [Thread-2 (]: Using postgres connection "test.oracle_warehouse.source_unique_staging_orders_order_id.449154f9c3"
[0m11:13:18.530054 [debug] [Thread-2 (]: On test.oracle_warehouse.source_unique_staging_orders_order_id.449154f9c3: /* {"app": "dbt", "dbt_version": "1.11.11", "profile_name": "oracle_warehouse", "target_name": "prod", "node_id": "test.oracle_warehouse.source_unique_staging_orders_order_id.449154f9c3"} */

    
    select
      count(*) as failures,
      count(*) != 0 as should_warn,
      count(*) != 0 as should_error
    from (
      
    
  
    
    

select
    order_id as unique_field,
    count(*) as n_records

from "warehouse"."staging"."orders"
where order_id is not null
group by order_id
having count(*) > 1



  
  
      
    ) dbt_internal_test
[0m11:13:18.532855 [debug] [Thread-2 (]: Opening a new connection, currently in state closed
[0m11:13:18.635712 [debug] [Thread-3 (]: SQL status: SELECT 1 in 0.202 seconds
[0m11:13:18.640649 [debug] [Thread-3 (]: On test.oracle_warehouse.source_unique_staging_customers_customer_id.d8103a1a70: ROLLBACK
[0m11:13:18.655846 [debug] [Thread-3 (]: On test.oracle_warehouse.source_unique_staging_customers_customer_id.d8103a1a70: Close
[0m11:13:18.661213 [info ] [Thread-3 (]: 13 of 15 PASS source_unique_staging_customers_customer_id ...................... [[32mPASS[0m in 0.44s]
[0m11:13:18.665070 [debug] [Thread-3 (]: Finished running node test.oracle_warehouse.source_unique_staging_customers_customer_id.d8103a1a70
[0m11:13:18.669164 [debug] [Thread-3 (]: Began running node test.oracle_warehouse.unique_fct_orders_order_id.523ddb6ce5
[0m11:13:18.671702 [info ] [Thread-3 (]: 15 of 15 START test unique_fct_orders_order_id ................................. [RUN]
[0m11:13:18.674799 [debug] [Thread-3 (]: Re-using an available connection from the pool (formerly test.oracle_warehouse.source_unique_staging_customers_customer_id.d8103a1a70, now test.oracle_warehouse.unique_fct_orders_order_id.523ddb6ce5)
[0m11:13:18.677767 [debug] [Thread-3 (]: Began compiling node test.oracle_warehouse.unique_fct_orders_order_id.523ddb6ce5
[0m11:13:18.691477 [debug] [Thread-3 (]: Writing injected SQL for node "test.oracle_warehouse.unique_fct_orders_order_id.523ddb6ce5"
[0m11:13:18.738745 [debug] [Thread-3 (]: Began executing node test.oracle_warehouse.unique_fct_orders_order_id.523ddb6ce5
[0m11:13:18.746112 [debug] [Thread-3 (]: Writing runtime sql for node "test.oracle_warehouse.unique_fct_orders_order_id.523ddb6ce5"
[0m11:13:18.786263 [debug] [Thread-3 (]: Using postgres connection "test.oracle_warehouse.unique_fct_orders_order_id.523ddb6ce5"
[0m11:13:18.789021 [debug] [Thread-3 (]: On test.oracle_warehouse.unique_fct_orders_order_id.523ddb6ce5: /* {"app": "dbt", "dbt_version": "1.11.11", "profile_name": "oracle_warehouse", "target_name": "prod", "node_id": "test.oracle_warehouse.unique_fct_orders_order_id.523ddb6ce5"} */

    
    select
      count(*) as failures,
      count(*) != 0 as should_warn,
      count(*) != 0 as should_error
    from (
      
    
  
    
    

select
    order_id as unique_field,
    count(*) as n_records

from "warehouse"."marts_marts"."fct_orders"
where order_id is not null
group by order_id
having count(*) > 1



  
  
      
    ) dbt_internal_test
[0m11:13:18.791651 [debug] [Thread-3 (]: Opening a new connection, currently in state closed
[0m11:13:18.888230 [debug] [Thread-4 (]: SQL status: SELECT 1 in 0.499 seconds
[0m11:13:18.895550 [debug] [Thread-4 (]: On test.oracle_warehouse.source_not_null_staging_orders_order_id.8a94cd7e35: ROLLBACK
[0m11:13:18.906144 [debug] [Thread-4 (]: On test.oracle_warehouse.source_not_null_staging_orders_order_id.8a94cd7e35: Close
[0m11:13:18.911796 [info ] [Thread-4 (]: 11 of 15 PASS source_not_null_staging_orders_order_id .......................... [[32mPASS[0m in 0.78s]
[0m11:13:18.915668 [debug] [Thread-4 (]: Finished running node test.oracle_warehouse.source_not_null_staging_orders_order_id.8a94cd7e35
[0m11:13:19.002026 [debug] [Thread-1 (]: SQL status: SELECT 1 in 0.585 seconds
[0m11:13:19.010241 [debug] [Thread-1 (]: On test.oracle_warehouse.source_not_null_staging_orders_updated_at.9d13676043: ROLLBACK
[0m11:13:19.019290 [debug] [Thread-1 (]: On test.oracle_warehouse.source_not_null_staging_orders_updated_at.9d13676043: Close
[0m11:13:19.023963 [info ] [Thread-1 (]: 12 of 15 PASS source_not_null_staging_orders_updated_at ........................ [[32mPASS[0m in 0.83s]
[0m11:13:19.028802 [debug] [Thread-1 (]: Finished running node test.oracle_warehouse.source_not_null_staging_orders_updated_at.9d13676043
[0m11:13:22.743945 [debug] [Thread-3 (]: SQL status: SELECT 1 in 3.952 seconds
[0m11:13:22.747979 [debug] [Thread-3 (]: On test.oracle_warehouse.unique_fct_orders_order_id.523ddb6ce5: ROLLBACK
[0m11:13:22.757680 [debug] [Thread-3 (]: On test.oracle_warehouse.unique_fct_orders_order_id.523ddb6ce5: Close
[0m11:13:22.762825 [info ] [Thread-3 (]: 15 of 15 PASS unique_fct_orders_order_id ....................................... [[32mPASS[0m in 4.09s]
[0m11:13:22.765508 [debug] [Thread-3 (]: Finished running node test.oracle_warehouse.unique_fct_orders_order_id.523ddb6ce5
[0m11:13:22.811819 [debug] [Thread-2 (]: SQL status: SELECT 1 in 4.279 seconds
[0m11:13:22.816435 [debug] [Thread-2 (]: On test.oracle_warehouse.source_unique_staging_orders_order_id.449154f9c3: ROLLBACK
[0m11:13:22.828012 [debug] [Thread-2 (]: On test.oracle_warehouse.source_unique_staging_orders_order_id.449154f9c3: Close
[0m11:13:22.832670 [info ] [Thread-2 (]: 14 of 15 PASS source_unique_staging_orders_order_id ............................ [[32mPASS[0m in 4.50s]
[0m11:13:22.837335 [debug] [Thread-2 (]: Finished running node test.oracle_warehouse.source_unique_staging_orders_order_id.449154f9c3
[0m11:13:22.850058 [debug] [MainThread]: On master: COMMIT
[0m11:13:22.852373 [debug] [MainThread]: Using postgres connection "master"
[0m11:13:22.855253 [debug] [MainThread]: On master: COMMIT
[0m11:13:22.857000 [debug] [MainThread]: Opening a new connection, currently in state closed
[0m11:13:22.958073 [debug] [MainThread]: SQL status: COMMIT in 0.101 seconds
[0m11:13:22.960979 [debug] [MainThread]: On master: Close
[0m11:13:22.964015 [debug] [MainThread]: Connection 'master' was properly closed.
[0m11:13:22.965754 [debug] [MainThread]: Connection 'test.oracle_warehouse.source_not_null_staging_orders_updated_at.9d13676043' was properly closed.
[0m11:13:22.967692 [debug] [MainThread]: Connection 'test.oracle_warehouse.source_unique_staging_orders_order_id.449154f9c3' was properly closed.
[0m11:13:22.970648 [debug] [MainThread]: Connection 'test.oracle_warehouse.source_not_null_staging_orders_order_id.8a94cd7e35' was properly closed.
[0m11:13:22.972614 [debug] [MainThread]: Connection 'test.oracle_warehouse.unique_fct_orders_order_id.523ddb6ce5' was properly closed.
[0m11:13:22.975216 [info ] [MainThread]: 
[0m11:13:22.977406 [info ] [MainThread]: Finished running 15 data tests in 0 hours 0 minutes and 7.15 seconds (7.15s).
[0m11:13:22.983822 [debug] [MainThread]: Command end result
[0m11:13:23.159419 [debug] [MainThread]: Wrote artifact WritableManifest to /opt/airflow/dbt_project/target/manifest.json
[0m11:13:23.187683 [debug] [MainThread]: Wrote artifact SemanticManifest to /opt/airflow/dbt_project/target/semantic_manifest.json
[0m11:13:23.227026 [debug] [MainThread]: Wrote artifact RunExecutionResult to /opt/airflow/dbt_project/target/run_results.json
[0m11:13:23.229620 [info ] [MainThread]: 
[0m11:13:23.231667 [info ] [MainThread]: [31mCompleted with 3 errors, 0 partial successes, and 0 warnings:[0m
[0m11:13:23.233677 [info ] [MainThread]: 
[0m11:13:23.235276 [error] [MainThread]: [31mFailure in test accepted_values_fct_orders_status__PAID__PENDING__SHIPPED__CANCELLED (models/marts/schema.yml)[0m
[0m11:13:23.236600 [error] [MainThread]:   Got 1 result, configured to fail if != 0
[0m11:13:23.237945 [info ] [MainThread]: 
[0m11:13:23.239217 [info ] [MainThread]:   compiled code at target/compiled/oracle_warehouse/models/marts/schema.yml/accepted_values_fct_orders_2544bdf8bb81daf1d58957f6bfafe675.sql
[0m11:13:23.240767 [info ] [MainThread]: 
[0m11:13:23.243137 [error] [MainThread]: [31mFailure in test source_not_null_staging_customers__dlt_loaded_at (models/staging/sources.yml)[0m
[0m11:13:23.246572 [error] [MainThread]:   Database Error in test source_not_null_staging_customers__dlt_loaded_at (models/staging/sources.yml)
  column "_dlt_loaded_at" does not exist
  LINE 17: select _dlt_loaded_at
                  ^
  compiled code at target/run/oracle_warehouse/models/staging/sources.yml/source_not_null_staging_customers__dlt_loaded_at.sql
[0m11:13:23.250753 [info ] [MainThread]: 
[0m11:13:23.252512 [info ] [MainThread]:   compiled code at target/compiled/oracle_warehouse/models/staging/sources.yml/source_not_null_staging_customers__dlt_loaded_at.sql
[0m11:13:23.253719 [info ] [MainThread]: 
[0m11:13:23.255507 [error] [MainThread]: [31mFailure in test source_not_null_staging_orders__dlt_loaded_at (models/staging/sources.yml)[0m
[0m11:13:23.257069 [error] [MainThread]:   Database Error in test source_not_null_staging_orders__dlt_loaded_at (models/staging/sources.yml)
  column "_dlt_loaded_at" does not exist
  LINE 17: select _dlt_loaded_at
                  ^
  compiled code at target/run/oracle_warehouse/models/staging/sources.yml/source_not_null_staging_orders__dlt_loaded_at.sql
[0m11:13:23.259199 [info ] [MainThread]: 
[0m11:13:23.261628 [info ] [MainThread]:   compiled code at target/compiled/oracle_warehouse/models/staging/sources.yml/source_not_null_staging_orders__dlt_loaded_at.sql
[0m11:13:23.264666 [info ] [MainThread]: 
[0m11:13:23.267250 [info ] [MainThread]: Done. PASS=12 WARN=0 ERROR=3 SKIP=0 NO-OP=0 TOTAL=15
[0m11:13:23.268982 [warn ] [MainThread]: [[33mWARNING[0m][DeprecationsSummary]: Deprecated functionality
Summary of encountered deprecations:
- MissingArgumentsPropertyInGenericTestDeprecation: 2 occurrences
To see all deprecation instances instead of just the first occurrence of each,
run command again with the `--show-all-deprecations` flag. You may also need to
run with `--no-partial-parse` as some deprecations are only encountered during
parsing.
[0m11:13:23.271768 [debug] [MainThread]: Resource report: {"command_name": "test", "command_success": false, "command_wall_clock_time": 11.288745, "process_in_blocks": "0", "process_kernel_time": 0.800075, "process_mem_max_rss": "155572", "process_out_blocks": "0", "process_user_time": 7.27745}
[0m11:13:23.273789 [debug] [MainThread]: Command `dbt test` failed at 11:13:23.273449 after 11.29 seconds
[0m11:13:23.276111 [debug] [MainThread]: Sending event: {'category': 'dbt', 'action': 'invocation', 'label': 'end', 'context': [<snowplow_tracker.self_describing_json.SelfDescribingJson object at 0x78b678edafc0>, <snowplow_tracker.self_describing_json.SelfDescribingJson object at 0x78b678370190>, <snowplow_tracker.self_describing_json.SelfDescribingJson object at 0x78b6783737f0>]}
[0m11:13:23.279313 [debug] [MainThread]: Flushing usage events
[0m11:13:24.228157 [debug] [MainThread]: An error was encountered while trying to flush usage events
[0m14:31:46.699073 [debug] [MainThread]: Sending event: {'category': 'dbt', 'action': 'invocation', 'label': 'start', 'context': [<snowplow_tracker.self_describing_json.SelfDescribingJson object at 0x771655b18ec0>, <snowplow_tracker.self_describing_json.SelfDescribingJson object at 0x7716548abd90>, <snowplow_tracker.self_describing_json.SelfDescribingJson object at 0x7716548abb10>]}


============================== 14:31:46.706602 | 9a2f5e60-9f3c-4afa-b48a-36cfb778439a ==============================
[0m14:31:46.706602 [info ] [MainThread]: Running with dbt=1.11.11
[0m14:31:46.708125 [debug] [MainThread]: running dbt with arguments {'use_colors': 'True', 'printer_width': '80', 'profiles_dir': '.', 'fail_fast': 'False', 'empty': 'None', 'debug': 'False', 'invocation_command': 'dbt docs generate --profiles-dir . --no-version-check --no-partial-parse', 'warn_error': 'None', 'no_print': 'None', 'static_parser': 'True', 'partial_parse': 'False', 'introspect': 'True', 'write_json': 'True', 'quiet': 'False', 'indirect_selection': 'eager', 'cache_selected_only': 'False', 'log_path': '/opt/airflow/dbt_project/logs', 'warn_error_options': 'WarnErrorOptionsV2(error=[], warn=[], silence=[])', 'version_check': 'False', 'use_experimental_parser': 'False', 'log_cache_events': 'False', 'log_format': 'default', 'target_path': 'None', 'send_anonymous_usage_stats': 'True'}
[0m14:31:46.934336 [debug] [MainThread]: Sending event: {'category': 'dbt', 'action': 'project_id', 'label': '9a2f5e60-9f3c-4afa-b48a-36cfb778439a', 'context': [<snowplow_tracker.self_describing_json.SelfDescribingJson object at 0x77165570c3e0>]}
[0m14:31:47.005425 [debug] [MainThread]: Sending event: {'category': 'dbt', 'action': 'adapter_info', 'label': '9a2f5e60-9f3c-4afa-b48a-36cfb778439a', 'context': [<snowplow_tracker.self_describing_json.SelfDescribingJson object at 0x77165750a360>]}
[0m14:31:47.006743 [info ] [MainThread]: Registered adapter: postgres=1.10.0
[0m14:31:47.057939 [debug] [MainThread]: checksum: 30a8cc8fdcbf66701b0944d4ccce3fa46dd04b61e5df68b9f16d57b2e0e3f0be, vars: {}, profile: , target: , version: 1.11.11
[0m14:31:47.061715 [debug] [MainThread]: Partial parsing not enabled
[0m14:31:48.108872 [warn ] [MainThread]: [[33mWARNING[0m][MissingArgumentsPropertyInGenericTestDeprecation]: Deprecated
functionality
Found top-level arguments to test `accepted_values` defined on 'fct_orders' in
package 'oracle_warehouse' (models/marts/schema.yml). Arguments to generic tests
should be nested under the `arguments` property.
[0m14:31:48.110043 [debug] [MainThread]: Sending event: {'category': 'dbt', 'action': 'deprecation', 'label': '9a2f5e60-9f3c-4afa-b48a-36cfb778439a', 'property_': 'warn', 'context': [<snowplow_tracker.self_describing_json.SelfDescribingJson object at 0x771654ac3050>]}
[0m14:31:48.350904 [debug] [MainThread]: Sending event: {'category': 'dbt', 'action': 'load_project', 'label': '9a2f5e60-9f3c-4afa-b48a-36cfb778439a', 'context': [<snowplow_tracker.self_describing_json.SelfDescribingJson object at 0x771652d689b0>]}
[0m14:31:48.390499 [debug] [MainThread]: Sending event: {'category': 'dbt', 'action': 'resource_counts', 'label': '9a2f5e60-9f3c-4afa-b48a-36cfb778439a', 'context': [<snowplow_tracker.self_describing_json.SelfDescribingJson object at 0x77165092d8d0>]}
[0m14:31:48.391568 [info ] [MainThread]: Found 4 models, 15 data tests, 2 sources, 475 macros
[0m14:31:48.393588 [debug] [MainThread]: Sending event: {'category': 'dbt', 'action': 'runnable_timing', 'label': '9a2f5e60-9f3c-4afa-b48a-36cfb778439a', 'context': [<snowplow_tracker.self_describing_json.SelfDescribingJson object at 0x771650728d50>]}
[0m14:31:48.397529 [info ] [MainThread]: 
[0m14:31:48.398513 [info ] [MainThread]: Concurrency: 4 threads (target='prod')
[0m14:31:48.400541 [info ] [MainThread]: 
[0m14:31:48.402036 [debug] [MainThread]: Acquiring new postgres connection 'master'
[0m14:31:48.406845 [debug] [ThreadPool]: Acquiring new postgres connection 'list_warehouse_marts_marts'
[0m14:31:48.451520 [debug] [ThreadPool]: Using postgres connection "list_warehouse_marts_marts"
[0m14:31:48.452822 [debug] [ThreadPool]: On list_warehouse_marts_marts: /* {"app": "dbt", "dbt_version": "1.11.11", "profile_name": "oracle_warehouse", "target_name": "prod", "connection_name": "list_warehouse_marts_marts"} */
select
      'warehouse' as database,
      tablename as name,
      schemaname as schema,
      'table' as type
    from pg_tables
    where schemaname ilike 'marts_marts'
    union all
    select
      'warehouse' as database,
      viewname as name,
      schemaname as schema,
      'view' as type
    from pg_views
    where schemaname ilike 'marts_marts'
    union all
    select
      'warehouse' as database,
      matviewname as name,
      schemaname as schema,
      'materialized_view' as type
    from pg_matviews
    where schemaname ilike 'marts_marts'
  
[0m14:31:48.454130 [debug] [ThreadPool]: Opening a new connection, currently in state init
[0m14:31:48.529936 [debug] [ThreadPool]: SQL status: SELECT 4 in 0.076 seconds
[0m14:31:48.531911 [debug] [ThreadPool]: On list_warehouse_marts_marts: ROLLBACK
[0m14:31:48.535099 [debug] [ThreadPool]: On list_warehouse_marts_marts: Close
[0m14:31:48.540110 [debug] [MainThread]: Using postgres connection "master"
[0m14:31:48.540912 [debug] [MainThread]: On master: /* {"app": "dbt", "dbt_version": "1.11.11", "profile_name": "oracle_warehouse", "target_name": "prod", "connection_name": "master"} */
select distinct
        dependent_namespace.nspname as dependent_schema,
        dependent_class.relname as dependent_name,
        referenced_namespace.nspname as referenced_schema,
        referenced_class.relname as referenced_name

    -- Query for views: views are entries in pg_class with an entry in pg_rewrite, but we avoid
    -- a seq scan on pg_rewrite by leveraging the fact there is an "internal" row in pg_depend for
    -- the view...
    from pg_class as dependent_class
    join pg_namespace as dependent_namespace on dependent_namespace.oid = dependent_class.relnamespace
    join pg_depend as dependent_depend on dependent_depend.refobjid = dependent_class.oid
        and dependent_depend.classid = 'pg_rewrite'::regclass
        and dependent_depend.refclassid = 'pg_class'::regclass
        and dependent_depend.deptype = 'i'

    -- ... and via pg_depend (that has a row per column, hence the need for "distinct" above, and
    -- making sure to exclude the internal row to avoid a view appearing to depend on itself)...
    join pg_depend as joining_depend on joining_depend.objid = dependent_depend.objid
        and joining_depend.classid = 'pg_rewrite'::regclass
        and joining_depend.refclassid = 'pg_class'::regclass
        and joining_depend.refobjid != dependent_depend.refobjid

    -- ... we can find the tables they query from in pg_class, but excluding system tables. Note we
    -- don't need need to exclude _dependent_ system tables, because they only query from other
    -- system tables, and so are automatically excluded by excluding _referenced_ system tables
    join pg_class as referenced_class on referenced_class.oid = joining_depend.refobjid
    join pg_namespace as referenced_namespace on referenced_namespace.oid = referenced_class.relnamespace
        and referenced_namespace.nspname != 'information_schema'
        and referenced_namespace.nspname not like 'pg\_%'

    order by
        dependent_schema, dependent_name, referenced_schema, referenced_name;
[0m14:31:48.542290 [debug] [MainThread]: Opening a new connection, currently in state init
[0m14:31:48.610949 [debug] [MainThread]: SQL status: SELECT 2 in 0.069 seconds
[0m14:31:48.612574 [debug] [MainThread]: Sending event: {'category': 'dbt', 'action': 'runnable_timing', 'label': '9a2f5e60-9f3c-4afa-b48a-36cfb778439a', 'context': [<snowplow_tracker.self_describing_json.SelfDescribingJson object at 0x7716506fc4d0>]}
[0m14:31:48.613437 [debug] [MainThread]: On master: ROLLBACK
[0m14:31:48.617284 [debug] [MainThread]: On master: Close
[0m14:31:48.622482 [debug] [Thread-1 (]: Began running node model.oracle_warehouse.stg_customers
[0m14:31:48.622961 [debug] [Thread-4 (]: Began running node test.oracle_warehouse.source_not_null_staging_customers_customer_id.37583efb74
[0m14:31:48.623355 [debug] [Thread-2 (]: Began running node model.oracle_warehouse.stg_orders
[0m14:31:48.623700 [debug] [Thread-3 (]: Began running node test.oracle_warehouse.source_not_null_staging_customers__dlt_loaded_at.6ea4d6333c
[0m14:31:48.624823 [debug] [Thread-1 (]: Re-using an available connection from the pool (formerly list_warehouse_marts_marts, now model.oracle_warehouse.stg_customers)
[0m14:31:48.625489 [debug] [Thread-4 (]: Acquiring new postgres connection 'test.oracle_warehouse.source_not_null_staging_customers_customer_id.37583efb74'
[0m14:31:48.626135 [debug] [Thread-2 (]: Acquiring new postgres connection 'model.oracle_warehouse.stg_orders'
[0m14:31:48.626752 [debug] [Thread-3 (]: Acquiring new postgres connection 'test.oracle_warehouse.source_not_null_staging_customers__dlt_loaded_at.6ea4d6333c'
[0m14:31:48.627529 [debug] [Thread-1 (]: Began compiling node model.oracle_warehouse.stg_customers
[0m14:31:48.628404 [debug] [Thread-4 (]: Began compiling node test.oracle_warehouse.source_not_null_staging_customers_customer_id.37583efb74
[0m14:31:48.628984 [debug] [Thread-2 (]: Began compiling node model.oracle_warehouse.stg_orders
[0m14:31:48.629557 [debug] [Thread-3 (]: Began compiling node test.oracle_warehouse.source_not_null_staging_customers__dlt_loaded_at.6ea4d6333c
[0m14:31:48.635829 [debug] [Thread-1 (]: Writing injected SQL for node "model.oracle_warehouse.stg_customers"
[0m14:31:48.643054 [debug] [Thread-4 (]: Writing injected SQL for node "test.oracle_warehouse.source_not_null_staging_customers_customer_id.37583efb74"
[0m14:31:48.645534 [debug] [Thread-2 (]: Writing injected SQL for node "model.oracle_warehouse.stg_orders"
[0m14:31:48.649769 [debug] [Thread-3 (]: Writing injected SQL for node "test.oracle_warehouse.source_not_null_staging_customers__dlt_loaded_at.6ea4d6333c"
[0m14:31:48.664899 [debug] [Thread-3 (]: Began executing node test.oracle_warehouse.source_not_null_staging_customers__dlt_loaded_at.6ea4d6333c
[0m14:31:48.665342 [debug] [Thread-1 (]: Began executing node model.oracle_warehouse.stg_customers
[0m14:31:48.665664 [debug] [Thread-2 (]: Began executing node model.oracle_warehouse.stg_orders
[0m14:31:48.666268 [debug] [Thread-3 (]: Finished running node test.oracle_warehouse.source_not_null_staging_customers__dlt_loaded_at.6ea4d6333c
[0m14:31:48.667540 [debug] [Thread-1 (]: Finished running node model.oracle_warehouse.stg_customers
[0m14:31:48.668740 [debug] [Thread-2 (]: Finished running node model.oracle_warehouse.stg_orders
[0m14:31:48.669117 [debug] [Thread-4 (]: Began executing node test.oracle_warehouse.source_not_null_staging_customers_customer_id.37583efb74
[0m14:31:48.669445 [debug] [Thread-3 (]: Began running node test.oracle_warehouse.source_not_null_staging_orders__dlt_loaded_at.89d42ca065
[0m14:31:48.670413 [debug] [Thread-1 (]: Began running node test.oracle_warehouse.source_not_null_staging_orders_order_id.8a94cd7e35
[0m14:31:48.670974 [debug] [Thread-2 (]: Began running node test.oracle_warehouse.source_not_null_staging_orders_updated_at.9d13676043
[0m14:31:48.671877 [debug] [Thread-4 (]: Finished running node test.oracle_warehouse.source_not_null_staging_customers_customer_id.37583efb74
[0m14:31:48.672396 [debug] [Thread-3 (]: Re-using an available connection from the pool (formerly test.oracle_warehouse.source_not_null_staging_customers__dlt_loaded_at.6ea4d6333c, now test.oracle_warehouse.source_not_null_staging_orders__dlt_loaded_at.89d42ca065)
[0m14:31:48.673098 [debug] [Thread-1 (]: Re-using an available connection from the pool (formerly model.oracle_warehouse.stg_customers, now test.oracle_warehouse.source_not_null_staging_orders_order_id.8a94cd7e35)
[0m14:31:48.673538 [debug] [Thread-2 (]: Re-using an available connection from the pool (formerly model.oracle_warehouse.stg_orders, now test.oracle_warehouse.source_not_null_staging_orders_updated_at.9d13676043)
[0m14:31:48.674190 [debug] [Thread-4 (]: Began running node test.oracle_warehouse.source_unique_staging_customers_customer_id.d8103a1a70
[0m14:31:48.674618 [debug] [Thread-3 (]: Began compiling node test.oracle_warehouse.source_not_null_staging_orders__dlt_loaded_at.89d42ca065
[0m14:31:48.675374 [debug] [Thread-1 (]: Began compiling node test.oracle_warehouse.source_not_null_staging_orders_order_id.8a94cd7e35
[0m14:31:48.676537 [debug] [Thread-2 (]: Began compiling node test.oracle_warehouse.source_not_null_staging_orders_updated_at.9d13676043
[0m14:31:48.677495 [debug] [Thread-4 (]: Re-using an available connection from the pool (formerly test.oracle_warehouse.source_not_null_staging_customers_customer_id.37583efb74, now test.oracle_warehouse.source_unique_staging_customers_customer_id.d8103a1a70)
[0m14:31:48.681619 [debug] [Thread-3 (]: Writing injected SQL for node "test.oracle_warehouse.source_not_null_staging_orders__dlt_loaded_at.89d42ca065"
[0m14:31:48.685288 [debug] [Thread-1 (]: Writing injected SQL for node "test.oracle_warehouse.source_not_null_staging_orders_order_id.8a94cd7e35"
[0m14:31:48.688824 [debug] [Thread-2 (]: Writing injected SQL for node "test.oracle_warehouse.source_not_null_staging_orders_updated_at.9d13676043"
[0m14:31:48.689863 [debug] [Thread-4 (]: Began compiling node test.oracle_warehouse.source_unique_staging_customers_customer_id.d8103a1a70
[0m14:31:48.697387 [debug] [Thread-4 (]: Writing injected SQL for node "test.oracle_warehouse.source_unique_staging_customers_customer_id.d8103a1a70"
[0m14:31:48.705931 [debug] [Thread-1 (]: Began executing node test.oracle_warehouse.source_not_null_staging_orders_order_id.8a94cd7e35
[0m14:31:48.707248 [debug] [Thread-1 (]: Finished running node test.oracle_warehouse.source_not_null_staging_orders_order_id.8a94cd7e35
[0m14:31:48.707643 [debug] [Thread-3 (]: Began executing node test.oracle_warehouse.source_not_null_staging_orders__dlt_loaded_at.89d42ca065
[0m14:31:48.708043 [debug] [Thread-1 (]: Began running node test.oracle_warehouse.source_unique_staging_orders_order_id.449154f9c3
[0m14:31:48.708755 [debug] [Thread-3 (]: Finished running node test.oracle_warehouse.source_not_null_staging_orders__dlt_loaded_at.89d42ca065
[0m14:31:48.709101 [debug] [Thread-2 (]: Began executing node test.oracle_warehouse.source_not_null_staging_orders_updated_at.9d13676043
[0m14:31:48.709430 [debug] [Thread-1 (]: Re-using an available connection from the pool (formerly test.oracle_warehouse.source_not_null_staging_orders_order_id.8a94cd7e35, now test.oracle_warehouse.source_unique_staging_orders_order_id.449154f9c3)
[0m14:31:48.710115 [debug] [Thread-3 (]: Began running node model.oracle_warehouse.delta_report
[0m14:31:48.711141 [debug] [Thread-2 (]: Finished running node test.oracle_warehouse.source_not_null_staging_orders_updated_at.9d13676043
[0m14:31:48.711406 [debug] [Thread-4 (]: Began executing node test.oracle_warehouse.source_unique_staging_customers_customer_id.d8103a1a70
[0m14:31:48.711684 [debug] [Thread-1 (]: Began compiling node test.oracle_warehouse.source_unique_staging_orders_order_id.449154f9c3
[0m14:31:48.712232 [debug] [Thread-3 (]: Re-using an available connection from the pool (formerly test.oracle_warehouse.source_not_null_staging_orders__dlt_loaded_at.89d42ca065, now model.oracle_warehouse.delta_report)
[0m14:31:48.713001 [debug] [Thread-2 (]: Began running node model.oracle_warehouse.fct_orders
[0m14:31:48.713759 [debug] [Thread-4 (]: Finished running node test.oracle_warehouse.source_unique_staging_customers_customer_id.d8103a1a70
[0m14:31:48.716903 [debug] [Thread-1 (]: Writing injected SQL for node "test.oracle_warehouse.source_unique_staging_orders_order_id.449154f9c3"
[0m14:31:48.717703 [debug] [Thread-3 (]: Began compiling node model.oracle_warehouse.delta_report
[0m14:31:48.718484 [debug] [Thread-2 (]: Re-using an available connection from the pool (formerly test.oracle_warehouse.source_not_null_staging_orders_updated_at.9d13676043, now model.oracle_warehouse.fct_orders)
[0m14:31:48.723791 [debug] [Thread-3 (]: Writing injected SQL for node "model.oracle_warehouse.delta_report"
[0m14:31:48.724387 [debug] [Thread-2 (]: Began compiling node model.oracle_warehouse.fct_orders
[0m14:31:48.728162 [debug] [Thread-2 (]: Writing injected SQL for node "model.oracle_warehouse.fct_orders"
[0m14:31:48.733040 [debug] [Thread-3 (]: Began executing node model.oracle_warehouse.delta_report
[0m14:31:48.733616 [debug] [Thread-1 (]: Began executing node test.oracle_warehouse.source_unique_staging_orders_order_id.449154f9c3
[0m14:31:48.734369 [debug] [Thread-3 (]: Finished running node model.oracle_warehouse.delta_report
[0m14:31:48.734676 [debug] [Thread-2 (]: Began executing node model.oracle_warehouse.fct_orders
[0m14:31:48.735190 [debug] [Thread-1 (]: Finished running node test.oracle_warehouse.source_unique_staging_orders_order_id.449154f9c3
[0m14:31:48.736379 [debug] [Thread-2 (]: Finished running node model.oracle_warehouse.fct_orders
[0m14:31:48.736686 [debug] [Thread-4 (]: Began running node test.oracle_warehouse.accepted_values_delta_report_change_type__new_row__updated_row.d878a50d17
[0m14:31:48.737018 [debug] [Thread-3 (]: Began running node test.oracle_warehouse.not_null_delta_report_load_date.2749686861
[0m14:31:48.737579 [debug] [Thread-1 (]: Began running node test.oracle_warehouse.not_null_delta_report_order_id.198a693f2b
[0m14:31:48.738486 [debug] [Thread-2 (]: Began running node test.oracle_warehouse.accepted_values_fct_orders_status__PAID__PENDING__SHIPPED__CANCELLED.4bda94c2ee
[0m14:31:48.738800 [debug] [Thread-4 (]: Re-using an available connection from the pool (formerly test.oracle_warehouse.source_unique_staging_customers_customer_id.d8103a1a70, now test.oracle_warehouse.accepted_values_delta_report_change_type__new_row__updated_row.d878a50d17)
[0m14:31:48.739343 [debug] [Thread-3 (]: Re-using an available connection from the pool (formerly model.oracle_warehouse.delta_report, now test.oracle_warehouse.not_null_delta_report_load_date.2749686861)
[0m14:31:48.739971 [debug] [Thread-1 (]: Re-using an available connection from the pool (formerly test.oracle_warehouse.source_unique_staging_orders_order_id.449154f9c3, now test.oracle_warehouse.not_null_delta_report_order_id.198a693f2b)
[0m14:31:48.740464 [debug] [Thread-2 (]: Re-using an available connection from the pool (formerly model.oracle_warehouse.fct_orders, now test.oracle_warehouse.accepted_values_fct_orders_status__PAID__PENDING__SHIPPED__CANCELLED.4bda94c2ee)
[0m14:31:48.741018 [debug] [Thread-4 (]: Began compiling node test.oracle_warehouse.accepted_values_delta_report_change_type__new_row__updated_row.d878a50d17
[0m14:31:48.741525 [debug] [Thread-3 (]: Began compiling node test.oracle_warehouse.not_null_delta_report_load_date.2749686861
[0m14:31:48.742058 [debug] [Thread-1 (]: Began compiling node test.oracle_warehouse.not_null_delta_report_order_id.198a693f2b
[0m14:31:48.742813 [debug] [Thread-2 (]: Began compiling node test.oracle_warehouse.accepted_values_fct_orders_status__PAID__PENDING__SHIPPED__CANCELLED.4bda94c2ee
[0m14:31:48.745921 [debug] [Thread-4 (]: Writing injected SQL for node "test.oracle_warehouse.accepted_values_delta_report_change_type__new_row__updated_row.d878a50d17"
[0m14:31:48.749178 [debug] [Thread-3 (]: Writing injected SQL for node "test.oracle_warehouse.not_null_delta_report_load_date.2749686861"
[0m14:31:48.752237 [debug] [Thread-1 (]: Writing injected SQL for node "test.oracle_warehouse.not_null_delta_report_order_id.198a693f2b"
[0m14:31:48.755616 [debug] [Thread-2 (]: Writing injected SQL for node "test.oracle_warehouse.accepted_values_fct_orders_status__PAID__PENDING__SHIPPED__CANCELLED.4bda94c2ee"
[0m14:31:48.769469 [debug] [Thread-1 (]: Began executing node test.oracle_warehouse.not_null_delta_report_order_id.198a693f2b
[0m14:31:48.769974 [debug] [Thread-2 (]: Began executing node test.oracle_warehouse.accepted_values_fct_orders_status__PAID__PENDING__SHIPPED__CANCELLED.4bda94c2ee
[0m14:31:48.770966 [debug] [Thread-1 (]: Finished running node test.oracle_warehouse.not_null_delta_report_order_id.198a693f2b
[0m14:31:48.771310 [debug] [Thread-3 (]: Began executing node test.oracle_warehouse.not_null_delta_report_load_date.2749686861
[0m14:31:48.771880 [debug] [Thread-2 (]: Finished running node test.oracle_warehouse.accepted_values_fct_orders_status__PAID__PENDING__SHIPPED__CANCELLED.4bda94c2ee
[0m14:31:48.772386 [debug] [Thread-1 (]: Began running node test.oracle_warehouse.not_null_fct_orders_amount.66810a8d08
[0m14:31:48.772837 [debug] [Thread-4 (]: Began executing node test.oracle_warehouse.accepted_values_delta_report_change_type__new_row__updated_row.d878a50d17
[0m14:31:48.773531 [debug] [Thread-3 (]: Finished running node test.oracle_warehouse.not_null_delta_report_load_date.2749686861
[0m14:31:48.774116 [debug] [Thread-2 (]: Began running node test.oracle_warehouse.not_null_fct_orders_loaded_at.7cb41085ba
[0m14:31:48.774587 [debug] [Thread-1 (]: Re-using an available connection from the pool (formerly test.oracle_warehouse.not_null_delta_report_order_id.198a693f2b, now test.oracle_warehouse.not_null_fct_orders_amount.66810a8d08)
[0m14:31:48.775588 [debug] [Thread-4 (]: Finished running node test.oracle_warehouse.accepted_values_delta_report_change_type__new_row__updated_row.d878a50d17
[0m14:31:48.776402 [debug] [Thread-3 (]: Began running node test.oracle_warehouse.not_null_fct_orders_order_id.4e687af8d0
[0m14:31:48.777235 [debug] [Thread-2 (]: Re-using an available connection from the pool (formerly test.oracle_warehouse.accepted_values_fct_orders_status__PAID__PENDING__SHIPPED__CANCELLED.4bda94c2ee, now test.oracle_warehouse.not_null_fct_orders_loaded_at.7cb41085ba)
[0m14:31:48.777800 [debug] [Thread-1 (]: Began compiling node test.oracle_warehouse.not_null_fct_orders_amount.66810a8d08
[0m14:31:48.778244 [debug] [Thread-4 (]: Began running node test.oracle_warehouse.unique_fct_orders_order_id.523ddb6ce5
[0m14:31:48.778717 [debug] [Thread-3 (]: Re-using an available connection from the pool (formerly test.oracle_warehouse.not_null_delta_report_load_date.2749686861, now test.oracle_warehouse.not_null_fct_orders_order_id.4e687af8d0)
[0m14:31:48.779125 [debug] [Thread-2 (]: Began compiling node test.oracle_warehouse.not_null_fct_orders_loaded_at.7cb41085ba
[0m14:31:48.782392 [debug] [Thread-1 (]: Writing injected SQL for node "test.oracle_warehouse.not_null_fct_orders_amount.66810a8d08"
[0m14:31:48.784505 [debug] [Thread-4 (]: Re-using an available connection from the pool (formerly test.oracle_warehouse.accepted_values_delta_report_change_type__new_row__updated_row.d878a50d17, now test.oracle_warehouse.unique_fct_orders_order_id.523ddb6ce5)
[0m14:31:48.785107 [debug] [Thread-3 (]: Began compiling node test.oracle_warehouse.not_null_fct_orders_order_id.4e687af8d0
[0m14:31:48.788208 [debug] [Thread-2 (]: Writing injected SQL for node "test.oracle_warehouse.not_null_fct_orders_loaded_at.7cb41085ba"
[0m14:31:48.789488 [debug] [Thread-4 (]: Began compiling node test.oracle_warehouse.unique_fct_orders_order_id.523ddb6ce5
[0m14:31:48.792894 [debug] [Thread-3 (]: Writing injected SQL for node "test.oracle_warehouse.not_null_fct_orders_order_id.4e687af8d0"
[0m14:31:48.797358 [debug] [Thread-4 (]: Writing injected SQL for node "test.oracle_warehouse.unique_fct_orders_order_id.523ddb6ce5"
[0m14:31:48.809406 [debug] [Thread-1 (]: Began executing node test.oracle_warehouse.not_null_fct_orders_amount.66810a8d08
[0m14:31:48.810740 [debug] [Thread-2 (]: Began executing node test.oracle_warehouse.not_null_fct_orders_loaded_at.7cb41085ba
[0m14:31:48.811471 [debug] [Thread-1 (]: Finished running node test.oracle_warehouse.not_null_fct_orders_amount.66810a8d08
[0m14:31:48.811869 [debug] [Thread-3 (]: Began executing node test.oracle_warehouse.not_null_fct_orders_order_id.4e687af8d0
[0m14:31:48.812857 [debug] [Thread-2 (]: Finished running node test.oracle_warehouse.not_null_fct_orders_loaded_at.7cb41085ba
[0m14:31:48.814400 [debug] [Thread-3 (]: Finished running node test.oracle_warehouse.not_null_fct_orders_order_id.4e687af8d0
[0m14:31:48.814777 [debug] [Thread-4 (]: Began executing node test.oracle_warehouse.unique_fct_orders_order_id.523ddb6ce5
[0m14:31:48.816246 [debug] [Thread-4 (]: Finished running node test.oracle_warehouse.unique_fct_orders_order_id.523ddb6ce5
[0m14:31:48.821362 [debug] [MainThread]: Connection 'master' was properly closed.
[0m14:31:48.822015 [debug] [MainThread]: Connection 'test.oracle_warehouse.not_null_fct_orders_amount.66810a8d08' was properly closed.
[0m14:31:48.822387 [debug] [MainThread]: Connection 'test.oracle_warehouse.unique_fct_orders_order_id.523ddb6ce5' was properly closed.
[0m14:31:48.822683 [debug] [MainThread]: Connection 'test.oracle_warehouse.not_null_fct_orders_loaded_at.7cb41085ba' was properly closed.
[0m14:31:48.822997 [debug] [MainThread]: Connection 'test.oracle_warehouse.not_null_fct_orders_order_id.4e687af8d0' was properly closed.
[0m14:31:48.824869 [debug] [MainThread]: Command end result
[0m14:31:48.941162 [debug] [MainThread]: Wrote artifact WritableManifest to /opt/airflow/dbt_project/target/manifest.json
[0m14:31:48.947355 [debug] [MainThread]: Wrote artifact SemanticManifest to /opt/airflow/dbt_project/target/semantic_manifest.json
[0m14:31:48.956231 [debug] [MainThread]: Wrote artifact RunExecutionResult to /opt/airflow/dbt_project/target/run_results.json
[0m14:31:48.977492 [debug] [MainThread]: Acquiring new postgres connection 'generate_catalog'
[0m14:31:48.978074 [info ] [MainThread]: Building catalog
[0m14:31:48.986758 [debug] [ThreadPool]: Acquiring new postgres connection 'warehouse.information_schema'
[0m14:31:48.993140 [debug] [ThreadPool]: Using postgres connection "warehouse.information_schema"
[0m14:31:48.993953 [debug] [ThreadPool]: On warehouse.information_schema: /* {"app": "dbt", "dbt_version": "1.11.11", "profile_name": "oracle_warehouse", "target_name": "prod", "connection_name": "warehouse.information_schema"} */

    
    

    select
        'warehouse' as table_database,
        sch.nspname as table_schema,
        tbl.relname as table_name,
        case tbl.relkind
            when 'v' then 'VIEW'
            when 'm' then 'MATERIALIZED VIEW'
            else 'BASE TABLE'
        end as table_type,
        tbl_desc.description as table_comment,
        col.attname as column_name,
        col.attnum as column_index,
        pg_catalog.format_type(col.atttypid, col.atttypmod) as column_type,
        col_desc.description as column_comment,
        pg_get_userbyid(tbl.relowner) as table_owner

    from pg_catalog.pg_namespace sch
    join pg_catalog.pg_class tbl on tbl.relnamespace = sch.oid
    join pg_catalog.pg_attribute col on col.attrelid = tbl.oid
    left outer join pg_catalog.pg_description tbl_desc on (tbl_desc.objoid = tbl.oid and tbl_desc.objsubid = 0)
    left outer join pg_catalog.pg_description col_desc on (col_desc.objoid = tbl.oid and col_desc.objsubid = col.attnum)
    where ((upper(sch.nspname) = upper('marts_marts') and
           upper(tbl.relname) = upper('fct_orders')) or (upper(sch.nspname) = upper('marts_marts') and
           upper(tbl.relname) = upper('stg_orders')) or (upper(sch.nspname) = upper('marts_marts') and
           upper(tbl.relname) = upper('delta_report')) or (upper(sch.nspname) = upper('staging') and
           upper(tbl.relname) = upper('customers')) or (upper(sch.nspname) = upper('marts_marts') and
           upper(tbl.relname) = upper('stg_customers')) or (upper(sch.nspname) = upper('staging') and
           upper(tbl.relname) = upper('orders')))
      and not pg_is_other_temp_schema(sch.oid) -- not a temporary schema belonging to another session
      and tbl.relpersistence in ('p', 'u') -- [p]ermanent table or [u]nlogged table. Exclude [t]emporary tables
      and tbl.relkind in ('r', 'v', 'f', 'p', 'm') -- o[r]dinary table, [v]iew, [f]oreign table, [p]artitioned table, [m]aterialized view. Other values are [i]ndex, [S]equence, [c]omposite type, [t]OAST table
      and col.attnum > 0 -- negative numbers are used for system columns such as oid
      and not col.attisdropped -- column as not been dropped

    order by
        sch.nspname,
        tbl.relname,
        col.attnum
[0m14:31:48.994458 [debug] [ThreadPool]: Opening a new connection, currently in state init
[0m14:31:49.045601 [debug] [ThreadPool]: SQL status: SELECT 64 in 0.051 seconds
[0m14:31:49.051985 [debug] [ThreadPool]: On warehouse.information_schema: ROLLBACK
[0m14:31:49.062675 [debug] [ThreadPool]: On warehouse.information_schema: Close
[0m14:31:49.084873 [debug] [MainThread]: Wrote artifact CatalogArtifact to /opt/airflow/dbt_project/target/catalog.json
[0m14:31:49.143286 [debug] [MainThread]: Wrote artifact WritableManifest to /opt/airflow/dbt_project/target/manifest.json
[0m14:31:49.150314 [debug] [MainThread]: Wrote artifact SemanticManifest to /opt/airflow/dbt_project/target/semantic_manifest.json
[0m14:31:49.151026 [info ] [MainThread]: Catalog written to /opt/airflow/dbt_project/target/catalog.json
[0m14:31:49.152037 [warn ] [MainThread]: [[33mWARNING[0m][DeprecationsSummary]: Deprecated functionality
Summary of encountered deprecations:
- MissingArgumentsPropertyInGenericTestDeprecation: 2 occurrences
To see all deprecation instances instead of just the first occurrence of each,
run command again with the `--show-all-deprecations` flag. You may also need to
run with `--no-partial-parse` as some deprecations are only encountered during
parsing.
[0m14:31:49.154434 [debug] [MainThread]: Resource report: {"command_name": "generate", "command_success": true, "command_wall_clock_time": 2.5486705, "process_in_blocks": "3600", "process_kernel_time": 0.569174, "process_mem_max_rss": "152584", "process_out_blocks": "0", "process_user_time": 2.954095}
[0m14:31:49.155873 [debug] [MainThread]: Command `dbt docs generate` succeeded at 14:31:49.155736 after 2.55 seconds
[0m14:31:49.156604 [debug] [MainThread]: Connection 'generate_catalog' was properly closed.
[0m14:31:49.157239 [debug] [MainThread]: Connection 'warehouse.information_schema' was properly closed.
[0m14:31:49.157801 [debug] [MainThread]: Sending event: {'category': 'dbt', 'action': 'invocation', 'label': 'end', 'context': [<snowplow_tracker.self_describing_json.SelfDescribingJson object at 0x7716508b10d0>, <snowplow_tracker.self_describing_json.SelfDescribingJson object at 0x77165588b070>, <snowplow_tracker.self_describing_json.SelfDescribingJson object at 0x771652910cd0>]}
[0m14:31:49.158462 [debug] [MainThread]: Flushing usage events
[0m14:31:51.144745 [debug] [MainThread]: An error was encountered while trying to flush usage events
[0m08:05:12.944668 [debug] [MainThread]: Sending event: {'category': 'dbt', 'action': 'invocation', 'label': 'start', 'context': [<snowplow_tracker.self_describing_json.SelfDescribingJson object at 0x79d3bc230ec0>, <snowplow_tracker.self_describing_json.SelfDescribingJson object at 0x79d3bb13fc50>, <snowplow_tracker.self_describing_json.SelfDescribingJson object at 0x79d3bb13fb10>]}


============================== 08:05:12.953319 | 123708b8-6cbc-4de2-a3fa-e2b982a518c5 ==============================
[0m08:05:12.953319 [info ] [MainThread]: Running with dbt=1.11.11
[0m08:05:12.954826 [debug] [MainThread]: running dbt with arguments {'debug': 'False', 'send_anonymous_usage_stats': 'True', 'use_colors': 'True', 'log_cache_events': 'False', 'introspect': 'True', 'fail_fast': 'False', 'use_experimental_parser': 'False', 'printer_width': '80', 'log_path': '/opt/airflow/dbt_project/logs', 'indirect_selection': 'eager', 'write_json': 'True', 'version_check': 'False', 'partial_parse': 'False', 'no_print': 'None', 'warn_error': 'None', 'target_path': 'None', 'static_parser': 'True', 'warn_error_options': 'WarnErrorOptionsV2(error=[], warn=[], silence=[])', 'log_format': 'default', 'cache_selected_only': 'False', 'profiles_dir': '/opt/airflow/dbt_project', 'empty': 'False', 'quiet': 'False', 'invocation_command': 'dbt run --project-dir /opt/airflow/dbt_project --profiles-dir /opt/airflow/dbt_project --select staging --no-version-check --no-partial-parse'}
[0m08:05:13.504958 [debug] [MainThread]: Sending event: {'category': 'dbt', 'action': 'project_id', 'label': '123708b8-6cbc-4de2-a3fa-e2b982a518c5', 'context': [<snowplow_tracker.self_describing_json.SelfDescribingJson object at 0x79d3bbe1c3e0>]}
[0m08:05:13.629532 [debug] [MainThread]: Sending event: {'category': 'dbt', 'action': 'adapter_info', 'label': '123708b8-6cbc-4de2-a3fa-e2b982a518c5', 'context': [<snowplow_tracker.self_describing_json.SelfDescribingJson object at 0x79d3bdc1e360>]}
[0m08:05:13.636823 [info ] [MainThread]: Registered adapter: postgres=1.10.0
[0m08:05:13.744473 [debug] [MainThread]: checksum: 30a8cc8fdcbf66701b0944d4ccce3fa46dd04b61e5df68b9f16d57b2e0e3f0be, vars: {}, profile: , target: , version: 1.11.11
[0m08:05:13.752994 [debug] [MainThread]: Partial parsing not enabled
[0m08:05:16.298938 [warn ] [MainThread]: [[33mWARNING[0m][MissingArgumentsPropertyInGenericTestDeprecation]: Deprecated
functionality
Found top-level arguments to test `accepted_values` defined on 'fct_orders' in
package 'oracle_warehouse' (models/marts/schema.yml). Arguments to generic tests
should be nested under the `arguments` property.
[0m08:05:16.300133 [debug] [MainThread]: Sending event: {'category': 'dbt', 'action': 'deprecation', 'label': '123708b8-6cbc-4de2-a3fa-e2b982a518c5', 'property_': 'warn', 'context': [<snowplow_tracker.self_describing_json.SelfDescribingJson object at 0x79d3bb1d3050>]}
[0m08:05:16.696356 [debug] [MainThread]: Sending event: {'category': 'dbt', 'action': 'load_project', 'label': '123708b8-6cbc-4de2-a3fa-e2b982a518c5', 'context': [<snowplow_tracker.self_describing_json.SelfDescribingJson object at 0x79d3b97708c0>]}
[0m08:05:16.868358 [debug] [MainThread]: Wrote artifact WritableManifest to /opt/airflow/dbt_project/target/manifest.json
[0m08:05:16.876989 [debug] [MainThread]: Wrote artifact SemanticManifest to /opt/airflow/dbt_project/target/semantic_manifest.json
[0m08:05:16.914906 [debug] [MainThread]: Sending event: {'category': 'dbt', 'action': 'resource_counts', 'label': '123708b8-6cbc-4de2-a3fa-e2b982a518c5', 'context': [<snowplow_tracker.self_describing_json.SelfDescribingJson object at 0x79d3b81f82f0>]}
[0m08:05:16.916038 [info ] [MainThread]: Found 4 models, 15 data tests, 2 sources, 475 macros
[0m08:05:16.916780 [debug] [MainThread]: Sending event: {'category': 'dbt', 'action': 'runnable_timing', 'label': '123708b8-6cbc-4de2-a3fa-e2b982a518c5', 'context': [<snowplow_tracker.self_describing_json.SelfDescribingJson object at 0x79d3b9756340>]}
[0m08:05:16.919950 [info ] [MainThread]: 
[0m08:05:16.921138 [info ] [MainThread]: Concurrency: 4 threads (target='prod')
[0m08:05:16.922064 [info ] [MainThread]: 
[0m08:05:16.923266 [debug] [MainThread]: Acquiring new postgres connection 'master'
[0m08:05:16.929114 [debug] [ThreadPool]: Acquiring new postgres connection 'list_warehouse'
[0m08:05:17.049098 [debug] [ThreadPool]: Using postgres connection "list_warehouse"
[0m08:05:17.050327 [debug] [ThreadPool]: On list_warehouse: /* {"app": "dbt", "dbt_version": "1.11.11", "profile_name": "oracle_warehouse", "target_name": "prod", "connection_name": "list_warehouse"} */

    select distinct nspname from pg_namespace
  
[0m08:05:17.052163 [debug] [ThreadPool]: Opening a new connection, currently in state init
[0m08:05:17.212198 [debug] [ThreadPool]: SQL status: SELECT 16 in 0.160 seconds
[0m08:05:17.216101 [debug] [ThreadPool]: On list_warehouse: Close
[0m08:05:17.220922 [debug] [ThreadPool]: Re-using an available connection from the pool (formerly list_warehouse, now list_warehouse_marts_marts)
[0m08:05:17.234948 [debug] [ThreadPool]: Using postgres connection "list_warehouse_marts_marts"
[0m08:05:17.237114 [debug] [ThreadPool]: On list_warehouse_marts_marts: /* {"app": "dbt", "dbt_version": "1.11.11", "profile_name": "oracle_warehouse", "target_name": "prod", "connection_name": "list_warehouse_marts_marts"} */
select
      'warehouse' as database,
      tablename as name,
      schemaname as schema,
      'table' as type
    from pg_tables
    where schemaname ilike 'marts_marts'
    union all
    select
      'warehouse' as database,
      viewname as name,
      schemaname as schema,
      'view' as type
    from pg_views
    where schemaname ilike 'marts_marts'
    union all
    select
      'warehouse' as database,
      matviewname as name,
      schemaname as schema,
      'materialized_view' as type
    from pg_matviews
    where schemaname ilike 'marts_marts'
  
[0m08:05:17.239291 [debug] [ThreadPool]: Opening a new connection, currently in state closed
[0m08:05:17.425460 [debug] [ThreadPool]: SQL status: SELECT 4 in 0.186 seconds
[0m08:05:17.431091 [debug] [ThreadPool]: On list_warehouse_marts_marts: ROLLBACK
[0m08:05:17.441756 [debug] [ThreadPool]: On list_warehouse_marts_marts: Close
[0m08:05:17.459089 [debug] [MainThread]: Using postgres connection "master"
[0m08:05:17.461111 [debug] [MainThread]: On master: /* {"app": "dbt", "dbt_version": "1.11.11", "profile_name": "oracle_warehouse", "target_name": "prod", "connection_name": "master"} */
select distinct
        dependent_namespace.nspname as dependent_schema,
        dependent_class.relname as dependent_name,
        referenced_namespace.nspname as referenced_schema,
        referenced_class.relname as referenced_name

    -- Query for views: views are entries in pg_class with an entry in pg_rewrite, but we avoid
    -- a seq scan on pg_rewrite by leveraging the fact there is an "internal" row in pg_depend for
    -- the view...
    from pg_class as dependent_class
    join pg_namespace as dependent_namespace on dependent_namespace.oid = dependent_class.relnamespace
    join pg_depend as dependent_depend on dependent_depend.refobjid = dependent_class.oid
        and dependent_depend.classid = 'pg_rewrite'::regclass
        and dependent_depend.refclassid = 'pg_class'::regclass
        and dependent_depend.deptype = 'i'

    -- ... and via pg_depend (that has a row per column, hence the need for "distinct" above, and
    -- making sure to exclude the internal row to avoid a view appearing to depend on itself)...
    join pg_depend as joining_depend on joining_depend.objid = dependent_depend.objid
        and joining_depend.classid = 'pg_rewrite'::regclass
        and joining_depend.refclassid = 'pg_class'::regclass
        and joining_depend.refobjid != dependent_depend.refobjid

    -- ... we can find the tables they query from in pg_class, but excluding system tables. Note we
    -- don't need need to exclude _dependent_ system tables, because they only query from other
    -- system tables, and so are automatically excluded by excluding _referenced_ system tables
    join pg_class as referenced_class on referenced_class.oid = joining_depend.refobjid
    join pg_namespace as referenced_namespace on referenced_namespace.oid = referenced_class.relnamespace
        and referenced_namespace.nspname != 'information_schema'
        and referenced_namespace.nspname not like 'pg\_%'

    order by
        dependent_schema, dependent_name, referenced_schema, referenced_name;
[0m08:05:17.462775 [debug] [MainThread]: Opening a new connection, currently in state init
[0m08:05:17.619304 [debug] [MainThread]: SQL status: SELECT 2 in 0.156 seconds
[0m08:05:17.626755 [debug] [MainThread]: Sending event: {'category': 'dbt', 'action': 'runnable_timing', 'label': '123708b8-6cbc-4de2-a3fa-e2b982a518c5', 'context': [<snowplow_tracker.self_describing_json.SelfDescribingJson object at 0x79d3b2d0dd90>]}
[0m08:05:17.629713 [debug] [MainThread]: On master: ROLLBACK
[0m08:05:17.642556 [debug] [MainThread]: On master: COMMIT
[0m08:05:17.645353 [debug] [MainThread]: Using postgres connection "master"
[0m08:05:17.647746 [debug] [MainThread]: On master: COMMIT
[0m08:05:17.667248 [debug] [MainThread]: SQL status: COMMIT in 0.017 seconds
[0m08:05:17.669813 [debug] [MainThread]: On master: Close
[0m08:05:17.695667 [debug] [Thread-1 (]: Began running node model.oracle_warehouse.stg_customers
[0m08:05:17.697280 [debug] [Thread-2 (]: Began running node model.oracle_warehouse.stg_orders
[0m08:05:17.699368 [info ] [Thread-1 (]: 1 of 2 START sql view model marts_marts.stg_customers .......................... [RUN]
[0m08:05:17.702342 [info ] [Thread-2 (]: 2 of 2 START sql view model marts_marts.stg_orders ............................. [RUN]
[0m08:05:17.704513 [debug] [Thread-1 (]: Re-using an available connection from the pool (formerly list_warehouse_marts_marts, now model.oracle_warehouse.stg_customers)
[0m08:05:17.707057 [debug] [Thread-2 (]: Acquiring new postgres connection 'model.oracle_warehouse.stg_orders'
[0m08:05:17.709810 [debug] [Thread-1 (]: Began compiling node model.oracle_warehouse.stg_customers
[0m08:05:17.711334 [debug] [Thread-2 (]: Began compiling node model.oracle_warehouse.stg_orders
[0m08:05:17.723729 [debug] [Thread-1 (]: Writing injected SQL for node "model.oracle_warehouse.stg_customers"
[0m08:05:17.728313 [debug] [Thread-2 (]: Writing injected SQL for node "model.oracle_warehouse.stg_orders"
[0m08:05:17.749022 [debug] [Thread-1 (]: Began executing node model.oracle_warehouse.stg_customers
[0m08:05:17.759903 [debug] [Thread-2 (]: Began executing node model.oracle_warehouse.stg_orders
[0m08:05:17.862716 [debug] [Thread-2 (]: Writing runtime sql for node "model.oracle_warehouse.stg_orders"
[0m08:05:17.865397 [debug] [Thread-1 (]: Writing runtime sql for node "model.oracle_warehouse.stg_customers"
[0m08:05:17.882453 [debug] [Thread-1 (]: Using postgres connection "model.oracle_warehouse.stg_customers"
[0m08:05:17.884261 [debug] [Thread-1 (]: On model.oracle_warehouse.stg_customers: /* {"app": "dbt", "dbt_version": "1.11.11", "profile_name": "oracle_warehouse", "target_name": "prod", "node_id": "model.oracle_warehouse.stg_customers"} */

  create view "warehouse"."marts_marts"."stg_customers__dbt_tmp"
    
    
  as (
    -- =============================================================================
-- models/staging/stg_customers.sql
-- =============================================================================



SELECT
    customer_id::INTEGER                AS customer_id,
    INITCAP(TRIM(full_name))            AS full_name,
    LOWER(TRIM(email))                  AS email,
    UPPER(TRIM(country))                AS country,
    UPPER(TRIM(tier))                   AS tier,   -- GOLD / SILVER / STANDARD

    created_at::TIMESTAMPTZ             AS created_at,
    updated_at::TIMESTAMPTZ             AS updated_at,

    _dlt_id                             AS _dlt_id,
    _dlt_load_id                      AS _dlt_load_id

FROM "warehouse"."staging"."customers"
WHERE COALESCE(is_deleted, 0) = 0
  );
[0m08:05:17.888167 [debug] [Thread-1 (]: Opening a new connection, currently in state closed
[0m08:05:17.892357 [debug] [Thread-2 (]: Using postgres connection "model.oracle_warehouse.stg_orders"
[0m08:05:17.899106 [debug] [Thread-2 (]: On model.oracle_warehouse.stg_orders: /* {"app": "dbt", "dbt_version": "1.11.11", "profile_name": "oracle_warehouse", "target_name": "prod", "node_id": "model.oracle_warehouse.stg_orders"} */

  create view "warehouse"."marts_marts"."stg_orders__dbt_tmp"
    
    
  as (
    -- =============================================================================
-- models/staging/stg_orders.sql
-- =============================================================================
-- Lightweight VIEW over the raw DLT-loaded orders table.
-- Purpose: cast types, rename columns, filter soft-deletes.
-- Materialized as a VIEW so it always reflects the latest DLT load.
-- =============================================================================



SELECT
    order_id::INTEGER                   AS order_id,
    customer_id::INTEGER                AS customer_id,

    UPPER(TRIM(status))                 AS status,
    amount::NUMERIC(10,2)               AS amount,
    UPPER(TRIM(product_code))           AS product_code,

    created_at::TIMESTAMPTZ             AS created_at,
    updated_at::TIMESTAMPTZ             AS updated_at,

    -- DLT metadata columns — kept for delta filtering in marts
    _dlt_id                             AS _dlt_id,
    _dlt_load_id                      AS _dlt_load_id

FROM "warehouse"."staging"."orders"

-- Filter soft-deleted rows (is_deleted=1 set in Oracle before export)
WHERE COALESCE(is_deleted, 0) = 0
  );
[0m08:05:17.902062 [debug] [Thread-2 (]: Opening a new connection, currently in state init
[0m08:05:18.293234 [debug] [Thread-2 (]: SQL status: CREATE VIEW in 0.391 seconds
[0m08:05:18.295622 [debug] [Thread-1 (]: SQL status: CREATE VIEW in 0.407 seconds
[0m08:05:18.306210 [debug] [Thread-2 (]: Using postgres connection "model.oracle_warehouse.stg_orders"
[0m08:05:18.311268 [debug] [Thread-1 (]: Using postgres connection "model.oracle_warehouse.stg_customers"
[0m08:05:18.313163 [debug] [Thread-2 (]: On model.oracle_warehouse.stg_orders: /* {"app": "dbt", "dbt_version": "1.11.11", "profile_name": "oracle_warehouse", "target_name": "prod", "node_id": "model.oracle_warehouse.stg_orders"} */
alter table "warehouse"."marts_marts"."stg_orders" rename to "stg_orders__dbt_backup"
[0m08:05:18.315248 [debug] [Thread-1 (]: On model.oracle_warehouse.stg_customers: /* {"app": "dbt", "dbt_version": "1.11.11", "profile_name": "oracle_warehouse", "target_name": "prod", "node_id": "model.oracle_warehouse.stg_customers"} */
alter table "warehouse"."marts_marts"."stg_customers" rename to "stg_customers__dbt_backup"
[0m08:05:18.326106 [debug] [Thread-1 (]: SQL status: ALTER TABLE in 0.008 seconds
[0m08:05:18.327187 [debug] [Thread-2 (]: SQL status: ALTER TABLE in 0.010 seconds
[0m08:05:18.331307 [debug] [Thread-1 (]: Using postgres connection "model.oracle_warehouse.stg_customers"
[0m08:05:18.336307 [debug] [Thread-2 (]: Using postgres connection "model.oracle_warehouse.stg_orders"
[0m08:05:18.338123 [debug] [Thread-1 (]: On model.oracle_warehouse.stg_customers: /* {"app": "dbt", "dbt_version": "1.11.11", "profile_name": "oracle_warehouse", "target_name": "prod", "node_id": "model.oracle_warehouse.stg_customers"} */
alter table "warehouse"."marts_marts"."stg_customers__dbt_tmp" rename to "stg_customers"
[0m08:05:18.339716 [debug] [Thread-2 (]: On model.oracle_warehouse.stg_orders: /* {"app": "dbt", "dbt_version": "1.11.11", "profile_name": "oracle_warehouse", "target_name": "prod", "node_id": "model.oracle_warehouse.stg_orders"} */
alter table "warehouse"."marts_marts"."stg_orders__dbt_tmp" rename to "stg_orders"
[0m08:05:18.354436 [debug] [Thread-2 (]: SQL status: ALTER TABLE in 0.012 seconds
[0m08:05:18.366534 [debug] [Thread-1 (]: SQL status: ALTER TABLE in 0.025 seconds
[0m08:05:18.402760 [debug] [Thread-2 (]: On model.oracle_warehouse.stg_orders: COMMIT
[0m08:05:18.403625 [debug] [Thread-1 (]: On model.oracle_warehouse.stg_customers: COMMIT
[0m08:05:18.404625 [debug] [Thread-2 (]: Using postgres connection "model.oracle_warehouse.stg_orders"
[0m08:05:18.406189 [debug] [Thread-1 (]: Using postgres connection "model.oracle_warehouse.stg_customers"
[0m08:05:18.407892 [debug] [Thread-2 (]: On model.oracle_warehouse.stg_orders: COMMIT
[0m08:05:18.409864 [debug] [Thread-1 (]: On model.oracle_warehouse.stg_customers: COMMIT
[0m08:05:18.452820 [debug] [Thread-2 (]: SQL status: COMMIT in 0.041 seconds
[0m08:05:18.468345 [debug] [Thread-2 (]: Applying DROP to: "warehouse"."marts_marts"."stg_orders__dbt_backup"
[0m08:05:18.471314 [debug] [Thread-1 (]: SQL status: COMMIT in 0.058 seconds
[0m08:05:18.481313 [debug] [Thread-2 (]: Using postgres connection "model.oracle_warehouse.stg_orders"
[0m08:05:18.484801 [debug] [Thread-1 (]: Applying DROP to: "warehouse"."marts_marts"."stg_customers__dbt_backup"
[0m08:05:18.486359 [debug] [Thread-2 (]: On model.oracle_warehouse.stg_orders: /* {"app": "dbt", "dbt_version": "1.11.11", "profile_name": "oracle_warehouse", "target_name": "prod", "node_id": "model.oracle_warehouse.stg_orders"} */
drop view if exists "warehouse"."marts_marts"."stg_orders__dbt_backup" cascade
[0m08:05:18.490108 [debug] [Thread-1 (]: Using postgres connection "model.oracle_warehouse.stg_customers"
[0m08:05:18.495031 [debug] [Thread-1 (]: On model.oracle_warehouse.stg_customers: /* {"app": "dbt", "dbt_version": "1.11.11", "profile_name": "oracle_warehouse", "target_name": "prod", "node_id": "model.oracle_warehouse.stg_customers"} */
drop view if exists "warehouse"."marts_marts"."stg_customers__dbt_backup" cascade
[0m08:05:18.566739 [debug] [Thread-1 (]: SQL status: DROP VIEW in 0.064 seconds
[0m08:05:18.573873 [debug] [Thread-1 (]: On model.oracle_warehouse.stg_customers: Close
[0m08:05:18.581709 [debug] [Thread-1 (]: Sending event: {'category': 'dbt', 'action': 'run_model', 'label': '123708b8-6cbc-4de2-a3fa-e2b982a518c5', 'context': [<snowplow_tracker.self_describing_json.SelfDescribingJson object at 0x79d3b2dd2150>]}
[0m08:05:18.583420 [debug] [Thread-2 (]: SQL status: DROP VIEW in 0.089 seconds
[0m08:05:18.584954 [info ] [Thread-1 (]: 1 of 2 OK created sql view model marts_marts.stg_customers ..................... [[32mCREATE VIEW[0m in 0.87s]
[0m08:05:18.588411 [debug] [Thread-2 (]: On model.oracle_warehouse.stg_orders: Close
[0m08:05:18.590419 [debug] [Thread-1 (]: Finished running node model.oracle_warehouse.stg_customers
[0m08:05:18.593870 [debug] [Thread-2 (]: Sending event: {'category': 'dbt', 'action': 'run_model', 'label': '123708b8-6cbc-4de2-a3fa-e2b982a518c5', 'context': [<snowplow_tracker.self_describing_json.SelfDescribingJson object at 0x79d3bbf87250>]}
[0m08:05:18.596804 [info ] [Thread-2 (]: 2 of 2 OK created sql view model marts_marts.stg_orders ........................ [[32mCREATE VIEW[0m in 0.89s]
[0m08:05:18.599950 [debug] [Thread-2 (]: Finished running node model.oracle_warehouse.stg_orders
[0m08:05:18.607133 [debug] [MainThread]: On master: COMMIT
[0m08:05:18.609445 [debug] [MainThread]: Using postgres connection "master"
[0m08:05:18.611791 [debug] [MainThread]: On master: COMMIT
[0m08:05:18.613244 [debug] [MainThread]: Opening a new connection, currently in state closed
[0m08:05:18.787913 [debug] [MainThread]: SQL status: COMMIT in 0.175 seconds
[0m08:05:18.789320 [debug] [MainThread]: On master: Close
[0m08:05:18.791966 [debug] [MainThread]: Connection 'master' was properly closed.
[0m08:05:18.793214 [debug] [MainThread]: Connection 'model.oracle_warehouse.stg_customers' was properly closed.
[0m08:05:18.794925 [debug] [MainThread]: Connection 'model.oracle_warehouse.stg_orders' was properly closed.
[0m08:05:18.797029 [info ] [MainThread]: 
[0m08:05:18.799536 [info ] [MainThread]: Finished running 2 view models in 0 hours 0 minutes and 1.87 seconds (1.87s).
[0m08:05:18.802430 [debug] [MainThread]: Command end result
[0m08:05:18.940095 [debug] [MainThread]: Wrote artifact WritableManifest to /opt/airflow/dbt_project/target/manifest.json
[0m08:05:18.957813 [debug] [MainThread]: Wrote artifact SemanticManifest to /opt/airflow/dbt_project/target/semantic_manifest.json
[0m08:05:18.980896 [debug] [MainThread]: Wrote artifact RunExecutionResult to /opt/airflow/dbt_project/target/run_results.json
[0m08:05:18.982132 [info ] [MainThread]: 
[0m08:05:18.983397 [info ] [MainThread]: [32mCompleted successfully[0m
[0m08:05:18.984703 [info ] [MainThread]: 
[0m08:05:18.985913 [info ] [MainThread]: Done. PASS=2 WARN=0 ERROR=0 SKIP=0 NO-OP=0 TOTAL=2
[0m08:05:18.987395 [warn ] [MainThread]: [[33mWARNING[0m][DeprecationsSummary]: Deprecated functionality
Summary of encountered deprecations:
- MissingArgumentsPropertyInGenericTestDeprecation: 2 occurrences
To see all deprecation instances instead of just the first occurrence of each,
run command again with the `--show-all-deprecations` flag. You may also need to
run with `--no-partial-parse` as some deprecations are only encountered during
parsing.
[0m08:05:18.990393 [debug] [MainThread]: Resource report: {"command_name": "run", "command_success": true, "command_wall_clock_time": 6.2364917, "process_in_blocks": "29368", "process_kernel_time": 1.001045, "process_mem_max_rss": "153276", "process_out_blocks": "0", "process_user_time": 5.845463}
[0m08:05:18.991960 [debug] [MainThread]: Command `dbt run` succeeded at 08:05:18.991774 after 6.24 seconds
[0m08:05:18.993156 [debug] [MainThread]: Sending event: {'category': 'dbt', 'action': 'invocation', 'label': 'end', 'context': [<snowplow_tracker.self_describing_json.SelfDescribingJson object at 0x79d3b2db71d0>, <snowplow_tracker.self_describing_json.SelfDescribingJson object at 0x79d3b8fa5c50>, <snowplow_tracker.self_describing_json.SelfDescribingJson object at 0x79d3bafd7bd0>]}
[0m08:05:18.994420 [debug] [MainThread]: Flushing usage events
[0m08:05:20.681074 [debug] [MainThread]: An error was encountered while trying to flush usage events
[0m08:05:26.273718 [debug] [MainThread]: Sending event: {'category': 'dbt', 'action': 'invocation', 'label': 'start', 'context': [<snowplow_tracker.self_describing_json.SelfDescribingJson object at 0x7cd32e994ec0>, <snowplow_tracker.self_describing_json.SelfDescribingJson object at 0x7cd32d8a3c50>, <snowplow_tracker.self_describing_json.SelfDescribingJson object at 0x7cd32d8a3b10>]}


============================== 08:05:26.283248 | 61cc5dbd-c060-4fc6-8632-f8d0f13b8980 ==============================
[0m08:05:26.283248 [info ] [MainThread]: Running with dbt=1.11.11
[0m08:05:26.285501 [debug] [MainThread]: running dbt with arguments {'static_parser': 'True', 'write_json': 'True', 'use_experimental_parser': 'False', 'debug': 'False', 'profiles_dir': '/opt/airflow/dbt_project', 'target_path': 'None', 'partial_parse': 'False', 'indirect_selection': 'eager', 'send_anonymous_usage_stats': 'True', 'empty': 'False', 'use_colors': 'True', 'log_format': 'default', 'log_cache_events': 'False', 'introspect': 'True', 'printer_width': '80', 'fail_fast': 'False', 'cache_selected_only': 'False', 'log_path': '/opt/airflow/dbt_project/logs', 'version_check': 'False', 'no_print': 'None', 'warn_error_options': 'WarnErrorOptionsV2(error=[], warn=[], silence=[])', 'warn_error': 'None', 'quiet': 'False', 'invocation_command': 'dbt run --project-dir /opt/airflow/dbt_project --profiles-dir /opt/airflow/dbt_project --select marts --no-version-check --no-partial-parse'}
[0m08:05:26.664583 [debug] [MainThread]: Sending event: {'category': 'dbt', 'action': 'project_id', 'label': '61cc5dbd-c060-4fc6-8632-f8d0f13b8980', 'context': [<snowplow_tracker.self_describing_json.SelfDescribingJson object at 0x7cd32e5803e0>]}
[0m08:05:26.902071 [debug] [MainThread]: Sending event: {'category': 'dbt', 'action': 'adapter_info', 'label': '61cc5dbd-c060-4fc6-8632-f8d0f13b8980', 'context': [<snowplow_tracker.self_describing_json.SelfDescribingJson object at 0x7cd330382360>]}
[0m08:05:26.904301 [info ] [MainThread]: Registered adapter: postgres=1.10.0
[0m08:05:26.997544 [debug] [MainThread]: checksum: 30a8cc8fdcbf66701b0944d4ccce3fa46dd04b61e5df68b9f16d57b2e0e3f0be, vars: {}, profile: , target: , version: 1.11.11
[0m08:05:27.006732 [debug] [MainThread]: Partial parsing not enabled
[0m08:05:29.205510 [warn ] [MainThread]: [[33mWARNING[0m][MissingArgumentsPropertyInGenericTestDeprecation]: Deprecated
functionality
Found top-level arguments to test `accepted_values` defined on 'fct_orders' in
package 'oracle_warehouse' (models/marts/schema.yml). Arguments to generic tests
should be nested under the `arguments` property.
[0m08:05:29.208171 [debug] [MainThread]: Sending event: {'category': 'dbt', 'action': 'deprecation', 'label': '61cc5dbd-c060-4fc6-8632-f8d0f13b8980', 'property_': 'warn', 'context': [<snowplow_tracker.self_describing_json.SelfDescribingJson object at 0x7cd32d937050>]}
[0m08:05:29.645165 [debug] [MainThread]: Sending event: {'category': 'dbt', 'action': 'load_project', 'label': '61cc5dbd-c060-4fc6-8632-f8d0f13b8980', 'context': [<snowplow_tracker.self_describing_json.SelfDescribingJson object at 0x7cd32bb6c8c0>]}
[0m08:05:30.017246 [debug] [MainThread]: Wrote artifact WritableManifest to /opt/airflow/dbt_project/target/manifest.json
[0m08:05:30.030979 [debug] [MainThread]: Wrote artifact SemanticManifest to /opt/airflow/dbt_project/target/semantic_manifest.json
[0m08:05:30.072309 [debug] [MainThread]: Sending event: {'category': 'dbt', 'action': 'resource_counts', 'label': '61cc5dbd-c060-4fc6-8632-f8d0f13b8980', 'context': [<snowplow_tracker.self_describing_json.SelfDescribingJson object at 0x7cd3296e82f0>]}
[0m08:05:30.075816 [info ] [MainThread]: Found 4 models, 15 data tests, 2 sources, 475 macros
[0m08:05:30.077426 [debug] [MainThread]: Sending event: {'category': 'dbt', 'action': 'runnable_timing', 'label': '61cc5dbd-c060-4fc6-8632-f8d0f13b8980', 'context': [<snowplow_tracker.self_describing_json.SelfDescribingJson object at 0x7cd32bb52340>]}
[0m08:05:30.081981 [info ] [MainThread]: 
[0m08:05:30.083895 [info ] [MainThread]: Concurrency: 4 threads (target='prod')
[0m08:05:30.085606 [info ] [MainThread]: 
[0m08:05:30.089105 [debug] [MainThread]: Acquiring new postgres connection 'master'
[0m08:05:30.100796 [debug] [ThreadPool]: Acquiring new postgres connection 'list_warehouse'
[0m08:05:30.145798 [debug] [ThreadPool]: Using postgres connection "list_warehouse"
[0m08:05:30.151096 [debug] [ThreadPool]: On list_warehouse: /* {"app": "dbt", "dbt_version": "1.11.11", "profile_name": "oracle_warehouse", "target_name": "prod", "connection_name": "list_warehouse"} */

    select distinct nspname from pg_namespace
  
[0m08:05:30.152451 [debug] [ThreadPool]: Opening a new connection, currently in state init
[0m08:05:30.263466 [debug] [ThreadPool]: SQL status: SELECT 16 in 0.111 seconds
[0m08:05:30.268048 [debug] [ThreadPool]: On list_warehouse: Close
[0m08:05:30.275117 [debug] [ThreadPool]: Re-using an available connection from the pool (formerly list_warehouse, now list_warehouse_marts_marts)
[0m08:05:30.289893 [debug] [ThreadPool]: Using postgres connection "list_warehouse_marts_marts"
[0m08:05:30.293175 [debug] [ThreadPool]: On list_warehouse_marts_marts: /* {"app": "dbt", "dbt_version": "1.11.11", "profile_name": "oracle_warehouse", "target_name": "prod", "connection_name": "list_warehouse_marts_marts"} */
select
      'warehouse' as database,
      tablename as name,
      schemaname as schema,
      'table' as type
    from pg_tables
    where schemaname ilike 'marts_marts'
    union all
    select
      'warehouse' as database,
      viewname as name,
      schemaname as schema,
      'view' as type
    from pg_views
    where schemaname ilike 'marts_marts'
    union all
    select
      'warehouse' as database,
      matviewname as name,
      schemaname as schema,
      'materialized_view' as type
    from pg_matviews
    where schemaname ilike 'marts_marts'
  
[0m08:05:30.296789 [debug] [ThreadPool]: Opening a new connection, currently in state closed
[0m08:05:30.415714 [debug] [ThreadPool]: SQL status: SELECT 4 in 0.119 seconds
[0m08:05:30.420475 [debug] [ThreadPool]: On list_warehouse_marts_marts: ROLLBACK
[0m08:05:30.429678 [debug] [ThreadPool]: On list_warehouse_marts_marts: Close
[0m08:05:30.442891 [debug] [MainThread]: Using postgres connection "master"
[0m08:05:30.445669 [debug] [MainThread]: On master: /* {"app": "dbt", "dbt_version": "1.11.11", "profile_name": "oracle_warehouse", "target_name": "prod", "connection_name": "master"} */
select distinct
        dependent_namespace.nspname as dependent_schema,
        dependent_class.relname as dependent_name,
        referenced_namespace.nspname as referenced_schema,
        referenced_class.relname as referenced_name

    -- Query for views: views are entries in pg_class with an entry in pg_rewrite, but we avoid
    -- a seq scan on pg_rewrite by leveraging the fact there is an "internal" row in pg_depend for
    -- the view...
    from pg_class as dependent_class
    join pg_namespace as dependent_namespace on dependent_namespace.oid = dependent_class.relnamespace
    join pg_depend as dependent_depend on dependent_depend.refobjid = dependent_class.oid
        and dependent_depend.classid = 'pg_rewrite'::regclass
        and dependent_depend.refclassid = 'pg_class'::regclass
        and dependent_depend.deptype = 'i'

    -- ... and via pg_depend (that has a row per column, hence the need for "distinct" above, and
    -- making sure to exclude the internal row to avoid a view appearing to depend on itself)...
    join pg_depend as joining_depend on joining_depend.objid = dependent_depend.objid
        and joining_depend.classid = 'pg_rewrite'::regclass
        and joining_depend.refclassid = 'pg_class'::regclass
        and joining_depend.refobjid != dependent_depend.refobjid

    -- ... we can find the tables they query from in pg_class, but excluding system tables. Note we
    -- don't need need to exclude _dependent_ system tables, because they only query from other
    -- system tables, and so are automatically excluded by excluding _referenced_ system tables
    join pg_class as referenced_class on referenced_class.oid = joining_depend.refobjid
    join pg_namespace as referenced_namespace on referenced_namespace.oid = referenced_class.relnamespace
        and referenced_namespace.nspname != 'information_schema'
        and referenced_namespace.nspname not like 'pg\_%'

    order by
        dependent_schema, dependent_name, referenced_schema, referenced_name;
[0m08:05:30.448770 [debug] [MainThread]: Opening a new connection, currently in state init
[0m08:05:30.575687 [debug] [MainThread]: SQL status: SELECT 2 in 0.127 seconds
[0m08:05:30.579503 [debug] [MainThread]: Sending event: {'category': 'dbt', 'action': 'runnable_timing', 'label': '61cc5dbd-c060-4fc6-8632-f8d0f13b8980', 'context': [<snowplow_tracker.self_describing_json.SelfDescribingJson object at 0x7cd3294f9d90>]}
[0m08:05:30.581168 [debug] [MainThread]: On master: ROLLBACK
[0m08:05:30.590050 [debug] [MainThread]: On master: COMMIT
[0m08:05:30.592095 [debug] [MainThread]: Using postgres connection "master"
[0m08:05:30.593589 [debug] [MainThread]: On master: COMMIT
[0m08:05:30.609501 [debug] [MainThread]: SQL status: COMMIT in 0.015 seconds
[0m08:05:30.611048 [debug] [MainThread]: On master: Close
[0m08:05:30.620899 [debug] [Thread-2 (]: Began running node model.oracle_warehouse.fct_orders
[0m08:05:30.622599 [debug] [Thread-1 (]: Began running node model.oracle_warehouse.delta_report
[0m08:05:30.624591 [info ] [Thread-2 (]: 2 of 2 START sql incremental model marts_marts.fct_orders ...................... [RUN]
[0m08:05:30.626926 [info ] [Thread-1 (]: 1 of 2 START sql incremental model marts_marts.delta_report .................... [RUN]
[0m08:05:30.629476 [debug] [Thread-2 (]: Acquiring new postgres connection 'model.oracle_warehouse.fct_orders'
[0m08:05:30.631964 [debug] [Thread-1 (]: Re-using an available connection from the pool (formerly list_warehouse_marts_marts, now model.oracle_warehouse.delta_report)
[0m08:05:30.634376 [debug] [Thread-2 (]: Began compiling node model.oracle_warehouse.fct_orders
[0m08:05:30.636294 [debug] [Thread-1 (]: Began compiling node model.oracle_warehouse.delta_report
[0m08:05:30.655025 [debug] [Thread-2 (]: Writing injected SQL for node "model.oracle_warehouse.fct_orders"
[0m08:05:30.661175 [debug] [Thread-1 (]: Writing injected SQL for node "model.oracle_warehouse.delta_report"
[0m08:05:30.689062 [debug] [Thread-2 (]: Began executing node model.oracle_warehouse.fct_orders
[0m08:05:30.699828 [debug] [Thread-1 (]: Began executing node model.oracle_warehouse.delta_report
[0m08:05:30.845991 [debug] [Thread-2 (]: Using postgres connection "model.oracle_warehouse.fct_orders"
[0m08:05:30.846970 [debug] [Thread-1 (]: Using postgres connection "model.oracle_warehouse.delta_report"
[0m08:05:30.847746 [debug] [Thread-2 (]: On model.oracle_warehouse.fct_orders: /* {"app": "dbt", "dbt_version": "1.11.11", "profile_name": "oracle_warehouse", "target_name": "prod", "node_id": "model.oracle_warehouse.fct_orders"} */

    
  
    

  create temporary table "fct_orders__dbt_tmp080530778114"
  
  
    as
  
  (
    -- =============================================================================
-- models/marts/fct_orders.sql
-- =============================================================================
-- INCREMENTAL fact table — the core delta model.
--
-- How delta works here:
--   First run  → processes ALL rows from stg_orders (full load)
--   Every run after → the is_incremental() block injects a WHERE clause that
--                     only picks up rows whose _dlt_loaded_at is NEWER than
--                     the highest loaded_at already in this table.
--
-- This means DBT only transforms rows that DLT loaded THIS RUN.
-- The merge strategy then upserts them: new rows inserted, changed rows updated.
-- =============================================================================


with source as (
    select
        o.order_id,
        o.customer_id,
        o.status,
        o.amount,
        o.product_code,
        o.created_at,
        o.updated_at,
        o._dlt_load_id,
        c.full_name     as customer_name,
        c.country       as customer_country,
        c.tier          as customer_tier
    from "warehouse"."marts_marts"."stg_orders" as o
    left join "warehouse"."marts_marts"."stg_customers" as c
        on o.customer_id = c.customer_id

  
    where o.updated_at > (
        select coalesce(max(updated_at), '1970-01-01'::timestamptz)
        from "warehouse"."marts_marts"."fct_orders"
    )
    
)

select
    order_id,
    customer_id,
    customer_name,
    customer_country,
    customer_tier,
    status,
    amount,
    product_code,
    case when status = 'PAID'    then amount else 0 end  as paid_amount,
    case when status = 'PENDING' then amount else 0 end  as pending_amount,
    case when amount > 500       then true  else false end as is_high_value,
    date_trunc('day',  created_at)  as order_date,
    date_trunc('week', created_at)  as order_week,
    date_trunc('month',created_at)  as order_month,
    created_at,
    updated_at,
    updated_at as loaded_at
from source
  );
  
  
[0m08:05:30.849501 [debug] [Thread-1 (]: On model.oracle_warehouse.delta_report: /* {"app": "dbt", "dbt_version": "1.11.11", "profile_name": "oracle_warehouse", "target_name": "prod", "node_id": "model.oracle_warehouse.delta_report"} */

    
  
    

  create temporary table "delta_report__dbt_tmp080530786046"
  
  
    as
  
  (
    -- =============================================================================
-- models/marts/delta_report.sql
-- =============================================================================
-- Append-only log of every row that was new or changed in each DLT run.
-- Your team queries this to monitor what moved through the pipeline.
--
-- Query to check today's delta:
--   SELECT * FROM marts.delta_report WHERE load_date = CURRENT_DATE ORDER BY detected_at DESC;
-- =============================================================================


select
    o.order_id,
    o.customer_id,
    o.status,
    o.amount,
    o.product_code,
    o.updated_at                        as changed_at_source,
    o.updated_at                        as detected_at,
    cast(o.updated_at as date)          as load_date,
    case
        when o.updated_at = o.created_at then 'new_row'
        else 'updated_row'
    end                                 as change_type

from "warehouse"."marts_marts"."stg_orders" as o


where o.updated_at > (
    select coalesce(max(detected_at), '1970-01-01'::timestamptz)
    from "warehouse"."marts_marts"."delta_report"
)

  );
  
  
[0m08:05:30.851355 [debug] [Thread-2 (]: Opening a new connection, currently in state init
[0m08:05:30.852592 [debug] [Thread-1 (]: Opening a new connection, currently in state closed
[0m08:05:44.524074 [debug] [Thread-1 (]: SQL status: SELECT 7 in 13.671 seconds
[0m08:05:44.550945 [debug] [Thread-1 (]: Using postgres connection "model.oracle_warehouse.delta_report"
[0m08:05:44.553638 [debug] [Thread-1 (]: On model.oracle_warehouse.delta_report: /* {"app": "dbt", "dbt_version": "1.11.11", "profile_name": "oracle_warehouse", "target_name": "prod", "node_id": "model.oracle_warehouse.delta_report"} */

      select
          column_name,
          data_type,
          character_maximum_length,
          numeric_precision,
          numeric_scale

      from INFORMATION_SCHEMA.columns
      where table_name = 'delta_report__dbt_tmp080530786046'
        
      order by ordinal_position

  
[0m08:05:44.762935 [debug] [Thread-1 (]: SQL status: SELECT 9 in 0.208 seconds
[0m08:05:44.773757 [debug] [Thread-1 (]: Using postgres connection "model.oracle_warehouse.delta_report"
[0m08:05:44.775642 [debug] [Thread-1 (]: On model.oracle_warehouse.delta_report: /* {"app": "dbt", "dbt_version": "1.11.11", "profile_name": "oracle_warehouse", "target_name": "prod", "node_id": "model.oracle_warehouse.delta_report"} */

      select
          column_name,
          data_type,
          character_maximum_length,
          numeric_precision,
          numeric_scale

      from "warehouse".INFORMATION_SCHEMA.columns
      where table_name = 'delta_report'
        
        and table_schema = 'marts_marts'
        
      order by ordinal_position

  
[0m08:05:44.824876 [debug] [Thread-1 (]: SQL status: SELECT 9 in 0.046 seconds
[0m08:05:44.849641 [debug] [Thread-1 (]: Using postgres connection "model.oracle_warehouse.delta_report"
[0m08:05:44.851757 [debug] [Thread-1 (]: On model.oracle_warehouse.delta_report: /* {"app": "dbt", "dbt_version": "1.11.11", "profile_name": "oracle_warehouse", "target_name": "prod", "node_id": "model.oracle_warehouse.delta_report"} */

      select
          column_name,
          data_type,
          character_maximum_length,
          numeric_precision,
          numeric_scale

      from INFORMATION_SCHEMA.columns
      where table_name = 'delta_report__dbt_tmp080530786046'
        
      order by ordinal_position

  
[0m08:05:44.881958 [debug] [Thread-1 (]: SQL status: SELECT 9 in 0.027 seconds
[0m08:05:44.889781 [debug] [Thread-1 (]: Using postgres connection "model.oracle_warehouse.delta_report"
[0m08:05:44.891796 [debug] [Thread-1 (]: On model.oracle_warehouse.delta_report: /* {"app": "dbt", "dbt_version": "1.11.11", "profile_name": "oracle_warehouse", "target_name": "prod", "node_id": "model.oracle_warehouse.delta_report"} */

      select
          column_name,
          data_type,
          character_maximum_length,
          numeric_precision,
          numeric_scale

      from "warehouse".INFORMATION_SCHEMA.columns
      where table_name = 'delta_report'
        
        and table_schema = 'marts_marts'
        
      order by ordinal_position

  
[0m08:05:44.940986 [debug] [Thread-1 (]: SQL status: SELECT 9 in 0.048 seconds
[0m08:05:44.965983 [debug] [Thread-1 (]: 
    In "warehouse"."marts_marts"."delta_report":
        Schema changed: False
        Source columns not in target: []
        Target columns not in source: []
        New column types: []
  
[0m08:05:44.985754 [debug] [Thread-1 (]: Writing runtime sql for node "model.oracle_warehouse.delta_report"
[0m08:05:45.026524 [debug] [Thread-1 (]: Using postgres connection "model.oracle_warehouse.delta_report"
[0m08:05:45.028826 [debug] [Thread-1 (]: On model.oracle_warehouse.delta_report: /* {"app": "dbt", "dbt_version": "1.11.11", "profile_name": "oracle_warehouse", "target_name": "prod", "node_id": "model.oracle_warehouse.delta_report"} */

      insert into "warehouse"."marts_marts"."delta_report" ("order_id", "customer_id", "status", "amount", "product_code", "changed_at_source", "detected_at", "load_date", "change_type")
    (
        select "order_id", "customer_id", "status", "amount", "product_code", "changed_at_source", "detected_at", "load_date", "change_type"
        from "delta_report__dbt_tmp080530786046"
    )


  
[0m08:05:45.054394 [debug] [Thread-1 (]: SQL status: INSERT 0 7 in 0.023 seconds
[0m08:05:45.089866 [debug] [Thread-1 (]: On model.oracle_warehouse.delta_report: COMMIT
[0m08:05:45.091640 [debug] [Thread-1 (]: Using postgres connection "model.oracle_warehouse.delta_report"
[0m08:05:45.093155 [debug] [Thread-1 (]: On model.oracle_warehouse.delta_report: COMMIT
[0m08:05:45.139654 [debug] [Thread-1 (]: SQL status: COMMIT in 0.045 seconds
[0m08:05:45.145847 [debug] [Thread-1 (]: On model.oracle_warehouse.delta_report: Close
[0m08:05:45.151502 [debug] [Thread-1 (]: Sending event: {'category': 'dbt', 'action': 'run_model', 'label': '61cc5dbd-c060-4fc6-8632-f8d0f13b8980', 'context': [<snowplow_tracker.self_describing_json.SelfDescribingJson object at 0x7cd3295c66d0>]}
[0m08:05:45.153761 [info ] [Thread-1 (]: 1 of 2 OK created sql incremental model marts_marts.delta_report ............... [[32mINSERT 0 7[0m in 14.52s]
[0m08:05:45.155752 [debug] [Thread-1 (]: Finished running node model.oracle_warehouse.delta_report
[0m08:05:48.019552 [debug] [Thread-2 (]: SQL status: SELECT 7 in 17.168 seconds
[0m08:05:48.026474 [debug] [Thread-2 (]: Using postgres connection "model.oracle_warehouse.fct_orders"
[0m08:05:48.028277 [debug] [Thread-2 (]: On model.oracle_warehouse.fct_orders: /* {"app": "dbt", "dbt_version": "1.11.11", "profile_name": "oracle_warehouse", "target_name": "prod", "node_id": "model.oracle_warehouse.fct_orders"} */

      select
          column_name,
          data_type,
          character_maximum_length,
          numeric_precision,
          numeric_scale

      from INFORMATION_SCHEMA.columns
      where table_name = 'fct_orders__dbt_tmp080530778114'
        
      order by ordinal_position

  
[0m08:05:48.075282 [debug] [Thread-2 (]: SQL status: SELECT 17 in 0.045 seconds
[0m08:05:48.082895 [debug] [Thread-2 (]: Using postgres connection "model.oracle_warehouse.fct_orders"
[0m08:05:48.084677 [debug] [Thread-2 (]: On model.oracle_warehouse.fct_orders: /* {"app": "dbt", "dbt_version": "1.11.11", "profile_name": "oracle_warehouse", "target_name": "prod", "node_id": "model.oracle_warehouse.fct_orders"} */

      select
          column_name,
          data_type,
          character_maximum_length,
          numeric_precision,
          numeric_scale

      from "warehouse".INFORMATION_SCHEMA.columns
      where table_name = 'fct_orders'
        
        and table_schema = 'marts_marts'
        
      order by ordinal_position

  
[0m08:05:48.104333 [debug] [Thread-2 (]: SQL status: SELECT 17 in 0.018 seconds
[0m08:05:48.114527 [debug] [Thread-2 (]: Using postgres connection "model.oracle_warehouse.fct_orders"
[0m08:05:48.116275 [debug] [Thread-2 (]: On model.oracle_warehouse.fct_orders: /* {"app": "dbt", "dbt_version": "1.11.11", "profile_name": "oracle_warehouse", "target_name": "prod", "node_id": "model.oracle_warehouse.fct_orders"} */

      select
          column_name,
          data_type,
          character_maximum_length,
          numeric_precision,
          numeric_scale

      from INFORMATION_SCHEMA.columns
      where table_name = 'fct_orders__dbt_tmp080530778114'
        
      order by ordinal_position

  
[0m08:05:48.134766 [debug] [Thread-2 (]: SQL status: SELECT 17 in 0.017 seconds
[0m08:05:48.142135 [debug] [Thread-2 (]: Using postgres connection "model.oracle_warehouse.fct_orders"
[0m08:05:48.143718 [debug] [Thread-2 (]: On model.oracle_warehouse.fct_orders: /* {"app": "dbt", "dbt_version": "1.11.11", "profile_name": "oracle_warehouse", "target_name": "prod", "node_id": "model.oracle_warehouse.fct_orders"} */

      select
          column_name,
          data_type,
          character_maximum_length,
          numeric_precision,
          numeric_scale

      from "warehouse".INFORMATION_SCHEMA.columns
      where table_name = 'fct_orders'
        
        and table_schema = 'marts_marts'
        
      order by ordinal_position

  
[0m08:05:48.162975 [debug] [Thread-2 (]: SQL status: SELECT 17 in 0.017 seconds
[0m08:05:48.168827 [debug] [Thread-2 (]: 
    In "warehouse"."marts_marts"."fct_orders":
        Schema changed: False
        Source columns not in target: []
        Target columns not in source: []
        New column types: []
  
[0m08:05:48.184568 [debug] [Thread-2 (]: Writing runtime sql for node "model.oracle_warehouse.fct_orders"
[0m08:05:48.215254 [debug] [Thread-2 (]: Using postgres connection "model.oracle_warehouse.fct_orders"
[0m08:05:48.217617 [debug] [Thread-2 (]: On model.oracle_warehouse.fct_orders: /* {"app": "dbt", "dbt_version": "1.11.11", "profile_name": "oracle_warehouse", "target_name": "prod", "node_id": "model.oracle_warehouse.fct_orders"} */

      
        
        
        delete from "warehouse"."marts_marts"."fct_orders" as DBT_INTERNAL_DEST
        where (order_id) in (
            select distinct order_id
            from "fct_orders__dbt_tmp080530778114" as DBT_INTERNAL_SOURCE
        );

    

    insert into "warehouse"."marts_marts"."fct_orders" ("order_id", "customer_id", "customer_name", "customer_country", "customer_tier", "status", "amount", "product_code", "paid_amount", "pending_amount", "is_high_value", "order_date", "order_week", "order_month", "created_at", "updated_at", "loaded_at")
    (
        select "order_id", "customer_id", "customer_name", "customer_country", "customer_tier", "status", "amount", "product_code", "paid_amount", "pending_amount", "is_high_value", "order_date", "order_week", "order_month", "created_at", "updated_at", "loaded_at"
        from "fct_orders__dbt_tmp080530778114"
    )
  
[0m08:05:48.675551 [debug] [Thread-2 (]: SQL status: INSERT 0 7 in 0.456 seconds
[0m08:05:48.679860 [debug] [Thread-2 (]: On model.oracle_warehouse.fct_orders: COMMIT
[0m08:05:48.681635 [debug] [Thread-2 (]: Using postgres connection "model.oracle_warehouse.fct_orders"
[0m08:05:48.683686 [debug] [Thread-2 (]: On model.oracle_warehouse.fct_orders: COMMIT
[0m08:05:48.714890 [debug] [Thread-2 (]: SQL status: COMMIT in 0.029 seconds
[0m08:05:48.718067 [debug] [Thread-2 (]: On model.oracle_warehouse.fct_orders: Close
[0m08:05:48.720637 [debug] [Thread-2 (]: Sending event: {'category': 'dbt', 'action': 'run_model', 'label': '61cc5dbd-c060-4fc6-8632-f8d0f13b8980', 'context': [<snowplow_tracker.self_describing_json.SelfDescribingJson object at 0x7cd3289791d0>]}
[0m08:05:48.723343 [info ] [Thread-2 (]: 2 of 2 OK created sql incremental model marts_marts.fct_orders ................. [[32mINSERT 0 7[0m in 18.09s]
[0m08:05:48.726397 [debug] [Thread-2 (]: Finished running node model.oracle_warehouse.fct_orders
[0m08:05:48.731980 [debug] [MainThread]: On master: COMMIT
[0m08:05:48.735422 [debug] [MainThread]: Using postgres connection "master"
[0m08:05:48.738757 [debug] [MainThread]: On master: COMMIT
[0m08:05:48.740458 [debug] [MainThread]: Opening a new connection, currently in state closed
[0m08:05:48.841549 [debug] [MainThread]: SQL status: COMMIT in 0.101 seconds
[0m08:05:48.843483 [debug] [MainThread]: On master: Close
[0m08:05:48.852478 [debug] [MainThread]: Connection 'master' was properly closed.
[0m08:05:48.860068 [debug] [MainThread]: Connection 'model.oracle_warehouse.delta_report' was properly closed.
[0m08:05:48.865129 [debug] [MainThread]: Connection 'model.oracle_warehouse.fct_orders' was properly closed.
[0m08:05:48.870684 [info ] [MainThread]: 
[0m08:05:48.873702 [info ] [MainThread]: Finished running 2 incremental models in 0 hours 0 minutes and 18.78 seconds (18.78s).
[0m08:05:48.879428 [debug] [MainThread]: Command end result
[0m08:05:49.009382 [debug] [MainThread]: Wrote artifact WritableManifest to /opt/airflow/dbt_project/target/manifest.json
[0m08:05:49.021821 [debug] [MainThread]: Wrote artifact SemanticManifest to /opt/airflow/dbt_project/target/semantic_manifest.json
[0m08:05:49.040304 [debug] [MainThread]: Wrote artifact RunExecutionResult to /opt/airflow/dbt_project/target/run_results.json
[0m08:05:49.041729 [info ] [MainThread]: 
[0m08:05:49.043269 [info ] [MainThread]: [32mCompleted successfully[0m
[0m08:05:49.044476 [info ] [MainThread]: 
[0m08:05:49.045715 [info ] [MainThread]: Done. PASS=2 WARN=0 ERROR=0 SKIP=0 NO-OP=0 TOTAL=2
[0m08:05:49.047069 [warn ] [MainThread]: [[33mWARNING[0m][DeprecationsSummary]: Deprecated functionality
Summary of encountered deprecations:
- MissingArgumentsPropertyInGenericTestDeprecation: 2 occurrences
To see all deprecation instances instead of just the first occurrence of each,
run command again with the `--show-all-deprecations` flag. You may also need to
run with `--no-partial-parse` as some deprecations are only encountered during
parsing.
[0m08:05:49.049042 [debug] [MainThread]: Resource report: {"command_name": "run", "command_success": true, "command_wall_clock_time": 23.002172, "process_in_blocks": "0", "process_kernel_time": 0.389703, "process_mem_max_rss": "154908", "process_out_blocks": "0", "process_user_time": 6.275428}
[0m08:05:49.050389 [debug] [MainThread]: Command `dbt run` succeeded at 08:05:49.050252 after 23.00 seconds
[0m08:05:49.052133 [debug] [MainThread]: Sending event: {'category': 'dbt', 'action': 'invocation', 'label': 'end', 'context': [<snowplow_tracker.self_describing_json.SelfDescribingJson object at 0x7cd32953b1d0>, <snowplow_tracker.self_describing_json.SelfDescribingJson object at 0x7cd3305766d0>, <snowplow_tracker.self_describing_json.SelfDescribingJson object at 0x7cd32d73bbd0>]}
[0m08:05:49.055441 [debug] [MainThread]: Flushing usage events
[0m08:05:50.482419 [debug] [MainThread]: An error was encountered while trying to flush usage events
[0m08:05:54.558765 [debug] [MainThread]: Sending event: {'category': 'dbt', 'action': 'invocation', 'label': 'start', 'context': [<snowplow_tracker.self_describing_json.SelfDescribingJson object at 0x75fba57d4ec0>, <snowplow_tracker.self_describing_json.SelfDescribingJson object at 0x75fba46a7c50>, <snowplow_tracker.self_describing_json.SelfDescribingJson object at 0x75fba46a7b10>]}


============================== 08:05:54.564406 | bc138600-378f-4543-97fd-35934287d054 ==============================
[0m08:05:54.564406 [info ] [MainThread]: Running with dbt=1.11.11
[0m08:05:54.565597 [debug] [MainThread]: running dbt with arguments {'target_path': 'None', 'warn_error': 'None', 'quiet': 'False', 'fail_fast': 'False', 'empty': 'None', 'static_parser': 'True', 'send_anonymous_usage_stats': 'True', 'printer_width': '80', 'cache_selected_only': 'False', 'indirect_selection': 'eager', 'log_cache_events': 'False', 'introspect': 'True', 'invocation_command': 'dbt test --project-dir /opt/airflow/dbt_project --profiles-dir /opt/airflow/dbt_project --no-version-check --no-partial-parse', 'use_experimental_parser': 'False', 'debug': 'False', 'version_check': 'False', 'partial_parse': 'False', 'log_format': 'default', 'log_path': '/opt/airflow/dbt_project/logs', 'use_colors': 'True', 'profiles_dir': '/opt/airflow/dbt_project', 'warn_error_options': 'WarnErrorOptionsV2(error=[], warn=[], silence=[])', 'write_json': 'True', 'no_print': 'None'}
[0m08:05:54.920092 [debug] [MainThread]: Sending event: {'category': 'dbt', 'action': 'project_id', 'label': 'bc138600-378f-4543-97fd-35934287d054', 'context': [<snowplow_tracker.self_describing_json.SelfDescribingJson object at 0x75fba53b83e0>]}
[0m08:05:55.036315 [debug] [MainThread]: Sending event: {'category': 'dbt', 'action': 'adapter_info', 'label': 'bc138600-378f-4543-97fd-35934287d054', 'context': [<snowplow_tracker.self_describing_json.SelfDescribingJson object at 0x75fba71be360>]}
[0m08:05:55.037952 [info ] [MainThread]: Registered adapter: postgres=1.10.0
[0m08:05:55.133639 [debug] [MainThread]: checksum: 30a8cc8fdcbf66701b0944d4ccce3fa46dd04b61e5df68b9f16d57b2e0e3f0be, vars: {}, profile: , target: , version: 1.11.11
[0m08:05:55.143570 [debug] [MainThread]: Partial parsing not enabled
[0m08:05:57.304183 [warn ] [MainThread]: [[33mWARNING[0m][MissingArgumentsPropertyInGenericTestDeprecation]: Deprecated
functionality
Found top-level arguments to test `accepted_values` defined on 'fct_orders' in
package 'oracle_warehouse' (models/marts/schema.yml). Arguments to generic tests
should be nested under the `arguments` property.
[0m08:05:57.307098 [debug] [MainThread]: Sending event: {'category': 'dbt', 'action': 'deprecation', 'label': 'bc138600-378f-4543-97fd-35934287d054', 'property_': 'warn', 'context': [<snowplow_tracker.self_describing_json.SelfDescribingJson object at 0x75fba493f050>]}
[0m08:05:57.801295 [debug] [MainThread]: Sending event: {'category': 'dbt', 'action': 'load_project', 'label': 'bc138600-378f-4543-97fd-35934287d054', 'context': [<snowplow_tracker.self_describing_json.SelfDescribingJson object at 0x75fba29188c0>]}
[0m08:05:58.034122 [debug] [MainThread]: Wrote artifact WritableManifest to /opt/airflow/dbt_project/target/manifest.json
[0m08:05:58.060630 [debug] [MainThread]: Wrote artifact SemanticManifest to /opt/airflow/dbt_project/target/semantic_manifest.json
[0m08:05:58.134480 [debug] [MainThread]: Sending event: {'category': 'dbt', 'action': 'resource_counts', 'label': 'bc138600-378f-4543-97fd-35934287d054', 'context': [<snowplow_tracker.self_describing_json.SelfDescribingJson object at 0x75fba21e8830>]}
[0m08:05:58.136266 [info ] [MainThread]: Found 4 models, 15 data tests, 2 sources, 475 macros
[0m08:05:58.138789 [debug] [MainThread]: Sending event: {'category': 'dbt', 'action': 'runnable_timing', 'label': 'bc138600-378f-4543-97fd-35934287d054', 'context': [<snowplow_tracker.self_describing_json.SelfDescribingJson object at 0x75fba05e2dd0>]}
[0m08:05:58.145383 [info ] [MainThread]: 
[0m08:05:58.147612 [info ] [MainThread]: Concurrency: 4 threads (target='prod')
[0m08:05:58.149486 [info ] [MainThread]: 
[0m08:05:58.151614 [debug] [MainThread]: Acquiring new postgres connection 'master'
[0m08:05:58.160812 [debug] [ThreadPool]: Acquiring new postgres connection 'list_warehouse_marts_marts'
[0m08:05:58.214633 [debug] [ThreadPool]: Using postgres connection "list_warehouse_marts_marts"
[0m08:05:58.216411 [debug] [ThreadPool]: On list_warehouse_marts_marts: /* {"app": "dbt", "dbt_version": "1.11.11", "profile_name": "oracle_warehouse", "target_name": "prod", "connection_name": "list_warehouse_marts_marts"} */
select
      'warehouse' as database,
      tablename as name,
      schemaname as schema,
      'table' as type
    from pg_tables
    where schemaname ilike 'marts_marts'
    union all
    select
      'warehouse' as database,
      viewname as name,
      schemaname as schema,
      'view' as type
    from pg_views
    where schemaname ilike 'marts_marts'
    union all
    select
      'warehouse' as database,
      matviewname as name,
      schemaname as schema,
      'materialized_view' as type
    from pg_matviews
    where schemaname ilike 'marts_marts'
  
[0m08:05:58.218317 [debug] [ThreadPool]: Opening a new connection, currently in state init
[0m08:05:58.349549 [debug] [ThreadPool]: SQL status: SELECT 4 in 0.131 seconds
[0m08:05:58.352893 [debug] [ThreadPool]: On list_warehouse_marts_marts: ROLLBACK
[0m08:05:58.362034 [debug] [ThreadPool]: On list_warehouse_marts_marts: Close
[0m08:05:58.374889 [debug] [MainThread]: Using postgres connection "master"
[0m08:05:58.377873 [debug] [MainThread]: On master: /* {"app": "dbt", "dbt_version": "1.11.11", "profile_name": "oracle_warehouse", "target_name": "prod", "connection_name": "master"} */
select distinct
        dependent_namespace.nspname as dependent_schema,
        dependent_class.relname as dependent_name,
        referenced_namespace.nspname as referenced_schema,
        referenced_class.relname as referenced_name

    -- Query for views: views are entries in pg_class with an entry in pg_rewrite, but we avoid
    -- a seq scan on pg_rewrite by leveraging the fact there is an "internal" row in pg_depend for
    -- the view...
    from pg_class as dependent_class
    join pg_namespace as dependent_namespace on dependent_namespace.oid = dependent_class.relnamespace
    join pg_depend as dependent_depend on dependent_depend.refobjid = dependent_class.oid
        and dependent_depend.classid = 'pg_rewrite'::regclass
        and dependent_depend.refclassid = 'pg_class'::regclass
        and dependent_depend.deptype = 'i'

    -- ... and via pg_depend (that has a row per column, hence the need for "distinct" above, and
    -- making sure to exclude the internal row to avoid a view appearing to depend on itself)...
    join pg_depend as joining_depend on joining_depend.objid = dependent_depend.objid
        and joining_depend.classid = 'pg_rewrite'::regclass
        and joining_depend.refclassid = 'pg_class'::regclass
        and joining_depend.refobjid != dependent_depend.refobjid

    -- ... we can find the tables they query from in pg_class, but excluding system tables. Note we
    -- don't need need to exclude _dependent_ system tables, because they only query from other
    -- system tables, and so are automatically excluded by excluding _referenced_ system tables
    join pg_class as referenced_class on referenced_class.oid = joining_depend.refobjid
    join pg_namespace as referenced_namespace on referenced_namespace.oid = referenced_class.relnamespace
        and referenced_namespace.nspname != 'information_schema'
        and referenced_namespace.nspname not like 'pg\_%'

    order by
        dependent_schema, dependent_name, referenced_schema, referenced_name;
[0m08:05:58.381552 [debug] [MainThread]: Opening a new connection, currently in state init
[0m08:05:58.500642 [debug] [MainThread]: SQL status: SELECT 2 in 0.119 seconds
[0m08:05:58.505849 [debug] [MainThread]: Sending event: {'category': 'dbt', 'action': 'runnable_timing', 'label': 'bc138600-378f-4543-97fd-35934287d054', 'context': [<snowplow_tracker.self_describing_json.SelfDescribingJson object at 0x75fba06ab590>]}
[0m08:05:58.513517 [debug] [MainThread]: On master: ROLLBACK
[0m08:05:58.530058 [debug] [MainThread]: On master: COMMIT
[0m08:05:58.532678 [debug] [MainThread]: Using postgres connection "master"
[0m08:05:58.536976 [debug] [MainThread]: On master: COMMIT
[0m08:05:58.558390 [debug] [MainThread]: SQL status: COMMIT in 0.018 seconds
[0m08:05:58.561235 [debug] [MainThread]: On master: Close
[0m08:05:58.574706 [debug] [Thread-4 (]: Began running node test.oracle_warehouse.not_null_delta_report_order_id.198a693f2b
[0m08:05:58.575946 [debug] [Thread-2 (]: Began running node test.oracle_warehouse.accepted_values_fct_orders_status__PAID__PENDING__SHIPPED__CANCELLED.4bda94c2ee
[0m08:05:58.577392 [debug] [Thread-1 (]: Began running node test.oracle_warehouse.accepted_values_delta_report_change_type__new_row__updated_row.d878a50d17
[0m08:05:58.578461 [debug] [Thread-3 (]: Began running node test.oracle_warehouse.not_null_delta_report_load_date.2749686861
[0m08:05:58.579524 [info ] [Thread-4 (]: 4 of 15 START test not_null_delta_report_order_id .............................. [RUN]
[0m08:05:58.581191 [info ] [Thread-2 (]: 2 of 15 START test accepted_values_fct_orders_status__PAID__PENDING__SHIPPED__CANCELLED  [RUN]
[0m08:05:58.583188 [info ] [Thread-1 (]: 1 of 15 START test accepted_values_delta_report_change_type__new_row__updated_row  [RUN]
[0m08:05:58.585137 [info ] [Thread-3 (]: 3 of 15 START test not_null_delta_report_load_date ............................. [RUN]
[0m08:05:58.587966 [debug] [Thread-4 (]: Acquiring new postgres connection 'test.oracle_warehouse.not_null_delta_report_order_id.198a693f2b'
[0m08:05:58.591016 [debug] [Thread-2 (]: Acquiring new postgres connection 'test.oracle_warehouse.accepted_values_fct_orders_status__PAID__PENDING__SHIPPED__CANCELLED.4bda94c2ee'
[0m08:05:58.593198 [debug] [Thread-1 (]: Re-using an available connection from the pool (formerly list_warehouse_marts_marts, now test.oracle_warehouse.accepted_values_delta_report_change_type__new_row__updated_row.d878a50d17)
[0m08:05:58.596001 [debug] [Thread-3 (]: Acquiring new postgres connection 'test.oracle_warehouse.not_null_delta_report_load_date.2749686861'
[0m08:05:58.597522 [debug] [Thread-4 (]: Began compiling node test.oracle_warehouse.not_null_delta_report_order_id.198a693f2b
[0m08:05:58.599292 [debug] [Thread-2 (]: Began compiling node test.oracle_warehouse.accepted_values_fct_orders_status__PAID__PENDING__SHIPPED__CANCELLED.4bda94c2ee
[0m08:05:58.601007 [debug] [Thread-1 (]: Began compiling node test.oracle_warehouse.accepted_values_delta_report_change_type__new_row__updated_row.d878a50d17
[0m08:05:58.602893 [debug] [Thread-3 (]: Began compiling node test.oracle_warehouse.not_null_delta_report_load_date.2749686861
[0m08:05:58.629253 [debug] [Thread-4 (]: Writing injected SQL for node "test.oracle_warehouse.not_null_delta_report_order_id.198a693f2b"
[0m08:05:58.630170 [debug] [Thread-2 (]: Writing injected SQL for node "test.oracle_warehouse.accepted_values_fct_orders_status__PAID__PENDING__SHIPPED__CANCELLED.4bda94c2ee"
[0m08:05:58.642302 [debug] [Thread-1 (]: Writing injected SQL for node "test.oracle_warehouse.accepted_values_delta_report_change_type__new_row__updated_row.d878a50d17"
[0m08:05:58.648758 [debug] [Thread-3 (]: Writing injected SQL for node "test.oracle_warehouse.not_null_delta_report_load_date.2749686861"
[0m08:05:58.682959 [debug] [Thread-2 (]: Began executing node test.oracle_warehouse.accepted_values_fct_orders_status__PAID__PENDING__SHIPPED__CANCELLED.4bda94c2ee
[0m08:05:58.690728 [debug] [Thread-1 (]: Began executing node test.oracle_warehouse.accepted_values_delta_report_change_type__new_row__updated_row.d878a50d17
[0m08:05:58.734790 [debug] [Thread-2 (]: Writing runtime sql for node "test.oracle_warehouse.accepted_values_fct_orders_status__PAID__PENDING__SHIPPED__CANCELLED.4bda94c2ee"
[0m08:05:58.735747 [debug] [Thread-4 (]: Began executing node test.oracle_warehouse.not_null_delta_report_order_id.198a693f2b
[0m08:05:58.737529 [debug] [Thread-1 (]: Writing runtime sql for node "test.oracle_warehouse.accepted_values_delta_report_change_type__new_row__updated_row.d878a50d17"
[0m08:05:58.741940 [debug] [Thread-4 (]: Writing runtime sql for node "test.oracle_warehouse.not_null_delta_report_order_id.198a693f2b"
[0m08:05:58.742940 [debug] [Thread-3 (]: Began executing node test.oracle_warehouse.not_null_delta_report_load_date.2749686861
[0m08:05:58.748023 [debug] [Thread-3 (]: Writing runtime sql for node "test.oracle_warehouse.not_null_delta_report_load_date.2749686861"
[0m08:05:58.767622 [debug] [Thread-4 (]: Using postgres connection "test.oracle_warehouse.not_null_delta_report_order_id.198a693f2b"
[0m08:05:58.768582 [debug] [Thread-1 (]: Using postgres connection "test.oracle_warehouse.accepted_values_delta_report_change_type__new_row__updated_row.d878a50d17"
[0m08:05:58.769724 [debug] [Thread-4 (]: On test.oracle_warehouse.not_null_delta_report_order_id.198a693f2b: /* {"app": "dbt", "dbt_version": "1.11.11", "profile_name": "oracle_warehouse", "target_name": "prod", "node_id": "test.oracle_warehouse.not_null_delta_report_order_id.198a693f2b"} */

    
    select
      count(*) as failures,
      count(*) != 0 as should_warn,
      count(*) != 0 as should_error
    from (
      
    
  
    
    



select order_id
from "warehouse"."marts_marts"."delta_report"
where order_id is null



  
  
      
    ) dbt_internal_test
[0m08:05:58.771891 [debug] [Thread-2 (]: Using postgres connection "test.oracle_warehouse.accepted_values_fct_orders_status__PAID__PENDING__SHIPPED__CANCELLED.4bda94c2ee"
[0m08:05:58.776562 [debug] [Thread-1 (]: On test.oracle_warehouse.accepted_values_delta_report_change_type__new_row__updated_row.d878a50d17: /* {"app": "dbt", "dbt_version": "1.11.11", "profile_name": "oracle_warehouse", "target_name": "prod", "node_id": "test.oracle_warehouse.accepted_values_delta_report_change_type__new_row__updated_row.d878a50d17"} */

    
    select
      count(*) as failures,
      count(*) != 0 as should_warn,
      count(*) != 0 as should_error
    from (
      
    
  
    
    

with all_values as (

    select
        change_type as value_field,
        count(*) as n_records

    from "warehouse"."marts_marts"."delta_report"
    group by change_type

)

select *
from all_values
where value_field not in (
    'new_row','updated_row'
)



  
  
      
    ) dbt_internal_test
[0m08:05:58.778895 [debug] [Thread-4 (]: Opening a new connection, currently in state init
[0m08:05:58.780436 [debug] [Thread-2 (]: On test.oracle_warehouse.accepted_values_fct_orders_status__PAID__PENDING__SHIPPED__CANCELLED.4bda94c2ee: /* {"app": "dbt", "dbt_version": "1.11.11", "profile_name": "oracle_warehouse", "target_name": "prod", "node_id": "test.oracle_warehouse.accepted_values_fct_orders_status__PAID__PENDING__SHIPPED__CANCELLED.4bda94c2ee"} */

    
    select
      count(*) as failures,
      count(*) != 0 as should_warn,
      count(*) != 0 as should_error
    from (
      
    
  
    
    

with all_values as (

    select
        status as value_field,
        count(*) as n_records

    from "warehouse"."marts_marts"."fct_orders"
    group by status

)

select *
from all_values
where value_field not in (
    'PAID','PENDING','SHIPPED','CANCELLED'
)



  
  
      
    ) dbt_internal_test
[0m08:05:58.781773 [debug] [Thread-1 (]: Opening a new connection, currently in state closed
[0m08:05:58.783687 [debug] [Thread-3 (]: Using postgres connection "test.oracle_warehouse.not_null_delta_report_load_date.2749686861"
[0m08:05:58.789017 [debug] [Thread-2 (]: Opening a new connection, currently in state init
[0m08:05:58.792462 [debug] [Thread-3 (]: On test.oracle_warehouse.not_null_delta_report_load_date.2749686861: /* {"app": "dbt", "dbt_version": "1.11.11", "profile_name": "oracle_warehouse", "target_name": "prod", "node_id": "test.oracle_warehouse.not_null_delta_report_load_date.2749686861"} */

    
    select
      count(*) as failures,
      count(*) != 0 as should_warn,
      count(*) != 0 as should_error
    from (
      
    
  
    
    



select load_date
from "warehouse"."marts_marts"."delta_report"
where load_date is null



  
  
      
    ) dbt_internal_test
[0m08:05:58.797249 [debug] [Thread-3 (]: Opening a new connection, currently in state init
[0m08:05:59.440340 [debug] [Thread-4 (]: SQL status: SELECT 1 in 0.661 seconds
[0m08:05:59.450060 [debug] [Thread-4 (]: On test.oracle_warehouse.not_null_delta_report_order_id.198a693f2b: ROLLBACK
[0m08:05:59.477223 [debug] [Thread-4 (]: On test.oracle_warehouse.not_null_delta_report_order_id.198a693f2b: Close
[0m08:05:59.481663 [info ] [Thread-4 (]: 4 of 15 PASS not_null_delta_report_order_id .................................... [[32mPASS[0m in 0.89s]
[0m08:05:59.485792 [debug] [Thread-4 (]: Finished running node test.oracle_warehouse.not_null_delta_report_order_id.198a693f2b
[0m08:05:59.488983 [debug] [Thread-4 (]: Began running node test.oracle_warehouse.not_null_fct_orders_amount.66810a8d08
[0m08:05:59.491073 [info ] [Thread-4 (]: 5 of 15 START test not_null_fct_orders_amount .................................. [RUN]
[0m08:05:59.494409 [debug] [Thread-4 (]: Re-using an available connection from the pool (formerly test.oracle_warehouse.not_null_delta_report_order_id.198a693f2b, now test.oracle_warehouse.not_null_fct_orders_amount.66810a8d08)
[0m08:05:59.497338 [debug] [Thread-4 (]: Began compiling node test.oracle_warehouse.not_null_fct_orders_amount.66810a8d08
[0m08:05:59.510991 [debug] [Thread-4 (]: Writing injected SQL for node "test.oracle_warehouse.not_null_fct_orders_amount.66810a8d08"
[0m08:05:59.580904 [debug] [Thread-4 (]: Began executing node test.oracle_warehouse.not_null_fct_orders_amount.66810a8d08
[0m08:05:59.590357 [debug] [Thread-4 (]: Writing runtime sql for node "test.oracle_warehouse.not_null_fct_orders_amount.66810a8d08"
[0m08:05:59.596035 [debug] [Thread-3 (]: SQL status: SELECT 1 in 0.799 seconds
[0m08:05:59.600873 [debug] [Thread-3 (]: On test.oracle_warehouse.not_null_delta_report_load_date.2749686861: ROLLBACK
[0m08:05:59.605731 [debug] [Thread-1 (]: SQL status: SELECT 1 in 0.824 seconds
[0m08:05:59.610636 [debug] [Thread-1 (]: On test.oracle_warehouse.accepted_values_delta_report_change_type__new_row__updated_row.d878a50d17: ROLLBACK
[0m08:05:59.614024 [debug] [Thread-3 (]: On test.oracle_warehouse.not_null_delta_report_load_date.2749686861: Close
[0m08:05:59.617092 [info ] [Thread-3 (]: 3 of 15 PASS not_null_delta_report_load_date ................................... [[32mPASS[0m in 1.02s]
[0m08:05:59.619627 [debug] [Thread-3 (]: Finished running node test.oracle_warehouse.not_null_delta_report_load_date.2749686861
[0m08:05:59.622228 [debug] [Thread-3 (]: Began running node test.oracle_warehouse.not_null_fct_orders_loaded_at.7cb41085ba
[0m08:05:59.625099 [info ] [Thread-3 (]: 6 of 15 START test not_null_fct_orders_loaded_at ............................... [RUN]
[0m08:05:59.627149 [debug] [Thread-3 (]: Re-using an available connection from the pool (formerly test.oracle_warehouse.not_null_delta_report_load_date.2749686861, now test.oracle_warehouse.not_null_fct_orders_loaded_at.7cb41085ba)
[0m08:05:59.629237 [debug] [Thread-3 (]: Began compiling node test.oracle_warehouse.not_null_fct_orders_loaded_at.7cb41085ba
[0m08:05:59.630463 [debug] [Thread-1 (]: On test.oracle_warehouse.accepted_values_delta_report_change_type__new_row__updated_row.d878a50d17: Close
[0m08:05:59.642219 [debug] [Thread-3 (]: Writing injected SQL for node "test.oracle_warehouse.not_null_fct_orders_loaded_at.7cb41085ba"
[0m08:05:59.643630 [debug] [Thread-4 (]: Using postgres connection "test.oracle_warehouse.not_null_fct_orders_amount.66810a8d08"
[0m08:05:59.646116 [info ] [Thread-1 (]: 1 of 15 PASS accepted_values_delta_report_change_type__new_row__updated_row .... [[32mPASS[0m in 1.05s]
[0m08:05:59.650186 [debug] [Thread-4 (]: On test.oracle_warehouse.not_null_fct_orders_amount.66810a8d08: /* {"app": "dbt", "dbt_version": "1.11.11", "profile_name": "oracle_warehouse", "target_name": "prod", "node_id": "test.oracle_warehouse.not_null_fct_orders_amount.66810a8d08"} */

    
    select
      count(*) as failures,
      count(*) != 0 as should_warn,
      count(*) != 0 as should_error
    from (
      
    
  
    
    



select amount
from "warehouse"."marts_marts"."fct_orders"
where amount is null



  
  
      
    ) dbt_internal_test
[0m08:05:59.653858 [debug] [Thread-1 (]: Finished running node test.oracle_warehouse.accepted_values_delta_report_change_type__new_row__updated_row.d878a50d17
[0m08:05:59.657347 [debug] [Thread-4 (]: Opening a new connection, currently in state closed
[0m08:05:59.660133 [debug] [Thread-1 (]: Began running node test.oracle_warehouse.not_null_fct_orders_order_id.4e687af8d0
[0m08:05:59.664724 [info ] [Thread-1 (]: 7 of 15 START test not_null_fct_orders_order_id ................................ [RUN]
[0m08:05:59.667777 [debug] [Thread-1 (]: Re-using an available connection from the pool (formerly test.oracle_warehouse.accepted_values_delta_report_change_type__new_row__updated_row.d878a50d17, now test.oracle_warehouse.not_null_fct_orders_order_id.4e687af8d0)
[0m08:05:59.670453 [debug] [Thread-1 (]: Began compiling node test.oracle_warehouse.not_null_fct_orders_order_id.4e687af8d0
[0m08:05:59.685325 [debug] [Thread-1 (]: Writing injected SQL for node "test.oracle_warehouse.not_null_fct_orders_order_id.4e687af8d0"
[0m08:05:59.692432 [debug] [Thread-3 (]: Began executing node test.oracle_warehouse.not_null_fct_orders_loaded_at.7cb41085ba
[0m08:05:59.699813 [debug] [Thread-3 (]: Writing runtime sql for node "test.oracle_warehouse.not_null_fct_orders_loaded_at.7cb41085ba"
[0m08:05:59.708913 [debug] [Thread-1 (]: Began executing node test.oracle_warehouse.not_null_fct_orders_order_id.4e687af8d0
[0m08:05:59.715610 [debug] [Thread-1 (]: Writing runtime sql for node "test.oracle_warehouse.not_null_fct_orders_order_id.4e687af8d0"
[0m08:05:59.745649 [debug] [Thread-3 (]: Using postgres connection "test.oracle_warehouse.not_null_fct_orders_loaded_at.7cb41085ba"
[0m08:05:59.748925 [debug] [Thread-3 (]: On test.oracle_warehouse.not_null_fct_orders_loaded_at.7cb41085ba: /* {"app": "dbt", "dbt_version": "1.11.11", "profile_name": "oracle_warehouse", "target_name": "prod", "node_id": "test.oracle_warehouse.not_null_fct_orders_loaded_at.7cb41085ba"} */

    
    select
      count(*) as failures,
      count(*) != 0 as should_warn,
      count(*) != 0 as should_error
    from (
      
    
  
    
    



select loaded_at
from "warehouse"."marts_marts"."fct_orders"
where loaded_at is null



  
  
      
    ) dbt_internal_test
[0m08:05:59.751804 [debug] [Thread-3 (]: Opening a new connection, currently in state closed
[0m08:05:59.755065 [debug] [Thread-1 (]: Using postgres connection "test.oracle_warehouse.not_null_fct_orders_order_id.4e687af8d0"
[0m08:05:59.758935 [debug] [Thread-1 (]: On test.oracle_warehouse.not_null_fct_orders_order_id.4e687af8d0: /* {"app": "dbt", "dbt_version": "1.11.11", "profile_name": "oracle_warehouse", "target_name": "prod", "node_id": "test.oracle_warehouse.not_null_fct_orders_order_id.4e687af8d0"} */

    
    select
      count(*) as failures,
      count(*) != 0 as should_warn,
      count(*) != 0 as should_error
    from (
      
    
  
    
    



select order_id
from "warehouse"."marts_marts"."fct_orders"
where order_id is null



  
  
      
    ) dbt_internal_test
[0m08:05:59.761688 [debug] [Thread-1 (]: Opening a new connection, currently in state closed
[0m08:05:59.895364 [debug] [Thread-2 (]: SQL status: SELECT 1 in 1.106 seconds
[0m08:05:59.902906 [debug] [Thread-2 (]: On test.oracle_warehouse.accepted_values_fct_orders_status__PAID__PENDING__SHIPPED__CANCELLED.4bda94c2ee: ROLLBACK
[0m08:05:59.918481 [debug] [Thread-2 (]: On test.oracle_warehouse.accepted_values_fct_orders_status__PAID__PENDING__SHIPPED__CANCELLED.4bda94c2ee: Close
[0m08:05:59.921593 [error] [Thread-2 (]: 2 of 15 FAIL 1 accepted_values_fct_orders_status__PAID__PENDING__SHIPPED__CANCELLED  [[31mFAIL 1[0m in 1.33s]
[0m08:05:59.925493 [debug] [Thread-2 (]: Finished running node test.oracle_warehouse.accepted_values_fct_orders_status__PAID__PENDING__SHIPPED__CANCELLED.4bda94c2ee
[0m08:05:59.927692 [debug] [Thread-2 (]: Began running node test.oracle_warehouse.source_not_null_staging_customers__dlt_loaded_at.6ea4d6333c
[0m08:05:59.930233 [info ] [Thread-2 (]: 8 of 15 START test source_not_null_staging_customers__dlt_loaded_at ............ [RUN]
[0m08:05:59.932752 [debug] [Thread-2 (]: Re-using an available connection from the pool (formerly test.oracle_warehouse.accepted_values_fct_orders_status__PAID__PENDING__SHIPPED__CANCELLED.4bda94c2ee, now test.oracle_warehouse.source_not_null_staging_customers__dlt_loaded_at.6ea4d6333c)
[0m08:05:59.934854 [debug] [Thread-2 (]: Began compiling node test.oracle_warehouse.source_not_null_staging_customers__dlt_loaded_at.6ea4d6333c
[0m08:05:59.956240 [debug] [Thread-2 (]: Writing injected SQL for node "test.oracle_warehouse.source_not_null_staging_customers__dlt_loaded_at.6ea4d6333c"
[0m08:06:00.018140 [debug] [Thread-2 (]: Began executing node test.oracle_warehouse.source_not_null_staging_customers__dlt_loaded_at.6ea4d6333c
[0m08:06:00.029552 [debug] [Thread-2 (]: Writing runtime sql for node "test.oracle_warehouse.source_not_null_staging_customers__dlt_loaded_at.6ea4d6333c"
[0m08:06:00.072978 [debug] [Thread-2 (]: Using postgres connection "test.oracle_warehouse.source_not_null_staging_customers__dlt_loaded_at.6ea4d6333c"
[0m08:06:00.075620 [debug] [Thread-2 (]: On test.oracle_warehouse.source_not_null_staging_customers__dlt_loaded_at.6ea4d6333c: /* {"app": "dbt", "dbt_version": "1.11.11", "profile_name": "oracle_warehouse", "target_name": "prod", "node_id": "test.oracle_warehouse.source_not_null_staging_customers__dlt_loaded_at.6ea4d6333c"} */

    
    select
      count(*) as failures,
      count(*) != 0 as should_warn,
      count(*) != 0 as should_error
    from (
      
    
  
    
    



select _dlt_loaded_at
from "warehouse"."staging"."customers"
where _dlt_loaded_at is null



  
  
      
    ) dbt_internal_test
[0m08:06:00.078170 [debug] [Thread-2 (]: Opening a new connection, currently in state closed
[0m08:06:00.282562 [debug] [Thread-2 (]: Postgres adapter: Postgres error: column "_dlt_loaded_at" does not exist
LINE 17: select _dlt_loaded_at
                ^

[0m08:06:00.285371 [debug] [Thread-2 (]: On test.oracle_warehouse.source_not_null_staging_customers__dlt_loaded_at.6ea4d6333c: ROLLBACK
[0m08:06:00.301823 [debug] [Thread-2 (]: On test.oracle_warehouse.source_not_null_staging_customers__dlt_loaded_at.6ea4d6333c: Close
[0m08:06:00.326045 [debug] [Thread-4 (]: SQL status: SELECT 1 in 0.668 seconds
[0m08:06:00.331388 [debug] [Thread-4 (]: On test.oracle_warehouse.not_null_fct_orders_amount.66810a8d08: ROLLBACK
[0m08:06:00.333141 [debug] [Thread-1 (]: SQL status: SELECT 1 in 0.572 seconds
[0m08:06:00.339316 [debug] [Thread-1 (]: On test.oracle_warehouse.not_null_fct_orders_order_id.4e687af8d0: ROLLBACK
[0m08:06:00.344657 [debug] [Thread-4 (]: On test.oracle_warehouse.not_null_fct_orders_amount.66810a8d08: Close
[0m08:06:00.347930 [info ] [Thread-4 (]: 5 of 15 PASS not_null_fct_orders_amount ........................................ [[32mPASS[0m in 0.85s]
[0m08:06:00.351022 [debug] [Thread-1 (]: On test.oracle_warehouse.not_null_fct_orders_order_id.4e687af8d0: Close
[0m08:06:00.353309 [debug] [Thread-4 (]: Finished running node test.oracle_warehouse.not_null_fct_orders_amount.66810a8d08
[0m08:06:00.358177 [info ] [Thread-1 (]: 7 of 15 PASS not_null_fct_orders_order_id ...................................... [[32mPASS[0m in 0.69s]
[0m08:06:00.360763 [debug] [Thread-4 (]: Began running node test.oracle_warehouse.source_not_null_staging_customers_customer_id.37583efb74
[0m08:06:00.367028 [debug] [Thread-1 (]: Finished running node test.oracle_warehouse.not_null_fct_orders_order_id.4e687af8d0
[0m08:06:00.370851 [info ] [Thread-4 (]: 9 of 15 START test source_not_null_staging_customers_customer_id ............... [RUN]
[0m08:06:00.374038 [debug] [Thread-1 (]: Began running node test.oracle_warehouse.source_not_null_staging_orders__dlt_loaded_at.89d42ca065
[0m08:06:00.383032 [debug] [Thread-4 (]: Re-using an available connection from the pool (formerly test.oracle_warehouse.not_null_fct_orders_amount.66810a8d08, now test.oracle_warehouse.source_not_null_staging_customers_customer_id.37583efb74)
[0m08:06:00.390555 [debug] [Thread-2 (]: Database Error in test source_not_null_staging_customers__dlt_loaded_at (models/staging/sources.yml)
  column "_dlt_loaded_at" does not exist
  LINE 17: select _dlt_loaded_at
                  ^
  compiled code at target/run/oracle_warehouse/models/staging/sources.yml/source_not_null_staging_customers__dlt_loaded_at.sql
[0m08:06:00.393105 [info ] [Thread-1 (]: 10 of 15 START test source_not_null_staging_orders__dlt_loaded_at .............. [RUN]
[0m08:06:00.395108 [debug] [Thread-4 (]: Began compiling node test.oracle_warehouse.source_not_null_staging_customers_customer_id.37583efb74
[0m08:06:00.397620 [error] [Thread-2 (]: 8 of 15 ERROR source_not_null_staging_customers__dlt_loaded_at ................. [[31mERROR[0m in 0.46s]
[0m08:06:00.400620 [debug] [Thread-1 (]: Re-using an available connection from the pool (formerly test.oracle_warehouse.not_null_fct_orders_order_id.4e687af8d0, now test.oracle_warehouse.source_not_null_staging_orders__dlt_loaded_at.89d42ca065)
[0m08:06:00.411896 [debug] [Thread-4 (]: Writing injected SQL for node "test.oracle_warehouse.source_not_null_staging_customers_customer_id.37583efb74"
[0m08:06:00.414455 [debug] [Thread-2 (]: Finished running node test.oracle_warehouse.source_not_null_staging_customers__dlt_loaded_at.6ea4d6333c
[0m08:06:00.417356 [debug] [Thread-1 (]: Began compiling node test.oracle_warehouse.source_not_null_staging_orders__dlt_loaded_at.89d42ca065
[0m08:06:00.421719 [debug] [Thread-2 (]: Began running node test.oracle_warehouse.source_not_null_staging_orders_order_id.8a94cd7e35
[0m08:06:00.424236 [debug] [Thread-7 (]: Marking all children of 'test.oracle_warehouse.source_not_null_staging_customers__dlt_loaded_at.6ea4d6333c' to be skipped because of status 'error'.  Reason: Database Error in test source_not_null_staging_customers__dlt_loaded_at (models/staging/sources.yml)
  column "_dlt_loaded_at" does not exist
  LINE 17: select _dlt_loaded_at
                  ^
  compiled code at target/run/oracle_warehouse/models/staging/sources.yml/source_not_null_staging_customers__dlt_loaded_at.sql.
[0m08:06:00.435442 [debug] [Thread-1 (]: Writing injected SQL for node "test.oracle_warehouse.source_not_null_staging_orders__dlt_loaded_at.89d42ca065"
[0m08:06:00.437015 [info ] [Thread-2 (]: 11 of 15 START test source_not_null_staging_orders_order_id .................... [RUN]
[0m08:06:00.443924 [debug] [Thread-2 (]: Re-using an available connection from the pool (formerly test.oracle_warehouse.source_not_null_staging_customers__dlt_loaded_at.6ea4d6333c, now test.oracle_warehouse.source_not_null_staging_orders_order_id.8a94cd7e35)
[0m08:06:00.445703 [debug] [Thread-2 (]: Began compiling node test.oracle_warehouse.source_not_null_staging_orders_order_id.8a94cd7e35
[0m08:06:00.453972 [debug] [Thread-2 (]: Writing injected SQL for node "test.oracle_warehouse.source_not_null_staging_orders_order_id.8a94cd7e35"
[0m08:06:00.459221 [debug] [Thread-4 (]: Began executing node test.oracle_warehouse.source_not_null_staging_customers_customer_id.37583efb74
[0m08:06:00.465337 [debug] [Thread-4 (]: Writing runtime sql for node "test.oracle_warehouse.source_not_null_staging_customers_customer_id.37583efb74"
[0m08:06:00.469554 [debug] [Thread-1 (]: Began executing node test.oracle_warehouse.source_not_null_staging_orders__dlt_loaded_at.89d42ca065
[0m08:06:00.475392 [debug] [Thread-1 (]: Writing runtime sql for node "test.oracle_warehouse.source_not_null_staging_orders__dlt_loaded_at.89d42ca065"
[0m08:06:00.476643 [debug] [Thread-3 (]: SQL status: SELECT 1 in 0.725 seconds
[0m08:06:00.477853 [debug] [Thread-2 (]: Began executing node test.oracle_warehouse.source_not_null_staging_orders_order_id.8a94cd7e35
[0m08:06:00.482331 [debug] [Thread-3 (]: On test.oracle_warehouse.not_null_fct_orders_loaded_at.7cb41085ba: ROLLBACK
[0m08:06:00.487135 [debug] [Thread-2 (]: Writing runtime sql for node "test.oracle_warehouse.source_not_null_staging_orders_order_id.8a94cd7e35"
[0m08:06:00.498451 [debug] [Thread-3 (]: On test.oracle_warehouse.not_null_fct_orders_loaded_at.7cb41085ba: Close
[0m08:06:00.500968 [debug] [Thread-4 (]: Using postgres connection "test.oracle_warehouse.source_not_null_staging_customers_customer_id.37583efb74"
[0m08:06:00.507141 [debug] [Thread-1 (]: Using postgres connection "test.oracle_warehouse.source_not_null_staging_orders__dlt_loaded_at.89d42ca065"
[0m08:06:00.508163 [debug] [Thread-4 (]: On test.oracle_warehouse.source_not_null_staging_customers_customer_id.37583efb74: /* {"app": "dbt", "dbt_version": "1.11.11", "profile_name": "oracle_warehouse", "target_name": "prod", "node_id": "test.oracle_warehouse.source_not_null_staging_customers_customer_id.37583efb74"} */

    
    select
      count(*) as failures,
      count(*) != 0 as should_warn,
      count(*) != 0 as should_error
    from (
      
    
  
    
    



select customer_id
from "warehouse"."staging"."customers"
where customer_id is null



  
  
      
    ) dbt_internal_test
[0m08:06:00.505378 [info ] [Thread-3 (]: 6 of 15 PASS not_null_fct_orders_loaded_at ..................................... [[32mPASS[0m in 0.88s]
[0m08:06:00.511240 [debug] [Thread-1 (]: On test.oracle_warehouse.source_not_null_staging_orders__dlt_loaded_at.89d42ca065: /* {"app": "dbt", "dbt_version": "1.11.11", "profile_name": "oracle_warehouse", "target_name": "prod", "node_id": "test.oracle_warehouse.source_not_null_staging_orders__dlt_loaded_at.89d42ca065"} */

    
    select
      count(*) as failures,
      count(*) != 0 as should_warn,
      count(*) != 0 as should_error
    from (
      
    
  
    
    



select _dlt_loaded_at
from "warehouse"."staging"."orders"
where _dlt_loaded_at is null



  
  
      
    ) dbt_internal_test
[0m08:06:00.513078 [debug] [Thread-2 (]: Using postgres connection "test.oracle_warehouse.source_not_null_staging_orders_order_id.8a94cd7e35"
[0m08:06:00.515551 [debug] [Thread-4 (]: Opening a new connection, currently in state closed
[0m08:06:00.518746 [debug] [Thread-3 (]: Finished running node test.oracle_warehouse.not_null_fct_orders_loaded_at.7cb41085ba
[0m08:06:00.521136 [debug] [Thread-1 (]: Opening a new connection, currently in state closed
[0m08:06:00.523717 [debug] [Thread-2 (]: On test.oracle_warehouse.source_not_null_staging_orders_order_id.8a94cd7e35: /* {"app": "dbt", "dbt_version": "1.11.11", "profile_name": "oracle_warehouse", "target_name": "prod", "node_id": "test.oracle_warehouse.source_not_null_staging_orders_order_id.8a94cd7e35"} */

    
    select
      count(*) as failures,
      count(*) != 0 as should_warn,
      count(*) != 0 as should_error
    from (
      
    
  
    
    



select order_id
from "warehouse"."staging"."orders"
where order_id is null



  
  
      
    ) dbt_internal_test
[0m08:06:00.528573 [debug] [Thread-3 (]: Began running node test.oracle_warehouse.source_not_null_staging_orders_updated_at.9d13676043
[0m08:06:00.533027 [debug] [Thread-2 (]: Opening a new connection, currently in state closed
[0m08:06:00.535792 [info ] [Thread-3 (]: 12 of 15 START test source_not_null_staging_orders_updated_at .................. [RUN]
[0m08:06:00.540460 [debug] [Thread-3 (]: Re-using an available connection from the pool (formerly test.oracle_warehouse.not_null_fct_orders_loaded_at.7cb41085ba, now test.oracle_warehouse.source_not_null_staging_orders_updated_at.9d13676043)
[0m08:06:00.543088 [debug] [Thread-3 (]: Began compiling node test.oracle_warehouse.source_not_null_staging_orders_updated_at.9d13676043
[0m08:06:00.559401 [debug] [Thread-3 (]: Writing injected SQL for node "test.oracle_warehouse.source_not_null_staging_orders_updated_at.9d13676043"
[0m08:06:00.602154 [debug] [Thread-3 (]: Began executing node test.oracle_warehouse.source_not_null_staging_orders_updated_at.9d13676043
[0m08:06:00.608541 [debug] [Thread-3 (]: Writing runtime sql for node "test.oracle_warehouse.source_not_null_staging_orders_updated_at.9d13676043"
[0m08:06:00.652806 [debug] [Thread-3 (]: Using postgres connection "test.oracle_warehouse.source_not_null_staging_orders_updated_at.9d13676043"
[0m08:06:00.655682 [debug] [Thread-3 (]: On test.oracle_warehouse.source_not_null_staging_orders_updated_at.9d13676043: /* {"app": "dbt", "dbt_version": "1.11.11", "profile_name": "oracle_warehouse", "target_name": "prod", "node_id": "test.oracle_warehouse.source_not_null_staging_orders_updated_at.9d13676043"} */

    
    select
      count(*) as failures,
      count(*) != 0 as should_warn,
      count(*) != 0 as should_error
    from (
      
    
  
    
    



select updated_at
from "warehouse"."staging"."orders"
where updated_at is null



  
  
      
    ) dbt_internal_test
[0m08:06:00.658523 [debug] [Thread-3 (]: Opening a new connection, currently in state closed
[0m08:06:00.668097 [debug] [Thread-4 (]: SQL status: SELECT 1 in 0.152 seconds
[0m08:06:00.677559 [debug] [Thread-4 (]: On test.oracle_warehouse.source_not_null_staging_customers_customer_id.37583efb74: ROLLBACK
[0m08:06:00.690804 [debug] [Thread-4 (]: On test.oracle_warehouse.source_not_null_staging_customers_customer_id.37583efb74: Close
[0m08:06:00.694314 [info ] [Thread-4 (]: 9 of 15 PASS source_not_null_staging_customers_customer_id ..................... [[32mPASS[0m in 0.31s]
[0m08:06:00.697821 [debug] [Thread-4 (]: Finished running node test.oracle_warehouse.source_not_null_staging_customers_customer_id.37583efb74
[0m08:06:00.700293 [debug] [Thread-4 (]: Began running node test.oracle_warehouse.source_unique_staging_customers_customer_id.d8103a1a70
[0m08:06:00.709323 [info ] [Thread-4 (]: 13 of 15 START test source_unique_staging_customers_customer_id ................ [RUN]
[0m08:06:00.712402 [debug] [Thread-4 (]: Re-using an available connection from the pool (formerly test.oracle_warehouse.source_not_null_staging_customers_customer_id.37583efb74, now test.oracle_warehouse.source_unique_staging_customers_customer_id.d8103a1a70)
[0m08:06:00.715110 [debug] [Thread-4 (]: Began compiling node test.oracle_warehouse.source_unique_staging_customers_customer_id.d8103a1a70
[0m08:06:00.727041 [debug] [Thread-1 (]: Postgres adapter: Postgres error: column "_dlt_loaded_at" does not exist
LINE 17: select _dlt_loaded_at
                ^

[0m08:06:00.735075 [debug] [Thread-1 (]: On test.oracle_warehouse.source_not_null_staging_orders__dlt_loaded_at.89d42ca065: ROLLBACK
[0m08:06:00.737607 [debug] [Thread-4 (]: Writing injected SQL for node "test.oracle_warehouse.source_unique_staging_customers_customer_id.d8103a1a70"
[0m08:06:00.749134 [debug] [Thread-1 (]: On test.oracle_warehouse.source_not_null_staging_orders__dlt_loaded_at.89d42ca065: Close
[0m08:06:00.760366 [debug] [Thread-1 (]: Database Error in test source_not_null_staging_orders__dlt_loaded_at (models/staging/sources.yml)
  column "_dlt_loaded_at" does not exist
  LINE 17: select _dlt_loaded_at
                  ^
  compiled code at target/run/oracle_warehouse/models/staging/sources.yml/source_not_null_staging_orders__dlt_loaded_at.sql
[0m08:06:00.762894 [error] [Thread-1 (]: 10 of 15 ERROR source_not_null_staging_orders__dlt_loaded_at ................... [[31mERROR[0m in 0.36s]
[0m08:06:00.766655 [debug] [Thread-1 (]: Finished running node test.oracle_warehouse.source_not_null_staging_orders__dlt_loaded_at.89d42ca065
[0m08:06:00.769138 [debug] [Thread-1 (]: Began running node test.oracle_warehouse.source_unique_staging_orders_order_id.449154f9c3
[0m08:06:00.770876 [debug] [Thread-7 (]: Marking all children of 'test.oracle_warehouse.source_not_null_staging_orders__dlt_loaded_at.89d42ca065' to be skipped because of status 'error'.  Reason: Database Error in test source_not_null_staging_orders__dlt_loaded_at (models/staging/sources.yml)
  column "_dlt_loaded_at" does not exist
  LINE 17: select _dlt_loaded_at
                  ^
  compiled code at target/run/oracle_warehouse/models/staging/sources.yml/source_not_null_staging_orders__dlt_loaded_at.sql.
[0m08:06:00.772168 [info ] [Thread-1 (]: 14 of 15 START test source_unique_staging_orders_order_id ...................... [RUN]
[0m08:06:00.775878 [debug] [Thread-1 (]: Re-using an available connection from the pool (formerly test.oracle_warehouse.source_not_null_staging_orders__dlt_loaded_at.89d42ca065, now test.oracle_warehouse.source_unique_staging_orders_order_id.449154f9c3)
[0m08:06:00.778542 [debug] [Thread-1 (]: Began compiling node test.oracle_warehouse.source_unique_staging_orders_order_id.449154f9c3
[0m08:06:00.790912 [debug] [Thread-1 (]: Writing injected SQL for node "test.oracle_warehouse.source_unique_staging_orders_order_id.449154f9c3"
[0m08:06:00.794523 [debug] [Thread-4 (]: Began executing node test.oracle_warehouse.source_unique_staging_customers_customer_id.d8103a1a70
[0m08:06:00.801248 [debug] [Thread-4 (]: Writing runtime sql for node "test.oracle_warehouse.source_unique_staging_customers_customer_id.d8103a1a70"
[0m08:06:00.827293 [debug] [Thread-1 (]: Began executing node test.oracle_warehouse.source_unique_staging_orders_order_id.449154f9c3
[0m08:06:00.834353 [debug] [Thread-1 (]: Writing runtime sql for node "test.oracle_warehouse.source_unique_staging_orders_order_id.449154f9c3"
[0m08:06:00.839951 [debug] [Thread-4 (]: Using postgres connection "test.oracle_warehouse.source_unique_staging_customers_customer_id.d8103a1a70"
[0m08:06:00.841979 [debug] [Thread-4 (]: On test.oracle_warehouse.source_unique_staging_customers_customer_id.d8103a1a70: /* {"app": "dbt", "dbt_version": "1.11.11", "profile_name": "oracle_warehouse", "target_name": "prod", "node_id": "test.oracle_warehouse.source_unique_staging_customers_customer_id.d8103a1a70"} */

    
    select
      count(*) as failures,
      count(*) != 0 as should_warn,
      count(*) != 0 as should_error
    from (
      
    
  
    
    

select
    customer_id as unique_field,
    count(*) as n_records

from "warehouse"."staging"."customers"
where customer_id is not null
group by customer_id
having count(*) > 1



  
  
      
    ) dbt_internal_test
[0m08:06:00.843808 [debug] [Thread-4 (]: Opening a new connection, currently in state closed
[0m08:06:00.852215 [debug] [Thread-1 (]: Using postgres connection "test.oracle_warehouse.source_unique_staging_orders_order_id.449154f9c3"
[0m08:06:00.854485 [debug] [Thread-1 (]: On test.oracle_warehouse.source_unique_staging_orders_order_id.449154f9c3: /* {"app": "dbt", "dbt_version": "1.11.11", "profile_name": "oracle_warehouse", "target_name": "prod", "node_id": "test.oracle_warehouse.source_unique_staging_orders_order_id.449154f9c3"} */

    
    select
      count(*) as failures,
      count(*) != 0 as should_warn,
      count(*) != 0 as should_error
    from (
      
    
  
    
    

select
    order_id as unique_field,
    count(*) as n_records

from "warehouse"."staging"."orders"
where order_id is not null
group by order_id
having count(*) > 1



  
  
      
    ) dbt_internal_test
[0m08:06:00.857107 [debug] [Thread-1 (]: Opening a new connection, currently in state closed
[0m08:06:01.116975 [debug] [Thread-4 (]: SQL status: SELECT 1 in 0.273 seconds
[0m08:06:01.122271 [debug] [Thread-4 (]: On test.oracle_warehouse.source_unique_staging_customers_customer_id.d8103a1a70: ROLLBACK
[0m08:06:01.123728 [debug] [Thread-2 (]: SQL status: SELECT 1 in 0.591 seconds
[0m08:06:01.128219 [debug] [Thread-2 (]: On test.oracle_warehouse.source_not_null_staging_orders_order_id.8a94cd7e35: ROLLBACK
[0m08:06:01.131589 [debug] [Thread-4 (]: On test.oracle_warehouse.source_unique_staging_customers_customer_id.d8103a1a70: Close
[0m08:06:01.133737 [info ] [Thread-4 (]: 13 of 15 PASS source_unique_staging_customers_customer_id ...................... [[32mPASS[0m in 0.42s]
[0m08:06:01.136195 [debug] [Thread-4 (]: Finished running node test.oracle_warehouse.source_unique_staging_customers_customer_id.d8103a1a70
[0m08:06:01.138886 [debug] [Thread-4 (]: Began running node test.oracle_warehouse.unique_fct_orders_order_id.523ddb6ce5
[0m08:06:01.140598 [debug] [Thread-2 (]: On test.oracle_warehouse.source_not_null_staging_orders_order_id.8a94cd7e35: Close
[0m08:06:01.141523 [info ] [Thread-4 (]: 15 of 15 START test unique_fct_orders_order_id ................................. [RUN]
[0m08:06:01.145213 [debug] [Thread-4 (]: Re-using an available connection from the pool (formerly test.oracle_warehouse.source_unique_staging_customers_customer_id.d8103a1a70, now test.oracle_warehouse.unique_fct_orders_order_id.523ddb6ce5)
[0m08:06:01.144087 [info ] [Thread-2 (]: 11 of 15 PASS source_not_null_staging_orders_order_id .......................... [[32mPASS[0m in 0.70s]
[0m08:06:01.147055 [debug] [Thread-4 (]: Began compiling node test.oracle_warehouse.unique_fct_orders_order_id.523ddb6ce5
[0m08:06:01.149169 [debug] [Thread-2 (]: Finished running node test.oracle_warehouse.source_not_null_staging_orders_order_id.8a94cd7e35
[0m08:06:01.161781 [debug] [Thread-4 (]: Writing injected SQL for node "test.oracle_warehouse.unique_fct_orders_order_id.523ddb6ce5"
[0m08:06:01.197219 [debug] [Thread-4 (]: Began executing node test.oracle_warehouse.unique_fct_orders_order_id.523ddb6ce5
[0m08:06:01.202837 [debug] [Thread-4 (]: Writing runtime sql for node "test.oracle_warehouse.unique_fct_orders_order_id.523ddb6ce5"
[0m08:06:01.245511 [debug] [Thread-4 (]: Using postgres connection "test.oracle_warehouse.unique_fct_orders_order_id.523ddb6ce5"
[0m08:06:01.247694 [debug] [Thread-4 (]: On test.oracle_warehouse.unique_fct_orders_order_id.523ddb6ce5: /* {"app": "dbt", "dbt_version": "1.11.11", "profile_name": "oracle_warehouse", "target_name": "prod", "node_id": "test.oracle_warehouse.unique_fct_orders_order_id.523ddb6ce5"} */

    
    select
      count(*) as failures,
      count(*) != 0 as should_warn,
      count(*) != 0 as should_error
    from (
      
    
  
    
    

select
    order_id as unique_field,
    count(*) as n_records

from "warehouse"."marts_marts"."fct_orders"
where order_id is not null
group by order_id
having count(*) > 1



  
  
      
    ) dbt_internal_test
[0m08:06:01.251416 [debug] [Thread-4 (]: Opening a new connection, currently in state closed
[0m08:06:01.340892 [debug] [Thread-3 (]: SQL status: SELECT 1 in 0.683 seconds
[0m08:06:01.345400 [debug] [Thread-3 (]: On test.oracle_warehouse.source_not_null_staging_orders_updated_at.9d13676043: ROLLBACK
[0m08:06:01.359332 [debug] [Thread-3 (]: On test.oracle_warehouse.source_not_null_staging_orders_updated_at.9d13676043: Close
[0m08:06:01.362963 [info ] [Thread-3 (]: 12 of 15 PASS source_not_null_staging_orders_updated_at ........................ [[32mPASS[0m in 0.82s]
[0m08:06:01.365651 [debug] [Thread-3 (]: Finished running node test.oracle_warehouse.source_not_null_staging_orders_updated_at.9d13676043
[0m08:06:07.893584 [debug] [Thread-4 (]: SQL status: SELECT 1 in 6.643 seconds
[0m08:06:07.898168 [debug] [Thread-4 (]: On test.oracle_warehouse.unique_fct_orders_order_id.523ddb6ce5: ROLLBACK
[0m08:06:07.912712 [debug] [Thread-4 (]: On test.oracle_warehouse.unique_fct_orders_order_id.523ddb6ce5: Close
[0m08:06:07.917282 [info ] [Thread-4 (]: 15 of 15 PASS unique_fct_orders_order_id ....................................... [[32mPASS[0m in 6.77s]
[0m08:06:07.919852 [debug] [Thread-4 (]: Finished running node test.oracle_warehouse.unique_fct_orders_order_id.523ddb6ce5
[0m08:06:07.976689 [debug] [Thread-1 (]: SQL status: SELECT 1 in 7.120 seconds
[0m08:06:07.981404 [debug] [Thread-1 (]: On test.oracle_warehouse.source_unique_staging_orders_order_id.449154f9c3: ROLLBACK
[0m08:06:08.000874 [debug] [Thread-1 (]: On test.oracle_warehouse.source_unique_staging_orders_order_id.449154f9c3: Close
[0m08:06:08.004079 [info ] [Thread-1 (]: 14 of 15 PASS source_unique_staging_orders_order_id ............................ [[32mPASS[0m in 7.23s]
[0m08:06:08.006637 [debug] [Thread-1 (]: Finished running node test.oracle_warehouse.source_unique_staging_orders_order_id.449154f9c3
[0m08:06:08.011446 [debug] [MainThread]: On master: COMMIT
[0m08:06:08.014141 [debug] [MainThread]: Using postgres connection "master"
[0m08:06:08.016464 [debug] [MainThread]: On master: COMMIT
[0m08:06:08.019393 [debug] [MainThread]: Opening a new connection, currently in state closed
[0m08:06:08.158191 [debug] [MainThread]: SQL status: COMMIT in 0.139 seconds
[0m08:06:08.160748 [debug] [MainThread]: On master: Close
[0m08:06:08.163716 [debug] [MainThread]: Connection 'master' was properly closed.
[0m08:06:08.165788 [debug] [MainThread]: Connection 'test.oracle_warehouse.source_unique_staging_orders_order_id.449154f9c3' was properly closed.
[0m08:06:08.168002 [debug] [MainThread]: Connection 'test.oracle_warehouse.unique_fct_orders_order_id.523ddb6ce5' was properly closed.
[0m08:06:08.169827 [debug] [MainThread]: Connection 'test.oracle_warehouse.source_not_null_staging_orders_order_id.8a94cd7e35' was properly closed.
[0m08:06:08.171584 [debug] [MainThread]: Connection 'test.oracle_warehouse.source_not_null_staging_orders_updated_at.9d13676043' was properly closed.
[0m08:06:08.174065 [info ] [MainThread]: 
[0m08:06:08.176852 [info ] [MainThread]: Finished running 15 data tests in 0 hours 0 minutes and 10.02 seconds (10.02s).
[0m08:06:08.183806 [debug] [MainThread]: Command end result
[0m08:06:08.340198 [debug] [MainThread]: Wrote artifact WritableManifest to /opt/airflow/dbt_project/target/manifest.json
[0m08:06:08.362489 [debug] [MainThread]: Wrote artifact SemanticManifest to /opt/airflow/dbt_project/target/semantic_manifest.json
[0m08:06:08.394786 [debug] [MainThread]: Wrote artifact RunExecutionResult to /opt/airflow/dbt_project/target/run_results.json
[0m08:06:08.396515 [info ] [MainThread]: 
[0m08:06:08.398969 [info ] [MainThread]: [31mCompleted with 3 errors, 0 partial successes, and 0 warnings:[0m
[0m08:06:08.400480 [info ] [MainThread]: 
[0m08:06:08.404439 [error] [MainThread]: [31mFailure in test accepted_values_fct_orders_status__PAID__PENDING__SHIPPED__CANCELLED (models/marts/schema.yml)[0m
[0m08:06:08.408820 [error] [MainThread]:   Got 1 result, configured to fail if != 0
[0m08:06:08.410611 [info ] [MainThread]: 
[0m08:06:08.412209 [info ] [MainThread]:   compiled code at target/compiled/oracle_warehouse/models/marts/schema.yml/accepted_values_fct_orders_2544bdf8bb81daf1d58957f6bfafe675.sql
[0m08:06:08.413862 [info ] [MainThread]: 
[0m08:06:08.415503 [error] [MainThread]: [31mFailure in test source_not_null_staging_customers__dlt_loaded_at (models/staging/sources.yml)[0m
[0m08:06:08.417054 [error] [MainThread]:   Database Error in test source_not_null_staging_customers__dlt_loaded_at (models/staging/sources.yml)
  column "_dlt_loaded_at" does not exist
  LINE 17: select _dlt_loaded_at
                  ^
  compiled code at target/run/oracle_warehouse/models/staging/sources.yml/source_not_null_staging_customers__dlt_loaded_at.sql
[0m08:06:08.418653 [info ] [MainThread]: 
[0m08:06:08.420014 [info ] [MainThread]:   compiled code at target/compiled/oracle_warehouse/models/staging/sources.yml/source_not_null_staging_customers__dlt_loaded_at.sql
[0m08:06:08.421338 [info ] [MainThread]: 
[0m08:06:08.423087 [error] [MainThread]: [31mFailure in test source_not_null_staging_orders__dlt_loaded_at (models/staging/sources.yml)[0m
[0m08:06:08.425471 [error] [MainThread]:   Database Error in test source_not_null_staging_orders__dlt_loaded_at (models/staging/sources.yml)
  column "_dlt_loaded_at" does not exist
  LINE 17: select _dlt_loaded_at
                  ^
  compiled code at target/run/oracle_warehouse/models/staging/sources.yml/source_not_null_staging_orders__dlt_loaded_at.sql
[0m08:06:08.426894 [info ] [MainThread]: 
[0m08:06:08.428404 [info ] [MainThread]:   compiled code at target/compiled/oracle_warehouse/models/staging/sources.yml/source_not_null_staging_orders__dlt_loaded_at.sql
[0m08:06:08.430164 [info ] [MainThread]: 
[0m08:06:08.431784 [info ] [MainThread]: Done. PASS=12 WARN=0 ERROR=3 SKIP=0 NO-OP=0 TOTAL=15
[0m08:06:08.433623 [warn ] [MainThread]: [[33mWARNING[0m][DeprecationsSummary]: Deprecated functionality
Summary of encountered deprecations:
- MissingArgumentsPropertyInGenericTestDeprecation: 2 occurrences
To see all deprecation instances instead of just the first occurrence of each,
run command again with the `--show-all-deprecations` flag. You may also need to
run with `--no-partial-parse` as some deprecations are only encountered during
parsing.
[0m08:06:08.436629 [debug] [MainThread]: Resource report: {"command_name": "test", "command_success": false, "command_wall_clock_time": 14.045034, "process_in_blocks": "1552", "process_kernel_time": 0.423899, "process_mem_max_rss": "155848", "process_out_blocks": "0", "process_user_time": 6.031484}
[0m08:06:08.438491 [debug] [MainThread]: Command `dbt test` failed at 08:06:08.437967 after 14.05 seconds
[0m08:06:08.440101 [debug] [MainThread]: Sending event: {'category': 'dbt', 'action': 'invocation', 'label': 'end', 'context': [<snowplow_tracker.self_describing_json.SelfDescribingJson object at 0x75fba03ee410>, <snowplow_tracker.self_describing_json.SelfDescribingJson object at 0x75fba019b9d0>, <snowplow_tracker.self_describing_json.SelfDescribingJson object at 0x75fba019b890>]}
[0m08:06:08.441651 [debug] [MainThread]: Flushing usage events
[0m08:06:09.742706 [debug] [MainThread]: An error was encountered while trying to flush usage events
[0m08:39:56.824745 [debug] [MainThread]: Sending event: {'category': 'dbt', 'action': 'invocation', 'label': 'start', 'context': [<snowplow_tracker.self_describing_json.SelfDescribingJson object at 0x7f3ea50dcec0>, <snowplow_tracker.self_describing_json.SelfDescribingJson object at 0x7f3ea3fafc50>, <snowplow_tracker.self_describing_json.SelfDescribingJson object at 0x7f3ea3fafb10>]}


============================== 08:39:56.831287 | d4f61dcd-dcfb-43cc-a730-cc30d3382789 ==============================
[0m08:39:56.831287 [info ] [MainThread]: Running with dbt=1.11.11
[0m08:39:56.833218 [debug] [MainThread]: running dbt with arguments {'log_cache_events': 'False', 'introspect': 'True', 'printer_width': '80', 'empty': 'False', 'use_colors': 'True', 'target_path': 'None', 'log_format': 'default', 'profiles_dir': '/opt/airflow/dbt_project', 'partial_parse': 'False', 'debug': 'False', 'write_json': 'True', 'log_path': '/opt/airflow/dbt_project/logs', 'use_experimental_parser': 'False', 'cache_selected_only': 'False', 'version_check': 'False', 'static_parser': 'True', 'invocation_command': 'dbt run --project-dir /opt/airflow/dbt_project --profiles-dir /opt/airflow/dbt_project --select staging --no-version-check --no-partial-parse', 'warn_error_options': 'WarnErrorOptionsV2(error=[], warn=[], silence=[])', 'quiet': 'False', 'warn_error': 'None', 'fail_fast': 'False', 'no_print': 'None', 'indirect_selection': 'eager', 'send_anonymous_usage_stats': 'True'}
[0m08:39:57.193758 [debug] [MainThread]: Sending event: {'category': 'dbt', 'action': 'project_id', 'label': 'd4f61dcd-dcfb-43cc-a730-cc30d3382789', 'context': [<snowplow_tracker.self_describing_json.SelfDescribingJson object at 0x7f3ea4cc43e0>]}
[0m08:39:57.315046 [debug] [MainThread]: Sending event: {'category': 'dbt', 'action': 'adapter_info', 'label': 'd4f61dcd-dcfb-43cc-a730-cc30d3382789', 'context': [<snowplow_tracker.self_describing_json.SelfDescribingJson object at 0x7f3ea6aca360>]}
[0m08:39:57.317565 [info ] [MainThread]: Registered adapter: postgres=1.10.0
[0m08:39:57.468437 [debug] [MainThread]: checksum: 30a8cc8fdcbf66701b0944d4ccce3fa46dd04b61e5df68b9f16d57b2e0e3f0be, vars: {}, profile: , target: , version: 1.11.11
[0m08:39:57.477543 [debug] [MainThread]: Partial parsing not enabled
[0m08:39:59.430202 [warn ] [MainThread]: [[33mWARNING[0m][MissingArgumentsPropertyInGenericTestDeprecation]: Deprecated
functionality
Found top-level arguments to test `accepted_values` defined on 'fct_orders' in
package 'oracle_warehouse' (models/marts/schema.yml). Arguments to generic tests
should be nested under the `arguments` property.
[0m08:39:59.432144 [debug] [MainThread]: Sending event: {'category': 'dbt', 'action': 'deprecation', 'label': 'd4f61dcd-dcfb-43cc-a730-cc30d3382789', 'property_': 'warn', 'context': [<snowplow_tracker.self_describing_json.SelfDescribingJson object at 0x7f3ea4247050>]}
[0m08:39:59.834385 [debug] [MainThread]: Sending event: {'category': 'dbt', 'action': 'load_project', 'label': 'd4f61dcd-dcfb-43cc-a730-cc30d3382789', 'context': [<snowplow_tracker.self_describing_json.SelfDescribingJson object at 0x7f3ea1f188c0>]}
[0m08:40:00.097268 [debug] [MainThread]: Wrote artifact WritableManifest to /opt/airflow/dbt_project/target/manifest.json
[0m08:40:00.124351 [debug] [MainThread]: Wrote artifact SemanticManifest to /opt/airflow/dbt_project/target/semantic_manifest.json
[0m08:40:00.197233 [debug] [MainThread]: Sending event: {'category': 'dbt', 'action': 'resource_counts', 'label': 'd4f61dcd-dcfb-43cc-a730-cc30d3382789', 'context': [<snowplow_tracker.self_describing_json.SelfDescribingJson object at 0x7f3e9bea02f0>]}
[0m08:40:00.199244 [info ] [MainThread]: Found 4 models, 15 data tests, 2 sources, 475 macros
[0m08:40:00.201007 [debug] [MainThread]: Sending event: {'category': 'dbt', 'action': 'runnable_timing', 'label': 'd4f61dcd-dcfb-43cc-a730-cc30d3382789', 'context': [<snowplow_tracker.self_describing_json.SelfDescribingJson object at 0x7f3ea23fe340>]}
[0m08:40:00.205892 [info ] [MainThread]: 
[0m08:40:00.207815 [info ] [MainThread]: Concurrency: 4 threads (target='prod')
[0m08:40:00.210230 [info ] [MainThread]: 
[0m08:40:00.212411 [debug] [MainThread]: Acquiring new postgres connection 'master'
[0m08:40:00.223289 [debug] [ThreadPool]: Acquiring new postgres connection 'list_warehouse'
[0m08:40:00.285437 [debug] [ThreadPool]: Using postgres connection "list_warehouse"
[0m08:40:00.286491 [debug] [ThreadPool]: On list_warehouse: /* {"app": "dbt", "dbt_version": "1.11.11", "profile_name": "oracle_warehouse", "target_name": "prod", "connection_name": "list_warehouse"} */

    select distinct nspname from pg_namespace
  
[0m08:40:00.287319 [debug] [ThreadPool]: Opening a new connection, currently in state init
[0m08:40:00.387743 [debug] [ThreadPool]: SQL status: SELECT 16 in 0.100 seconds
[0m08:40:00.390554 [debug] [ThreadPool]: On list_warehouse: Close
[0m08:40:00.395030 [debug] [ThreadPool]: Re-using an available connection from the pool (formerly list_warehouse, now list_warehouse_marts_marts)
[0m08:40:00.406606 [debug] [ThreadPool]: Using postgres connection "list_warehouse_marts_marts"
[0m08:40:00.408239 [debug] [ThreadPool]: On list_warehouse_marts_marts: /* {"app": "dbt", "dbt_version": "1.11.11", "profile_name": "oracle_warehouse", "target_name": "prod", "connection_name": "list_warehouse_marts_marts"} */
select
      'warehouse' as database,
      tablename as name,
      schemaname as schema,
      'table' as type
    from pg_tables
    where schemaname ilike 'marts_marts'
    union all
    select
      'warehouse' as database,
      viewname as name,
      schemaname as schema,
      'view' as type
    from pg_views
    where schemaname ilike 'marts_marts'
    union all
    select
      'warehouse' as database,
      matviewname as name,
      schemaname as schema,
      'materialized_view' as type
    from pg_matviews
    where schemaname ilike 'marts_marts'
  
[0m08:40:00.409718 [debug] [ThreadPool]: Opening a new connection, currently in state closed
[0m08:40:00.523833 [debug] [ThreadPool]: SQL status: SELECT 4 in 0.114 seconds
[0m08:40:00.527006 [debug] [ThreadPool]: On list_warehouse_marts_marts: ROLLBACK
[0m08:40:00.543458 [debug] [ThreadPool]: On list_warehouse_marts_marts: Close
[0m08:40:00.554829 [debug] [MainThread]: Using postgres connection "master"
[0m08:40:00.556840 [debug] [MainThread]: On master: /* {"app": "dbt", "dbt_version": "1.11.11", "profile_name": "oracle_warehouse", "target_name": "prod", "connection_name": "master"} */
select distinct
        dependent_namespace.nspname as dependent_schema,
        dependent_class.relname as dependent_name,
        referenced_namespace.nspname as referenced_schema,
        referenced_class.relname as referenced_name

    -- Query for views: views are entries in pg_class with an entry in pg_rewrite, but we avoid
    -- a seq scan on pg_rewrite by leveraging the fact there is an "internal" row in pg_depend for
    -- the view...
    from pg_class as dependent_class
    join pg_namespace as dependent_namespace on dependent_namespace.oid = dependent_class.relnamespace
    join pg_depend as dependent_depend on dependent_depend.refobjid = dependent_class.oid
        and dependent_depend.classid = 'pg_rewrite'::regclass
        and dependent_depend.refclassid = 'pg_class'::regclass
        and dependent_depend.deptype = 'i'

    -- ... and via pg_depend (that has a row per column, hence the need for "distinct" above, and
    -- making sure to exclude the internal row to avoid a view appearing to depend on itself)...
    join pg_depend as joining_depend on joining_depend.objid = dependent_depend.objid
        and joining_depend.classid = 'pg_rewrite'::regclass
        and joining_depend.refclassid = 'pg_class'::regclass
        and joining_depend.refobjid != dependent_depend.refobjid

    -- ... we can find the tables they query from in pg_class, but excluding system tables. Note we
    -- don't need need to exclude _dependent_ system tables, because they only query from other
    -- system tables, and so are automatically excluded by excluding _referenced_ system tables
    join pg_class as referenced_class on referenced_class.oid = joining_depend.refobjid
    join pg_namespace as referenced_namespace on referenced_namespace.oid = referenced_class.relnamespace
        and referenced_namespace.nspname != 'information_schema'
        and referenced_namespace.nspname not like 'pg\_%'

    order by
        dependent_schema, dependent_name, referenced_schema, referenced_name;
[0m08:40:00.558859 [debug] [MainThread]: Opening a new connection, currently in state init
[0m08:40:00.690438 [debug] [MainThread]: SQL status: SELECT 2 in 0.132 seconds
[0m08:40:00.694205 [debug] [MainThread]: Sending event: {'category': 'dbt', 'action': 'runnable_timing', 'label': 'd4f61dcd-dcfb-43cc-a730-cc30d3382789', 'context': [<snowplow_tracker.self_describing_json.SelfDescribingJson object at 0x7f3e9beb5d90>]}
[0m08:40:00.696215 [debug] [MainThread]: On master: ROLLBACK
[0m08:40:00.729926 [debug] [MainThread]: On master: COMMIT
[0m08:40:00.730902 [debug] [MainThread]: Using postgres connection "master"
[0m08:40:00.731876 [debug] [MainThread]: On master: COMMIT
[0m08:40:00.756964 [debug] [MainThread]: SQL status: COMMIT in 0.024 seconds
[0m08:40:00.759063 [debug] [MainThread]: On master: Close
[0m08:40:00.769792 [debug] [Thread-2 (]: Began running node model.oracle_warehouse.stg_orders
[0m08:40:00.770703 [debug] [Thread-1 (]: Began running node model.oracle_warehouse.stg_customers
[0m08:40:00.771818 [info ] [Thread-2 (]: 2 of 2 START sql view model marts_marts.stg_orders ............................. [RUN]
[0m08:40:00.773915 [info ] [Thread-1 (]: 1 of 2 START sql view model marts_marts.stg_customers .......................... [RUN]
[0m08:40:00.775402 [debug] [Thread-2 (]: Acquiring new postgres connection 'model.oracle_warehouse.stg_orders'
[0m08:40:00.777544 [debug] [Thread-1 (]: Re-using an available connection from the pool (formerly list_warehouse_marts_marts, now model.oracle_warehouse.stg_customers)
[0m08:40:00.779630 [debug] [Thread-2 (]: Began compiling node model.oracle_warehouse.stg_orders
[0m08:40:00.794103 [debug] [Thread-1 (]: Began compiling node model.oracle_warehouse.stg_customers
[0m08:40:00.797832 [debug] [Thread-2 (]: Writing injected SQL for node "model.oracle_warehouse.stg_orders"
[0m08:40:00.801606 [debug] [Thread-1 (]: Writing injected SQL for node "model.oracle_warehouse.stg_customers"
[0m08:40:00.833406 [debug] [Thread-2 (]: Began executing node model.oracle_warehouse.stg_orders
[0m08:40:00.842018 [debug] [Thread-1 (]: Began executing node model.oracle_warehouse.stg_customers
[0m08:40:00.915185 [debug] [Thread-1 (]: Writing runtime sql for node "model.oracle_warehouse.stg_customers"
[0m08:40:00.918852 [debug] [Thread-2 (]: Writing runtime sql for node "model.oracle_warehouse.stg_orders"
[0m08:40:00.932549 [debug] [Thread-1 (]: Using postgres connection "model.oracle_warehouse.stg_customers"
[0m08:40:00.934637 [debug] [Thread-1 (]: On model.oracle_warehouse.stg_customers: /* {"app": "dbt", "dbt_version": "1.11.11", "profile_name": "oracle_warehouse", "target_name": "prod", "node_id": "model.oracle_warehouse.stg_customers"} */

  create view "warehouse"."marts_marts"."stg_customers__dbt_tmp"
    
    
  as (
    -- =============================================================================
-- models/staging/stg_customers.sql
-- =============================================================================



SELECT
    customer_id::INTEGER                AS customer_id,
    INITCAP(TRIM(full_name))            AS full_name,
    LOWER(TRIM(email))                  AS email,
    UPPER(TRIM(country))                AS country,
    UPPER(TRIM(tier))                   AS tier,   -- GOLD / SILVER / STANDARD

    created_at::TIMESTAMPTZ             AS created_at,
    updated_at::TIMESTAMPTZ             AS updated_at,

    _dlt_id                             AS _dlt_id,
    _dlt_load_id                      AS _dlt_load_id

FROM "warehouse"."staging"."customers"
WHERE COALESCE(is_deleted, 0) = 0
  );
[0m08:40:00.935599 [debug] [Thread-2 (]: Using postgres connection "model.oracle_warehouse.stg_orders"
[0m08:40:00.936097 [debug] [Thread-1 (]: Opening a new connection, currently in state closed
[0m08:40:00.941336 [debug] [Thread-2 (]: On model.oracle_warehouse.stg_orders: /* {"app": "dbt", "dbt_version": "1.11.11", "profile_name": "oracle_warehouse", "target_name": "prod", "node_id": "model.oracle_warehouse.stg_orders"} */

  create view "warehouse"."marts_marts"."stg_orders__dbt_tmp"
    
    
  as (
    -- =============================================================================
-- models/staging/stg_orders.sql
-- =============================================================================
-- Lightweight VIEW over the raw DLT-loaded orders table.
-- Purpose: cast types, rename columns, filter soft-deletes.
-- Materialized as a VIEW so it always reflects the latest DLT load.
-- =============================================================================



SELECT
    order_id::INTEGER                   AS order_id,
    customer_id::INTEGER                AS customer_id,

    UPPER(TRIM(status))                 AS status,
    amount::NUMERIC(10,2)               AS amount,
    UPPER(TRIM(product_code))           AS product_code,

    created_at::TIMESTAMPTZ             AS created_at,
    updated_at::TIMESTAMPTZ             AS updated_at,

    -- DLT metadata columns — kept for delta filtering in marts
    _dlt_id                             AS _dlt_id,
    _dlt_load_id                      AS _dlt_load_id

FROM "warehouse"."staging"."orders"

-- Filter soft-deleted rows (is_deleted=1 set in Oracle before export)
WHERE COALESCE(is_deleted, 0) = 0
  );
[0m08:40:00.943358 [debug] [Thread-2 (]: Opening a new connection, currently in state init
[0m08:40:01.151394 [debug] [Thread-2 (]: SQL status: CREATE VIEW in 0.208 seconds
[0m08:40:01.170670 [debug] [Thread-2 (]: Using postgres connection "model.oracle_warehouse.stg_orders"
[0m08:40:01.173173 [debug] [Thread-2 (]: On model.oracle_warehouse.stg_orders: /* {"app": "dbt", "dbt_version": "1.11.11", "profile_name": "oracle_warehouse", "target_name": "prod", "node_id": "model.oracle_warehouse.stg_orders"} */
alter table "warehouse"."marts_marts"."stg_orders" rename to "stg_orders__dbt_backup"
[0m08:40:01.186012 [debug] [Thread-2 (]: SQL status: ALTER TABLE in 0.011 seconds
[0m08:40:01.192648 [debug] [Thread-2 (]: Using postgres connection "model.oracle_warehouse.stg_orders"
[0m08:40:01.194686 [debug] [Thread-2 (]: On model.oracle_warehouse.stg_orders: /* {"app": "dbt", "dbt_version": "1.11.11", "profile_name": "oracle_warehouse", "target_name": "prod", "node_id": "model.oracle_warehouse.stg_orders"} */
alter table "warehouse"."marts_marts"."stg_orders__dbt_tmp" rename to "stg_orders"
[0m08:40:01.208058 [debug] [Thread-2 (]: SQL status: ALTER TABLE in 0.011 seconds
[0m08:40:01.226150 [debug] [Thread-1 (]: SQL status: CREATE VIEW in 0.290 seconds
[0m08:40:01.238144 [debug] [Thread-1 (]: Using postgres connection "model.oracle_warehouse.stg_customers"
[0m08:40:01.239135 [debug] [Thread-2 (]: On model.oracle_warehouse.stg_orders: COMMIT
[0m08:40:01.240274 [debug] [Thread-1 (]: On model.oracle_warehouse.stg_customers: /* {"app": "dbt", "dbt_version": "1.11.11", "profile_name": "oracle_warehouse", "target_name": "prod", "node_id": "model.oracle_warehouse.stg_customers"} */
alter table "warehouse"."marts_marts"."stg_customers" rename to "stg_customers__dbt_backup"
[0m08:40:01.242104 [debug] [Thread-2 (]: Using postgres connection "model.oracle_warehouse.stg_orders"
[0m08:40:01.244395 [debug] [Thread-2 (]: On model.oracle_warehouse.stg_orders: COMMIT
[0m08:40:01.253171 [debug] [Thread-1 (]: SQL status: ALTER TABLE in 0.009 seconds
[0m08:40:01.259906 [debug] [Thread-1 (]: Using postgres connection "model.oracle_warehouse.stg_customers"
[0m08:40:01.261363 [debug] [Thread-1 (]: On model.oracle_warehouse.stg_customers: /* {"app": "dbt", "dbt_version": "1.11.11", "profile_name": "oracle_warehouse", "target_name": "prod", "node_id": "model.oracle_warehouse.stg_customers"} */
alter table "warehouse"."marts_marts"."stg_customers__dbt_tmp" rename to "stg_customers"
[0m08:40:01.266160 [debug] [Thread-2 (]: SQL status: COMMIT in 0.019 seconds
[0m08:40:01.275756 [debug] [Thread-1 (]: SQL status: ALTER TABLE in 0.012 seconds
[0m08:40:01.277779 [debug] [Thread-2 (]: Applying DROP to: "warehouse"."marts_marts"."stg_orders__dbt_backup"
[0m08:40:01.279804 [debug] [Thread-1 (]: On model.oracle_warehouse.stg_customers: COMMIT
[0m08:40:01.287177 [debug] [Thread-2 (]: Using postgres connection "model.oracle_warehouse.stg_orders"
[0m08:40:01.289165 [debug] [Thread-1 (]: Using postgres connection "model.oracle_warehouse.stg_customers"
[0m08:40:01.291304 [debug] [Thread-2 (]: On model.oracle_warehouse.stg_orders: /* {"app": "dbt", "dbt_version": "1.11.11", "profile_name": "oracle_warehouse", "target_name": "prod", "node_id": "model.oracle_warehouse.stg_orders"} */
drop view if exists "warehouse"."marts_marts"."stg_orders__dbt_backup" cascade
[0m08:40:01.292624 [debug] [Thread-1 (]: On model.oracle_warehouse.stg_customers: COMMIT
[0m08:40:01.320193 [debug] [Thread-1 (]: SQL status: COMMIT in 0.024 seconds
[0m08:40:01.336453 [debug] [Thread-1 (]: Applying DROP to: "warehouse"."marts_marts"."stg_customers__dbt_backup"
[0m08:40:01.340633 [debug] [Thread-1 (]: Using postgres connection "model.oracle_warehouse.stg_customers"
[0m08:40:01.343049 [debug] [Thread-2 (]: SQL status: DROP VIEW in 0.048 seconds
[0m08:40:01.346972 [debug] [Thread-1 (]: On model.oracle_warehouse.stg_customers: /* {"app": "dbt", "dbt_version": "1.11.11", "profile_name": "oracle_warehouse", "target_name": "prod", "node_id": "model.oracle_warehouse.stg_customers"} */
drop view if exists "warehouse"."marts_marts"."stg_customers__dbt_backup" cascade
[0m08:40:01.354219 [debug] [Thread-2 (]: On model.oracle_warehouse.stg_orders: Close
[0m08:40:01.366546 [debug] [Thread-2 (]: Sending event: {'category': 'dbt', 'action': 'run_model', 'label': 'd4f61dcd-dcfb-43cc-a730-cc30d3382789', 'context': [<snowplow_tracker.self_describing_json.SelfDescribingJson object at 0x7f3e9bd06410>]}
[0m08:40:01.373425 [info ] [Thread-2 (]: 2 of 2 OK created sql view model marts_marts.stg_orders ........................ [[32mCREATE VIEW[0m in 0.59s]
[0m08:40:01.376175 [debug] [Thread-2 (]: Finished running node model.oracle_warehouse.stg_orders
[0m08:40:01.401082 [debug] [Thread-1 (]: SQL status: DROP VIEW in 0.039 seconds
[0m08:40:01.403888 [debug] [Thread-1 (]: On model.oracle_warehouse.stg_customers: Close
[0m08:40:01.405972 [debug] [Thread-1 (]: Sending event: {'category': 'dbt', 'action': 'run_model', 'label': 'd4f61dcd-dcfb-43cc-a730-cc30d3382789', 'context': [<snowplow_tracker.self_describing_json.SelfDescribingJson object at 0x7f3ea1fb8f50>]}
[0m08:40:01.407991 [info ] [Thread-1 (]: 1 of 2 OK created sql view model marts_marts.stg_customers ..................... [[32mCREATE VIEW[0m in 0.63s]
[0m08:40:01.409846 [debug] [Thread-1 (]: Finished running node model.oracle_warehouse.stg_customers
[0m08:40:01.417251 [debug] [MainThread]: On master: COMMIT
[0m08:40:01.418805 [debug] [MainThread]: Using postgres connection "master"
[0m08:40:01.420273 [debug] [MainThread]: On master: COMMIT
[0m08:40:01.421502 [debug] [MainThread]: Opening a new connection, currently in state closed
[0m08:40:01.536113 [debug] [MainThread]: SQL status: COMMIT in 0.114 seconds
[0m08:40:01.538005 [debug] [MainThread]: On master: Close
[0m08:40:01.541406 [debug] [MainThread]: Connection 'master' was properly closed.
[0m08:40:01.543344 [debug] [MainThread]: Connection 'model.oracle_warehouse.stg_customers' was properly closed.
[0m08:40:01.545162 [debug] [MainThread]: Connection 'model.oracle_warehouse.stg_orders' was properly closed.
[0m08:40:01.547001 [info ] [MainThread]: 
[0m08:40:01.548855 [info ] [MainThread]: Finished running 2 view models in 0 hours 0 minutes and 1.33 seconds (1.33s).
[0m08:40:01.550939 [debug] [MainThread]: Command end result
[0m08:40:01.700799 [debug] [MainThread]: Wrote artifact WritableManifest to /opt/airflow/dbt_project/target/manifest.json
[0m08:40:01.717524 [debug] [MainThread]: Wrote artifact SemanticManifest to /opt/airflow/dbt_project/target/semantic_manifest.json
[0m08:40:01.740895 [debug] [MainThread]: Wrote artifact RunExecutionResult to /opt/airflow/dbt_project/target/run_results.json
[0m08:40:01.742540 [info ] [MainThread]: 
[0m08:40:01.744146 [info ] [MainThread]: [32mCompleted successfully[0m
[0m08:40:01.745250 [info ] [MainThread]: 
[0m08:40:01.746551 [info ] [MainThread]: Done. PASS=2 WARN=0 ERROR=0 SKIP=0 NO-OP=0 TOTAL=2
[0m08:40:01.751887 [warn ] [MainThread]: [[33mWARNING[0m][DeprecationsSummary]: Deprecated functionality
Summary of encountered deprecations:
- MissingArgumentsPropertyInGenericTestDeprecation: 2 occurrences
To see all deprecation instances instead of just the first occurrence of each,
run command again with the `--show-all-deprecations` flag. You may also need to
run with `--no-partial-parse` as some deprecations are only encountered during
parsing.
[0m08:40:01.755015 [debug] [MainThread]: Resource report: {"command_name": "run", "command_success": true, "command_wall_clock_time": 5.1339197, "process_in_blocks": "0", "process_kernel_time": 0.754069, "process_mem_max_rss": "153532", "process_out_blocks": "0", "process_user_time": 5.559254}
[0m08:40:01.757299 [debug] [MainThread]: Command `dbt run` succeeded at 08:40:01.756991 after 5.14 seconds
[0m08:40:01.758651 [debug] [MainThread]: Sending event: {'category': 'dbt', 'action': 'invocation', 'label': 'end', 'context': [<snowplow_tracker.self_describing_json.SelfDescribingJson object at 0x7f3e9bd631d0>, <snowplow_tracker.self_describing_json.SelfDescribingJson object at 0x7f3ea4e3f6d0>, <snowplow_tracker.self_describing_json.SelfDescribingJson object at 0x7f3ea4047bd0>]}
[0m08:40:01.760759 [debug] [MainThread]: Flushing usage events
[0m08:40:03.396003 [debug] [MainThread]: An error was encountered while trying to flush usage events
[0m08:40:08.657877 [debug] [MainThread]: Sending event: {'category': 'dbt', 'action': 'invocation', 'label': 'start', 'context': [<snowplow_tracker.self_describing_json.SelfDescribingJson object at 0x7731ceba8ec0>, <snowplow_tracker.self_describing_json.SelfDescribingJson object at 0x7731cdab7c50>, <snowplow_tracker.self_describing_json.SelfDescribingJson object at 0x7731cdab7b10>]}


============================== 08:40:08.662541 | 43ee22e6-140f-4c71-aaf7-333562f5014d ==============================
[0m08:40:08.662541 [info ] [MainThread]: Running with dbt=1.11.11
[0m08:40:08.663490 [debug] [MainThread]: running dbt with arguments {'static_parser': 'True', 'partial_parse': 'False', 'use_experimental_parser': 'False', 'version_check': 'False', 'log_cache_events': 'False', 'warn_error': 'None', 'write_json': 'True', 'target_path': 'None', 'send_anonymous_usage_stats': 'True', 'profiles_dir': '/opt/airflow/dbt_project', 'fail_fast': 'False', 'quiet': 'False', 'indirect_selection': 'eager', 'invocation_command': 'dbt run --project-dir /opt/airflow/dbt_project --profiles-dir /opt/airflow/dbt_project --select marts --no-version-check --no-partial-parse', 'no_print': 'None', 'use_colors': 'True', 'warn_error_options': 'WarnErrorOptionsV2(error=[], warn=[], silence=[])', 'cache_selected_only': 'False', 'introspect': 'True', 'printer_width': '80', 'debug': 'False', 'empty': 'False', 'log_path': '/opt/airflow/dbt_project/logs', 'log_format': 'default'}
[0m08:40:08.960139 [debug] [MainThread]: Sending event: {'category': 'dbt', 'action': 'project_id', 'label': '43ee22e6-140f-4c71-aaf7-333562f5014d', 'context': [<snowplow_tracker.self_describing_json.SelfDescribingJson object at 0x7731ce7943e0>]}
[0m08:40:09.081587 [debug] [MainThread]: Sending event: {'category': 'dbt', 'action': 'adapter_info', 'label': '43ee22e6-140f-4c71-aaf7-333562f5014d', 'context': [<snowplow_tracker.self_describing_json.SelfDescribingJson object at 0x7731d0596360>]}
[0m08:40:09.085137 [info ] [MainThread]: Registered adapter: postgres=1.10.0
[0m08:40:09.156448 [debug] [MainThread]: checksum: 30a8cc8fdcbf66701b0944d4ccce3fa46dd04b61e5df68b9f16d57b2e0e3f0be, vars: {}, profile: , target: , version: 1.11.11
[0m08:40:09.165674 [debug] [MainThread]: Partial parsing not enabled
[0m08:40:11.115578 [warn ] [MainThread]: [[33mWARNING[0m][MissingArgumentsPropertyInGenericTestDeprecation]: Deprecated
functionality
Found top-level arguments to test `accepted_values` defined on 'fct_orders' in
package 'oracle_warehouse' (models/marts/schema.yml). Arguments to generic tests
should be nested under the `arguments` property.
[0m08:40:11.117018 [debug] [MainThread]: Sending event: {'category': 'dbt', 'action': 'deprecation', 'label': '43ee22e6-140f-4c71-aaf7-333562f5014d', 'property_': 'warn', 'context': [<snowplow_tracker.self_describing_json.SelfDescribingJson object at 0x7731cdb4b050>]}
[0m08:40:11.507760 [debug] [MainThread]: Sending event: {'category': 'dbt', 'action': 'load_project', 'label': '43ee22e6-140f-4c71-aaf7-333562f5014d', 'context': [<snowplow_tracker.self_describing_json.SelfDescribingJson object at 0x7731cbd6c8c0>]}
[0m08:40:11.681418 [debug] [MainThread]: Wrote artifact WritableManifest to /opt/airflow/dbt_project/target/manifest.json
[0m08:40:11.690865 [debug] [MainThread]: Wrote artifact SemanticManifest to /opt/airflow/dbt_project/target/semantic_manifest.json
[0m08:40:11.721666 [debug] [MainThread]: Sending event: {'category': 'dbt', 'action': 'resource_counts', 'label': '43ee22e6-140f-4c71-aaf7-333562f5014d', 'context': [<snowplow_tracker.self_describing_json.SelfDescribingJson object at 0x7731c98e82f0>]}
[0m08:40:11.723089 [info ] [MainThread]: Found 4 models, 15 data tests, 2 sources, 475 macros
[0m08:40:11.724107 [debug] [MainThread]: Sending event: {'category': 'dbt', 'action': 'runnable_timing', 'label': '43ee22e6-140f-4c71-aaf7-333562f5014d', 'context': [<snowplow_tracker.self_describing_json.SelfDescribingJson object at 0x7731cbd52340>]}
[0m08:40:11.727119 [info ] [MainThread]: 
[0m08:40:11.728484 [info ] [MainThread]: Concurrency: 4 threads (target='prod')
[0m08:40:11.729344 [info ] [MainThread]: 
[0m08:40:11.730570 [debug] [MainThread]: Acquiring new postgres connection 'master'
[0m08:40:11.737886 [debug] [ThreadPool]: Acquiring new postgres connection 'list_warehouse'
[0m08:40:11.778506 [debug] [ThreadPool]: Using postgres connection "list_warehouse"
[0m08:40:11.779871 [debug] [ThreadPool]: On list_warehouse: /* {"app": "dbt", "dbt_version": "1.11.11", "profile_name": "oracle_warehouse", "target_name": "prod", "connection_name": "list_warehouse"} */

    select distinct nspname from pg_namespace
  
[0m08:40:11.780989 [debug] [ThreadPool]: Opening a new connection, currently in state init
[0m08:40:11.921700 [debug] [ThreadPool]: SQL status: SELECT 16 in 0.141 seconds
[0m08:40:11.924613 [debug] [ThreadPool]: On list_warehouse: Close
[0m08:40:11.928607 [debug] [ThreadPool]: Re-using an available connection from the pool (formerly list_warehouse, now list_warehouse_marts_marts)
[0m08:40:11.939372 [debug] [ThreadPool]: Using postgres connection "list_warehouse_marts_marts"
[0m08:40:11.942458 [debug] [ThreadPool]: On list_warehouse_marts_marts: /* {"app": "dbt", "dbt_version": "1.11.11", "profile_name": "oracle_warehouse", "target_name": "prod", "connection_name": "list_warehouse_marts_marts"} */
select
      'warehouse' as database,
      tablename as name,
      schemaname as schema,
      'table' as type
    from pg_tables
    where schemaname ilike 'marts_marts'
    union all
    select
      'warehouse' as database,
      viewname as name,
      schemaname as schema,
      'view' as type
    from pg_views
    where schemaname ilike 'marts_marts'
    union all
    select
      'warehouse' as database,
      matviewname as name,
      schemaname as schema,
      'materialized_view' as type
    from pg_matviews
    where schemaname ilike 'marts_marts'
  
[0m08:40:11.944941 [debug] [ThreadPool]: Opening a new connection, currently in state closed
[0m08:40:12.103248 [debug] [ThreadPool]: SQL status: SELECT 4 in 0.158 seconds
[0m08:40:12.108084 [debug] [ThreadPool]: On list_warehouse_marts_marts: ROLLBACK
[0m08:40:12.119925 [debug] [ThreadPool]: On list_warehouse_marts_marts: Close
[0m08:40:12.134759 [debug] [MainThread]: Using postgres connection "master"
[0m08:40:12.137611 [debug] [MainThread]: On master: /* {"app": "dbt", "dbt_version": "1.11.11", "profile_name": "oracle_warehouse", "target_name": "prod", "connection_name": "master"} */
select distinct
        dependent_namespace.nspname as dependent_schema,
        dependent_class.relname as dependent_name,
        referenced_namespace.nspname as referenced_schema,
        referenced_class.relname as referenced_name

    -- Query for views: views are entries in pg_class with an entry in pg_rewrite, but we avoid
    -- a seq scan on pg_rewrite by leveraging the fact there is an "internal" row in pg_depend for
    -- the view...
    from pg_class as dependent_class
    join pg_namespace as dependent_namespace on dependent_namespace.oid = dependent_class.relnamespace
    join pg_depend as dependent_depend on dependent_depend.refobjid = dependent_class.oid
        and dependent_depend.classid = 'pg_rewrite'::regclass
        and dependent_depend.refclassid = 'pg_class'::regclass
        and dependent_depend.deptype = 'i'

    -- ... and via pg_depend (that has a row per column, hence the need for "distinct" above, and
    -- making sure to exclude the internal row to avoid a view appearing to depend on itself)...
    join pg_depend as joining_depend on joining_depend.objid = dependent_depend.objid
        and joining_depend.classid = 'pg_rewrite'::regclass
        and joining_depend.refclassid = 'pg_class'::regclass
        and joining_depend.refobjid != dependent_depend.refobjid

    -- ... we can find the tables they query from in pg_class, but excluding system tables. Note we
    -- don't need need to exclude _dependent_ system tables, because they only query from other
    -- system tables, and so are automatically excluded by excluding _referenced_ system tables
    join pg_class as referenced_class on referenced_class.oid = joining_depend.refobjid
    join pg_namespace as referenced_namespace on referenced_namespace.oid = referenced_class.relnamespace
        and referenced_namespace.nspname != 'information_schema'
        and referenced_namespace.nspname not like 'pg\_%'

    order by
        dependent_schema, dependent_name, referenced_schema, referenced_name;
[0m08:40:12.140240 [debug] [MainThread]: Opening a new connection, currently in state init
[0m08:40:12.282403 [debug] [MainThread]: SQL status: SELECT 2 in 0.142 seconds
[0m08:40:12.285915 [debug] [MainThread]: Sending event: {'category': 'dbt', 'action': 'runnable_timing', 'label': '43ee22e6-140f-4c71-aaf7-333562f5014d', 'context': [<snowplow_tracker.self_describing_json.SelfDescribingJson object at 0x7731c96fdd90>]}
[0m08:40:12.287505 [debug] [MainThread]: On master: ROLLBACK
[0m08:40:12.297668 [debug] [MainThread]: On master: COMMIT
[0m08:40:12.299086 [debug] [MainThread]: Using postgres connection "master"
[0m08:40:12.300277 [debug] [MainThread]: On master: COMMIT
[0m08:40:12.315906 [debug] [MainThread]: SQL status: COMMIT in 0.014 seconds
[0m08:40:12.317503 [debug] [MainThread]: On master: Close
[0m08:40:12.327363 [debug] [Thread-1 (]: Began running node model.oracle_warehouse.delta_report
[0m08:40:12.328359 [debug] [Thread-2 (]: Began running node model.oracle_warehouse.fct_orders
[0m08:40:12.329792 [info ] [Thread-1 (]: 1 of 2 START sql incremental model marts_marts.delta_report .................... [RUN]
[0m08:40:12.331732 [info ] [Thread-2 (]: 2 of 2 START sql incremental model marts_marts.fct_orders ...................... [RUN]
[0m08:40:12.333592 [debug] [Thread-1 (]: Re-using an available connection from the pool (formerly list_warehouse_marts_marts, now model.oracle_warehouse.delta_report)
[0m08:40:12.337223 [debug] [Thread-2 (]: Acquiring new postgres connection 'model.oracle_warehouse.fct_orders'
[0m08:40:12.339525 [debug] [Thread-1 (]: Began compiling node model.oracle_warehouse.delta_report
[0m08:40:12.341589 [debug] [Thread-2 (]: Began compiling node model.oracle_warehouse.fct_orders
[0m08:40:12.378460 [debug] [Thread-1 (]: Writing injected SQL for node "model.oracle_warehouse.delta_report"
[0m08:40:12.381309 [debug] [Thread-2 (]: Writing injected SQL for node "model.oracle_warehouse.fct_orders"
[0m08:40:12.405161 [debug] [Thread-1 (]: Began executing node model.oracle_warehouse.delta_report
[0m08:40:12.417221 [debug] [Thread-2 (]: Began executing node model.oracle_warehouse.fct_orders
[0m08:40:12.565185 [debug] [Thread-2 (]: Using postgres connection "model.oracle_warehouse.fct_orders"
[0m08:40:12.567514 [debug] [Thread-1 (]: Using postgres connection "model.oracle_warehouse.delta_report"
[0m08:40:12.568650 [debug] [Thread-2 (]: On model.oracle_warehouse.fct_orders: /* {"app": "dbt", "dbt_version": "1.11.11", "profile_name": "oracle_warehouse", "target_name": "prod", "node_id": "model.oracle_warehouse.fct_orders"} */

    
  
    

  create temporary table "fct_orders__dbt_tmp084012511834"
  
  
    as
  
  (
    -- =============================================================================
-- models/marts/fct_orders.sql
-- =============================================================================
-- INCREMENTAL fact table — the core delta model.
--
-- How delta works here:
--   First run  → processes ALL rows from stg_orders (full load)
--   Every run after → the is_incremental() block injects a WHERE clause that
--                     only picks up rows whose _dlt_loaded_at is NEWER than
--                     the highest loaded_at already in this table.
--
-- This means DBT only transforms rows that DLT loaded THIS RUN.
-- The merge strategy then upserts them: new rows inserted, changed rows updated.
-- =============================================================================


with source as (
    select
        o.order_id,
        o.customer_id,
        o.status,
        o.amount,
        o.product_code,
        o.created_at,
        o.updated_at,
        o._dlt_load_id,
        c.full_name     as customer_name,
        c.country       as customer_country,
        c.tier          as customer_tier
    from "warehouse"."marts_marts"."stg_orders" as o
    left join "warehouse"."marts_marts"."stg_customers" as c
        on o.customer_id = c.customer_id

  
    where o.updated_at > (
        select coalesce(max(updated_at), '1970-01-01'::timestamptz)
        from "warehouse"."marts_marts"."fct_orders"
    )
    
)

select
    order_id,
    customer_id,
    customer_name,
    customer_country,
    customer_tier,
    status,
    amount,
    product_code,
    case when status = 'PAID'    then amount else 0 end  as paid_amount,
    case when status = 'PENDING' then amount else 0 end  as pending_amount,
    case when amount > 500       then true  else false end as is_high_value,
    date_trunc('day',  created_at)  as order_date,
    date_trunc('week', created_at)  as order_week,
    date_trunc('month',created_at)  as order_month,
    created_at,
    updated_at,
    updated_at as loaded_at
from source
  );
  
  
[0m08:40:12.570924 [debug] [Thread-1 (]: On model.oracle_warehouse.delta_report: /* {"app": "dbt", "dbt_version": "1.11.11", "profile_name": "oracle_warehouse", "target_name": "prod", "node_id": "model.oracle_warehouse.delta_report"} */

    
  
    

  create temporary table "delta_report__dbt_tmp084012515342"
  
  
    as
  
  (
    -- =============================================================================
-- models/marts/delta_report.sql
-- =============================================================================
-- Append-only log of every row that was new or changed in each DLT run.
-- Your team queries this to monitor what moved through the pipeline.
--
-- Query to check today's delta:
--   SELECT * FROM marts.delta_report WHERE load_date = CURRENT_DATE ORDER BY detected_at DESC;
-- =============================================================================


select
    o.order_id,
    o.customer_id,
    o.status,
    o.amount,
    o.product_code,
    o.updated_at                        as changed_at_source,
    o.updated_at                        as detected_at,
    cast(o.updated_at as date)          as load_date,
    case
        when o.updated_at = o.created_at then 'new_row'
        else 'updated_row'
    end                                 as change_type

from "warehouse"."marts_marts"."stg_orders" as o


where o.updated_at > (
    select coalesce(max(detected_at), '1970-01-01'::timestamptz)
    from "warehouse"."marts_marts"."delta_report"
)

  );
  
  
[0m08:40:12.572635 [debug] [Thread-2 (]: Opening a new connection, currently in state init
[0m08:40:12.574364 [debug] [Thread-1 (]: Opening a new connection, currently in state closed
[0m08:40:13.962096 [debug] [Thread-2 (]: SQL status: SELECT 0 in 1.389 seconds
[0m08:40:14.006534 [debug] [Thread-2 (]: Using postgres connection "model.oracle_warehouse.fct_orders"
[0m08:40:14.008083 [debug] [Thread-1 (]: SQL status: SELECT 0 in 1.433 seconds
[0m08:40:14.010165 [debug] [Thread-2 (]: On model.oracle_warehouse.fct_orders: /* {"app": "dbt", "dbt_version": "1.11.11", "profile_name": "oracle_warehouse", "target_name": "prod", "node_id": "model.oracle_warehouse.fct_orders"} */

      select
          column_name,
          data_type,
          character_maximum_length,
          numeric_precision,
          numeric_scale

      from INFORMATION_SCHEMA.columns
      where table_name = 'fct_orders__dbt_tmp084012511834'
        
      order by ordinal_position

  
[0m08:40:14.018789 [debug] [Thread-1 (]: Using postgres connection "model.oracle_warehouse.delta_report"
[0m08:40:14.021411 [debug] [Thread-1 (]: On model.oracle_warehouse.delta_report: /* {"app": "dbt", "dbt_version": "1.11.11", "profile_name": "oracle_warehouse", "target_name": "prod", "node_id": "model.oracle_warehouse.delta_report"} */

      select
          column_name,
          data_type,
          character_maximum_length,
          numeric_precision,
          numeric_scale

      from INFORMATION_SCHEMA.columns
      where table_name = 'delta_report__dbt_tmp084012515342'
        
      order by ordinal_position

  
[0m08:40:14.069250 [debug] [Thread-1 (]: SQL status: SELECT 9 in 0.046 seconds
[0m08:40:14.077797 [debug] [Thread-1 (]: Using postgres connection "model.oracle_warehouse.delta_report"
[0m08:40:14.078428 [debug] [Thread-2 (]: SQL status: SELECT 17 in 0.058 seconds
[0m08:40:14.079049 [debug] [Thread-1 (]: On model.oracle_warehouse.delta_report: /* {"app": "dbt", "dbt_version": "1.11.11", "profile_name": "oracle_warehouse", "target_name": "prod", "node_id": "model.oracle_warehouse.delta_report"} */

      select
          column_name,
          data_type,
          character_maximum_length,
          numeric_precision,
          numeric_scale

      from "warehouse".INFORMATION_SCHEMA.columns
      where table_name = 'delta_report'
        
        and table_schema = 'marts_marts'
        
      order by ordinal_position

  
[0m08:40:14.083687 [debug] [Thread-2 (]: Using postgres connection "model.oracle_warehouse.fct_orders"
[0m08:40:14.085968 [debug] [Thread-2 (]: On model.oracle_warehouse.fct_orders: /* {"app": "dbt", "dbt_version": "1.11.11", "profile_name": "oracle_warehouse", "target_name": "prod", "node_id": "model.oracle_warehouse.fct_orders"} */

      select
          column_name,
          data_type,
          character_maximum_length,
          numeric_precision,
          numeric_scale

      from "warehouse".INFORMATION_SCHEMA.columns
      where table_name = 'fct_orders'
        
        and table_schema = 'marts_marts'
        
      order by ordinal_position

  
[0m08:40:14.112868 [debug] [Thread-2 (]: SQL status: SELECT 17 in 0.025 seconds
[0m08:40:14.114129 [debug] [Thread-1 (]: SQL status: SELECT 9 in 0.029 seconds
[0m08:40:14.166389 [debug] [Thread-2 (]: Using postgres connection "model.oracle_warehouse.fct_orders"
[0m08:40:14.169927 [debug] [Thread-1 (]: Using postgres connection "model.oracle_warehouse.delta_report"
[0m08:40:14.170901 [debug] [Thread-2 (]: On model.oracle_warehouse.fct_orders: /* {"app": "dbt", "dbt_version": "1.11.11", "profile_name": "oracle_warehouse", "target_name": "prod", "node_id": "model.oracle_warehouse.fct_orders"} */

      select
          column_name,
          data_type,
          character_maximum_length,
          numeric_precision,
          numeric_scale

      from INFORMATION_SCHEMA.columns
      where table_name = 'fct_orders__dbt_tmp084012511834'
        
      order by ordinal_position

  
[0m08:40:14.174071 [debug] [Thread-1 (]: On model.oracle_warehouse.delta_report: /* {"app": "dbt", "dbt_version": "1.11.11", "profile_name": "oracle_warehouse", "target_name": "prod", "node_id": "model.oracle_warehouse.delta_report"} */

      select
          column_name,
          data_type,
          character_maximum_length,
          numeric_precision,
          numeric_scale

      from INFORMATION_SCHEMA.columns
      where table_name = 'delta_report__dbt_tmp084012515342'
        
      order by ordinal_position

  
[0m08:40:14.195705 [debug] [Thread-2 (]: SQL status: SELECT 17 in 0.019 seconds
[0m08:40:14.203373 [debug] [Thread-1 (]: SQL status: SELECT 9 in 0.025 seconds
[0m08:40:14.202890 [debug] [Thread-2 (]: Using postgres connection "model.oracle_warehouse.fct_orders"
[0m08:40:14.210243 [debug] [Thread-1 (]: Using postgres connection "model.oracle_warehouse.delta_report"
[0m08:40:14.212059 [debug] [Thread-2 (]: On model.oracle_warehouse.fct_orders: /* {"app": "dbt", "dbt_version": "1.11.11", "profile_name": "oracle_warehouse", "target_name": "prod", "node_id": "model.oracle_warehouse.fct_orders"} */

      select
          column_name,
          data_type,
          character_maximum_length,
          numeric_precision,
          numeric_scale

      from "warehouse".INFORMATION_SCHEMA.columns
      where table_name = 'fct_orders'
        
        and table_schema = 'marts_marts'
        
      order by ordinal_position

  
[0m08:40:14.214867 [debug] [Thread-1 (]: On model.oracle_warehouse.delta_report: /* {"app": "dbt", "dbt_version": "1.11.11", "profile_name": "oracle_warehouse", "target_name": "prod", "node_id": "model.oracle_warehouse.delta_report"} */

      select
          column_name,
          data_type,
          character_maximum_length,
          numeric_precision,
          numeric_scale

      from "warehouse".INFORMATION_SCHEMA.columns
      where table_name = 'delta_report'
        
        and table_schema = 'marts_marts'
        
      order by ordinal_position

  
[0m08:40:14.241911 [debug] [Thread-1 (]: SQL status: SELECT 9 in 0.023 seconds
[0m08:40:14.243109 [debug] [Thread-2 (]: SQL status: SELECT 17 in 0.026 seconds
[0m08:40:14.262751 [debug] [Thread-1 (]: 
    In "warehouse"."marts_marts"."delta_report":
        Schema changed: False
        Source columns not in target: []
        Target columns not in source: []
        New column types: []
  
[0m08:40:14.266571 [debug] [Thread-2 (]: 
    In "warehouse"."marts_marts"."fct_orders":
        Schema changed: False
        Source columns not in target: []
        Target columns not in source: []
        New column types: []
  
[0m08:40:14.282767 [debug] [Thread-1 (]: Writing runtime sql for node "model.oracle_warehouse.delta_report"
[0m08:40:14.297020 [debug] [Thread-2 (]: Writing runtime sql for node "model.oracle_warehouse.fct_orders"
[0m08:40:14.330603 [debug] [Thread-2 (]: Using postgres connection "model.oracle_warehouse.fct_orders"
[0m08:40:14.334454 [debug] [Thread-2 (]: On model.oracle_warehouse.fct_orders: /* {"app": "dbt", "dbt_version": "1.11.11", "profile_name": "oracle_warehouse", "target_name": "prod", "node_id": "model.oracle_warehouse.fct_orders"} */

      
        
        
        delete from "warehouse"."marts_marts"."fct_orders" as DBT_INTERNAL_DEST
        where (order_id) in (
            select distinct order_id
            from "fct_orders__dbt_tmp084012511834" as DBT_INTERNAL_SOURCE
        );

    

    insert into "warehouse"."marts_marts"."fct_orders" ("order_id", "customer_id", "customer_name", "customer_country", "customer_tier", "status", "amount", "product_code", "paid_amount", "pending_amount", "is_high_value", "order_date", "order_week", "order_month", "created_at", "updated_at", "loaded_at")
    (
        select "order_id", "customer_id", "customer_name", "customer_country", "customer_tier", "status", "amount", "product_code", "paid_amount", "pending_amount", "is_high_value", "order_date", "order_week", "order_month", "created_at", "updated_at", "loaded_at"
        from "fct_orders__dbt_tmp084012511834"
    )
  
[0m08:40:14.342497 [debug] [Thread-1 (]: Using postgres connection "model.oracle_warehouse.delta_report"
[0m08:40:14.344501 [debug] [Thread-1 (]: On model.oracle_warehouse.delta_report: /* {"app": "dbt", "dbt_version": "1.11.11", "profile_name": "oracle_warehouse", "target_name": "prod", "node_id": "model.oracle_warehouse.delta_report"} */

      insert into "warehouse"."marts_marts"."delta_report" ("order_id", "customer_id", "status", "amount", "product_code", "changed_at_source", "detected_at", "load_date", "change_type")
    (
        select "order_id", "customer_id", "status", "amount", "product_code", "changed_at_source", "detected_at", "load_date", "change_type"
        from "delta_report__dbt_tmp084012515342"
    )


  
[0m08:40:14.348226 [debug] [Thread-2 (]: SQL status: INSERT 0 0 in 0.010 seconds
[0m08:40:14.360583 [debug] [Thread-1 (]: SQL status: INSERT 0 0 in 0.014 seconds
[0m08:40:14.387416 [debug] [Thread-2 (]: On model.oracle_warehouse.fct_orders: COMMIT
[0m08:40:14.392114 [debug] [Thread-1 (]: On model.oracle_warehouse.delta_report: COMMIT
[0m08:40:14.392935 [debug] [Thread-2 (]: Using postgres connection "model.oracle_warehouse.fct_orders"
[0m08:40:14.394883 [debug] [Thread-1 (]: Using postgres connection "model.oracle_warehouse.delta_report"
[0m08:40:14.396565 [debug] [Thread-2 (]: On model.oracle_warehouse.fct_orders: COMMIT
[0m08:40:14.398320 [debug] [Thread-1 (]: On model.oracle_warehouse.delta_report: COMMIT
[0m08:40:14.419742 [debug] [Thread-2 (]: SQL status: COMMIT in 0.020 seconds
[0m08:40:14.421888 [debug] [Thread-1 (]: SQL status: COMMIT in 0.021 seconds
[0m08:40:14.425098 [debug] [Thread-2 (]: On model.oracle_warehouse.fct_orders: Close
[0m08:40:14.427481 [debug] [Thread-1 (]: On model.oracle_warehouse.delta_report: Close
[0m08:40:14.432649 [debug] [Thread-2 (]: Sending event: {'category': 'dbt', 'action': 'run_model', 'label': '43ee22e6-140f-4c71-aaf7-333562f5014d', 'context': [<snowplow_tracker.self_describing_json.SelfDescribingJson object at 0x7731c97c66d0>]}
[0m08:40:14.434262 [debug] [Thread-1 (]: Sending event: {'category': 'dbt', 'action': 'run_model', 'label': '43ee22e6-140f-4c71-aaf7-333562f5014d', 'context': [<snowplow_tracker.self_describing_json.SelfDescribingJson object at 0x7731ce8ff250>]}
[0m08:40:14.436862 [info ] [Thread-2 (]: 2 of 2 OK created sql incremental model marts_marts.fct_orders ................. [[32mINSERT 0 0[0m in 2.09s]
[0m08:40:14.440800 [info ] [Thread-1 (]: 1 of 2 OK created sql incremental model marts_marts.delta_report ............... [[32mINSERT 0 0[0m in 2.10s]
[0m08:40:14.444516 [debug] [Thread-2 (]: Finished running node model.oracle_warehouse.fct_orders
[0m08:40:14.447457 [debug] [Thread-1 (]: Finished running node model.oracle_warehouse.delta_report
[0m08:40:14.457400 [debug] [MainThread]: On master: COMMIT
[0m08:40:14.459652 [debug] [MainThread]: Using postgres connection "master"
[0m08:40:14.462918 [debug] [MainThread]: On master: COMMIT
[0m08:40:14.465967 [debug] [MainThread]: Opening a new connection, currently in state closed
[0m08:40:14.586719 [debug] [MainThread]: SQL status: COMMIT in 0.121 seconds
[0m08:40:14.588323 [debug] [MainThread]: On master: Close
[0m08:40:14.590329 [debug] [MainThread]: Connection 'master' was properly closed.
[0m08:40:14.591834 [debug] [MainThread]: Connection 'model.oracle_warehouse.delta_report' was properly closed.
[0m08:40:14.593457 [debug] [MainThread]: Connection 'model.oracle_warehouse.fct_orders' was properly closed.
[0m08:40:14.595180 [info ] [MainThread]: 
[0m08:40:14.596562 [info ] [MainThread]: Finished running 2 incremental models in 0 hours 0 minutes and 2.86 seconds (2.86s).
[0m08:40:14.599327 [debug] [MainThread]: Command end result
[0m08:40:14.711529 [debug] [MainThread]: Wrote artifact WritableManifest to /opt/airflow/dbt_project/target/manifest.json
[0m08:40:14.725378 [debug] [MainThread]: Wrote artifact SemanticManifest to /opt/airflow/dbt_project/target/semantic_manifest.json
[0m08:40:14.748881 [debug] [MainThread]: Wrote artifact RunExecutionResult to /opt/airflow/dbt_project/target/run_results.json
[0m08:40:14.750756 [info ] [MainThread]: 
[0m08:40:14.752453 [info ] [MainThread]: [32mCompleted successfully[0m
[0m08:40:14.754060 [info ] [MainThread]: 
[0m08:40:14.755255 [info ] [MainThread]: Done. PASS=2 WARN=0 ERROR=0 SKIP=0 NO-OP=0 TOTAL=2
[0m08:40:14.756663 [warn ] [MainThread]: [[33mWARNING[0m][DeprecationsSummary]: Deprecated functionality
Summary of encountered deprecations:
- MissingArgumentsPropertyInGenericTestDeprecation: 2 occurrences
To see all deprecation instances instead of just the first occurrence of each,
run command again with the `--show-all-deprecations` flag. You may also need to
run with `--no-partial-parse` as some deprecations are only encountered during
parsing.
[0m08:40:14.758725 [debug] [MainThread]: Resource report: {"command_name": "run", "command_success": true, "command_wall_clock_time": 6.2629, "process_in_blocks": "0", "process_kernel_time": 0.357165, "process_mem_max_rss": "155220", "process_out_blocks": "0", "process_user_time": 5.682539}
[0m08:40:14.760044 [debug] [MainThread]: Command `dbt run` succeeded at 08:40:14.759861 after 6.26 seconds
[0m08:40:14.761016 [debug] [MainThread]: Sending event: {'category': 'dbt', 'action': 'invocation', 'label': 'end', 'context': [<snowplow_tracker.self_describing_json.SelfDescribingJson object at 0x7731c97ab1d0>, <snowplow_tracker.self_describing_json.SelfDescribingJson object at 0x7731ce90acd0>, <snowplow_tracker.self_describing_json.SelfDescribingJson object at 0x7731cd953bd0>]}
[0m08:40:14.762331 [debug] [MainThread]: Flushing usage events
[0m08:40:16.202496 [debug] [MainThread]: An error was encountered while trying to flush usage events
[0m08:40:20.850938 [debug] [MainThread]: Sending event: {'category': 'dbt', 'action': 'invocation', 'label': 'start', 'context': [<snowplow_tracker.self_describing_json.SelfDescribingJson object at 0x7f06a35dcec0>, <snowplow_tracker.self_describing_json.SelfDescribingJson object at 0x7f06a24b7c50>, <snowplow_tracker.self_describing_json.SelfDescribingJson object at 0x7f06a24b7b10>]}


============================== 08:40:20.857176 | 75528c53-8fee-41dd-b02d-b4b1f2561180 ==============================
[0m08:40:20.857176 [info ] [MainThread]: Running with dbt=1.11.11
[0m08:40:20.859018 [debug] [MainThread]: running dbt with arguments {'warn_error': 'None', 'quiet': 'False', 'use_colors': 'True', 'target_path': 'None', 'indirect_selection': 'eager', 'version_check': 'False', 'partial_parse': 'False', 'no_print': 'None', 'printer_width': '80', 'use_experimental_parser': 'False', 'warn_error_options': 'WarnErrorOptionsV2(error=[], warn=[], silence=[])', 'empty': 'None', 'introspect': 'True', 'log_cache_events': 'False', 'send_anonymous_usage_stats': 'True', 'debug': 'False', 'write_json': 'True', 'fail_fast': 'False', 'cache_selected_only': 'False', 'invocation_command': 'dbt test --project-dir /opt/airflow/dbt_project --profiles-dir /opt/airflow/dbt_project --no-version-check --no-partial-parse', 'log_format': 'default', 'log_path': '/opt/airflow/dbt_project/logs', 'profiles_dir': '/opt/airflow/dbt_project', 'static_parser': 'True'}
[0m08:40:21.164630 [debug] [MainThread]: Sending event: {'category': 'dbt', 'action': 'project_id', 'label': '75528c53-8fee-41dd-b02d-b4b1f2561180', 'context': [<snowplow_tracker.self_describing_json.SelfDescribingJson object at 0x7f06a31c83e0>]}
[0m08:40:21.277729 [debug] [MainThread]: Sending event: {'category': 'dbt', 'action': 'adapter_info', 'label': '75528c53-8fee-41dd-b02d-b4b1f2561180', 'context': [<snowplow_tracker.self_describing_json.SelfDescribingJson object at 0x7f06a4fd2360>]}
[0m08:40:21.279337 [info ] [MainThread]: Registered adapter: postgres=1.10.0
[0m08:40:21.373559 [debug] [MainThread]: checksum: 30a8cc8fdcbf66701b0944d4ccce3fa46dd04b61e5df68b9f16d57b2e0e3f0be, vars: {}, profile: , target: , version: 1.11.11
[0m08:40:21.389360 [debug] [MainThread]: Partial parsing not enabled
[0m08:40:23.457031 [warn ] [MainThread]: [[33mWARNING[0m][MissingArgumentsPropertyInGenericTestDeprecation]: Deprecated
functionality
Found top-level arguments to test `accepted_values` defined on 'fct_orders' in
package 'oracle_warehouse' (models/marts/schema.yml). Arguments to generic tests
should be nested under the `arguments` property.
[0m08:40:23.462212 [debug] [MainThread]: Sending event: {'category': 'dbt', 'action': 'deprecation', 'label': '75528c53-8fee-41dd-b02d-b4b1f2561180', 'property_': 'warn', 'context': [<snowplow_tracker.self_describing_json.SelfDescribingJson object at 0x7f06a274f050>]}
[0m08:40:23.878094 [debug] [MainThread]: Sending event: {'category': 'dbt', 'action': 'load_project', 'label': '75528c53-8fee-41dd-b02d-b4b1f2561180', 'context': [<snowplow_tracker.self_describing_json.SelfDescribingJson object at 0x7f06a07188c0>]}
[0m08:40:24.151594 [debug] [MainThread]: Wrote artifact WritableManifest to /opt/airflow/dbt_project/target/manifest.json
[0m08:40:24.169901 [debug] [MainThread]: Wrote artifact SemanticManifest to /opt/airflow/dbt_project/target/semantic_manifest.json
[0m08:40:24.230377 [debug] [MainThread]: Sending event: {'category': 'dbt', 'action': 'resource_counts', 'label': '75528c53-8fee-41dd-b02d-b4b1f2561180', 'context': [<snowplow_tracker.self_describing_json.SelfDescribingJson object at 0x7f069ffe8830>]}
[0m08:40:24.232174 [info ] [MainThread]: Found 4 models, 15 data tests, 2 sources, 475 macros
[0m08:40:24.233590 [debug] [MainThread]: Sending event: {'category': 'dbt', 'action': 'runnable_timing', 'label': '75528c53-8fee-41dd-b02d-b4b1f2561180', 'context': [<snowplow_tracker.self_describing_json.SelfDescribingJson object at 0x7f069e1e2dd0>]}
[0m08:40:24.238311 [info ] [MainThread]: 
[0m08:40:24.240042 [info ] [MainThread]: Concurrency: 4 threads (target='prod')
[0m08:40:24.241432 [info ] [MainThread]: 
[0m08:40:24.242916 [debug] [MainThread]: Acquiring new postgres connection 'master'
[0m08:40:24.250875 [debug] [ThreadPool]: Acquiring new postgres connection 'list_warehouse_marts_marts'
[0m08:40:24.297525 [debug] [ThreadPool]: Using postgres connection "list_warehouse_marts_marts"
[0m08:40:24.299884 [debug] [ThreadPool]: On list_warehouse_marts_marts: /* {"app": "dbt", "dbt_version": "1.11.11", "profile_name": "oracle_warehouse", "target_name": "prod", "connection_name": "list_warehouse_marts_marts"} */
select
      'warehouse' as database,
      tablename as name,
      schemaname as schema,
      'table' as type
    from pg_tables
    where schemaname ilike 'marts_marts'
    union all
    select
      'warehouse' as database,
      viewname as name,
      schemaname as schema,
      'view' as type
    from pg_views
    where schemaname ilike 'marts_marts'
    union all
    select
      'warehouse' as database,
      matviewname as name,
      schemaname as schema,
      'materialized_view' as type
    from pg_matviews
    where schemaname ilike 'marts_marts'
  
[0m08:40:24.301779 [debug] [ThreadPool]: Opening a new connection, currently in state init
[0m08:40:24.438610 [debug] [ThreadPool]: SQL status: SELECT 4 in 0.137 seconds
[0m08:40:24.442170 [debug] [ThreadPool]: On list_warehouse_marts_marts: ROLLBACK
[0m08:40:24.453938 [debug] [ThreadPool]: On list_warehouse_marts_marts: Close
[0m08:40:24.474435 [debug] [MainThread]: Using postgres connection "master"
[0m08:40:24.476951 [debug] [MainThread]: On master: /* {"app": "dbt", "dbt_version": "1.11.11", "profile_name": "oracle_warehouse", "target_name": "prod", "connection_name": "master"} */
select distinct
        dependent_namespace.nspname as dependent_schema,
        dependent_class.relname as dependent_name,
        referenced_namespace.nspname as referenced_schema,
        referenced_class.relname as referenced_name

    -- Query for views: views are entries in pg_class with an entry in pg_rewrite, but we avoid
    -- a seq scan on pg_rewrite by leveraging the fact there is an "internal" row in pg_depend for
    -- the view...
    from pg_class as dependent_class
    join pg_namespace as dependent_namespace on dependent_namespace.oid = dependent_class.relnamespace
    join pg_depend as dependent_depend on dependent_depend.refobjid = dependent_class.oid
        and dependent_depend.classid = 'pg_rewrite'::regclass
        and dependent_depend.refclassid = 'pg_class'::regclass
        and dependent_depend.deptype = 'i'

    -- ... and via pg_depend (that has a row per column, hence the need for "distinct" above, and
    -- making sure to exclude the internal row to avoid a view appearing to depend on itself)...
    join pg_depend as joining_depend on joining_depend.objid = dependent_depend.objid
        and joining_depend.classid = 'pg_rewrite'::regclass
        and joining_depend.refclassid = 'pg_class'::regclass
        and joining_depend.refobjid != dependent_depend.refobjid

    -- ... we can find the tables they query from in pg_class, but excluding system tables. Note we
    -- don't need need to exclude _dependent_ system tables, because they only query from other
    -- system tables, and so are automatically excluded by excluding _referenced_ system tables
    join pg_class as referenced_class on referenced_class.oid = joining_depend.refobjid
    join pg_namespace as referenced_namespace on referenced_namespace.oid = referenced_class.relnamespace
        and referenced_namespace.nspname != 'information_schema'
        and referenced_namespace.nspname not like 'pg\_%'

    order by
        dependent_schema, dependent_name, referenced_schema, referenced_name;
[0m08:40:24.480414 [debug] [MainThread]: Opening a new connection, currently in state init
[0m08:40:24.610756 [debug] [MainThread]: SQL status: SELECT 2 in 0.130 seconds
[0m08:40:24.614201 [debug] [MainThread]: Sending event: {'category': 'dbt', 'action': 'runnable_timing', 'label': '75528c53-8fee-41dd-b02d-b4b1f2561180', 'context': [<snowplow_tracker.self_describing_json.SelfDescribingJson object at 0x7f069e2af590>]}
[0m08:40:24.615927 [debug] [MainThread]: On master: ROLLBACK
[0m08:40:24.625289 [debug] [MainThread]: On master: COMMIT
[0m08:40:24.626627 [debug] [MainThread]: Using postgres connection "master"
[0m08:40:24.628119 [debug] [MainThread]: On master: COMMIT
[0m08:40:24.645875 [debug] [MainThread]: SQL status: COMMIT in 0.016 seconds
[0m08:40:24.649493 [debug] [MainThread]: On master: Close
[0m08:40:24.659666 [debug] [Thread-3 (]: Began running node test.oracle_warehouse.not_null_delta_report_load_date.2749686861
[0m08:40:24.660474 [debug] [Thread-1 (]: Began running node test.oracle_warehouse.accepted_values_delta_report_change_type__new_row__updated_row.d878a50d17
[0m08:40:24.661415 [debug] [Thread-4 (]: Began running node test.oracle_warehouse.not_null_delta_report_order_id.198a693f2b
[0m08:40:24.662707 [debug] [Thread-2 (]: Began running node test.oracle_warehouse.accepted_values_fct_orders_status__PAID__PENDING__SHIPPED__CANCELLED.4bda94c2ee
[0m08:40:24.663938 [info ] [Thread-3 (]: 3 of 15 START test not_null_delta_report_load_date ............................. [RUN]
[0m08:40:24.666494 [info ] [Thread-1 (]: 1 of 15 START test accepted_values_delta_report_change_type__new_row__updated_row  [RUN]
[0m08:40:24.668102 [info ] [Thread-4 (]: 4 of 15 START test not_null_delta_report_order_id .............................. [RUN]
[0m08:40:24.670639 [info ] [Thread-2 (]: 2 of 15 START test accepted_values_fct_orders_status__PAID__PENDING__SHIPPED__CANCELLED  [RUN]
[0m08:40:24.674107 [debug] [Thread-3 (]: Acquiring new postgres connection 'test.oracle_warehouse.not_null_delta_report_load_date.2749686861'
[0m08:40:24.676577 [debug] [Thread-1 (]: Re-using an available connection from the pool (formerly list_warehouse_marts_marts, now test.oracle_warehouse.accepted_values_delta_report_change_type__new_row__updated_row.d878a50d17)
[0m08:40:24.678553 [debug] [Thread-4 (]: Acquiring new postgres connection 'test.oracle_warehouse.not_null_delta_report_order_id.198a693f2b'
[0m08:40:24.680607 [debug] [Thread-2 (]: Acquiring new postgres connection 'test.oracle_warehouse.accepted_values_fct_orders_status__PAID__PENDING__SHIPPED__CANCELLED.4bda94c2ee'
[0m08:40:24.682055 [debug] [Thread-3 (]: Began compiling node test.oracle_warehouse.not_null_delta_report_load_date.2749686861
[0m08:40:24.683673 [debug] [Thread-1 (]: Began compiling node test.oracle_warehouse.accepted_values_delta_report_change_type__new_row__updated_row.d878a50d17
[0m08:40:24.685860 [debug] [Thread-4 (]: Began compiling node test.oracle_warehouse.not_null_delta_report_order_id.198a693f2b
[0m08:40:24.687899 [debug] [Thread-2 (]: Began compiling node test.oracle_warehouse.accepted_values_fct_orders_status__PAID__PENDING__SHIPPED__CANCELLED.4bda94c2ee
[0m08:40:24.705981 [debug] [Thread-1 (]: Writing injected SQL for node "test.oracle_warehouse.accepted_values_delta_report_change_type__new_row__updated_row.d878a50d17"
[0m08:40:24.713043 [debug] [Thread-3 (]: Writing injected SQL for node "test.oracle_warehouse.not_null_delta_report_load_date.2749686861"
[0m08:40:24.722911 [debug] [Thread-4 (]: Writing injected SQL for node "test.oracle_warehouse.not_null_delta_report_order_id.198a693f2b"
[0m08:40:24.729738 [debug] [Thread-2 (]: Writing injected SQL for node "test.oracle_warehouse.accepted_values_fct_orders_status__PAID__PENDING__SHIPPED__CANCELLED.4bda94c2ee"
[0m08:40:24.758645 [debug] [Thread-4 (]: Began executing node test.oracle_warehouse.not_null_delta_report_order_id.198a693f2b
[0m08:40:24.767344 [debug] [Thread-1 (]: Began executing node test.oracle_warehouse.accepted_values_delta_report_change_type__new_row__updated_row.d878a50d17
[0m08:40:24.797041 [debug] [Thread-4 (]: Writing runtime sql for node "test.oracle_warehouse.not_null_delta_report_order_id.198a693f2b"
[0m08:40:24.809795 [debug] [Thread-3 (]: Began executing node test.oracle_warehouse.not_null_delta_report_load_date.2749686861
[0m08:40:24.812236 [debug] [Thread-1 (]: Writing runtime sql for node "test.oracle_warehouse.accepted_values_delta_report_change_type__new_row__updated_row.d878a50d17"
[0m08:40:24.816150 [debug] [Thread-3 (]: Writing runtime sql for node "test.oracle_warehouse.not_null_delta_report_load_date.2749686861"
[0m08:40:24.817218 [debug] [Thread-2 (]: Began executing node test.oracle_warehouse.accepted_values_fct_orders_status__PAID__PENDING__SHIPPED__CANCELLED.4bda94c2ee
[0m08:40:24.824271 [debug] [Thread-2 (]: Writing runtime sql for node "test.oracle_warehouse.accepted_values_fct_orders_status__PAID__PENDING__SHIPPED__CANCELLED.4bda94c2ee"
[0m08:40:24.853842 [debug] [Thread-1 (]: Using postgres connection "test.oracle_warehouse.accepted_values_delta_report_change_type__new_row__updated_row.d878a50d17"
[0m08:40:24.855607 [debug] [Thread-1 (]: On test.oracle_warehouse.accepted_values_delta_report_change_type__new_row__updated_row.d878a50d17: /* {"app": "dbt", "dbt_version": "1.11.11", "profile_name": "oracle_warehouse", "target_name": "prod", "node_id": "test.oracle_warehouse.accepted_values_delta_report_change_type__new_row__updated_row.d878a50d17"} */

    
    select
      count(*) as failures,
      count(*) != 0 as should_warn,
      count(*) != 0 as should_error
    from (
      
    
  
    
    

with all_values as (

    select
        change_type as value_field,
        count(*) as n_records

    from "warehouse"."marts_marts"."delta_report"
    group by change_type

)

select *
from all_values
where value_field not in (
    'new_row','updated_row'
)



  
  
      
    ) dbt_internal_test
[0m08:40:24.857272 [debug] [Thread-4 (]: Using postgres connection "test.oracle_warehouse.not_null_delta_report_order_id.198a693f2b"
[0m08:40:24.858250 [debug] [Thread-1 (]: Opening a new connection, currently in state closed
[0m08:40:24.859473 [debug] [Thread-3 (]: Using postgres connection "test.oracle_warehouse.not_null_delta_report_load_date.2749686861"
[0m08:40:24.860544 [debug] [Thread-4 (]: On test.oracle_warehouse.not_null_delta_report_order_id.198a693f2b: /* {"app": "dbt", "dbt_version": "1.11.11", "profile_name": "oracle_warehouse", "target_name": "prod", "node_id": "test.oracle_warehouse.not_null_delta_report_order_id.198a693f2b"} */

    
    select
      count(*) as failures,
      count(*) != 0 as should_warn,
      count(*) != 0 as should_error
    from (
      
    
  
    
    



select order_id
from "warehouse"."marts_marts"."delta_report"
where order_id is null



  
  
      
    ) dbt_internal_test
[0m08:40:24.862916 [debug] [Thread-2 (]: Using postgres connection "test.oracle_warehouse.accepted_values_fct_orders_status__PAID__PENDING__SHIPPED__CANCELLED.4bda94c2ee"
[0m08:40:24.864210 [debug] [Thread-3 (]: On test.oracle_warehouse.not_null_delta_report_load_date.2749686861: /* {"app": "dbt", "dbt_version": "1.11.11", "profile_name": "oracle_warehouse", "target_name": "prod", "node_id": "test.oracle_warehouse.not_null_delta_report_load_date.2749686861"} */

    
    select
      count(*) as failures,
      count(*) != 0 as should_warn,
      count(*) != 0 as should_error
    from (
      
    
  
    
    



select load_date
from "warehouse"."marts_marts"."delta_report"
where load_date is null



  
  
      
    ) dbt_internal_test
[0m08:40:24.866767 [debug] [Thread-4 (]: Opening a new connection, currently in state init
[0m08:40:24.868810 [debug] [Thread-2 (]: On test.oracle_warehouse.accepted_values_fct_orders_status__PAID__PENDING__SHIPPED__CANCELLED.4bda94c2ee: /* {"app": "dbt", "dbt_version": "1.11.11", "profile_name": "oracle_warehouse", "target_name": "prod", "node_id": "test.oracle_warehouse.accepted_values_fct_orders_status__PAID__PENDING__SHIPPED__CANCELLED.4bda94c2ee"} */

    
    select
      count(*) as failures,
      count(*) != 0 as should_warn,
      count(*) != 0 as should_error
    from (
      
    
  
    
    

with all_values as (

    select
        status as value_field,
        count(*) as n_records

    from "warehouse"."marts_marts"."fct_orders"
    group by status

)

select *
from all_values
where value_field not in (
    'PAID','PENDING','SHIPPED','CANCELLED'
)



  
  
      
    ) dbt_internal_test
[0m08:40:24.870843 [debug] [Thread-3 (]: Opening a new connection, currently in state init
[0m08:40:24.874364 [debug] [Thread-2 (]: Opening a new connection, currently in state init
[0m08:40:25.574796 [debug] [Thread-3 (]: SQL status: SELECT 1 in 0.704 seconds
[0m08:40:25.588115 [debug] [Thread-3 (]: On test.oracle_warehouse.not_null_delta_report_load_date.2749686861: ROLLBACK
[0m08:40:25.595202 [debug] [Thread-1 (]: SQL status: SELECT 1 in 0.737 seconds
[0m08:40:25.599367 [debug] [Thread-1 (]: On test.oracle_warehouse.accepted_values_delta_report_change_type__new_row__updated_row.d878a50d17: ROLLBACK
[0m08:40:25.600336 [debug] [Thread-3 (]: On test.oracle_warehouse.not_null_delta_report_load_date.2749686861: Close
[0m08:40:25.603462 [info ] [Thread-3 (]: 3 of 15 PASS not_null_delta_report_load_date ................................... [[32mPASS[0m in 0.93s]
[0m08:40:25.605675 [debug] [Thread-3 (]: Finished running node test.oracle_warehouse.not_null_delta_report_load_date.2749686861
[0m08:40:25.607652 [debug] [Thread-3 (]: Began running node test.oracle_warehouse.not_null_fct_orders_amount.66810a8d08
[0m08:40:25.609288 [info ] [Thread-3 (]: 5 of 15 START test not_null_fct_orders_amount .................................. [RUN]
[0m08:40:25.611006 [debug] [Thread-3 (]: Re-using an available connection from the pool (formerly test.oracle_warehouse.not_null_delta_report_load_date.2749686861, now test.oracle_warehouse.not_null_fct_orders_amount.66810a8d08)
[0m08:40:25.612384 [debug] [Thread-3 (]: Began compiling node test.oracle_warehouse.not_null_fct_orders_amount.66810a8d08
[0m08:40:25.624364 [debug] [Thread-1 (]: On test.oracle_warehouse.accepted_values_delta_report_change_type__new_row__updated_row.d878a50d17: Close
[0m08:40:25.625799 [debug] [Thread-4 (]: SQL status: SELECT 1 in 0.759 seconds
[0m08:40:25.627421 [debug] [Thread-3 (]: Writing injected SQL for node "test.oracle_warehouse.not_null_fct_orders_amount.66810a8d08"
[0m08:40:25.632840 [debug] [Thread-4 (]: On test.oracle_warehouse.not_null_delta_report_order_id.198a693f2b: ROLLBACK
[0m08:40:25.629139 [info ] [Thread-1 (]: 1 of 15 PASS accepted_values_delta_report_change_type__new_row__updated_row .... [[32mPASS[0m in 0.95s]
[0m08:40:25.638732 [debug] [Thread-1 (]: Finished running node test.oracle_warehouse.accepted_values_delta_report_change_type__new_row__updated_row.d878a50d17
[0m08:40:25.641178 [debug] [Thread-1 (]: Began running node test.oracle_warehouse.not_null_fct_orders_loaded_at.7cb41085ba
[0m08:40:25.642904 [info ] [Thread-1 (]: 6 of 15 START test not_null_fct_orders_loaded_at ............................... [RUN]
[0m08:40:25.644896 [debug] [Thread-1 (]: Re-using an available connection from the pool (formerly test.oracle_warehouse.accepted_values_delta_report_change_type__new_row__updated_row.d878a50d17, now test.oracle_warehouse.not_null_fct_orders_loaded_at.7cb41085ba)
[0m08:40:25.647222 [debug] [Thread-1 (]: Began compiling node test.oracle_warehouse.not_null_fct_orders_loaded_at.7cb41085ba
[0m08:40:25.655383 [debug] [Thread-4 (]: On test.oracle_warehouse.not_null_delta_report_order_id.198a693f2b: Close
[0m08:40:25.660814 [debug] [Thread-1 (]: Writing injected SQL for node "test.oracle_warehouse.not_null_fct_orders_loaded_at.7cb41085ba"
[0m08:40:25.662821 [info ] [Thread-4 (]: 4 of 15 PASS not_null_delta_report_order_id .................................... [[32mPASS[0m in 0.98s]
[0m08:40:25.665961 [debug] [Thread-4 (]: Finished running node test.oracle_warehouse.not_null_delta_report_order_id.198a693f2b
[0m08:40:25.668496 [debug] [Thread-4 (]: Began running node test.oracle_warehouse.not_null_fct_orders_order_id.4e687af8d0
[0m08:40:25.671841 [info ] [Thread-4 (]: 7 of 15 START test not_null_fct_orders_order_id ................................ [RUN]
[0m08:40:25.675054 [debug] [Thread-4 (]: Re-using an available connection from the pool (formerly test.oracle_warehouse.not_null_delta_report_order_id.198a693f2b, now test.oracle_warehouse.not_null_fct_orders_order_id.4e687af8d0)
[0m08:40:25.677504 [debug] [Thread-4 (]: Began compiling node test.oracle_warehouse.not_null_fct_orders_order_id.4e687af8d0
[0m08:40:25.685772 [debug] [Thread-3 (]: Began executing node test.oracle_warehouse.not_null_fct_orders_amount.66810a8d08
[0m08:40:25.692636 [debug] [Thread-4 (]: Writing injected SQL for node "test.oracle_warehouse.not_null_fct_orders_order_id.4e687af8d0"
[0m08:40:25.700747 [debug] [Thread-1 (]: Began executing node test.oracle_warehouse.not_null_fct_orders_loaded_at.7cb41085ba
[0m08:40:25.698730 [debug] [Thread-3 (]: Writing runtime sql for node "test.oracle_warehouse.not_null_fct_orders_amount.66810a8d08"
[0m08:40:25.713515 [debug] [Thread-1 (]: Writing runtime sql for node "test.oracle_warehouse.not_null_fct_orders_loaded_at.7cb41085ba"
[0m08:40:25.737550 [debug] [Thread-3 (]: Using postgres connection "test.oracle_warehouse.not_null_fct_orders_amount.66810a8d08"
[0m08:40:25.740036 [debug] [Thread-3 (]: On test.oracle_warehouse.not_null_fct_orders_amount.66810a8d08: /* {"app": "dbt", "dbt_version": "1.11.11", "profile_name": "oracle_warehouse", "target_name": "prod", "node_id": "test.oracle_warehouse.not_null_fct_orders_amount.66810a8d08"} */

    
    select
      count(*) as failures,
      count(*) != 0 as should_warn,
      count(*) != 0 as should_error
    from (
      
    
  
    
    



select amount
from "warehouse"."marts_marts"."fct_orders"
where amount is null



  
  
      
    ) dbt_internal_test
[0m08:40:25.741754 [debug] [Thread-4 (]: Began executing node test.oracle_warehouse.not_null_fct_orders_order_id.4e687af8d0
[0m08:40:25.743952 [debug] [Thread-3 (]: Opening a new connection, currently in state closed
[0m08:40:25.746069 [debug] [Thread-1 (]: Using postgres connection "test.oracle_warehouse.not_null_fct_orders_loaded_at.7cb41085ba"
[0m08:40:25.752585 [debug] [Thread-4 (]: Writing runtime sql for node "test.oracle_warehouse.not_null_fct_orders_order_id.4e687af8d0"
[0m08:40:25.756247 [debug] [Thread-1 (]: On test.oracle_warehouse.not_null_fct_orders_loaded_at.7cb41085ba: /* {"app": "dbt", "dbt_version": "1.11.11", "profile_name": "oracle_warehouse", "target_name": "prod", "node_id": "test.oracle_warehouse.not_null_fct_orders_loaded_at.7cb41085ba"} */

    
    select
      count(*) as failures,
      count(*) != 0 as should_warn,
      count(*) != 0 as should_error
    from (
      
    
  
    
    



select loaded_at
from "warehouse"."marts_marts"."fct_orders"
where loaded_at is null



  
  
      
    ) dbt_internal_test
[0m08:40:25.760005 [debug] [Thread-1 (]: Opening a new connection, currently in state closed
[0m08:40:25.811160 [debug] [Thread-4 (]: Using postgres connection "test.oracle_warehouse.not_null_fct_orders_order_id.4e687af8d0"
[0m08:40:25.813072 [debug] [Thread-4 (]: On test.oracle_warehouse.not_null_fct_orders_order_id.4e687af8d0: /* {"app": "dbt", "dbt_version": "1.11.11", "profile_name": "oracle_warehouse", "target_name": "prod", "node_id": "test.oracle_warehouse.not_null_fct_orders_order_id.4e687af8d0"} */

    
    select
      count(*) as failures,
      count(*) != 0 as should_warn,
      count(*) != 0 as should_error
    from (
      
    
  
    
    



select order_id
from "warehouse"."marts_marts"."fct_orders"
where order_id is null



  
  
      
    ) dbt_internal_test
[0m08:40:25.814463 [debug] [Thread-4 (]: Opening a new connection, currently in state closed
[0m08:40:25.914275 [debug] [Thread-2 (]: SQL status: SELECT 1 in 1.040 seconds
[0m08:40:25.919265 [debug] [Thread-2 (]: On test.oracle_warehouse.accepted_values_fct_orders_status__PAID__PENDING__SHIPPED__CANCELLED.4bda94c2ee: ROLLBACK
[0m08:40:25.933067 [debug] [Thread-2 (]: On test.oracle_warehouse.accepted_values_fct_orders_status__PAID__PENDING__SHIPPED__CANCELLED.4bda94c2ee: Close
[0m08:40:25.936695 [error] [Thread-2 (]: 2 of 15 FAIL 1 accepted_values_fct_orders_status__PAID__PENDING__SHIPPED__CANCELLED  [[31mFAIL 1[0m in 1.26s]
[0m08:40:25.940671 [debug] [Thread-2 (]: Finished running node test.oracle_warehouse.accepted_values_fct_orders_status__PAID__PENDING__SHIPPED__CANCELLED.4bda94c2ee
[0m08:40:25.942870 [debug] [Thread-2 (]: Began running node test.oracle_warehouse.source_not_null_staging_customers__dlt_loaded_at.6ea4d6333c
[0m08:40:25.945209 [info ] [Thread-2 (]: 8 of 15 START test source_not_null_staging_customers__dlt_loaded_at ............ [RUN]
[0m08:40:25.947896 [debug] [Thread-2 (]: Re-using an available connection from the pool (formerly test.oracle_warehouse.accepted_values_fct_orders_status__PAID__PENDING__SHIPPED__CANCELLED.4bda94c2ee, now test.oracle_warehouse.source_not_null_staging_customers__dlt_loaded_at.6ea4d6333c)
[0m08:40:25.950319 [debug] [Thread-2 (]: Began compiling node test.oracle_warehouse.source_not_null_staging_customers__dlt_loaded_at.6ea4d6333c
[0m08:40:25.964773 [debug] [Thread-2 (]: Writing injected SQL for node "test.oracle_warehouse.source_not_null_staging_customers__dlt_loaded_at.6ea4d6333c"
[0m08:40:26.020277 [debug] [Thread-2 (]: Began executing node test.oracle_warehouse.source_not_null_staging_customers__dlt_loaded_at.6ea4d6333c
[0m08:40:26.027182 [debug] [Thread-2 (]: Writing runtime sql for node "test.oracle_warehouse.source_not_null_staging_customers__dlt_loaded_at.6ea4d6333c"
[0m08:40:26.089662 [debug] [Thread-2 (]: Using postgres connection "test.oracle_warehouse.source_not_null_staging_customers__dlt_loaded_at.6ea4d6333c"
[0m08:40:26.092235 [debug] [Thread-2 (]: On test.oracle_warehouse.source_not_null_staging_customers__dlt_loaded_at.6ea4d6333c: /* {"app": "dbt", "dbt_version": "1.11.11", "profile_name": "oracle_warehouse", "target_name": "prod", "node_id": "test.oracle_warehouse.source_not_null_staging_customers__dlt_loaded_at.6ea4d6333c"} */

    
    select
      count(*) as failures,
      count(*) != 0 as should_warn,
      count(*) != 0 as should_error
    from (
      
    
  
    
    



select _dlt_loaded_at
from "warehouse"."staging"."customers"
where _dlt_loaded_at is null



  
  
      
    ) dbt_internal_test
[0m08:40:26.094547 [debug] [Thread-2 (]: Opening a new connection, currently in state closed
[0m08:40:26.332684 [debug] [Thread-2 (]: Postgres adapter: Postgres error: column "_dlt_loaded_at" does not exist
LINE 17: select _dlt_loaded_at
                ^

[0m08:40:26.336148 [debug] [Thread-2 (]: On test.oracle_warehouse.source_not_null_staging_customers__dlt_loaded_at.6ea4d6333c: ROLLBACK
[0m08:40:26.346306 [debug] [Thread-2 (]: On test.oracle_warehouse.source_not_null_staging_customers__dlt_loaded_at.6ea4d6333c: Close
[0m08:40:26.364486 [debug] [Thread-2 (]: Database Error in test source_not_null_staging_customers__dlt_loaded_at (models/staging/sources.yml)
  column "_dlt_loaded_at" does not exist
  LINE 17: select _dlt_loaded_at
                  ^
  compiled code at target/run/oracle_warehouse/models/staging/sources.yml/source_not_null_staging_customers__dlt_loaded_at.sql
[0m08:40:26.367301 [error] [Thread-2 (]: 8 of 15 ERROR source_not_null_staging_customers__dlt_loaded_at ................. [[31mERROR[0m in 0.42s]
[0m08:40:26.371009 [debug] [Thread-2 (]: Finished running node test.oracle_warehouse.source_not_null_staging_customers__dlt_loaded_at.6ea4d6333c
[0m08:40:26.373862 [debug] [Thread-2 (]: Began running node test.oracle_warehouse.source_not_null_staging_customers_customer_id.37583efb74
[0m08:40:26.375756 [debug] [Thread-7 (]: Marking all children of 'test.oracle_warehouse.source_not_null_staging_customers__dlt_loaded_at.6ea4d6333c' to be skipped because of status 'error'.  Reason: Database Error in test source_not_null_staging_customers__dlt_loaded_at (models/staging/sources.yml)
  column "_dlt_loaded_at" does not exist
  LINE 17: select _dlt_loaded_at
                  ^
  compiled code at target/run/oracle_warehouse/models/staging/sources.yml/source_not_null_staging_customers__dlt_loaded_at.sql.
[0m08:40:26.377422 [info ] [Thread-2 (]: 9 of 15 START test source_not_null_staging_customers_customer_id ............... [RUN]
[0m08:40:26.382967 [debug] [Thread-2 (]: Re-using an available connection from the pool (formerly test.oracle_warehouse.source_not_null_staging_customers__dlt_loaded_at.6ea4d6333c, now test.oracle_warehouse.source_not_null_staging_customers_customer_id.37583efb74)
[0m08:40:26.384648 [debug] [Thread-2 (]: Began compiling node test.oracle_warehouse.source_not_null_staging_customers_customer_id.37583efb74
[0m08:40:26.394814 [debug] [Thread-2 (]: Writing injected SQL for node "test.oracle_warehouse.source_not_null_staging_customers_customer_id.37583efb74"
[0m08:40:26.427244 [debug] [Thread-2 (]: Began executing node test.oracle_warehouse.source_not_null_staging_customers_customer_id.37583efb74
[0m08:40:26.432482 [debug] [Thread-2 (]: Writing runtime sql for node "test.oracle_warehouse.source_not_null_staging_customers_customer_id.37583efb74"
[0m08:40:26.467707 [debug] [Thread-2 (]: Using postgres connection "test.oracle_warehouse.source_not_null_staging_customers_customer_id.37583efb74"
[0m08:40:26.470163 [debug] [Thread-2 (]: On test.oracle_warehouse.source_not_null_staging_customers_customer_id.37583efb74: /* {"app": "dbt", "dbt_version": "1.11.11", "profile_name": "oracle_warehouse", "target_name": "prod", "node_id": "test.oracle_warehouse.source_not_null_staging_customers_customer_id.37583efb74"} */

    
    select
      count(*) as failures,
      count(*) != 0 as should_warn,
      count(*) != 0 as should_error
    from (
      
    
  
    
    



select customer_id
from "warehouse"."staging"."customers"
where customer_id is null



  
  
      
    ) dbt_internal_test
[0m08:40:26.472190 [debug] [Thread-2 (]: Opening a new connection, currently in state closed
[0m08:40:26.560492 [debug] [Thread-3 (]: SQL status: SELECT 1 in 0.817 seconds
[0m08:40:26.566627 [debug] [Thread-3 (]: On test.oracle_warehouse.not_null_fct_orders_amount.66810a8d08: ROLLBACK
[0m08:40:26.588402 [debug] [Thread-3 (]: On test.oracle_warehouse.not_null_fct_orders_amount.66810a8d08: Close
[0m08:40:26.592657 [info ] [Thread-3 (]: 5 of 15 PASS not_null_fct_orders_amount ........................................ [[32mPASS[0m in 0.98s]
[0m08:40:26.596304 [debug] [Thread-3 (]: Finished running node test.oracle_warehouse.not_null_fct_orders_amount.66810a8d08
[0m08:40:26.600557 [debug] [Thread-3 (]: Began running node test.oracle_warehouse.source_not_null_staging_orders__dlt_loaded_at.89d42ca065
[0m08:40:26.603342 [info ] [Thread-3 (]: 10 of 15 START test source_not_null_staging_orders__dlt_loaded_at .............. [RUN]
[0m08:40:26.606807 [debug] [Thread-3 (]: Re-using an available connection from the pool (formerly test.oracle_warehouse.not_null_fct_orders_amount.66810a8d08, now test.oracle_warehouse.source_not_null_staging_orders__dlt_loaded_at.89d42ca065)
[0m08:40:26.610256 [debug] [Thread-3 (]: Began compiling node test.oracle_warehouse.source_not_null_staging_orders__dlt_loaded_at.89d42ca065
[0m08:40:26.622391 [debug] [Thread-3 (]: Writing injected SQL for node "test.oracle_warehouse.source_not_null_staging_orders__dlt_loaded_at.89d42ca065"
[0m08:40:26.646193 [debug] [Thread-2 (]: SQL status: SELECT 1 in 0.174 seconds
[0m08:40:26.651212 [debug] [Thread-2 (]: On test.oracle_warehouse.source_not_null_staging_customers_customer_id.37583efb74: ROLLBACK
[0m08:40:26.652608 [debug] [Thread-4 (]: SQL status: SELECT 1 in 0.838 seconds
[0m08:40:26.657248 [debug] [Thread-4 (]: On test.oracle_warehouse.not_null_fct_orders_order_id.4e687af8d0: ROLLBACK
[0m08:40:26.666884 [debug] [Thread-3 (]: Began executing node test.oracle_warehouse.source_not_null_staging_orders__dlt_loaded_at.89d42ca065
[0m08:40:26.674057 [debug] [Thread-3 (]: Writing runtime sql for node "test.oracle_warehouse.source_not_null_staging_orders__dlt_loaded_at.89d42ca065"
[0m08:40:26.674851 [debug] [Thread-2 (]: On test.oracle_warehouse.source_not_null_staging_customers_customer_id.37583efb74: Close
[0m08:40:26.675971 [debug] [Thread-4 (]: On test.oracle_warehouse.not_null_fct_orders_order_id.4e687af8d0: Close
[0m08:40:26.678175 [info ] [Thread-2 (]: 9 of 15 PASS source_not_null_staging_customers_customer_id ..................... [[32mPASS[0m in 0.29s]
[0m08:40:26.681358 [info ] [Thread-4 (]: 7 of 15 PASS not_null_fct_orders_order_id ...................................... [[32mPASS[0m in 1.01s]
[0m08:40:26.684127 [debug] [Thread-2 (]: Finished running node test.oracle_warehouse.source_not_null_staging_customers_customer_id.37583efb74
[0m08:40:26.688152 [debug] [Thread-4 (]: Finished running node test.oracle_warehouse.not_null_fct_orders_order_id.4e687af8d0
[0m08:40:26.692334 [debug] [Thread-2 (]: Began running node test.oracle_warehouse.source_not_null_staging_orders_order_id.8a94cd7e35
[0m08:40:26.695551 [debug] [Thread-4 (]: Began running node test.oracle_warehouse.source_not_null_staging_orders_updated_at.9d13676043
[0m08:40:26.698786 [info ] [Thread-2 (]: 11 of 15 START test source_not_null_staging_orders_order_id .................... [RUN]
[0m08:40:26.702313 [info ] [Thread-4 (]: 12 of 15 START test source_not_null_staging_orders_updated_at .................. [RUN]
[0m08:40:26.706974 [debug] [Thread-2 (]: Re-using an available connection from the pool (formerly test.oracle_warehouse.source_not_null_staging_customers_customer_id.37583efb74, now test.oracle_warehouse.source_not_null_staging_orders_order_id.8a94cd7e35)
[0m08:40:26.709876 [debug] [Thread-4 (]: Re-using an available connection from the pool (formerly test.oracle_warehouse.not_null_fct_orders_order_id.4e687af8d0, now test.oracle_warehouse.source_not_null_staging_orders_updated_at.9d13676043)
[0m08:40:26.713193 [debug] [Thread-2 (]: Began compiling node test.oracle_warehouse.source_not_null_staging_orders_order_id.8a94cd7e35
[0m08:40:26.715402 [debug] [Thread-4 (]: Began compiling node test.oracle_warehouse.source_not_null_staging_orders_updated_at.9d13676043
[0m08:40:26.724974 [debug] [Thread-1 (]: SQL status: SELECT 1 in 0.965 seconds
[0m08:40:26.731305 [debug] [Thread-2 (]: Writing injected SQL for node "test.oracle_warehouse.source_not_null_staging_orders_order_id.8a94cd7e35"
[0m08:40:26.742454 [debug] [Thread-4 (]: Writing injected SQL for node "test.oracle_warehouse.source_not_null_staging_orders_updated_at.9d13676043"
[0m08:40:26.747956 [debug] [Thread-1 (]: On test.oracle_warehouse.not_null_fct_orders_loaded_at.7cb41085ba: ROLLBACK
[0m08:40:26.753852 [debug] [Thread-3 (]: Using postgres connection "test.oracle_warehouse.source_not_null_staging_orders__dlt_loaded_at.89d42ca065"
[0m08:40:26.756697 [debug] [Thread-3 (]: On test.oracle_warehouse.source_not_null_staging_orders__dlt_loaded_at.89d42ca065: /* {"app": "dbt", "dbt_version": "1.11.11", "profile_name": "oracle_warehouse", "target_name": "prod", "node_id": "test.oracle_warehouse.source_not_null_staging_orders__dlt_loaded_at.89d42ca065"} */

    
    select
      count(*) as failures,
      count(*) != 0 as should_warn,
      count(*) != 0 as should_error
    from (
      
    
  
    
    



select _dlt_loaded_at
from "warehouse"."staging"."orders"
where _dlt_loaded_at is null



  
  
      
    ) dbt_internal_test
[0m08:40:26.759508 [debug] [Thread-3 (]: Opening a new connection, currently in state closed
[0m08:40:26.763228 [debug] [Thread-1 (]: On test.oracle_warehouse.not_null_fct_orders_loaded_at.7cb41085ba: Close
[0m08:40:26.767421 [info ] [Thread-1 (]: 6 of 15 PASS not_null_fct_orders_loaded_at ..................................... [[32mPASS[0m in 1.12s]
[0m08:40:26.774339 [debug] [Thread-1 (]: Finished running node test.oracle_warehouse.not_null_fct_orders_loaded_at.7cb41085ba
[0m08:40:26.777804 [debug] [Thread-1 (]: Began running node test.oracle_warehouse.source_unique_staging_customers_customer_id.d8103a1a70
[0m08:40:26.781267 [info ] [Thread-1 (]: 13 of 15 START test source_unique_staging_customers_customer_id ................ [RUN]
[0m08:40:26.787492 [debug] [Thread-1 (]: Re-using an available connection from the pool (formerly test.oracle_warehouse.not_null_fct_orders_loaded_at.7cb41085ba, now test.oracle_warehouse.source_unique_staging_customers_customer_id.d8103a1a70)
[0m08:40:26.790292 [debug] [Thread-4 (]: Began executing node test.oracle_warehouse.source_not_null_staging_orders_updated_at.9d13676043
[0m08:40:26.793418 [debug] [Thread-1 (]: Began compiling node test.oracle_warehouse.source_unique_staging_customers_customer_id.d8103a1a70
[0m08:40:26.806374 [debug] [Thread-4 (]: Writing runtime sql for node "test.oracle_warehouse.source_not_null_staging_orders_updated_at.9d13676043"
[0m08:40:26.808179 [debug] [Thread-2 (]: Began executing node test.oracle_warehouse.source_not_null_staging_orders_order_id.8a94cd7e35
[0m08:40:26.840657 [debug] [Thread-1 (]: Writing injected SQL for node "test.oracle_warehouse.source_unique_staging_customers_customer_id.d8103a1a70"
[0m08:40:26.848684 [debug] [Thread-2 (]: Writing runtime sql for node "test.oracle_warehouse.source_not_null_staging_orders_order_id.8a94cd7e35"
[0m08:40:26.872102 [debug] [Thread-4 (]: Using postgres connection "test.oracle_warehouse.source_not_null_staging_orders_updated_at.9d13676043"
[0m08:40:26.875453 [debug] [Thread-4 (]: On test.oracle_warehouse.source_not_null_staging_orders_updated_at.9d13676043: /* {"app": "dbt", "dbt_version": "1.11.11", "profile_name": "oracle_warehouse", "target_name": "prod", "node_id": "test.oracle_warehouse.source_not_null_staging_orders_updated_at.9d13676043"} */

    
    select
      count(*) as failures,
      count(*) != 0 as should_warn,
      count(*) != 0 as should_error
    from (
      
    
  
    
    



select updated_at
from "warehouse"."staging"."orders"
where updated_at is null



  
  
      
    ) dbt_internal_test
[0m08:40:26.877565 [debug] [Thread-4 (]: Opening a new connection, currently in state closed
[0m08:40:26.881390 [debug] [Thread-2 (]: Using postgres connection "test.oracle_warehouse.source_not_null_staging_orders_order_id.8a94cd7e35"
[0m08:40:26.883775 [debug] [Thread-2 (]: On test.oracle_warehouse.source_not_null_staging_orders_order_id.8a94cd7e35: /* {"app": "dbt", "dbt_version": "1.11.11", "profile_name": "oracle_warehouse", "target_name": "prod", "node_id": "test.oracle_warehouse.source_not_null_staging_orders_order_id.8a94cd7e35"} */

    
    select
      count(*) as failures,
      count(*) != 0 as should_warn,
      count(*) != 0 as should_error
    from (
      
    
  
    
    



select order_id
from "warehouse"."staging"."orders"
where order_id is null



  
  
      
    ) dbt_internal_test
[0m08:40:26.886454 [debug] [Thread-2 (]: Opening a new connection, currently in state closed
[0m08:40:26.888269 [debug] [Thread-1 (]: Began executing node test.oracle_warehouse.source_unique_staging_customers_customer_id.d8103a1a70
[0m08:40:26.895246 [debug] [Thread-1 (]: Writing runtime sql for node "test.oracle_warehouse.source_unique_staging_customers_customer_id.d8103a1a70"
[0m08:40:26.932681 [debug] [Thread-1 (]: Using postgres connection "test.oracle_warehouse.source_unique_staging_customers_customer_id.d8103a1a70"
[0m08:40:26.935274 [debug] [Thread-1 (]: On test.oracle_warehouse.source_unique_staging_customers_customer_id.d8103a1a70: /* {"app": "dbt", "dbt_version": "1.11.11", "profile_name": "oracle_warehouse", "target_name": "prod", "node_id": "test.oracle_warehouse.source_unique_staging_customers_customer_id.d8103a1a70"} */

    
    select
      count(*) as failures,
      count(*) != 0 as should_warn,
      count(*) != 0 as should_error
    from (
      
    
  
    
    

select
    customer_id as unique_field,
    count(*) as n_records

from "warehouse"."staging"."customers"
where customer_id is not null
group by customer_id
having count(*) > 1



  
  
      
    ) dbt_internal_test
[0m08:40:26.937486 [debug] [Thread-1 (]: Opening a new connection, currently in state closed
[0m08:40:26.938845 [debug] [Thread-3 (]: Postgres adapter: Postgres error: column "_dlt_loaded_at" does not exist
LINE 17: select _dlt_loaded_at
                ^

[0m08:40:26.941843 [debug] [Thread-3 (]: On test.oracle_warehouse.source_not_null_staging_orders__dlt_loaded_at.89d42ca065: ROLLBACK
[0m08:40:26.958437 [debug] [Thread-3 (]: On test.oracle_warehouse.source_not_null_staging_orders__dlt_loaded_at.89d42ca065: Close
[0m08:40:26.969146 [debug] [Thread-3 (]: Database Error in test source_not_null_staging_orders__dlt_loaded_at (models/staging/sources.yml)
  column "_dlt_loaded_at" does not exist
  LINE 17: select _dlt_loaded_at
                  ^
  compiled code at target/run/oracle_warehouse/models/staging/sources.yml/source_not_null_staging_orders__dlt_loaded_at.sql
[0m08:40:26.971656 [error] [Thread-3 (]: 10 of 15 ERROR source_not_null_staging_orders__dlt_loaded_at ................... [[31mERROR[0m in 0.36s]
[0m08:40:26.975108 [debug] [Thread-3 (]: Finished running node test.oracle_warehouse.source_not_null_staging_orders__dlt_loaded_at.89d42ca065
[0m08:40:26.977505 [debug] [Thread-3 (]: Began running node test.oracle_warehouse.source_unique_staging_orders_order_id.449154f9c3
[0m08:40:26.979601 [debug] [Thread-7 (]: Marking all children of 'test.oracle_warehouse.source_not_null_staging_orders__dlt_loaded_at.89d42ca065' to be skipped because of status 'error'.  Reason: Database Error in test source_not_null_staging_orders__dlt_loaded_at (models/staging/sources.yml)
  column "_dlt_loaded_at" does not exist
  LINE 17: select _dlt_loaded_at
                  ^
  compiled code at target/run/oracle_warehouse/models/staging/sources.yml/source_not_null_staging_orders__dlt_loaded_at.sql.
[0m08:40:26.981210 [info ] [Thread-3 (]: 14 of 15 START test source_unique_staging_orders_order_id ...................... [RUN]
[0m08:40:26.984642 [debug] [Thread-3 (]: Re-using an available connection from the pool (formerly test.oracle_warehouse.source_not_null_staging_orders__dlt_loaded_at.89d42ca065, now test.oracle_warehouse.source_unique_staging_orders_order_id.449154f9c3)
[0m08:40:26.986580 [debug] [Thread-3 (]: Began compiling node test.oracle_warehouse.source_unique_staging_orders_order_id.449154f9c3
[0m08:40:26.996547 [debug] [Thread-3 (]: Writing injected SQL for node "test.oracle_warehouse.source_unique_staging_orders_order_id.449154f9c3"
[0m08:40:27.040965 [debug] [Thread-3 (]: Began executing node test.oracle_warehouse.source_unique_staging_orders_order_id.449154f9c3
[0m08:40:27.047629 [debug] [Thread-3 (]: Writing runtime sql for node "test.oracle_warehouse.source_unique_staging_orders_order_id.449154f9c3"
[0m08:40:27.083159 [debug] [Thread-3 (]: Using postgres connection "test.oracle_warehouse.source_unique_staging_orders_order_id.449154f9c3"
[0m08:40:27.085566 [debug] [Thread-3 (]: On test.oracle_warehouse.source_unique_staging_orders_order_id.449154f9c3: /* {"app": "dbt", "dbt_version": "1.11.11", "profile_name": "oracle_warehouse", "target_name": "prod", "node_id": "test.oracle_warehouse.source_unique_staging_orders_order_id.449154f9c3"} */

    
    select
      count(*) as failures,
      count(*) != 0 as should_warn,
      count(*) != 0 as should_error
    from (
      
    
  
    
    

select
    order_id as unique_field,
    count(*) as n_records

from "warehouse"."staging"."orders"
where order_id is not null
group by order_id
having count(*) > 1



  
  
      
    ) dbt_internal_test
[0m08:40:27.088477 [debug] [Thread-3 (]: Opening a new connection, currently in state closed
[0m08:40:27.117185 [debug] [Thread-1 (]: SQL status: SELECT 1 in 0.180 seconds
[0m08:40:27.122109 [debug] [Thread-1 (]: On test.oracle_warehouse.source_unique_staging_customers_customer_id.d8103a1a70: ROLLBACK
[0m08:40:27.133765 [debug] [Thread-1 (]: On test.oracle_warehouse.source_unique_staging_customers_customer_id.d8103a1a70: Close
[0m08:40:27.137634 [info ] [Thread-1 (]: 13 of 15 PASS source_unique_staging_customers_customer_id ...................... [[32mPASS[0m in 0.35s]
[0m08:40:27.139909 [debug] [Thread-1 (]: Finished running node test.oracle_warehouse.source_unique_staging_customers_customer_id.d8103a1a70
[0m08:40:27.142528 [debug] [Thread-1 (]: Began running node test.oracle_warehouse.unique_fct_orders_order_id.523ddb6ce5
[0m08:40:27.144564 [info ] [Thread-1 (]: 15 of 15 START test unique_fct_orders_order_id ................................. [RUN]
[0m08:40:27.147131 [debug] [Thread-1 (]: Re-using an available connection from the pool (formerly test.oracle_warehouse.source_unique_staging_customers_customer_id.d8103a1a70, now test.oracle_warehouse.unique_fct_orders_order_id.523ddb6ce5)
[0m08:40:27.149002 [debug] [Thread-1 (]: Began compiling node test.oracle_warehouse.unique_fct_orders_order_id.523ddb6ce5
[0m08:40:27.157199 [debug] [Thread-1 (]: Writing injected SQL for node "test.oracle_warehouse.unique_fct_orders_order_id.523ddb6ce5"
[0m08:40:27.208874 [debug] [Thread-1 (]: Began executing node test.oracle_warehouse.unique_fct_orders_order_id.523ddb6ce5
[0m08:40:27.213987 [debug] [Thread-1 (]: Writing runtime sql for node "test.oracle_warehouse.unique_fct_orders_order_id.523ddb6ce5"
[0m08:40:27.281536 [debug] [Thread-1 (]: Using postgres connection "test.oracle_warehouse.unique_fct_orders_order_id.523ddb6ce5"
[0m08:40:27.283848 [debug] [Thread-1 (]: On test.oracle_warehouse.unique_fct_orders_order_id.523ddb6ce5: /* {"app": "dbt", "dbt_version": "1.11.11", "profile_name": "oracle_warehouse", "target_name": "prod", "node_id": "test.oracle_warehouse.unique_fct_orders_order_id.523ddb6ce5"} */

    
    select
      count(*) as failures,
      count(*) != 0 as should_warn,
      count(*) != 0 as should_error
    from (
      
    
  
    
    

select
    order_id as unique_field,
    count(*) as n_records

from "warehouse"."marts_marts"."fct_orders"
where order_id is not null
group by order_id
having count(*) > 1



  
  
      
    ) dbt_internal_test
[0m08:40:27.285851 [debug] [Thread-1 (]: Opening a new connection, currently in state closed
[0m08:40:27.407053 [debug] [Thread-2 (]: SQL status: SELECT 1 in 0.520 seconds
[0m08:40:27.415832 [debug] [Thread-2 (]: On test.oracle_warehouse.source_not_null_staging_orders_order_id.8a94cd7e35: ROLLBACK
[0m08:40:27.434537 [debug] [Thread-2 (]: On test.oracle_warehouse.source_not_null_staging_orders_order_id.8a94cd7e35: Close
[0m08:40:27.438661 [info ] [Thread-2 (]: 11 of 15 PASS source_not_null_staging_orders_order_id .......................... [[32mPASS[0m in 0.73s]
[0m08:40:27.443091 [debug] [Thread-2 (]: Finished running node test.oracle_warehouse.source_not_null_staging_orders_order_id.8a94cd7e35
[0m08:40:27.496987 [debug] [Thread-4 (]: SQL status: SELECT 1 in 0.620 seconds
[0m08:40:27.501658 [debug] [Thread-4 (]: On test.oracle_warehouse.source_not_null_staging_orders_updated_at.9d13676043: ROLLBACK
[0m08:40:27.512846 [debug] [Thread-4 (]: On test.oracle_warehouse.source_not_null_staging_orders_updated_at.9d13676043: Close
[0m08:40:27.515564 [info ] [Thread-4 (]: 12 of 15 PASS source_not_null_staging_orders_updated_at ........................ [[32mPASS[0m in 0.81s]
[0m08:40:27.518023 [debug] [Thread-4 (]: Finished running node test.oracle_warehouse.source_not_null_staging_orders_updated_at.9d13676043
[0m08:40:31.448708 [debug] [Thread-3 (]: SQL status: SELECT 1 in 4.366 seconds
[0m08:40:31.452393 [debug] [Thread-3 (]: On test.oracle_warehouse.source_unique_staging_orders_order_id.449154f9c3: ROLLBACK
[0m08:40:31.471415 [debug] [Thread-3 (]: On test.oracle_warehouse.source_unique_staging_orders_order_id.449154f9c3: Close
[0m08:40:31.474678 [info ] [Thread-3 (]: 14 of 15 PASS source_unique_staging_orders_order_id ............................ [[32mPASS[0m in 4.49s]
[0m08:40:31.477527 [debug] [Thread-3 (]: Finished running node test.oracle_warehouse.source_unique_staging_orders_order_id.449154f9c3
[0m08:40:31.598569 [debug] [Thread-1 (]: SQL status: SELECT 1 in 4.318 seconds
[0m08:40:31.603026 [debug] [Thread-1 (]: On test.oracle_warehouse.unique_fct_orders_order_id.523ddb6ce5: ROLLBACK
[0m08:40:31.618213 [debug] [Thread-1 (]: On test.oracle_warehouse.unique_fct_orders_order_id.523ddb6ce5: Close
[0m08:40:31.621036 [info ] [Thread-1 (]: 15 of 15 PASS unique_fct_orders_order_id ....................................... [[32mPASS[0m in 4.47s]
[0m08:40:31.623763 [debug] [Thread-1 (]: Finished running node test.oracle_warehouse.unique_fct_orders_order_id.523ddb6ce5
[0m08:40:31.628338 [debug] [MainThread]: On master: COMMIT
[0m08:40:31.631414 [debug] [MainThread]: Using postgres connection "master"
[0m08:40:31.632967 [debug] [MainThread]: On master: COMMIT
[0m08:40:31.634171 [debug] [MainThread]: Opening a new connection, currently in state closed
[0m08:40:31.788071 [debug] [MainThread]: SQL status: COMMIT in 0.154 seconds
[0m08:40:31.789842 [debug] [MainThread]: On master: Close
[0m08:40:31.791636 [debug] [MainThread]: Connection 'master' was properly closed.
[0m08:40:31.795589 [debug] [MainThread]: Connection 'test.oracle_warehouse.unique_fct_orders_order_id.523ddb6ce5' was properly closed.
[0m08:40:31.797838 [debug] [MainThread]: Connection 'test.oracle_warehouse.source_unique_staging_orders_order_id.449154f9c3' was properly closed.
[0m08:40:31.803647 [debug] [MainThread]: Connection 'test.oracle_warehouse.source_not_null_staging_orders_updated_at.9d13676043' was properly closed.
[0m08:40:31.807712 [debug] [MainThread]: Connection 'test.oracle_warehouse.source_not_null_staging_orders_order_id.8a94cd7e35' was properly closed.
[0m08:40:31.809496 [info ] [MainThread]: 
[0m08:40:31.812029 [info ] [MainThread]: Finished running 15 data tests in 0 hours 0 minutes and 7.57 seconds (7.57s).
[0m08:40:31.817942 [debug] [MainThread]: Command end result
[0m08:40:31.945274 [debug] [MainThread]: Wrote artifact WritableManifest to /opt/airflow/dbt_project/target/manifest.json
[0m08:40:31.962280 [debug] [MainThread]: Wrote artifact SemanticManifest to /opt/airflow/dbt_project/target/semantic_manifest.json
[0m08:40:31.986842 [debug] [MainThread]: Wrote artifact RunExecutionResult to /opt/airflow/dbt_project/target/run_results.json
[0m08:40:31.988101 [info ] [MainThread]: 
[0m08:40:31.989310 [info ] [MainThread]: [31mCompleted with 3 errors, 0 partial successes, and 0 warnings:[0m
[0m08:40:31.990423 [info ] [MainThread]: 
[0m08:40:31.992132 [error] [MainThread]: [31mFailure in test accepted_values_fct_orders_status__PAID__PENDING__SHIPPED__CANCELLED (models/marts/schema.yml)[0m
[0m08:40:31.993266 [error] [MainThread]:   Got 1 result, configured to fail if != 0
[0m08:40:31.994338 [info ] [MainThread]: 
[0m08:40:31.995495 [info ] [MainThread]:   compiled code at target/compiled/oracle_warehouse/models/marts/schema.yml/accepted_values_fct_orders_2544bdf8bb81daf1d58957f6bfafe675.sql
[0m08:40:31.996771 [info ] [MainThread]: 
[0m08:40:31.997699 [error] [MainThread]: [31mFailure in test source_not_null_staging_customers__dlt_loaded_at (models/staging/sources.yml)[0m
[0m08:40:31.998664 [error] [MainThread]:   Database Error in test source_not_null_staging_customers__dlt_loaded_at (models/staging/sources.yml)
  column "_dlt_loaded_at" does not exist
  LINE 17: select _dlt_loaded_at
                  ^
  compiled code at target/run/oracle_warehouse/models/staging/sources.yml/source_not_null_staging_customers__dlt_loaded_at.sql
[0m08:40:31.999602 [info ] [MainThread]: 
[0m08:40:32.001047 [info ] [MainThread]:   compiled code at target/compiled/oracle_warehouse/models/staging/sources.yml/source_not_null_staging_customers__dlt_loaded_at.sql
[0m08:40:32.002021 [info ] [MainThread]: 
[0m08:40:32.003065 [error] [MainThread]: [31mFailure in test source_not_null_staging_orders__dlt_loaded_at (models/staging/sources.yml)[0m
[0m08:40:32.004284 [error] [MainThread]:   Database Error in test source_not_null_staging_orders__dlt_loaded_at (models/staging/sources.yml)
  column "_dlt_loaded_at" does not exist
  LINE 17: select _dlt_loaded_at
                  ^
  compiled code at target/run/oracle_warehouse/models/staging/sources.yml/source_not_null_staging_orders__dlt_loaded_at.sql
[0m08:40:32.005222 [info ] [MainThread]: 
[0m08:40:32.006516 [info ] [MainThread]:   compiled code at target/compiled/oracle_warehouse/models/staging/sources.yml/source_not_null_staging_orders__dlt_loaded_at.sql
[0m08:40:32.007728 [info ] [MainThread]: 
[0m08:40:32.008699 [info ] [MainThread]: Done. PASS=12 WARN=0 ERROR=3 SKIP=0 NO-OP=0 TOTAL=15
[0m08:40:32.010286 [warn ] [MainThread]: [[33mWARNING[0m][DeprecationsSummary]: Deprecated functionality
Summary of encountered deprecations:
- MissingArgumentsPropertyInGenericTestDeprecation: 2 occurrences
To see all deprecation instances instead of just the first occurrence of each,
run command again with the `--show-all-deprecations` flag. You may also need to
run with `--no-partial-parse` as some deprecations are only encountered during
parsing.
[0m08:40:32.012215 [debug] [MainThread]: Resource report: {"command_name": "test", "command_success": false, "command_wall_clock_time": 11.349796, "process_in_blocks": "0", "process_kernel_time": 0.490308, "process_mem_max_rss": "155568", "process_out_blocks": "0", "process_user_time": 5.662658}
[0m08:40:32.013358 [debug] [MainThread]: Command `dbt test` failed at 08:40:32.013227 after 11.35 seconds
[0m08:40:32.014467 [debug] [MainThread]: Sending event: {'category': 'dbt', 'action': 'invocation', 'label': 'end', 'context': [<snowplow_tracker.self_describing_json.SelfDescribingJson object at 0x7f069d7d9f40>, <snowplow_tracker.self_describing_json.SelfDescribingJson object at 0x7f069c4c3930>, <snowplow_tracker.self_describing_json.SelfDescribingJson object at 0x7f069c4c3610>]}
[0m08:40:32.015709 [debug] [MainThread]: Flushing usage events
[0m08:40:33.235365 [debug] [MainThread]: An error was encountered while trying to flush usage events
