{"timestamp":"2026-07-08T11:10:00.347317Z","level":"info","event":"DAG bundles loaded: dags-folder","logger":"airflow.dag_processing.bundles.manager.DagBundlesManager","filename":"manager.py","lineno":209}
{"timestamp":"2026-07-08T11:10:00.350482Z","level":"info","event":"Filling up the DagBag from /opt/airflow/dags/factory.py","logger":"airflow.dag_processing.dagbag.BundleDagBag","filename":"dagbag.py","lineno":469}
{"timestamp":"2026-07-08T11:10:00.426996Z","level":"warning","event":"The `airflow.decorators.dag` attribute is deprecated. Please use `'airflow.sdk.dag'`.","category":"UserWarning","filename":"/opt/airflow/dags/factory.py","lineno":4,"logger":"py.warnings"}
{"timestamp":"2026-07-08T11:10:00.495420Z","level":"info","event":"Poking: SELECT COUNT(*) FROM demo_user.client_b_load_status\nWHERE status = 'COMPLETE' AND processed = 0 (with parameters None)","logger":"airflow.task.operators.airflow.providers.common.sql.sensors.sql.SqlSensor","filename":"sql.py","lineno":100}
{"timestamp":"2026-07-08T11:10:00.534003Z","level":"info","event":"Running statement: SELECT COUNT(*) FROM demo_user.client_b_load_status\nWHERE status = 'COMPLETE' AND processed = 0, parameters: None","logger":"airflow.task.hooks.airflow.providers.oracle.hooks.oracle.OracleHook","filename":"sql.py","lineno":861}
{"timestamp":"2026-07-08T11:10:00.961562Z","level":"info","event":"Rows affected: 0","logger":"airflow.task.hooks.airflow.providers.oracle.hooks.oracle.OracleHook","filename":"sql.py","lineno":879}
{"timestamp":"2026-07-08T11:10:10.977586Z","level":"info","event":"Poking: SELECT COUNT(*) FROM demo_user.client_b_load_status\nWHERE status = 'COMPLETE' AND processed = 0 (with parameters None)","logger":"airflow.task.operators.airflow.providers.common.sql.sensors.sql.SqlSensor","filename":"sql.py","lineno":100}
{"timestamp":"2026-07-08T11:10:11.008835Z","level":"info","event":"Running statement: SELECT COUNT(*) FROM demo_user.client_b_load_status\nWHERE status = 'COMPLETE' AND processed = 0, parameters: None","logger":"airflow.task.hooks.airflow.providers.oracle.hooks.oracle.OracleHook","filename":"sql.py","lineno":861}
{"timestamp":"2026-07-08T11:10:11.009560Z","level":"info","event":"Rows affected: 0","logger":"airflow.task.hooks.airflow.providers.oracle.hooks.oracle.OracleHook","filename":"sql.py","lineno":879}
{"timestamp":"2026-07-08T11:10:21.035819Z","level":"info","event":"Poking: SELECT COUNT(*) FROM demo_user.client_b_load_status\nWHERE status = 'COMPLETE' AND processed = 0 (with parameters None)","logger":"airflow.task.operators.airflow.providers.common.sql.sensors.sql.SqlSensor","filename":"sql.py","lineno":100}
{"timestamp":"2026-07-08T11:10:21.066443Z","level":"info","event":"Running statement: SELECT COUNT(*) FROM demo_user.client_b_load_status\nWHERE status = 'COMPLETE' AND processed = 0, parameters: None","logger":"airflow.task.hooks.airflow.providers.oracle.hooks.oracle.OracleHook","filename":"sql.py","lineno":861}
{"timestamp":"2026-07-08T11:10:21.067100Z","level":"info","event":"Rows affected: 0","logger":"airflow.task.hooks.airflow.providers.oracle.hooks.oracle.OracleHook","filename":"sql.py","lineno":879}
{"timestamp":"2026-07-08T11:10:31.088684Z","level":"info","event":"Poking: SELECT COUNT(*) FROM demo_user.client_b_load_status\nWHERE status = 'COMPLETE' AND processed = 0 (with parameters None)","logger":"airflow.task.operators.airflow.providers.common.sql.sensors.sql.SqlSensor","filename":"sql.py","lineno":100}
{"timestamp":"2026-07-08T11:10:31.126491Z","level":"info","event":"Running statement: SELECT COUNT(*) FROM demo_user.client_b_load_status\nWHERE status = 'COMPLETE' AND processed = 0, parameters: None","logger":"airflow.task.hooks.airflow.providers.oracle.hooks.oracle.OracleHook","filename":"sql.py","lineno":861}
{"timestamp":"2026-07-08T11:10:31.127181Z","level":"info","event":"Rows affected: 0","logger":"airflow.task.hooks.airflow.providers.oracle.hooks.oracle.OracleHook","filename":"sql.py","lineno":879}
{"timestamp":"2026-07-08T11:10:41.151307Z","level":"info","event":"Poking: SELECT COUNT(*) FROM demo_user.client_b_load_status\nWHERE status = 'COMPLETE' AND processed = 0 (with parameters None)","logger":"airflow.task.operators.airflow.providers.common.sql.sensors.sql.SqlSensor","filename":"sql.py","lineno":100}
{"timestamp":"2026-07-08T11:10:41.189734Z","level":"info","event":"Running statement: SELECT COUNT(*) FROM demo_user.client_b_load_status\nWHERE status = 'COMPLETE' AND processed = 0, parameters: None","logger":"airflow.task.hooks.airflow.providers.oracle.hooks.oracle.OracleHook","filename":"sql.py","lineno":861}
{"timestamp":"2026-07-08T11:10:41.190426Z","level":"info","event":"Rows affected: 0","logger":"airflow.task.hooks.airflow.providers.oracle.hooks.oracle.OracleHook","filename":"sql.py","lineno":879}
{"timestamp":"2026-07-08T11:10:51.208748Z","level":"info","event":"Poking: SELECT COUNT(*) FROM demo_user.client_b_load_status\nWHERE status = 'COMPLETE' AND processed = 0 (with parameters None)","logger":"airflow.task.operators.airflow.providers.common.sql.sensors.sql.SqlSensor","filename":"sql.py","lineno":100}
{"timestamp":"2026-07-08T11:10:51.238006Z","level":"info","event":"Running statement: SELECT COUNT(*) FROM demo_user.client_b_load_status\nWHERE status = 'COMPLETE' AND processed = 0, parameters: None","logger":"airflow.task.hooks.airflow.providers.oracle.hooks.oracle.OracleHook","filename":"sql.py","lineno":861}
{"timestamp":"2026-07-08T11:10:51.238899Z","level":"info","event":"Rows affected: 0","logger":"airflow.task.hooks.airflow.providers.oracle.hooks.oracle.OracleHook","filename":"sql.py","lineno":879}
{"timestamp":"2026-07-08T11:11:01.254326Z","level":"info","event":"Poking: SELECT COUNT(*) FROM demo_user.client_b_load_status\nWHERE status = 'COMPLETE' AND processed = 0 (with parameters None)","logger":"airflow.task.operators.airflow.providers.common.sql.sensors.sql.SqlSensor","filename":"sql.py","lineno":100}
{"timestamp":"2026-07-08T11:11:01.286598Z","level":"info","event":"Running statement: SELECT COUNT(*) FROM demo_user.client_b_load_status\nWHERE status = 'COMPLETE' AND processed = 0, parameters: None","logger":"airflow.task.hooks.airflow.providers.oracle.hooks.oracle.OracleHook","filename":"sql.py","lineno":861}
{"timestamp":"2026-07-08T11:11:01.287185Z","level":"info","event":"Rows affected: 0","logger":"airflow.task.hooks.airflow.providers.oracle.hooks.oracle.OracleHook","filename":"sql.py","lineno":879}
{"timestamp":"2026-07-08T11:11:11.308932Z","level":"info","event":"Poking: SELECT COUNT(*) FROM demo_user.client_b_load_status\nWHERE status = 'COMPLETE' AND processed = 0 (with parameters None)","logger":"airflow.task.operators.airflow.providers.common.sql.sensors.sql.SqlSensor","filename":"sql.py","lineno":100}
{"timestamp":"2026-07-08T11:11:11.337521Z","level":"info","event":"Running statement: SELECT COUNT(*) FROM demo_user.client_b_load_status\nWHERE status = 'COMPLETE' AND processed = 0, parameters: None","logger":"airflow.task.hooks.airflow.providers.oracle.hooks.oracle.OracleHook","filename":"sql.py","lineno":861}
{"timestamp":"2026-07-08T11:11:11.338223Z","level":"info","event":"Rows affected: 0","logger":"airflow.task.hooks.airflow.providers.oracle.hooks.oracle.OracleHook","filename":"sql.py","lineno":879}
{"timestamp":"2026-07-08T11:11:21.363797Z","level":"info","event":"Poking: SELECT COUNT(*) FROM demo_user.client_b_load_status\nWHERE status = 'COMPLETE' AND processed = 0 (with parameters None)","logger":"airflow.task.operators.airflow.providers.common.sql.sensors.sql.SqlSensor","filename":"sql.py","lineno":100}
{"timestamp":"2026-07-08T11:11:21.403554Z","level":"info","event":"Running statement: SELECT COUNT(*) FROM demo_user.client_b_load_status\nWHERE status = 'COMPLETE' AND processed = 0, parameters: None","logger":"airflow.task.hooks.airflow.providers.oracle.hooks.oracle.OracleHook","filename":"sql.py","lineno":861}
{"timestamp":"2026-07-08T11:11:21.404514Z","level":"info","event":"Rows affected: 0","logger":"airflow.task.hooks.airflow.providers.oracle.hooks.oracle.OracleHook","filename":"sql.py","lineno":879}
{"timestamp":"2026-07-08T11:11:31.421674Z","level":"info","event":"Poking: SELECT COUNT(*) FROM demo_user.client_b_load_status\nWHERE status = 'COMPLETE' AND processed = 0 (with parameters None)","logger":"airflow.task.operators.airflow.providers.common.sql.sensors.sql.SqlSensor","filename":"sql.py","lineno":100}
{"timestamp":"2026-07-08T11:11:31.453504Z","level":"info","event":"Running statement: SELECT COUNT(*) FROM demo_user.client_b_load_status\nWHERE status = 'COMPLETE' AND processed = 0, parameters: None","logger":"airflow.task.hooks.airflow.providers.oracle.hooks.oracle.OracleHook","filename":"sql.py","lineno":861}
{"timestamp":"2026-07-08T11:11:31.454263Z","level":"info","event":"Rows affected: 0","logger":"airflow.task.hooks.airflow.providers.oracle.hooks.oracle.OracleHook","filename":"sql.py","lineno":879}
{"timestamp":"2026-07-08T11:11:41.489323Z","level":"info","event":"Poking: SELECT COUNT(*) FROM demo_user.client_b_load_status\nWHERE status = 'COMPLETE' AND processed = 0 (with parameters None)","logger":"airflow.task.operators.airflow.providers.common.sql.sensors.sql.SqlSensor","filename":"sql.py","lineno":100}
{"timestamp":"2026-07-08T11:11:41.563613Z","level":"info","event":"Running statement: SELECT COUNT(*) FROM demo_user.client_b_load_status\nWHERE status = 'COMPLETE' AND processed = 0, parameters: None","logger":"airflow.task.hooks.airflow.providers.oracle.hooks.oracle.OracleHook","filename":"sql.py","lineno":861}
{"timestamp":"2026-07-08T11:11:41.565080Z","level":"info","event":"Rows affected: 0","logger":"airflow.task.hooks.airflow.providers.oracle.hooks.oracle.OracleHook","filename":"sql.py","lineno":879}
{"timestamp":"2026-07-08T11:11:51.594331Z","level":"info","event":"Poking: SELECT COUNT(*) FROM demo_user.client_b_load_status\nWHERE status = 'COMPLETE' AND processed = 0 (with parameters None)","logger":"airflow.task.operators.airflow.providers.common.sql.sensors.sql.SqlSensor","filename":"sql.py","lineno":100}
{"timestamp":"2026-07-08T11:11:51.635910Z","level":"info","event":"Running statement: SELECT COUNT(*) FROM demo_user.client_b_load_status\nWHERE status = 'COMPLETE' AND processed = 0, parameters: None","logger":"airflow.task.hooks.airflow.providers.oracle.hooks.oracle.OracleHook","filename":"sql.py","lineno":861}
{"timestamp":"2026-07-08T11:11:51.637157Z","level":"info","event":"Rows affected: 0","logger":"airflow.task.hooks.airflow.providers.oracle.hooks.oracle.OracleHook","filename":"sql.py","lineno":879}
{"timestamp":"2026-07-08T11:12:01.665263Z","level":"info","event":"Poking: SELECT COUNT(*) FROM demo_user.client_b_load_status\nWHERE status = 'COMPLETE' AND processed = 0 (with parameters None)","logger":"airflow.task.operators.airflow.providers.common.sql.sensors.sql.SqlSensor","filename":"sql.py","lineno":100}
{"timestamp":"2026-07-08T11:12:01.701844Z","level":"info","event":"Running statement: SELECT COUNT(*) FROM demo_user.client_b_load_status\nWHERE status = 'COMPLETE' AND processed = 0, parameters: None","logger":"airflow.task.hooks.airflow.providers.oracle.hooks.oracle.OracleHook","filename":"sql.py","lineno":861}
{"timestamp":"2026-07-08T11:12:01.702619Z","level":"info","event":"Rows affected: 0","logger":"airflow.task.hooks.airflow.providers.oracle.hooks.oracle.OracleHook","filename":"sql.py","lineno":879}
{"timestamp":"2026-07-08T11:12:11.721657Z","level":"info","event":"Poking: SELECT COUNT(*) FROM demo_user.client_b_load_status\nWHERE status = 'COMPLETE' AND processed = 0 (with parameters None)","logger":"airflow.task.operators.airflow.providers.common.sql.sensors.sql.SqlSensor","filename":"sql.py","lineno":100}
{"timestamp":"2026-07-08T11:12:11.754981Z","level":"info","event":"Running statement: SELECT COUNT(*) FROM demo_user.client_b_load_status\nWHERE status = 'COMPLETE' AND processed = 0, parameters: None","logger":"airflow.task.hooks.airflow.providers.oracle.hooks.oracle.OracleHook","filename":"sql.py","lineno":861}
{"timestamp":"2026-07-08T11:12:11.755758Z","level":"info","event":"Rows affected: 0","logger":"airflow.task.hooks.airflow.providers.oracle.hooks.oracle.OracleHook","filename":"sql.py","lineno":879}
{"timestamp":"2026-07-08T11:12:21.773164Z","level":"info","event":"Poking: SELECT COUNT(*) FROM demo_user.client_b_load_status\nWHERE status = 'COMPLETE' AND processed = 0 (with parameters None)","logger":"airflow.task.operators.airflow.providers.common.sql.sensors.sql.SqlSensor","filename":"sql.py","lineno":100}
{"timestamp":"2026-07-08T11:12:21.807380Z","level":"info","event":"Running statement: SELECT COUNT(*) FROM demo_user.client_b_load_status\nWHERE status = 'COMPLETE' AND processed = 0, parameters: None","logger":"airflow.task.hooks.airflow.providers.oracle.hooks.oracle.OracleHook","filename":"sql.py","lineno":861}
{"timestamp":"2026-07-08T11:12:21.807978Z","level":"info","event":"Rows affected: 0","logger":"airflow.task.hooks.airflow.providers.oracle.hooks.oracle.OracleHook","filename":"sql.py","lineno":879}
{"timestamp":"2026-07-08T11:12:31.833971Z","level":"info","event":"Poking: SELECT COUNT(*) FROM demo_user.client_b_load_status\nWHERE status = 'COMPLETE' AND processed = 0 (with parameters None)","logger":"airflow.task.operators.airflow.providers.common.sql.sensors.sql.SqlSensor","filename":"sql.py","lineno":100}
{"timestamp":"2026-07-08T11:12:31.872403Z","level":"info","event":"Running statement: SELECT COUNT(*) FROM demo_user.client_b_load_status\nWHERE status = 'COMPLETE' AND processed = 0, parameters: None","logger":"airflow.task.hooks.airflow.providers.oracle.hooks.oracle.OracleHook","filename":"sql.py","lineno":861}
{"timestamp":"2026-07-08T11:12:31.873375Z","level":"info","event":"Rows affected: 0","logger":"airflow.task.hooks.airflow.providers.oracle.hooks.oracle.OracleHook","filename":"sql.py","lineno":879}
{"timestamp":"2026-07-08T11:12:41.894558Z","level":"info","event":"Poking: SELECT COUNT(*) FROM demo_user.client_b_load_status\nWHERE status = 'COMPLETE' AND processed = 0 (with parameters None)","logger":"airflow.task.operators.airflow.providers.common.sql.sensors.sql.SqlSensor","filename":"sql.py","lineno":100}
{"timestamp":"2026-07-08T11:12:41.929773Z","level":"info","event":"Running statement: SELECT COUNT(*) FROM demo_user.client_b_load_status\nWHERE status = 'COMPLETE' AND processed = 0, parameters: None","logger":"airflow.task.hooks.airflow.providers.oracle.hooks.oracle.OracleHook","filename":"sql.py","lineno":861}
{"timestamp":"2026-07-08T11:12:41.930727Z","level":"info","event":"Rows affected: 0","logger":"airflow.task.hooks.airflow.providers.oracle.hooks.oracle.OracleHook","filename":"sql.py","lineno":879}
{"timestamp":"2026-07-08T11:12:51.951512Z","level":"info","event":"Poking: SELECT COUNT(*) FROM demo_user.client_b_load_status\nWHERE status = 'COMPLETE' AND processed = 0 (with parameters None)","logger":"airflow.task.operators.airflow.providers.common.sql.sensors.sql.SqlSensor","filename":"sql.py","lineno":100}
{"timestamp":"2026-07-08T11:12:51.989379Z","level":"info","event":"Running statement: SELECT COUNT(*) FROM demo_user.client_b_load_status\nWHERE status = 'COMPLETE' AND processed = 0, parameters: None","logger":"airflow.task.hooks.airflow.providers.oracle.hooks.oracle.OracleHook","filename":"sql.py","lineno":861}
{"timestamp":"2026-07-08T11:12:51.990094Z","level":"info","event":"Rows affected: 0","logger":"airflow.task.hooks.airflow.providers.oracle.hooks.oracle.OracleHook","filename":"sql.py","lineno":879}
{"timestamp":"2026-07-08T11:13:02.013659Z","level":"info","event":"Poking: SELECT COUNT(*) FROM demo_user.client_b_load_status\nWHERE status = 'COMPLETE' AND processed = 0 (with parameters None)","logger":"airflow.task.operators.airflow.providers.common.sql.sensors.sql.SqlSensor","filename":"sql.py","lineno":100}
{"timestamp":"2026-07-08T11:13:02.048024Z","level":"info","event":"Running statement: SELECT COUNT(*) FROM demo_user.client_b_load_status\nWHERE status = 'COMPLETE' AND processed = 0, parameters: None","logger":"airflow.task.hooks.airflow.providers.oracle.hooks.oracle.OracleHook","filename":"sql.py","lineno":861}
{"timestamp":"2026-07-08T11:13:02.048738Z","level":"info","event":"Rows affected: 0","logger":"airflow.task.hooks.airflow.providers.oracle.hooks.oracle.OracleHook","filename":"sql.py","lineno":879}
{"timestamp":"2026-07-08T11:13:12.078635Z","level":"info","event":"Poking: SELECT COUNT(*) FROM demo_user.client_b_load_status\nWHERE status = 'COMPLETE' AND processed = 0 (with parameters None)","logger":"airflow.task.operators.airflow.providers.common.sql.sensors.sql.SqlSensor","filename":"sql.py","lineno":100}
{"timestamp":"2026-07-08T11:13:12.111504Z","level":"info","event":"Running statement: SELECT COUNT(*) FROM demo_user.client_b_load_status\nWHERE status = 'COMPLETE' AND processed = 0, parameters: None","logger":"airflow.task.hooks.airflow.providers.oracle.hooks.oracle.OracleHook","filename":"sql.py","lineno":861}
{"timestamp":"2026-07-08T11:13:12.112239Z","level":"info","event":"Rows affected: 0","logger":"airflow.task.hooks.airflow.providers.oracle.hooks.oracle.OracleHook","filename":"sql.py","lineno":879}
{"timestamp":"2026-07-08T11:13:22.140996Z","level":"info","event":"Poking: SELECT COUNT(*) FROM demo_user.client_b_load_status\nWHERE status = 'COMPLETE' AND processed = 0 (with parameters None)","logger":"airflow.task.operators.airflow.providers.common.sql.sensors.sql.SqlSensor","filename":"sql.py","lineno":100}
{"timestamp":"2026-07-08T11:13:22.177967Z","level":"info","event":"Running statement: SELECT COUNT(*) FROM demo_user.client_b_load_status\nWHERE status = 'COMPLETE' AND processed = 0, parameters: None","logger":"airflow.task.hooks.airflow.providers.oracle.hooks.oracle.OracleHook","filename":"sql.py","lineno":861}
{"timestamp":"2026-07-08T11:13:22.179134Z","level":"info","event":"Rows affected: 0","logger":"airflow.task.hooks.airflow.providers.oracle.hooks.oracle.OracleHook","filename":"sql.py","lineno":879}
{"timestamp":"2026-07-08T11:13:32.204568Z","level":"info","event":"Poking: SELECT COUNT(*) FROM demo_user.client_b_load_status\nWHERE status = 'COMPLETE' AND processed = 0 (with parameters None)","logger":"airflow.task.operators.airflow.providers.common.sql.sensors.sql.SqlSensor","filename":"sql.py","lineno":100}
{"timestamp":"2026-07-08T11:13:32.237204Z","level":"info","event":"Running statement: SELECT COUNT(*) FROM demo_user.client_b_load_status\nWHERE status = 'COMPLETE' AND processed = 0, parameters: None","logger":"airflow.task.hooks.airflow.providers.oracle.hooks.oracle.OracleHook","filename":"sql.py","lineno":861}
{"timestamp":"2026-07-08T11:13:32.238140Z","level":"info","event":"Rows affected: 0","logger":"airflow.task.hooks.airflow.providers.oracle.hooks.oracle.OracleHook","filename":"sql.py","lineno":879}
{"timestamp":"2026-07-08T11:13:42.265152Z","level":"info","event":"Poking: SELECT COUNT(*) FROM demo_user.client_b_load_status\nWHERE status = 'COMPLETE' AND processed = 0 (with parameters None)","logger":"airflow.task.operators.airflow.providers.common.sql.sensors.sql.SqlSensor","filename":"sql.py","lineno":100}
{"timestamp":"2026-07-08T11:13:42.301188Z","level":"info","event":"Running statement: SELECT COUNT(*) FROM demo_user.client_b_load_status\nWHERE status = 'COMPLETE' AND processed = 0, parameters: None","logger":"airflow.task.hooks.airflow.providers.oracle.hooks.oracle.OracleHook","filename":"sql.py","lineno":861}
{"timestamp":"2026-07-08T11:13:42.301808Z","level":"info","event":"Rows affected: 0","logger":"airflow.task.hooks.airflow.providers.oracle.hooks.oracle.OracleHook","filename":"sql.py","lineno":879}
{"timestamp":"2026-07-08T11:13:52.324759Z","level":"info","event":"Poking: SELECT COUNT(*) FROM demo_user.client_b_load_status\nWHERE status = 'COMPLETE' AND processed = 0 (with parameters None)","logger":"airflow.task.operators.airflow.providers.common.sql.sensors.sql.SqlSensor","filename":"sql.py","lineno":100}
{"timestamp":"2026-07-08T11:13:52.357926Z","level":"info","event":"Running statement: SELECT COUNT(*) FROM demo_user.client_b_load_status\nWHERE status = 'COMPLETE' AND processed = 0, parameters: None","logger":"airflow.task.hooks.airflow.providers.oracle.hooks.oracle.OracleHook","filename":"sql.py","lineno":861}
{"timestamp":"2026-07-08T11:13:52.358692Z","level":"info","event":"Rows affected: 0","logger":"airflow.task.hooks.airflow.providers.oracle.hooks.oracle.OracleHook","filename":"sql.py","lineno":879}
{"timestamp":"2026-07-08T11:14:02.380949Z","level":"info","event":"Poking: SELECT COUNT(*) FROM demo_user.client_b_load_status\nWHERE status = 'COMPLETE' AND processed = 0 (with parameters None)","logger":"airflow.task.operators.airflow.providers.common.sql.sensors.sql.SqlSensor","filename":"sql.py","lineno":100}
{"timestamp":"2026-07-08T11:14:02.414503Z","level":"info","event":"Running statement: SELECT COUNT(*) FROM demo_user.client_b_load_status\nWHERE status = 'COMPLETE' AND processed = 0, parameters: None","logger":"airflow.task.hooks.airflow.providers.oracle.hooks.oracle.OracleHook","filename":"sql.py","lineno":861}
{"timestamp":"2026-07-08T11:14:02.415258Z","level":"info","event":"Rows affected: 0","logger":"airflow.task.hooks.airflow.providers.oracle.hooks.oracle.OracleHook","filename":"sql.py","lineno":879}
{"timestamp":"2026-07-08T11:14:12.447633Z","level":"info","event":"Poking: SELECT COUNT(*) FROM demo_user.client_b_load_status\nWHERE status = 'COMPLETE' AND processed = 0 (with parameters None)","logger":"airflow.task.operators.airflow.providers.common.sql.sensors.sql.SqlSensor","filename":"sql.py","lineno":100}
{"timestamp":"2026-07-08T11:14:12.487347Z","level":"info","event":"Running statement: SELECT COUNT(*) FROM demo_user.client_b_load_status\nWHERE status = 'COMPLETE' AND processed = 0, parameters: None","logger":"airflow.task.hooks.airflow.providers.oracle.hooks.oracle.OracleHook","filename":"sql.py","lineno":861}
{"timestamp":"2026-07-08T11:14:12.488396Z","level":"info","event":"Rows affected: 0","logger":"airflow.task.hooks.airflow.providers.oracle.hooks.oracle.OracleHook","filename":"sql.py","lineno":879}
{"timestamp":"2026-07-08T11:14:22.514923Z","level":"info","event":"Poking: SELECT COUNT(*) FROM demo_user.client_b_load_status\nWHERE status = 'COMPLETE' AND processed = 0 (with parameters None)","logger":"airflow.task.operators.airflow.providers.common.sql.sensors.sql.SqlSensor","filename":"sql.py","lineno":100}
{"timestamp":"2026-07-08T11:14:22.554577Z","level":"info","event":"Running statement: SELECT COUNT(*) FROM demo_user.client_b_load_status\nWHERE status = 'COMPLETE' AND processed = 0, parameters: None","logger":"airflow.task.hooks.airflow.providers.oracle.hooks.oracle.OracleHook","filename":"sql.py","lineno":861}
{"timestamp":"2026-07-08T11:14:22.555161Z","level":"info","event":"Rows affected: 0","logger":"airflow.task.hooks.airflow.providers.oracle.hooks.oracle.OracleHook","filename":"sql.py","lineno":879}
{"timestamp":"2026-07-08T11:14:32.618600Z","level":"info","event":"Poking: SELECT COUNT(*) FROM demo_user.client_b_load_status\nWHERE status = 'COMPLETE' AND processed = 0 (with parameters None)","logger":"airflow.task.operators.airflow.providers.common.sql.sensors.sql.SqlSensor","filename":"sql.py","lineno":100}
{"timestamp":"2026-07-08T11:14:32.651768Z","level":"info","event":"Running statement: SELECT COUNT(*) FROM demo_user.client_b_load_status\nWHERE status = 'COMPLETE' AND processed = 0, parameters: None","logger":"airflow.task.hooks.airflow.providers.oracle.hooks.oracle.OracleHook","filename":"sql.py","lineno":861}
{"timestamp":"2026-07-08T11:14:32.652526Z","level":"info","event":"Rows affected: 0","logger":"airflow.task.hooks.airflow.providers.oracle.hooks.oracle.OracleHook","filename":"sql.py","lineno":879}
{"timestamp":"2026-07-08T11:14:42.672233Z","level":"info","event":"Poking: SELECT COUNT(*) FROM demo_user.client_b_load_status\nWHERE status = 'COMPLETE' AND processed = 0 (with parameters None)","logger":"airflow.task.operators.airflow.providers.common.sql.sensors.sql.SqlSensor","filename":"sql.py","lineno":100}
{"timestamp":"2026-07-08T11:14:42.705521Z","level":"info","event":"Running statement: SELECT COUNT(*) FROM demo_user.client_b_load_status\nWHERE status = 'COMPLETE' AND processed = 0, parameters: None","logger":"airflow.task.hooks.airflow.providers.oracle.hooks.oracle.OracleHook","filename":"sql.py","lineno":861}
{"timestamp":"2026-07-08T11:14:42.706123Z","level":"info","event":"Rows affected: 0","logger":"airflow.task.hooks.airflow.providers.oracle.hooks.oracle.OracleHook","filename":"sql.py","lineno":879}
{"timestamp":"2026-07-08T11:14:52.725638Z","level":"info","event":"Poking: SELECT COUNT(*) FROM demo_user.client_b_load_status\nWHERE status = 'COMPLETE' AND processed = 0 (with parameters None)","logger":"airflow.task.operators.airflow.providers.common.sql.sensors.sql.SqlSensor","filename":"sql.py","lineno":100}
{"timestamp":"2026-07-08T11:14:52.758751Z","level":"info","event":"Running statement: SELECT COUNT(*) FROM demo_user.client_b_load_status\nWHERE status = 'COMPLETE' AND processed = 0, parameters: None","logger":"airflow.task.hooks.airflow.providers.oracle.hooks.oracle.OracleHook","filename":"sql.py","lineno":861}
{"timestamp":"2026-07-08T11:14:52.759592Z","level":"info","event":"Rows affected: 0","logger":"airflow.task.hooks.airflow.providers.oracle.hooks.oracle.OracleHook","filename":"sql.py","lineno":879}
{"timestamp":"2026-07-08T11:15:02.789421Z","level":"info","event":"Poking: SELECT COUNT(*) FROM demo_user.client_b_load_status\nWHERE status = 'COMPLETE' AND processed = 0 (with parameters None)","logger":"airflow.task.operators.airflow.providers.common.sql.sensors.sql.SqlSensor","filename":"sql.py","lineno":100}
{"timestamp":"2026-07-08T11:15:02.828204Z","level":"info","event":"Running statement: SELECT COUNT(*) FROM demo_user.client_b_load_status\nWHERE status = 'COMPLETE' AND processed = 0, parameters: None","logger":"airflow.task.hooks.airflow.providers.oracle.hooks.oracle.OracleHook","filename":"sql.py","lineno":861}
{"timestamp":"2026-07-08T11:15:02.829172Z","level":"info","event":"Rows affected: 0","logger":"airflow.task.hooks.airflow.providers.oracle.hooks.oracle.OracleHook","filename":"sql.py","lineno":879}
{"timestamp":"2026-07-08T11:15:12.863214Z","level":"info","event":"Poking: SELECT COUNT(*) FROM demo_user.client_b_load_status\nWHERE status = 'COMPLETE' AND processed = 0 (with parameters None)","logger":"airflow.task.operators.airflow.providers.common.sql.sensors.sql.SqlSensor","filename":"sql.py","lineno":100}
{"timestamp":"2026-07-08T11:15:12.902804Z","level":"info","event":"Running statement: SELECT COUNT(*) FROM demo_user.client_b_load_status\nWHERE status = 'COMPLETE' AND processed = 0, parameters: None","logger":"airflow.task.hooks.airflow.providers.oracle.hooks.oracle.OracleHook","filename":"sql.py","lineno":861}
{"timestamp":"2026-07-08T11:15:12.903500Z","level":"info","event":"Rows affected: 0","logger":"airflow.task.hooks.airflow.providers.oracle.hooks.oracle.OracleHook","filename":"sql.py","lineno":879}
{"timestamp":"2026-07-08T11:15:22.930765Z","level":"info","event":"Poking: SELECT COUNT(*) FROM demo_user.client_b_load_status\nWHERE status = 'COMPLETE' AND processed = 0 (with parameters None)","logger":"airflow.task.operators.airflow.providers.common.sql.sensors.sql.SqlSensor","filename":"sql.py","lineno":100}
{"timestamp":"2026-07-08T11:15:22.969473Z","level":"info","event":"Running statement: SELECT COUNT(*) FROM demo_user.client_b_load_status\nWHERE status = 'COMPLETE' AND processed = 0, parameters: None","logger":"airflow.task.hooks.airflow.providers.oracle.hooks.oracle.OracleHook","filename":"sql.py","lineno":861}
{"timestamp":"2026-07-08T11:15:22.970080Z","level":"info","event":"Rows affected: 0","logger":"airflow.task.hooks.airflow.providers.oracle.hooks.oracle.OracleHook","filename":"sql.py","lineno":879}
{"timestamp":"2026-07-08T11:15:32.989979Z","level":"info","event":"Poking: SELECT COUNT(*) FROM demo_user.client_b_load_status\nWHERE status = 'COMPLETE' AND processed = 0 (with parameters None)","logger":"airflow.task.operators.airflow.providers.common.sql.sensors.sql.SqlSensor","filename":"sql.py","lineno":100}
{"timestamp":"2026-07-08T11:15:33.020275Z","level":"info","event":"Running statement: SELECT COUNT(*) FROM demo_user.client_b_load_status\nWHERE status = 'COMPLETE' AND processed = 0, parameters: None","logger":"airflow.task.hooks.airflow.providers.oracle.hooks.oracle.OracleHook","filename":"sql.py","lineno":861}
{"timestamp":"2026-07-08T11:15:33.021185Z","level":"info","event":"Rows affected: 0","logger":"airflow.task.hooks.airflow.providers.oracle.hooks.oracle.OracleHook","filename":"sql.py","lineno":879}
{"timestamp":"2026-07-08T11:15:43.055477Z","level":"info","event":"Poking: SELECT COUNT(*) FROM demo_user.client_b_load_status\nWHERE status = 'COMPLETE' AND processed = 0 (with parameters None)","logger":"airflow.task.operators.airflow.providers.common.sql.sensors.sql.SqlSensor","filename":"sql.py","lineno":100}
{"timestamp":"2026-07-08T11:15:43.097358Z","level":"info","event":"Running statement: SELECT COUNT(*) FROM demo_user.client_b_load_status\nWHERE status = 'COMPLETE' AND processed = 0, parameters: None","logger":"airflow.task.hooks.airflow.providers.oracle.hooks.oracle.OracleHook","filename":"sql.py","lineno":861}
{"timestamp":"2026-07-08T11:15:43.097958Z","level":"info","event":"Rows affected: 0","logger":"airflow.task.hooks.airflow.providers.oracle.hooks.oracle.OracleHook","filename":"sql.py","lineno":879}
{"timestamp":"2026-07-08T11:15:53.125285Z","level":"info","event":"Poking: SELECT COUNT(*) FROM demo_user.client_b_load_status\nWHERE status = 'COMPLETE' AND processed = 0 (with parameters None)","logger":"airflow.task.operators.airflow.providers.common.sql.sensors.sql.SqlSensor","filename":"sql.py","lineno":100}
{"timestamp":"2026-07-08T11:15:53.164381Z","level":"info","event":"Running statement: SELECT COUNT(*) FROM demo_user.client_b_load_status\nWHERE status = 'COMPLETE' AND processed = 0, parameters: None","logger":"airflow.task.hooks.airflow.providers.oracle.hooks.oracle.OracleHook","filename":"sql.py","lineno":861}
{"timestamp":"2026-07-08T11:15:53.165865Z","level":"info","event":"Rows affected: 0","logger":"airflow.task.hooks.airflow.providers.oracle.hooks.oracle.OracleHook","filename":"sql.py","lineno":879}
{"timestamp":"2026-07-08T11:16:03.195517Z","level":"info","event":"Poking: SELECT COUNT(*) FROM demo_user.client_b_load_status\nWHERE status = 'COMPLETE' AND processed = 0 (with parameters None)","logger":"airflow.task.operators.airflow.providers.common.sql.sensors.sql.SqlSensor","filename":"sql.py","lineno":100}
{"timestamp":"2026-07-08T11:16:03.232960Z","level":"info","event":"Running statement: SELECT COUNT(*) FROM demo_user.client_b_load_status\nWHERE status = 'COMPLETE' AND processed = 0, parameters: None","logger":"airflow.task.hooks.airflow.providers.oracle.hooks.oracle.OracleHook","filename":"sql.py","lineno":861}
{"timestamp":"2026-07-08T11:16:03.233577Z","level":"info","event":"Rows affected: 0","logger":"airflow.task.hooks.airflow.providers.oracle.hooks.oracle.OracleHook","filename":"sql.py","lineno":879}
{"timestamp":"2026-07-08T11:16:13.263496Z","level":"info","event":"Poking: SELECT COUNT(*) FROM demo_user.client_b_load_status\nWHERE status = 'COMPLETE' AND processed = 0 (with parameters None)","logger":"airflow.task.operators.airflow.providers.common.sql.sensors.sql.SqlSensor","filename":"sql.py","lineno":100}
{"timestamp":"2026-07-08T11:16:13.304463Z","level":"info","event":"Running statement: SELECT COUNT(*) FROM demo_user.client_b_load_status\nWHERE status = 'COMPLETE' AND processed = 0, parameters: None","logger":"airflow.task.hooks.airflow.providers.oracle.hooks.oracle.OracleHook","filename":"sql.py","lineno":861}
{"timestamp":"2026-07-08T11:16:13.305204Z","level":"info","event":"Rows affected: 0","logger":"airflow.task.hooks.airflow.providers.oracle.hooks.oracle.OracleHook","filename":"sql.py","lineno":879}
{"timestamp":"2026-07-08T11:16:23.338185Z","level":"info","event":"Poking: SELECT COUNT(*) FROM demo_user.client_b_load_status\nWHERE status = 'COMPLETE' AND processed = 0 (with parameters None)","logger":"airflow.task.operators.airflow.providers.common.sql.sensors.sql.SqlSensor","filename":"sql.py","lineno":100}
{"timestamp":"2026-07-08T11:16:23.375105Z","level":"info","event":"Running statement: SELECT COUNT(*) FROM demo_user.client_b_load_status\nWHERE status = 'COMPLETE' AND processed = 0, parameters: None","logger":"airflow.task.hooks.airflow.providers.oracle.hooks.oracle.OracleHook","filename":"sql.py","lineno":861}
{"timestamp":"2026-07-08T11:16:23.375862Z","level":"info","event":"Rows affected: 0","logger":"airflow.task.hooks.airflow.providers.oracle.hooks.oracle.OracleHook","filename":"sql.py","lineno":879}
{"timestamp":"2026-07-08T11:16:33.402598Z","level":"info","event":"Poking: SELECT COUNT(*) FROM demo_user.client_b_load_status\nWHERE status = 'COMPLETE' AND processed = 0 (with parameters None)","logger":"airflow.task.operators.airflow.providers.common.sql.sensors.sql.SqlSensor","filename":"sql.py","lineno":100}
{"timestamp":"2026-07-08T11:16:33.431854Z","level":"info","event":"Running statement: SELECT COUNT(*) FROM demo_user.client_b_load_status\nWHERE status = 'COMPLETE' AND processed = 0, parameters: None","logger":"airflow.task.hooks.airflow.providers.oracle.hooks.oracle.OracleHook","filename":"sql.py","lineno":861}
{"timestamp":"2026-07-08T11:16:33.432564Z","level":"info","event":"Rows affected: 0","logger":"airflow.task.hooks.airflow.providers.oracle.hooks.oracle.OracleHook","filename":"sql.py","lineno":879}
{"timestamp":"2026-07-08T11:16:43.454735Z","level":"info","event":"Poking: SELECT COUNT(*) FROM demo_user.client_b_load_status\nWHERE status = 'COMPLETE' AND processed = 0 (with parameters None)","logger":"airflow.task.operators.airflow.providers.common.sql.sensors.sql.SqlSensor","filename":"sql.py","lineno":100}
{"timestamp":"2026-07-08T11:16:43.489643Z","level":"info","event":"Running statement: SELECT COUNT(*) FROM demo_user.client_b_load_status\nWHERE status = 'COMPLETE' AND processed = 0, parameters: None","logger":"airflow.task.hooks.airflow.providers.oracle.hooks.oracle.OracleHook","filename":"sql.py","lineno":861}
{"timestamp":"2026-07-08T11:16:43.490447Z","level":"info","event":"Rows affected: 0","logger":"airflow.task.hooks.airflow.providers.oracle.hooks.oracle.OracleHook","filename":"sql.py","lineno":879}
{"timestamp":"2026-07-08T11:16:53.525171Z","level":"info","event":"Poking: SELECT COUNT(*) FROM demo_user.client_b_load_status\nWHERE status = 'COMPLETE' AND processed = 0 (with parameters None)","logger":"airflow.task.operators.airflow.providers.common.sql.sensors.sql.SqlSensor","filename":"sql.py","lineno":100}
{"timestamp":"2026-07-08T11:16:53.559692Z","level":"info","event":"Running statement: SELECT COUNT(*) FROM demo_user.client_b_load_status\nWHERE status = 'COMPLETE' AND processed = 0, parameters: None","logger":"airflow.task.hooks.airflow.providers.oracle.hooks.oracle.OracleHook","filename":"sql.py","lineno":861}
{"timestamp":"2026-07-08T11:16:53.560592Z","level":"info","event":"Rows affected: 0","logger":"airflow.task.hooks.airflow.providers.oracle.hooks.oracle.OracleHook","filename":"sql.py","lineno":879}
{"timestamp":"2026-07-08T11:17:03.582844Z","level":"info","event":"Poking: SELECT COUNT(*) FROM demo_user.client_b_load_status\nWHERE status = 'COMPLETE' AND processed = 0 (with parameters None)","logger":"airflow.task.operators.airflow.providers.common.sql.sensors.sql.SqlSensor","filename":"sql.py","lineno":100}
{"timestamp":"2026-07-08T11:17:03.618779Z","level":"info","event":"Running statement: SELECT COUNT(*) FROM demo_user.client_b_load_status\nWHERE status = 'COMPLETE' AND processed = 0, parameters: None","logger":"airflow.task.hooks.airflow.providers.oracle.hooks.oracle.OracleHook","filename":"sql.py","lineno":861}
{"timestamp":"2026-07-08T11:17:03.619569Z","level":"info","event":"Rows affected: 0","logger":"airflow.task.hooks.airflow.providers.oracle.hooks.oracle.OracleHook","filename":"sql.py","lineno":879}
{"timestamp":"2026-07-08T11:17:13.651218Z","level":"info","event":"Poking: SELECT COUNT(*) FROM demo_user.client_b_load_status\nWHERE status = 'COMPLETE' AND processed = 0 (with parameters None)","logger":"airflow.task.operators.airflow.providers.common.sql.sensors.sql.SqlSensor","filename":"sql.py","lineno":100}
{"timestamp":"2026-07-08T11:17:13.685831Z","level":"info","event":"Running statement: SELECT COUNT(*) FROM demo_user.client_b_load_status\nWHERE status = 'COMPLETE' AND processed = 0, parameters: None","logger":"airflow.task.hooks.airflow.providers.oracle.hooks.oracle.OracleHook","filename":"sql.py","lineno":861}
{"timestamp":"2026-07-08T11:17:13.686556Z","level":"info","event":"Rows affected: 0","logger":"airflow.task.hooks.airflow.providers.oracle.hooks.oracle.OracleHook","filename":"sql.py","lineno":879}
{"timestamp":"2026-07-08T11:17:23.710020Z","level":"info","event":"Poking: SELECT COUNT(*) FROM demo_user.client_b_load_status\nWHERE status = 'COMPLETE' AND processed = 0 (with parameters None)","logger":"airflow.task.operators.airflow.providers.common.sql.sensors.sql.SqlSensor","filename":"sql.py","lineno":100}
{"timestamp":"2026-07-08T11:17:23.746038Z","level":"info","event":"Running statement: SELECT COUNT(*) FROM demo_user.client_b_load_status\nWHERE status = 'COMPLETE' AND processed = 0, parameters: None","logger":"airflow.task.hooks.airflow.providers.oracle.hooks.oracle.OracleHook","filename":"sql.py","lineno":861}
{"timestamp":"2026-07-08T11:17:23.746647Z","level":"info","event":"Rows affected: 0","logger":"airflow.task.hooks.airflow.providers.oracle.hooks.oracle.OracleHook","filename":"sql.py","lineno":879}
{"timestamp":"2026-07-08T11:17:33.781593Z","level":"info","event":"Poking: SELECT COUNT(*) FROM demo_user.client_b_load_status\nWHERE status = 'COMPLETE' AND processed = 0 (with parameters None)","logger":"airflow.task.operators.airflow.providers.common.sql.sensors.sql.SqlSensor","filename":"sql.py","lineno":100}
{"timestamp":"2026-07-08T11:17:33.822454Z","level":"info","event":"Running statement: SELECT COUNT(*) FROM demo_user.client_b_load_status\nWHERE status = 'COMPLETE' AND processed = 0, parameters: None","logger":"airflow.task.hooks.airflow.providers.oracle.hooks.oracle.OracleHook","filename":"sql.py","lineno":861}
{"timestamp":"2026-07-08T11:17:33.823493Z","level":"info","event":"Rows affected: 0","logger":"airflow.task.hooks.airflow.providers.oracle.hooks.oracle.OracleHook","filename":"sql.py","lineno":879}
{"timestamp":"2026-07-08T11:17:43.839119Z","level":"info","event":"Poking: SELECT COUNT(*) FROM demo_user.client_b_load_status\nWHERE status = 'COMPLETE' AND processed = 0 (with parameters None)","logger":"airflow.task.operators.airflow.providers.common.sql.sensors.sql.SqlSensor","filename":"sql.py","lineno":100}
{"timestamp":"2026-07-08T11:17:43.878586Z","level":"info","event":"Running statement: SELECT COUNT(*) FROM demo_user.client_b_load_status\nWHERE status = 'COMPLETE' AND processed = 0, parameters: None","logger":"airflow.task.hooks.airflow.providers.oracle.hooks.oracle.OracleHook","filename":"sql.py","lineno":861}
{"timestamp":"2026-07-08T11:17:43.879589Z","level":"info","event":"Rows affected: 0","logger":"airflow.task.hooks.airflow.providers.oracle.hooks.oracle.OracleHook","filename":"sql.py","lineno":879}
{"timestamp":"2026-07-08T11:17:53.912040Z","level":"info","event":"Poking: SELECT COUNT(*) FROM demo_user.client_b_load_status\nWHERE status = 'COMPLETE' AND processed = 0 (with parameters None)","logger":"airflow.task.operators.airflow.providers.common.sql.sensors.sql.SqlSensor","filename":"sql.py","lineno":100}
{"timestamp":"2026-07-08T11:17:53.952452Z","level":"info","event":"Running statement: SELECT COUNT(*) FROM demo_user.client_b_load_status\nWHERE status = 'COMPLETE' AND processed = 0, parameters: None","logger":"airflow.task.hooks.airflow.providers.oracle.hooks.oracle.OracleHook","filename":"sql.py","lineno":861}
{"timestamp":"2026-07-08T11:17:53.953052Z","level":"info","event":"Rows affected: 0","logger":"airflow.task.hooks.airflow.providers.oracle.hooks.oracle.OracleHook","filename":"sql.py","lineno":879}
{"timestamp":"2026-07-08T11:18:03.976008Z","level":"info","event":"Poking: SELECT COUNT(*) FROM demo_user.client_b_load_status\nWHERE status = 'COMPLETE' AND processed = 0 (with parameters None)","logger":"airflow.task.operators.airflow.providers.common.sql.sensors.sql.SqlSensor","filename":"sql.py","lineno":100}
{"timestamp":"2026-07-08T11:18:04.005605Z","level":"info","event":"Running statement: SELECT COUNT(*) FROM demo_user.client_b_load_status\nWHERE status = 'COMPLETE' AND processed = 0, parameters: None","logger":"airflow.task.hooks.airflow.providers.oracle.hooks.oracle.OracleHook","filename":"sql.py","lineno":861}
{"timestamp":"2026-07-08T11:18:04.006344Z","level":"info","event":"Rows affected: 0","logger":"airflow.task.hooks.airflow.providers.oracle.hooks.oracle.OracleHook","filename":"sql.py","lineno":879}
{"timestamp":"2026-07-08T11:18:14.034656Z","level":"info","event":"Poking: SELECT COUNT(*) FROM demo_user.client_b_load_status\nWHERE status = 'COMPLETE' AND processed = 0 (with parameters None)","logger":"airflow.task.operators.airflow.providers.common.sql.sensors.sql.SqlSensor","filename":"sql.py","lineno":100}
{"timestamp":"2026-07-08T11:18:14.066235Z","level":"info","event":"Running statement: SELECT COUNT(*) FROM demo_user.client_b_load_status\nWHERE status = 'COMPLETE' AND processed = 0, parameters: None","logger":"airflow.task.hooks.airflow.providers.oracle.hooks.oracle.OracleHook","filename":"sql.py","lineno":861}
{"timestamp":"2026-07-08T11:18:14.067233Z","level":"info","event":"Rows affected: 0","logger":"airflow.task.hooks.airflow.providers.oracle.hooks.oracle.OracleHook","filename":"sql.py","lineno":879}
{"timestamp":"2026-07-08T11:18:24.095533Z","level":"info","event":"Poking: SELECT COUNT(*) FROM demo_user.client_b_load_status\nWHERE status = 'COMPLETE' AND processed = 0 (with parameters None)","logger":"airflow.task.operators.airflow.providers.common.sql.sensors.sql.SqlSensor","filename":"sql.py","lineno":100}
{"timestamp":"2026-07-08T11:18:24.129886Z","level":"info","event":"Running statement: SELECT COUNT(*) FROM demo_user.client_b_load_status\nWHERE status = 'COMPLETE' AND processed = 0, parameters: None","logger":"airflow.task.hooks.airflow.providers.oracle.hooks.oracle.OracleHook","filename":"sql.py","lineno":861}
{"timestamp":"2026-07-08T11:18:24.130496Z","level":"info","event":"Rows affected: 0","logger":"airflow.task.hooks.airflow.providers.oracle.hooks.oracle.OracleHook","filename":"sql.py","lineno":879}
{"timestamp":"2026-07-08T11:18:34.145125Z","level":"info","event":"Poking: SELECT COUNT(*) FROM demo_user.client_b_load_status\nWHERE status = 'COMPLETE' AND processed = 0 (with parameters None)","logger":"airflow.task.operators.airflow.providers.common.sql.sensors.sql.SqlSensor","filename":"sql.py","lineno":100}
{"timestamp":"2026-07-08T11:18:34.178574Z","level":"info","event":"Running statement: SELECT COUNT(*) FROM demo_user.client_b_load_status\nWHERE status = 'COMPLETE' AND processed = 0, parameters: None","logger":"airflow.task.hooks.airflow.providers.oracle.hooks.oracle.OracleHook","filename":"sql.py","lineno":861}
{"timestamp":"2026-07-08T11:18:34.179342Z","level":"info","event":"Rows affected: 0","logger":"airflow.task.hooks.airflow.providers.oracle.hooks.oracle.OracleHook","filename":"sql.py","lineno":879}
{"timestamp":"2026-07-08T11:18:44.212792Z","level":"info","event":"Poking: SELECT COUNT(*) FROM demo_user.client_b_load_status\nWHERE status = 'COMPLETE' AND processed = 0 (with parameters None)","logger":"airflow.task.operators.airflow.providers.common.sql.sensors.sql.SqlSensor","filename":"sql.py","lineno":100}
{"timestamp":"2026-07-08T11:18:44.256637Z","level":"info","event":"Running statement: SELECT COUNT(*) FROM demo_user.client_b_load_status\nWHERE status = 'COMPLETE' AND processed = 0, parameters: None","logger":"airflow.task.hooks.airflow.providers.oracle.hooks.oracle.OracleHook","filename":"sql.py","lineno":861}
{"timestamp":"2026-07-08T11:18:44.257548Z","level":"info","event":"Rows affected: 0","logger":"airflow.task.hooks.airflow.providers.oracle.hooks.oracle.OracleHook","filename":"sql.py","lineno":879}
{"timestamp":"2026-07-08T11:18:54.280826Z","level":"info","event":"Poking: SELECT COUNT(*) FROM demo_user.client_b_load_status\nWHERE status = 'COMPLETE' AND processed = 0 (with parameters None)","logger":"airflow.task.operators.airflow.providers.common.sql.sensors.sql.SqlSensor","filename":"sql.py","lineno":100}
{"timestamp":"2026-07-08T11:18:54.314631Z","level":"info","event":"Running statement: SELECT COUNT(*) FROM demo_user.client_b_load_status\nWHERE status = 'COMPLETE' AND processed = 0, parameters: None","logger":"airflow.task.hooks.airflow.providers.oracle.hooks.oracle.OracleHook","filename":"sql.py","lineno":861}
{"timestamp":"2026-07-08T11:18:54.315478Z","level":"info","event":"Rows affected: 0","logger":"airflow.task.hooks.airflow.providers.oracle.hooks.oracle.OracleHook","filename":"sql.py","lineno":879}
{"timestamp":"2026-07-08T11:19:04.469807Z","level":"info","event":"Poking: SELECT COUNT(*) FROM demo_user.client_b_load_status\nWHERE status = 'COMPLETE' AND processed = 0 (with parameters None)","logger":"airflow.task.operators.airflow.providers.common.sql.sensors.sql.SqlSensor","filename":"sql.py","lineno":100}
{"timestamp":"2026-07-08T11:19:04.508286Z","level":"info","event":"Running statement: SELECT COUNT(*) FROM demo_user.client_b_load_status\nWHERE status = 'COMPLETE' AND processed = 0, parameters: None","logger":"airflow.task.hooks.airflow.providers.oracle.hooks.oracle.OracleHook","filename":"sql.py","lineno":861}
{"timestamp":"2026-07-08T11:19:04.509014Z","level":"info","event":"Rows affected: 0","logger":"airflow.task.hooks.airflow.providers.oracle.hooks.oracle.OracleHook","filename":"sql.py","lineno":879}
{"timestamp":"2026-07-08T11:19:14.537379Z","level":"info","event":"Poking: SELECT COUNT(*) FROM demo_user.client_b_load_status\nWHERE status = 'COMPLETE' AND processed = 0 (with parameters None)","logger":"airflow.task.operators.airflow.providers.common.sql.sensors.sql.SqlSensor","filename":"sql.py","lineno":100}
{"timestamp":"2026-07-08T11:19:14.573709Z","level":"info","event":"Running statement: SELECT COUNT(*) FROM demo_user.client_b_load_status\nWHERE status = 'COMPLETE' AND processed = 0, parameters: None","logger":"airflow.task.hooks.airflow.providers.oracle.hooks.oracle.OracleHook","filename":"sql.py","lineno":861}
{"timestamp":"2026-07-08T11:19:14.574507Z","level":"info","event":"Rows affected: 0","logger":"airflow.task.hooks.airflow.providers.oracle.hooks.oracle.OracleHook","filename":"sql.py","lineno":879}
{"timestamp":"2026-07-08T11:19:24.602336Z","level":"info","event":"Poking: SELECT COUNT(*) FROM demo_user.client_b_load_status\nWHERE status = 'COMPLETE' AND processed = 0 (with parameters None)","logger":"airflow.task.operators.airflow.providers.common.sql.sensors.sql.SqlSensor","filename":"sql.py","lineno":100}
{"timestamp":"2026-07-08T11:19:24.648012Z","level":"info","event":"Running statement: SELECT COUNT(*) FROM demo_user.client_b_load_status\nWHERE status = 'COMPLETE' AND processed = 0, parameters: None","logger":"airflow.task.hooks.airflow.providers.oracle.hooks.oracle.OracleHook","filename":"sql.py","lineno":861}
{"timestamp":"2026-07-08T11:19:24.648999Z","level":"info","event":"Rows affected: 0","logger":"airflow.task.hooks.airflow.providers.oracle.hooks.oracle.OracleHook","filename":"sql.py","lineno":879}
{"timestamp":"2026-07-08T11:19:34.675665Z","level":"info","event":"Poking: SELECT COUNT(*) FROM demo_user.client_b_load_status\nWHERE status = 'COMPLETE' AND processed = 0 (with parameters None)","logger":"airflow.task.operators.airflow.providers.common.sql.sensors.sql.SqlSensor","filename":"sql.py","lineno":100}
{"timestamp":"2026-07-08T11:19:34.720029Z","level":"info","event":"Running statement: SELECT COUNT(*) FROM demo_user.client_b_load_status\nWHERE status = 'COMPLETE' AND processed = 0, parameters: None","logger":"airflow.task.hooks.airflow.providers.oracle.hooks.oracle.OracleHook","filename":"sql.py","lineno":861}
{"timestamp":"2026-07-08T11:19:34.720924Z","level":"info","event":"Rows affected: 0","logger":"airflow.task.hooks.airflow.providers.oracle.hooks.oracle.OracleHook","filename":"sql.py","lineno":879}
{"timestamp":"2026-07-08T11:19:44.746375Z","level":"info","event":"Poking: SELECT COUNT(*) FROM demo_user.client_b_load_status\nWHERE status = 'COMPLETE' AND processed = 0 (with parameters None)","logger":"airflow.task.operators.airflow.providers.common.sql.sensors.sql.SqlSensor","filename":"sql.py","lineno":100}
{"timestamp":"2026-07-08T11:19:44.787483Z","level":"info","event":"Running statement: SELECT COUNT(*) FROM demo_user.client_b_load_status\nWHERE status = 'COMPLETE' AND processed = 0, parameters: None","logger":"airflow.task.hooks.airflow.providers.oracle.hooks.oracle.OracleHook","filename":"sql.py","lineno":861}
{"timestamp":"2026-07-08T11:19:44.788312Z","level":"info","event":"Rows affected: 0","logger":"airflow.task.hooks.airflow.providers.oracle.hooks.oracle.OracleHook","filename":"sql.py","lineno":879}
{"timestamp":"2026-07-08T11:19:54.818666Z","level":"info","event":"Poking: SELECT COUNT(*) FROM demo_user.client_b_load_status\nWHERE status = 'COMPLETE' AND processed = 0 (with parameters None)","logger":"airflow.task.operators.airflow.providers.common.sql.sensors.sql.SqlSensor","filename":"sql.py","lineno":100}
{"timestamp":"2026-07-08T11:19:54.882097Z","level":"info","event":"Running statement: SELECT COUNT(*) FROM demo_user.client_b_load_status\nWHERE status = 'COMPLETE' AND processed = 0, parameters: None","logger":"airflow.task.hooks.airflow.providers.oracle.hooks.oracle.OracleHook","filename":"sql.py","lineno":861}
{"timestamp":"2026-07-08T11:19:54.883239Z","level":"info","event":"Rows affected: 0","logger":"airflow.task.hooks.airflow.providers.oracle.hooks.oracle.OracleHook","filename":"sql.py","lineno":879}
{"timestamp":"2026-07-08T11:20:04.919659Z","level":"info","event":"Poking: SELECT COUNT(*) FROM demo_user.client_b_load_status\nWHERE status = 'COMPLETE' AND processed = 0 (with parameters None)","logger":"airflow.task.operators.airflow.providers.common.sql.sensors.sql.SqlSensor","filename":"sql.py","lineno":100}
{"timestamp":"2026-07-08T11:20:04.959289Z","level":"info","event":"Running statement: SELECT COUNT(*) FROM demo_user.client_b_load_status\nWHERE status = 'COMPLETE' AND processed = 0, parameters: None","logger":"airflow.task.hooks.airflow.providers.oracle.hooks.oracle.OracleHook","filename":"sql.py","lineno":861}
{"timestamp":"2026-07-08T11:20:04.960134Z","level":"info","event":"Rows affected: 0","logger":"airflow.task.hooks.airflow.providers.oracle.hooks.oracle.OracleHook","filename":"sql.py","lineno":879}
{"timestamp":"2026-07-08T11:20:14.981989Z","level":"info","event":"Poking: SELECT COUNT(*) FROM demo_user.client_b_load_status\nWHERE status = 'COMPLETE' AND processed = 0 (with parameters None)","logger":"airflow.task.operators.airflow.providers.common.sql.sensors.sql.SqlSensor","filename":"sql.py","lineno":100}
{"timestamp":"2026-07-08T11:20:15.023387Z","level":"info","event":"Running statement: SELECT COUNT(*) FROM demo_user.client_b_load_status\nWHERE status = 'COMPLETE' AND processed = 0, parameters: None","logger":"airflow.task.hooks.airflow.providers.oracle.hooks.oracle.OracleHook","filename":"sql.py","lineno":861}
{"timestamp":"2026-07-08T11:20:15.024228Z","level":"info","event":"Rows affected: 0","logger":"airflow.task.hooks.airflow.providers.oracle.hooks.oracle.OracleHook","filename":"sql.py","lineno":879}
{"timestamp":"2026-07-08T11:20:25.051294Z","level":"info","event":"Poking: SELECT COUNT(*) FROM demo_user.client_b_load_status\nWHERE status = 'COMPLETE' AND processed = 0 (with parameters None)","logger":"airflow.task.operators.airflow.providers.common.sql.sensors.sql.SqlSensor","filename":"sql.py","lineno":100}
{"timestamp":"2026-07-08T11:20:25.096733Z","level":"info","event":"Running statement: SELECT COUNT(*) FROM demo_user.client_b_load_status\nWHERE status = 'COMPLETE' AND processed = 0, parameters: None","logger":"airflow.task.hooks.airflow.providers.oracle.hooks.oracle.OracleHook","filename":"sql.py","lineno":861}
{"timestamp":"2026-07-08T11:20:25.097887Z","level":"info","event":"Rows affected: 0","logger":"airflow.task.hooks.airflow.providers.oracle.hooks.oracle.OracleHook","filename":"sql.py","lineno":879}
{"timestamp":"2026-07-08T11:20:35.118501Z","level":"info","event":"Poking: SELECT COUNT(*) FROM demo_user.client_b_load_status\nWHERE status = 'COMPLETE' AND processed = 0 (with parameters None)","logger":"airflow.task.operators.airflow.providers.common.sql.sensors.sql.SqlSensor","filename":"sql.py","lineno":100}
{"timestamp":"2026-07-08T11:20:35.154280Z","level":"info","event":"Running statement: SELECT COUNT(*) FROM demo_user.client_b_load_status\nWHERE status = 'COMPLETE' AND processed = 0, parameters: None","logger":"airflow.task.hooks.airflow.providers.oracle.hooks.oracle.OracleHook","filename":"sql.py","lineno":861}
{"timestamp":"2026-07-08T11:20:35.155008Z","level":"info","event":"Rows affected: 0","logger":"airflow.task.hooks.airflow.providers.oracle.hooks.oracle.OracleHook","filename":"sql.py","lineno":879}
{"timestamp":"2026-07-08T11:20:45.188573Z","level":"info","event":"Poking: SELECT COUNT(*) FROM demo_user.client_b_load_status\nWHERE status = 'COMPLETE' AND processed = 0 (with parameters None)","logger":"airflow.task.operators.airflow.providers.common.sql.sensors.sql.SqlSensor","filename":"sql.py","lineno":100}
{"timestamp":"2026-07-08T11:20:45.229705Z","level":"info","event":"Running statement: SELECT COUNT(*) FROM demo_user.client_b_load_status\nWHERE status = 'COMPLETE' AND processed = 0, parameters: None","logger":"airflow.task.hooks.airflow.providers.oracle.hooks.oracle.OracleHook","filename":"sql.py","lineno":861}
{"timestamp":"2026-07-08T11:20:45.230629Z","level":"info","event":"Rows affected: 0","logger":"airflow.task.hooks.airflow.providers.oracle.hooks.oracle.OracleHook","filename":"sql.py","lineno":879}
{"timestamp":"2026-07-08T11:20:55.256445Z","level":"info","event":"Poking: SELECT COUNT(*) FROM demo_user.client_b_load_status\nWHERE status = 'COMPLETE' AND processed = 0 (with parameters None)","logger":"airflow.task.operators.airflow.providers.common.sql.sensors.sql.SqlSensor","filename":"sql.py","lineno":100}
{"timestamp":"2026-07-08T11:20:55.298256Z","level":"info","event":"Running statement: SELECT COUNT(*) FROM demo_user.client_b_load_status\nWHERE status = 'COMPLETE' AND processed = 0, parameters: None","logger":"airflow.task.hooks.airflow.providers.oracle.hooks.oracle.OracleHook","filename":"sql.py","lineno":861}
{"timestamp":"2026-07-08T11:20:55.299055Z","level":"info","event":"Rows affected: 0","logger":"airflow.task.hooks.airflow.providers.oracle.hooks.oracle.OracleHook","filename":"sql.py","lineno":879}
{"timestamp":"2026-07-08T11:21:05.315950Z","level":"info","event":"Poking: SELECT COUNT(*) FROM demo_user.client_b_load_status\nWHERE status = 'COMPLETE' AND processed = 0 (with parameters None)","logger":"airflow.task.operators.airflow.providers.common.sql.sensors.sql.SqlSensor","filename":"sql.py","lineno":100}
{"timestamp":"2026-07-08T11:21:05.351695Z","level":"info","event":"Running statement: SELECT COUNT(*) FROM demo_user.client_b_load_status\nWHERE status = 'COMPLETE' AND processed = 0, parameters: None","logger":"airflow.task.hooks.airflow.providers.oracle.hooks.oracle.OracleHook","filename":"sql.py","lineno":861}
{"timestamp":"2026-07-08T11:21:05.352826Z","level":"info","event":"Rows affected: 0","logger":"airflow.task.hooks.airflow.providers.oracle.hooks.oracle.OracleHook","filename":"sql.py","lineno":879}
{"timestamp":"2026-07-08T11:21:15.377546Z","level":"info","event":"Poking: SELECT COUNT(*) FROM demo_user.client_b_load_status\nWHERE status = 'COMPLETE' AND processed = 0 (with parameters None)","logger":"airflow.task.operators.airflow.providers.common.sql.sensors.sql.SqlSensor","filename":"sql.py","lineno":100}
{"timestamp":"2026-07-08T11:21:15.415028Z","level":"info","event":"Running statement: SELECT COUNT(*) FROM demo_user.client_b_load_status\nWHERE status = 'COMPLETE' AND processed = 0, parameters: None","logger":"airflow.task.hooks.airflow.providers.oracle.hooks.oracle.OracleHook","filename":"sql.py","lineno":861}
{"timestamp":"2026-07-08T11:21:15.415972Z","level":"info","event":"Rows affected: 0","logger":"airflow.task.hooks.airflow.providers.oracle.hooks.oracle.OracleHook","filename":"sql.py","lineno":879}
{"timestamp":"2026-07-08T11:21:25.450729Z","level":"info","event":"Poking: SELECT COUNT(*) FROM demo_user.client_b_load_status\nWHERE status = 'COMPLETE' AND processed = 0 (with parameters None)","logger":"airflow.task.operators.airflow.providers.common.sql.sensors.sql.SqlSensor","filename":"sql.py","lineno":100}
{"timestamp":"2026-07-08T11:21:25.491731Z","level":"info","event":"Running statement: SELECT COUNT(*) FROM demo_user.client_b_load_status\nWHERE status = 'COMPLETE' AND processed = 0, parameters: None","logger":"airflow.task.hooks.airflow.providers.oracle.hooks.oracle.OracleHook","filename":"sql.py","lineno":861}
{"timestamp":"2026-07-08T11:21:25.492431Z","level":"info","event":"Rows affected: 0","logger":"airflow.task.hooks.airflow.providers.oracle.hooks.oracle.OracleHook","filename":"sql.py","lineno":879}
{"timestamp":"2026-07-08T11:21:35.546169Z","level":"info","event":"Poking: SELECT COUNT(*) FROM demo_user.client_b_load_status\nWHERE status = 'COMPLETE' AND processed = 0 (with parameters None)","logger":"airflow.task.operators.airflow.providers.common.sql.sensors.sql.SqlSensor","filename":"sql.py","lineno":100}
{"timestamp":"2026-07-08T11:21:35.628236Z","level":"info","event":"Running statement: SELECT COUNT(*) FROM demo_user.client_b_load_status\nWHERE status = 'COMPLETE' AND processed = 0, parameters: None","logger":"airflow.task.hooks.airflow.providers.oracle.hooks.oracle.OracleHook","filename":"sql.py","lineno":861}
{"timestamp":"2026-07-08T11:21:35.629016Z","level":"info","event":"Rows affected: 0","logger":"airflow.task.hooks.airflow.providers.oracle.hooks.oracle.OracleHook","filename":"sql.py","lineno":879}
{"timestamp":"2026-07-08T11:21:45.649427Z","level":"info","event":"Poking: SELECT COUNT(*) FROM demo_user.client_b_load_status\nWHERE status = 'COMPLETE' AND processed = 0 (with parameters None)","logger":"airflow.task.operators.airflow.providers.common.sql.sensors.sql.SqlSensor","filename":"sql.py","lineno":100}
{"timestamp":"2026-07-08T11:21:45.685742Z","level":"info","event":"Running statement: SELECT COUNT(*) FROM demo_user.client_b_load_status\nWHERE status = 'COMPLETE' AND processed = 0, parameters: None","logger":"airflow.task.hooks.airflow.providers.oracle.hooks.oracle.OracleHook","filename":"sql.py","lineno":861}
{"timestamp":"2026-07-08T11:21:45.686576Z","level":"info","event":"Rows affected: 0","logger":"airflow.task.hooks.airflow.providers.oracle.hooks.oracle.OracleHook","filename":"sql.py","lineno":879}
{"timestamp":"2026-07-08T11:21:55.704040Z","level":"info","event":"Poking: SELECT COUNT(*) FROM demo_user.client_b_load_status\nWHERE status = 'COMPLETE' AND processed = 0 (with parameters None)","logger":"airflow.task.operators.airflow.providers.common.sql.sensors.sql.SqlSensor","filename":"sql.py","lineno":100}
{"timestamp":"2026-07-08T11:21:55.733897Z","level":"info","event":"Running statement: SELECT COUNT(*) FROM demo_user.client_b_load_status\nWHERE status = 'COMPLETE' AND processed = 0, parameters: None","logger":"airflow.task.hooks.airflow.providers.oracle.hooks.oracle.OracleHook","filename":"sql.py","lineno":861}
{"timestamp":"2026-07-08T11:21:55.734870Z","level":"info","event":"Rows affected: 0","logger":"airflow.task.hooks.airflow.providers.oracle.hooks.oracle.OracleHook","filename":"sql.py","lineno":879}
{"timestamp":"2026-07-08T11:22:05.761028Z","level":"info","event":"Poking: SELECT COUNT(*) FROM demo_user.client_b_load_status\nWHERE status = 'COMPLETE' AND processed = 0 (with parameters None)","logger":"airflow.task.operators.airflow.providers.common.sql.sensors.sql.SqlSensor","filename":"sql.py","lineno":100}
{"timestamp":"2026-07-08T11:22:05.799529Z","level":"info","event":"Running statement: SELECT COUNT(*) FROM demo_user.client_b_load_status\nWHERE status = 'COMPLETE' AND processed = 0, parameters: None","logger":"airflow.task.hooks.airflow.providers.oracle.hooks.oracle.OracleHook","filename":"sql.py","lineno":861}
{"timestamp":"2026-07-08T11:22:05.800332Z","level":"info","event":"Rows affected: 0","logger":"airflow.task.hooks.airflow.providers.oracle.hooks.oracle.OracleHook","filename":"sql.py","lineno":879}
{"timestamp":"2026-07-08T11:22:15.827151Z","level":"info","event":"Poking: SELECT COUNT(*) FROM demo_user.client_b_load_status\nWHERE status = 'COMPLETE' AND processed = 0 (with parameters None)","logger":"airflow.task.operators.airflow.providers.common.sql.sensors.sql.SqlSensor","filename":"sql.py","lineno":100}
{"timestamp":"2026-07-08T11:22:15.862013Z","level":"info","event":"Running statement: SELECT COUNT(*) FROM demo_user.client_b_load_status\nWHERE status = 'COMPLETE' AND processed = 0, parameters: None","logger":"airflow.task.hooks.airflow.providers.oracle.hooks.oracle.OracleHook","filename":"sql.py","lineno":861}
{"timestamp":"2026-07-08T11:22:15.862690Z","level":"info","event":"Rows affected: 0","logger":"airflow.task.hooks.airflow.providers.oracle.hooks.oracle.OracleHook","filename":"sql.py","lineno":879}
{"timestamp":"2026-07-08T11:22:25.892705Z","level":"info","event":"Poking: SELECT COUNT(*) FROM demo_user.client_b_load_status\nWHERE status = 'COMPLETE' AND processed = 0 (with parameters None)","logger":"airflow.task.operators.airflow.providers.common.sql.sensors.sql.SqlSensor","filename":"sql.py","lineno":100}
{"timestamp":"2026-07-08T11:22:25.931785Z","level":"info","event":"Running statement: SELECT COUNT(*) FROM demo_user.client_b_load_status\nWHERE status = 'COMPLETE' AND processed = 0, parameters: None","logger":"airflow.task.hooks.airflow.providers.oracle.hooks.oracle.OracleHook","filename":"sql.py","lineno":861}
{"timestamp":"2026-07-08T11:22:25.932670Z","level":"info","event":"Rows affected: 0","logger":"airflow.task.hooks.airflow.providers.oracle.hooks.oracle.OracleHook","filename":"sql.py","lineno":879}
{"timestamp":"2026-07-08T11:22:35.956090Z","level":"info","event":"Poking: SELECT COUNT(*) FROM demo_user.client_b_load_status\nWHERE status = 'COMPLETE' AND processed = 0 (with parameters None)","logger":"airflow.task.operators.airflow.providers.common.sql.sensors.sql.SqlSensor","filename":"sql.py","lineno":100}
{"timestamp":"2026-07-08T11:22:35.993294Z","level":"info","event":"Running statement: SELECT COUNT(*) FROM demo_user.client_b_load_status\nWHERE status = 'COMPLETE' AND processed = 0, parameters: None","logger":"airflow.task.hooks.airflow.providers.oracle.hooks.oracle.OracleHook","filename":"sql.py","lineno":861}
{"timestamp":"2026-07-08T11:22:35.994241Z","level":"info","event":"Rows affected: 0","logger":"airflow.task.hooks.airflow.providers.oracle.hooks.oracle.OracleHook","filename":"sql.py","lineno":879}
{"timestamp":"2026-07-08T11:22:46.020620Z","level":"info","event":"Poking: SELECT COUNT(*) FROM demo_user.client_b_load_status\nWHERE status = 'COMPLETE' AND processed = 0 (with parameters None)","logger":"airflow.task.operators.airflow.providers.common.sql.sensors.sql.SqlSensor","filename":"sql.py","lineno":100}
{"timestamp":"2026-07-08T11:22:46.057355Z","level":"info","event":"Running statement: SELECT COUNT(*) FROM demo_user.client_b_load_status\nWHERE status = 'COMPLETE' AND processed = 0, parameters: None","logger":"airflow.task.hooks.airflow.providers.oracle.hooks.oracle.OracleHook","filename":"sql.py","lineno":861}
{"timestamp":"2026-07-08T11:22:46.058110Z","level":"info","event":"Rows affected: 0","logger":"airflow.task.hooks.airflow.providers.oracle.hooks.oracle.OracleHook","filename":"sql.py","lineno":879}
{"timestamp":"2026-07-08T11:22:56.085473Z","level":"info","event":"Poking: SELECT COUNT(*) FROM demo_user.client_b_load_status\nWHERE status = 'COMPLETE' AND processed = 0 (with parameters None)","logger":"airflow.task.operators.airflow.providers.common.sql.sensors.sql.SqlSensor","filename":"sql.py","lineno":100}
{"timestamp":"2026-07-08T11:22:56.117139Z","level":"info","event":"Running statement: SELECT COUNT(*) FROM demo_user.client_b_load_status\nWHERE status = 'COMPLETE' AND processed = 0, parameters: None","logger":"airflow.task.hooks.airflow.providers.oracle.hooks.oracle.OracleHook","filename":"sql.py","lineno":861}
{"timestamp":"2026-07-08T11:22:56.117998Z","level":"info","event":"Rows affected: 0","logger":"airflow.task.hooks.airflow.providers.oracle.hooks.oracle.OracleHook","filename":"sql.py","lineno":879}
{"timestamp":"2026-07-08T11:23:06.146172Z","level":"info","event":"Poking: SELECT COUNT(*) FROM demo_user.client_b_load_status\nWHERE status = 'COMPLETE' AND processed = 0 (with parameters None)","logger":"airflow.task.operators.airflow.providers.common.sql.sensors.sql.SqlSensor","filename":"sql.py","lineno":100}
{"timestamp":"2026-07-08T11:23:06.180616Z","level":"info","event":"Running statement: SELECT COUNT(*) FROM demo_user.client_b_load_status\nWHERE status = 'COMPLETE' AND processed = 0, parameters: None","logger":"airflow.task.hooks.airflow.providers.oracle.hooks.oracle.OracleHook","filename":"sql.py","lineno":861}
{"timestamp":"2026-07-08T11:23:06.181416Z","level":"info","event":"Rows affected: 0","logger":"airflow.task.hooks.airflow.providers.oracle.hooks.oracle.OracleHook","filename":"sql.py","lineno":879}
{"timestamp":"2026-07-08T11:23:16.208602Z","level":"info","event":"Poking: SELECT COUNT(*) FROM demo_user.client_b_load_status\nWHERE status = 'COMPLETE' AND processed = 0 (with parameters None)","logger":"airflow.task.operators.airflow.providers.common.sql.sensors.sql.SqlSensor","filename":"sql.py","lineno":100}
{"timestamp":"2026-07-08T11:23:16.245931Z","level":"info","event":"Running statement: SELECT COUNT(*) FROM demo_user.client_b_load_status\nWHERE status = 'COMPLETE' AND processed = 0, parameters: None","logger":"airflow.task.hooks.airflow.providers.oracle.hooks.oracle.OracleHook","filename":"sql.py","lineno":861}
{"timestamp":"2026-07-08T11:23:16.246572Z","level":"info","event":"Rows affected: 0","logger":"airflow.task.hooks.airflow.providers.oracle.hooks.oracle.OracleHook","filename":"sql.py","lineno":879}
{"timestamp":"2026-07-08T11:23:26.277092Z","level":"info","event":"Poking: SELECT COUNT(*) FROM demo_user.client_b_load_status\nWHERE status = 'COMPLETE' AND processed = 0 (with parameters None)","logger":"airflow.task.operators.airflow.providers.common.sql.sensors.sql.SqlSensor","filename":"sql.py","lineno":100}
{"timestamp":"2026-07-08T11:23:26.311472Z","level":"info","event":"Running statement: SELECT COUNT(*) FROM demo_user.client_b_load_status\nWHERE status = 'COMPLETE' AND processed = 0, parameters: None","logger":"airflow.task.hooks.airflow.providers.oracle.hooks.oracle.OracleHook","filename":"sql.py","lineno":861}
{"timestamp":"2026-07-08T11:23:26.312096Z","level":"info","event":"Rows affected: 0","logger":"airflow.task.hooks.airflow.providers.oracle.hooks.oracle.OracleHook","filename":"sql.py","lineno":879}
{"timestamp":"2026-07-08T11:23:36.337244Z","level":"info","event":"Poking: SELECT COUNT(*) FROM demo_user.client_b_load_status\nWHERE status = 'COMPLETE' AND processed = 0 (with parameters None)","logger":"airflow.task.operators.airflow.providers.common.sql.sensors.sql.SqlSensor","filename":"sql.py","lineno":100}
{"timestamp":"2026-07-08T11:23:36.380838Z","level":"info","event":"Running statement: SELECT COUNT(*) FROM demo_user.client_b_load_status\nWHERE status = 'COMPLETE' AND processed = 0, parameters: None","logger":"airflow.task.hooks.airflow.providers.oracle.hooks.oracle.OracleHook","filename":"sql.py","lineno":861}
{"timestamp":"2026-07-08T11:23:36.381765Z","level":"info","event":"Rows affected: 0","logger":"airflow.task.hooks.airflow.providers.oracle.hooks.oracle.OracleHook","filename":"sql.py","lineno":879}
{"timestamp":"2026-07-08T11:23:46.407881Z","level":"info","event":"Poking: SELECT COUNT(*) FROM demo_user.client_b_load_status\nWHERE status = 'COMPLETE' AND processed = 0 (with parameters None)","logger":"airflow.task.operators.airflow.providers.common.sql.sensors.sql.SqlSensor","filename":"sql.py","lineno":100}
{"timestamp":"2026-07-08T11:23:46.443494Z","level":"info","event":"Running statement: SELECT COUNT(*) FROM demo_user.client_b_load_status\nWHERE status = 'COMPLETE' AND processed = 0, parameters: None","logger":"airflow.task.hooks.airflow.providers.oracle.hooks.oracle.OracleHook","filename":"sql.py","lineno":861}
{"timestamp":"2026-07-08T11:23:46.444301Z","level":"info","event":"Rows affected: 0","logger":"airflow.task.hooks.airflow.providers.oracle.hooks.oracle.OracleHook","filename":"sql.py","lineno":879}
{"timestamp":"2026-07-08T11:23:56.467463Z","level":"info","event":"Poking: SELECT COUNT(*) FROM demo_user.client_b_load_status\nWHERE status = 'COMPLETE' AND processed = 0 (with parameters None)","logger":"airflow.task.operators.airflow.providers.common.sql.sensors.sql.SqlSensor","filename":"sql.py","lineno":100}
{"timestamp":"2026-07-08T11:23:56.501882Z","level":"info","event":"Running statement: SELECT COUNT(*) FROM demo_user.client_b_load_status\nWHERE status = 'COMPLETE' AND processed = 0, parameters: None","logger":"airflow.task.hooks.airflow.providers.oracle.hooks.oracle.OracleHook","filename":"sql.py","lineno":861}
{"timestamp":"2026-07-08T11:23:56.502500Z","level":"info","event":"Rows affected: 0","logger":"airflow.task.hooks.airflow.providers.oracle.hooks.oracle.OracleHook","filename":"sql.py","lineno":879}
{"timestamp":"2026-07-08T11:24:06.525044Z","level":"info","event":"Poking: SELECT COUNT(*) FROM demo_user.client_b_load_status\nWHERE status = 'COMPLETE' AND processed = 0 (with parameters None)","logger":"airflow.task.operators.airflow.providers.common.sql.sensors.sql.SqlSensor","filename":"sql.py","lineno":100}
{"timestamp":"2026-07-08T11:24:06.561205Z","level":"info","event":"Running statement: SELECT COUNT(*) FROM demo_user.client_b_load_status\nWHERE status = 'COMPLETE' AND processed = 0, parameters: None","logger":"airflow.task.hooks.airflow.providers.oracle.hooks.oracle.OracleHook","filename":"sql.py","lineno":861}
{"timestamp":"2026-07-08T11:24:06.561961Z","level":"info","event":"Rows affected: 0","logger":"airflow.task.hooks.airflow.providers.oracle.hooks.oracle.OracleHook","filename":"sql.py","lineno":879}
{"timestamp":"2026-07-08T11:24:16.593326Z","level":"info","event":"Poking: SELECT COUNT(*) FROM demo_user.client_b_load_status\nWHERE status = 'COMPLETE' AND processed = 0 (with parameters None)","logger":"airflow.task.operators.airflow.providers.common.sql.sensors.sql.SqlSensor","filename":"sql.py","lineno":100}
{"timestamp":"2026-07-08T11:24:16.631928Z","level":"info","event":"Running statement: SELECT COUNT(*) FROM demo_user.client_b_load_status\nWHERE status = 'COMPLETE' AND processed = 0, parameters: None","logger":"airflow.task.hooks.airflow.providers.oracle.hooks.oracle.OracleHook","filename":"sql.py","lineno":861}
{"timestamp":"2026-07-08T11:24:16.632551Z","level":"info","event":"Rows affected: 0","logger":"airflow.task.hooks.airflow.providers.oracle.hooks.oracle.OracleHook","filename":"sql.py","lineno":879}
{"timestamp":"2026-07-08T11:24:26.670877Z","level":"info","event":"Poking: SELECT COUNT(*) FROM demo_user.client_b_load_status\nWHERE status = 'COMPLETE' AND processed = 0 (with parameters None)","logger":"airflow.task.operators.airflow.providers.common.sql.sensors.sql.SqlSensor","filename":"sql.py","lineno":100}
{"timestamp":"2026-07-08T11:24:26.738777Z","level":"info","event":"Running statement: SELECT COUNT(*) FROM demo_user.client_b_load_status\nWHERE status = 'COMPLETE' AND processed = 0, parameters: None","logger":"airflow.task.hooks.airflow.providers.oracle.hooks.oracle.OracleHook","filename":"sql.py","lineno":861}
{"timestamp":"2026-07-08T11:24:26.740372Z","level":"info","event":"Rows affected: 0","logger":"airflow.task.hooks.airflow.providers.oracle.hooks.oracle.OracleHook","filename":"sql.py","lineno":879}
{"timestamp":"2026-07-08T11:24:36.776236Z","level":"info","event":"Poking: SELECT COUNT(*) FROM demo_user.client_b_load_status\nWHERE status = 'COMPLETE' AND processed = 0 (with parameters None)","logger":"airflow.task.operators.airflow.providers.common.sql.sensors.sql.SqlSensor","filename":"sql.py","lineno":100}
{"timestamp":"2026-07-08T11:24:36.813123Z","level":"info","event":"Running statement: SELECT COUNT(*) FROM demo_user.client_b_load_status\nWHERE status = 'COMPLETE' AND processed = 0, parameters: None","logger":"airflow.task.hooks.airflow.providers.oracle.hooks.oracle.OracleHook","filename":"sql.py","lineno":861}
{"timestamp":"2026-07-08T11:24:36.813789Z","level":"info","event":"Rows affected: 0","logger":"airflow.task.hooks.airflow.providers.oracle.hooks.oracle.OracleHook","filename":"sql.py","lineno":879}
{"timestamp":"2026-07-08T11:24:46.838098Z","level":"info","event":"Poking: SELECT COUNT(*) FROM demo_user.client_b_load_status\nWHERE status = 'COMPLETE' AND processed = 0 (with parameters None)","logger":"airflow.task.operators.airflow.providers.common.sql.sensors.sql.SqlSensor","filename":"sql.py","lineno":100}
{"timestamp":"2026-07-08T11:24:46.874918Z","level":"info","event":"Running statement: SELECT COUNT(*) FROM demo_user.client_b_load_status\nWHERE status = 'COMPLETE' AND processed = 0, parameters: None","logger":"airflow.task.hooks.airflow.providers.oracle.hooks.oracle.OracleHook","filename":"sql.py","lineno":861}
{"timestamp":"2026-07-08T11:24:46.876485Z","level":"info","event":"Rows affected: 0","logger":"airflow.task.hooks.airflow.providers.oracle.hooks.oracle.OracleHook","filename":"sql.py","lineno":879}
{"timestamp":"2026-07-08T11:24:56.907362Z","level":"info","event":"Poking: SELECT COUNT(*) FROM demo_user.client_b_load_status\nWHERE status = 'COMPLETE' AND processed = 0 (with parameters None)","logger":"airflow.task.operators.airflow.providers.common.sql.sensors.sql.SqlSensor","filename":"sql.py","lineno":100}
{"timestamp":"2026-07-08T11:24:56.952198Z","level":"info","event":"Running statement: SELECT COUNT(*) FROM demo_user.client_b_load_status\nWHERE status = 'COMPLETE' AND processed = 0, parameters: None","logger":"airflow.task.hooks.airflow.providers.oracle.hooks.oracle.OracleHook","filename":"sql.py","lineno":861}
{"timestamp":"2026-07-08T11:24:56.953165Z","level":"info","event":"Rows affected: 0","logger":"airflow.task.hooks.airflow.providers.oracle.hooks.oracle.OracleHook","filename":"sql.py","lineno":879}
{"timestamp":"2026-07-08T11:25:07.002261Z","level":"info","event":"Poking: SELECT COUNT(*) FROM demo_user.client_b_load_status\nWHERE status = 'COMPLETE' AND processed = 0 (with parameters None)","logger":"airflow.task.operators.airflow.providers.common.sql.sensors.sql.SqlSensor","filename":"sql.py","lineno":100}
{"timestamp":"2026-07-08T11:25:07.081472Z","level":"info","event":"Running statement: SELECT COUNT(*) FROM demo_user.client_b_load_status\nWHERE status = 'COMPLETE' AND processed = 0, parameters: None","logger":"airflow.task.hooks.airflow.providers.oracle.hooks.oracle.OracleHook","filename":"sql.py","lineno":861}
{"timestamp":"2026-07-08T11:25:07.083046Z","level":"info","event":"Rows affected: 0","logger":"airflow.task.hooks.airflow.providers.oracle.hooks.oracle.OracleHook","filename":"sql.py","lineno":879}
{"timestamp":"2026-07-08T11:25:17.112281Z","level":"info","event":"Poking: SELECT COUNT(*) FROM demo_user.client_b_load_status\nWHERE status = 'COMPLETE' AND processed = 0 (with parameters None)","logger":"airflow.task.operators.airflow.providers.common.sql.sensors.sql.SqlSensor","filename":"sql.py","lineno":100}
{"timestamp":"2026-07-08T11:25:17.154737Z","level":"info","event":"Running statement: SELECT COUNT(*) FROM demo_user.client_b_load_status\nWHERE status = 'COMPLETE' AND processed = 0, parameters: None","logger":"airflow.task.hooks.airflow.providers.oracle.hooks.oracle.OracleHook","filename":"sql.py","lineno":861}
{"timestamp":"2026-07-08T11:25:17.155671Z","level":"info","event":"Rows affected: 0","logger":"airflow.task.hooks.airflow.providers.oracle.hooks.oracle.OracleHook","filename":"sql.py","lineno":879}
{"timestamp":"2026-07-08T11:25:27.187395Z","level":"info","event":"Poking: SELECT COUNT(*) FROM demo_user.client_b_load_status\nWHERE status = 'COMPLETE' AND processed = 0 (with parameters None)","logger":"airflow.task.operators.airflow.providers.common.sql.sensors.sql.SqlSensor","filename":"sql.py","lineno":100}
{"timestamp":"2026-07-08T11:25:27.229030Z","level":"info","event":"Running statement: SELECT COUNT(*) FROM demo_user.client_b_load_status\nWHERE status = 'COMPLETE' AND processed = 0, parameters: None","logger":"airflow.task.hooks.airflow.providers.oracle.hooks.oracle.OracleHook","filename":"sql.py","lineno":861}
{"timestamp":"2026-07-08T11:25:27.229884Z","level":"info","event":"Rows affected: 0","logger":"airflow.task.hooks.airflow.providers.oracle.hooks.oracle.OracleHook","filename":"sql.py","lineno":879}
{"timestamp":"2026-07-08T11:25:37.259350Z","level":"info","event":"Poking: SELECT COUNT(*) FROM demo_user.client_b_load_status\nWHERE status = 'COMPLETE' AND processed = 0 (with parameters None)","logger":"airflow.task.operators.airflow.providers.common.sql.sensors.sql.SqlSensor","filename":"sql.py","lineno":100}
{"timestamp":"2026-07-08T11:25:37.304332Z","level":"info","event":"Running statement: SELECT COUNT(*) FROM demo_user.client_b_load_status\nWHERE status = 'COMPLETE' AND processed = 0, parameters: None","logger":"airflow.task.hooks.airflow.providers.oracle.hooks.oracle.OracleHook","filename":"sql.py","lineno":861}
{"timestamp":"2026-07-08T11:25:37.305201Z","level":"info","event":"Rows affected: 0","logger":"airflow.task.hooks.airflow.providers.oracle.hooks.oracle.OracleHook","filename":"sql.py","lineno":879}
{"timestamp":"2026-07-08T11:25:47.343545Z","level":"info","event":"Poking: SELECT COUNT(*) FROM demo_user.client_b_load_status\nWHERE status = 'COMPLETE' AND processed = 0 (with parameters None)","logger":"airflow.task.operators.airflow.providers.common.sql.sensors.sql.SqlSensor","filename":"sql.py","lineno":100}
{"timestamp":"2026-07-08T11:25:47.387557Z","level":"info","event":"Running statement: SELECT COUNT(*) FROM demo_user.client_b_load_status\nWHERE status = 'COMPLETE' AND processed = 0, parameters: None","logger":"airflow.task.hooks.airflow.providers.oracle.hooks.oracle.OracleHook","filename":"sql.py","lineno":861}
{"timestamp":"2026-07-08T11:25:47.388279Z","level":"info","event":"Rows affected: 0","logger":"airflow.task.hooks.airflow.providers.oracle.hooks.oracle.OracleHook","filename":"sql.py","lineno":879}
{"timestamp":"2026-07-08T11:25:57.413074Z","level":"info","event":"Poking: SELECT COUNT(*) FROM demo_user.client_b_load_status\nWHERE status = 'COMPLETE' AND processed = 0 (with parameters None)","logger":"airflow.task.operators.airflow.providers.common.sql.sensors.sql.SqlSensor","filename":"sql.py","lineno":100}
{"timestamp":"2026-07-08T11:25:57.460145Z","level":"info","event":"Running statement: SELECT COUNT(*) FROM demo_user.client_b_load_status\nWHERE status = 'COMPLETE' AND processed = 0, parameters: None","logger":"airflow.task.hooks.airflow.providers.oracle.hooks.oracle.OracleHook","filename":"sql.py","lineno":861}
{"timestamp":"2026-07-08T11:25:57.461110Z","level":"info","event":"Rows affected: 0","logger":"airflow.task.hooks.airflow.providers.oracle.hooks.oracle.OracleHook","filename":"sql.py","lineno":879}
{"timestamp":"2026-07-08T11:26:07.493195Z","level":"info","event":"Poking: SELECT COUNT(*) FROM demo_user.client_b_load_status\nWHERE status = 'COMPLETE' AND processed = 0 (with parameters None)","logger":"airflow.task.operators.airflow.providers.common.sql.sensors.sql.SqlSensor","filename":"sql.py","lineno":100}
{"timestamp":"2026-07-08T11:26:07.547583Z","level":"info","event":"Running statement: SELECT COUNT(*) FROM demo_user.client_b_load_status\nWHERE status = 'COMPLETE' AND processed = 0, parameters: None","logger":"airflow.task.hooks.airflow.providers.oracle.hooks.oracle.OracleHook","filename":"sql.py","lineno":861}
{"timestamp":"2026-07-08T11:26:07.548717Z","level":"info","event":"Rows affected: 0","logger":"airflow.task.hooks.airflow.providers.oracle.hooks.oracle.OracleHook","filename":"sql.py","lineno":879}
{"timestamp":"2026-07-08T11:26:17.585867Z","level":"info","event":"Poking: SELECT COUNT(*) FROM demo_user.client_b_load_status\nWHERE status = 'COMPLETE' AND processed = 0 (with parameters None)","logger":"airflow.task.operators.airflow.providers.common.sql.sensors.sql.SqlSensor","filename":"sql.py","lineno":100}
{"timestamp":"2026-07-08T11:26:17.620471Z","level":"info","event":"Running statement: SELECT COUNT(*) FROM demo_user.client_b_load_status\nWHERE status = 'COMPLETE' AND processed = 0, parameters: None","logger":"airflow.task.hooks.airflow.providers.oracle.hooks.oracle.OracleHook","filename":"sql.py","lineno":861}
{"timestamp":"2026-07-08T11:26:17.621061Z","level":"info","event":"Rows affected: 0","logger":"airflow.task.hooks.airflow.providers.oracle.hooks.oracle.OracleHook","filename":"sql.py","lineno":879}
{"timestamp":"2026-07-08T11:26:27.653699Z","level":"info","event":"Poking: SELECT COUNT(*) FROM demo_user.client_b_load_status\nWHERE status = 'COMPLETE' AND processed = 0 (with parameters None)","logger":"airflow.task.operators.airflow.providers.common.sql.sensors.sql.SqlSensor","filename":"sql.py","lineno":100}
{"timestamp":"2026-07-08T11:26:27.693849Z","level":"info","event":"Running statement: SELECT COUNT(*) FROM demo_user.client_b_load_status\nWHERE status = 'COMPLETE' AND processed = 0, parameters: None","logger":"airflow.task.hooks.airflow.providers.oracle.hooks.oracle.OracleHook","filename":"sql.py","lineno":861}
{"timestamp":"2026-07-08T11:26:27.694558Z","level":"info","event":"Rows affected: 0","logger":"airflow.task.hooks.airflow.providers.oracle.hooks.oracle.OracleHook","filename":"sql.py","lineno":879}
{"timestamp":"2026-07-08T11:26:37.723331Z","level":"info","event":"Poking: SELECT COUNT(*) FROM demo_user.client_b_load_status\nWHERE status = 'COMPLETE' AND processed = 0 (with parameters None)","logger":"airflow.task.operators.airflow.providers.common.sql.sensors.sql.SqlSensor","filename":"sql.py","lineno":100}
{"timestamp":"2026-07-08T11:26:37.759291Z","level":"info","event":"Running statement: SELECT COUNT(*) FROM demo_user.client_b_load_status\nWHERE status = 'COMPLETE' AND processed = 0, parameters: None","logger":"airflow.task.hooks.airflow.providers.oracle.hooks.oracle.OracleHook","filename":"sql.py","lineno":861}
{"timestamp":"2026-07-08T11:26:37.760100Z","level":"info","event":"Rows affected: 0","logger":"airflow.task.hooks.airflow.providers.oracle.hooks.oracle.OracleHook","filename":"sql.py","lineno":879}
{"timestamp":"2026-07-08T11:26:47.792385Z","level":"info","event":"Poking: SELECT COUNT(*) FROM demo_user.client_b_load_status\nWHERE status = 'COMPLETE' AND processed = 0 (with parameters None)","logger":"airflow.task.operators.airflow.providers.common.sql.sensors.sql.SqlSensor","filename":"sql.py","lineno":100}
{"timestamp":"2026-07-08T11:26:47.823876Z","level":"info","event":"Running statement: SELECT COUNT(*) FROM demo_user.client_b_load_status\nWHERE status = 'COMPLETE' AND processed = 0, parameters: None","logger":"airflow.task.hooks.airflow.providers.oracle.hooks.oracle.OracleHook","filename":"sql.py","lineno":861}
{"timestamp":"2026-07-08T11:26:47.824601Z","level":"info","event":"Rows affected: 0","logger":"airflow.task.hooks.airflow.providers.oracle.hooks.oracle.OracleHook","filename":"sql.py","lineno":879}
{"timestamp":"2026-07-08T11:26:57.841541Z","level":"info","event":"Poking: SELECT COUNT(*) FROM demo_user.client_b_load_status\nWHERE status = 'COMPLETE' AND processed = 0 (with parameters None)","logger":"airflow.task.operators.airflow.providers.common.sql.sensors.sql.SqlSensor","filename":"sql.py","lineno":100}
{"timestamp":"2026-07-08T11:26:57.878566Z","level":"info","event":"Running statement: SELECT COUNT(*) FROM demo_user.client_b_load_status\nWHERE status = 'COMPLETE' AND processed = 0, parameters: None","logger":"airflow.task.hooks.airflow.providers.oracle.hooks.oracle.OracleHook","filename":"sql.py","lineno":861}
{"timestamp":"2026-07-08T11:26:57.879563Z","level":"info","event":"Rows affected: 0","logger":"airflow.task.hooks.airflow.providers.oracle.hooks.oracle.OracleHook","filename":"sql.py","lineno":879}
{"timestamp":"2026-07-08T11:27:08.011427Z","level":"info","event":"Poking: SELECT COUNT(*) FROM demo_user.client_b_load_status\nWHERE status = 'COMPLETE' AND processed = 0 (with parameters None)","logger":"airflow.task.operators.airflow.providers.common.sql.sensors.sql.SqlSensor","filename":"sql.py","lineno":100}
{"timestamp":"2026-07-08T11:27:08.059437Z","level":"info","event":"Running statement: SELECT COUNT(*) FROM demo_user.client_b_load_status\nWHERE status = 'COMPLETE' AND processed = 0, parameters: None","logger":"airflow.task.hooks.airflow.providers.oracle.hooks.oracle.OracleHook","filename":"sql.py","lineno":861}
{"timestamp":"2026-07-08T11:27:08.060468Z","level":"info","event":"Rows affected: 0","logger":"airflow.task.hooks.airflow.providers.oracle.hooks.oracle.OracleHook","filename":"sql.py","lineno":879}
{"timestamp":"2026-07-08T11:27:18.082037Z","level":"info","event":"Poking: SELECT COUNT(*) FROM demo_user.client_b_load_status\nWHERE status = 'COMPLETE' AND processed = 0 (with parameters None)","logger":"airflow.task.operators.airflow.providers.common.sql.sensors.sql.SqlSensor","filename":"sql.py","lineno":100}
{"timestamp":"2026-07-08T11:27:18.121338Z","level":"info","event":"Running statement: SELECT COUNT(*) FROM demo_user.client_b_load_status\nWHERE status = 'COMPLETE' AND processed = 0, parameters: None","logger":"airflow.task.hooks.airflow.providers.oracle.hooks.oracle.OracleHook","filename":"sql.py","lineno":861}
{"timestamp":"2026-07-08T11:27:18.121924Z","level":"info","event":"Rows affected: 0","logger":"airflow.task.hooks.airflow.providers.oracle.hooks.oracle.OracleHook","filename":"sql.py","lineno":879}
{"timestamp":"2026-07-08T11:27:28.149075Z","level":"info","event":"Poking: SELECT COUNT(*) FROM demo_user.client_b_load_status\nWHERE status = 'COMPLETE' AND processed = 0 (with parameters None)","logger":"airflow.task.operators.airflow.providers.common.sql.sensors.sql.SqlSensor","filename":"sql.py","lineno":100}
{"timestamp":"2026-07-08T11:27:28.191765Z","level":"info","event":"Running statement: SELECT COUNT(*) FROM demo_user.client_b_load_status\nWHERE status = 'COMPLETE' AND processed = 0, parameters: None","logger":"airflow.task.hooks.airflow.providers.oracle.hooks.oracle.OracleHook","filename":"sql.py","lineno":861}
{"timestamp":"2026-07-08T11:27:28.192713Z","level":"info","event":"Rows affected: 0","logger":"airflow.task.hooks.airflow.providers.oracle.hooks.oracle.OracleHook","filename":"sql.py","lineno":879}
{"timestamp":"2026-07-08T11:27:38.220480Z","level":"info","event":"Poking: SELECT COUNT(*) FROM demo_user.client_b_load_status\nWHERE status = 'COMPLETE' AND processed = 0 (with parameters None)","logger":"airflow.task.operators.airflow.providers.common.sql.sensors.sql.SqlSensor","filename":"sql.py","lineno":100}
{"timestamp":"2026-07-08T11:27:38.253921Z","level":"info","event":"Running statement: SELECT COUNT(*) FROM demo_user.client_b_load_status\nWHERE status = 'COMPLETE' AND processed = 0, parameters: None","logger":"airflow.task.hooks.airflow.providers.oracle.hooks.oracle.OracleHook","filename":"sql.py","lineno":861}
{"timestamp":"2026-07-08T11:27:38.254825Z","level":"info","event":"Rows affected: 0","logger":"airflow.task.hooks.airflow.providers.oracle.hooks.oracle.OracleHook","filename":"sql.py","lineno":879}
{"timestamp":"2026-07-08T11:27:48.285910Z","level":"info","event":"Poking: SELECT COUNT(*) FROM demo_user.client_b_load_status\nWHERE status = 'COMPLETE' AND processed = 0 (with parameters None)","logger":"airflow.task.operators.airflow.providers.common.sql.sensors.sql.SqlSensor","filename":"sql.py","lineno":100}
{"timestamp":"2026-07-08T11:27:48.319966Z","level":"info","event":"Running statement: SELECT COUNT(*) FROM demo_user.client_b_load_status\nWHERE status = 'COMPLETE' AND processed = 0, parameters: None","logger":"airflow.task.hooks.airflow.providers.oracle.hooks.oracle.OracleHook","filename":"sql.py","lineno":861}
{"timestamp":"2026-07-08T11:27:48.320729Z","level":"info","event":"Rows affected: 0","logger":"airflow.task.hooks.airflow.providers.oracle.hooks.oracle.OracleHook","filename":"sql.py","lineno":879}
{"timestamp":"2026-07-08T11:27:58.344274Z","level":"info","event":"Poking: SELECT COUNT(*) FROM demo_user.client_b_load_status\nWHERE status = 'COMPLETE' AND processed = 0 (with parameters None)","logger":"airflow.task.operators.airflow.providers.common.sql.sensors.sql.SqlSensor","filename":"sql.py","lineno":100}
{"timestamp":"2026-07-08T11:27:58.380095Z","level":"info","event":"Running statement: SELECT COUNT(*) FROM demo_user.client_b_load_status\nWHERE status = 'COMPLETE' AND processed = 0, parameters: None","logger":"airflow.task.hooks.airflow.providers.oracle.hooks.oracle.OracleHook","filename":"sql.py","lineno":861}
{"timestamp":"2026-07-08T11:27:58.380781Z","level":"info","event":"Rows affected: 0","logger":"airflow.task.hooks.airflow.providers.oracle.hooks.oracle.OracleHook","filename":"sql.py","lineno":879}
{"timestamp":"2026-07-08T11:28:08.402090Z","level":"info","event":"Poking: SELECT COUNT(*) FROM demo_user.client_b_load_status\nWHERE status = 'COMPLETE' AND processed = 0 (with parameters None)","logger":"airflow.task.operators.airflow.providers.common.sql.sensors.sql.SqlSensor","filename":"sql.py","lineno":100}
{"timestamp":"2026-07-08T11:28:08.432082Z","level":"info","event":"Running statement: SELECT COUNT(*) FROM demo_user.client_b_load_status\nWHERE status = 'COMPLETE' AND processed = 0, parameters: None","logger":"airflow.task.hooks.airflow.providers.oracle.hooks.oracle.OracleHook","filename":"sql.py","lineno":861}
{"timestamp":"2026-07-08T11:28:08.432686Z","level":"info","event":"Rows affected: 0","logger":"airflow.task.hooks.airflow.providers.oracle.hooks.oracle.OracleHook","filename":"sql.py","lineno":879}
{"timestamp":"2026-07-08T11:28:18.458261Z","level":"info","event":"Poking: SELECT COUNT(*) FROM demo_user.client_b_load_status\nWHERE status = 'COMPLETE' AND processed = 0 (with parameters None)","logger":"airflow.task.operators.airflow.providers.common.sql.sensors.sql.SqlSensor","filename":"sql.py","lineno":100}
{"timestamp":"2026-07-08T11:28:18.504420Z","level":"info","event":"Running statement: SELECT COUNT(*) FROM demo_user.client_b_load_status\nWHERE status = 'COMPLETE' AND processed = 0, parameters: None","logger":"airflow.task.hooks.airflow.providers.oracle.hooks.oracle.OracleHook","filename":"sql.py","lineno":861}
{"timestamp":"2026-07-08T11:28:18.505552Z","level":"info","event":"Rows affected: 0","logger":"airflow.task.hooks.airflow.providers.oracle.hooks.oracle.OracleHook","filename":"sql.py","lineno":879}
{"timestamp":"2026-07-08T11:28:28.529257Z","level":"info","event":"Poking: SELECT COUNT(*) FROM demo_user.client_b_load_status\nWHERE status = 'COMPLETE' AND processed = 0 (with parameters None)","logger":"airflow.task.operators.airflow.providers.common.sql.sensors.sql.SqlSensor","filename":"sql.py","lineno":100}
{"timestamp":"2026-07-08T11:28:28.566021Z","level":"info","event":"Running statement: SELECT COUNT(*) FROM demo_user.client_b_load_status\nWHERE status = 'COMPLETE' AND processed = 0, parameters: None","logger":"airflow.task.hooks.airflow.providers.oracle.hooks.oracle.OracleHook","filename":"sql.py","lineno":861}
{"timestamp":"2026-07-08T11:28:28.566681Z","level":"info","event":"Rows affected: 0","logger":"airflow.task.hooks.airflow.providers.oracle.hooks.oracle.OracleHook","filename":"sql.py","lineno":879}
{"timestamp":"2026-07-08T11:28:38.589641Z","level":"info","event":"Poking: SELECT COUNT(*) FROM demo_user.client_b_load_status\nWHERE status = 'COMPLETE' AND processed = 0 (with parameters None)","logger":"airflow.task.operators.airflow.providers.common.sql.sensors.sql.SqlSensor","filename":"sql.py","lineno":100}
{"timestamp":"2026-07-08T11:28:38.630570Z","level":"info","event":"Running statement: SELECT COUNT(*) FROM demo_user.client_b_load_status\nWHERE status = 'COMPLETE' AND processed = 0, parameters: None","logger":"airflow.task.hooks.airflow.providers.oracle.hooks.oracle.OracleHook","filename":"sql.py","lineno":861}
{"timestamp":"2026-07-08T11:28:38.631273Z","level":"info","event":"Rows affected: 0","logger":"airflow.task.hooks.airflow.providers.oracle.hooks.oracle.OracleHook","filename":"sql.py","lineno":879}
{"timestamp":"2026-07-08T11:28:48.659707Z","level":"info","event":"Poking: SELECT COUNT(*) FROM demo_user.client_b_load_status\nWHERE status = 'COMPLETE' AND processed = 0 (with parameters None)","logger":"airflow.task.operators.airflow.providers.common.sql.sensors.sql.SqlSensor","filename":"sql.py","lineno":100}
{"timestamp":"2026-07-08T11:28:48.699455Z","level":"info","event":"Running statement: SELECT COUNT(*) FROM demo_user.client_b_load_status\nWHERE status = 'COMPLETE' AND processed = 0, parameters: None","logger":"airflow.task.hooks.airflow.providers.oracle.hooks.oracle.OracleHook","filename":"sql.py","lineno":861}
{"timestamp":"2026-07-08T11:28:48.699991Z","level":"info","event":"Rows affected: 0","logger":"airflow.task.hooks.airflow.providers.oracle.hooks.oracle.OracleHook","filename":"sql.py","lineno":879}
{"timestamp":"2026-07-08T11:28:58.729987Z","level":"info","event":"Poking: SELECT COUNT(*) FROM demo_user.client_b_load_status\nWHERE status = 'COMPLETE' AND processed = 0 (with parameters None)","logger":"airflow.task.operators.airflow.providers.common.sql.sensors.sql.SqlSensor","filename":"sql.py","lineno":100}
{"timestamp":"2026-07-08T11:28:58.763568Z","level":"info","event":"Running statement: SELECT COUNT(*) FROM demo_user.client_b_load_status\nWHERE status = 'COMPLETE' AND processed = 0, parameters: None","logger":"airflow.task.hooks.airflow.providers.oracle.hooks.oracle.OracleHook","filename":"sql.py","lineno":861}
{"timestamp":"2026-07-08T11:28:58.764333Z","level":"info","event":"Rows affected: 0","logger":"airflow.task.hooks.airflow.providers.oracle.hooks.oracle.OracleHook","filename":"sql.py","lineno":879}
{"timestamp":"2026-07-08T11:29:08.791062Z","level":"info","event":"Poking: SELECT COUNT(*) FROM demo_user.client_b_load_status\nWHERE status = 'COMPLETE' AND processed = 0 (with parameters None)","logger":"airflow.task.operators.airflow.providers.common.sql.sensors.sql.SqlSensor","filename":"sql.py","lineno":100}
{"timestamp":"2026-07-08T11:29:08.830024Z","level":"info","event":"Running statement: SELECT COUNT(*) FROM demo_user.client_b_load_status\nWHERE status = 'COMPLETE' AND processed = 0, parameters: None","logger":"airflow.task.hooks.airflow.providers.oracle.hooks.oracle.OracleHook","filename":"sql.py","lineno":861}
{"timestamp":"2026-07-08T11:29:08.830790Z","level":"info","event":"Rows affected: 0","logger":"airflow.task.hooks.airflow.providers.oracle.hooks.oracle.OracleHook","filename":"sql.py","lineno":879}
{"timestamp":"2026-07-08T11:29:18.855951Z","level":"info","event":"Poking: SELECT COUNT(*) FROM demo_user.client_b_load_status\nWHERE status = 'COMPLETE' AND processed = 0 (with parameters None)","logger":"airflow.task.operators.airflow.providers.common.sql.sensors.sql.SqlSensor","filename":"sql.py","lineno":100}
{"timestamp":"2026-07-08T11:29:18.902307Z","level":"info","event":"Running statement: SELECT COUNT(*) FROM demo_user.client_b_load_status\nWHERE status = 'COMPLETE' AND processed = 0, parameters: None","logger":"airflow.task.hooks.airflow.providers.oracle.hooks.oracle.OracleHook","filename":"sql.py","lineno":861}
{"timestamp":"2026-07-08T11:29:18.903119Z","level":"info","event":"Rows affected: 0","logger":"airflow.task.hooks.airflow.providers.oracle.hooks.oracle.OracleHook","filename":"sql.py","lineno":879}
{"timestamp":"2026-07-08T11:29:28.933304Z","level":"info","event":"Poking: SELECT COUNT(*) FROM demo_user.client_b_load_status\nWHERE status = 'COMPLETE' AND processed = 0 (with parameters None)","logger":"airflow.task.operators.airflow.providers.common.sql.sensors.sql.SqlSensor","filename":"sql.py","lineno":100}
{"timestamp":"2026-07-08T11:29:28.967049Z","level":"info","event":"Running statement: SELECT COUNT(*) FROM demo_user.client_b_load_status\nWHERE status = 'COMPLETE' AND processed = 0, parameters: None","logger":"airflow.task.hooks.airflow.providers.oracle.hooks.oracle.OracleHook","filename":"sql.py","lineno":861}
{"timestamp":"2026-07-08T11:29:28.967806Z","level":"info","event":"Rows affected: 0","logger":"airflow.task.hooks.airflow.providers.oracle.hooks.oracle.OracleHook","filename":"sql.py","lineno":879}
{"timestamp":"2026-07-08T11:29:38.997171Z","level":"info","event":"Poking: SELECT COUNT(*) FROM demo_user.client_b_load_status\nWHERE status = 'COMPLETE' AND processed = 0 (with parameters None)","logger":"airflow.task.operators.airflow.providers.common.sql.sensors.sql.SqlSensor","filename":"sql.py","lineno":100}
{"timestamp":"2026-07-08T11:29:39.036386Z","level":"info","event":"Running statement: SELECT COUNT(*) FROM demo_user.client_b_load_status\nWHERE status = 'COMPLETE' AND processed = 0, parameters: None","logger":"airflow.task.hooks.airflow.providers.oracle.hooks.oracle.OracleHook","filename":"sql.py","lineno":861}
{"timestamp":"2026-07-08T11:29:39.037413Z","level":"info","event":"Rows affected: 0","logger":"airflow.task.hooks.airflow.providers.oracle.hooks.oracle.OracleHook","filename":"sql.py","lineno":879}
{"timestamp":"2026-07-08T11:29:49.069484Z","level":"info","event":"Poking: SELECT COUNT(*) FROM demo_user.client_b_load_status\nWHERE status = 'COMPLETE' AND processed = 0 (with parameters None)","logger":"airflow.task.operators.airflow.providers.common.sql.sensors.sql.SqlSensor","filename":"sql.py","lineno":100}
{"timestamp":"2026-07-08T11:29:49.104605Z","level":"info","event":"Running statement: SELECT COUNT(*) FROM demo_user.client_b_load_status\nWHERE status = 'COMPLETE' AND processed = 0, parameters: None","logger":"airflow.task.hooks.airflow.providers.oracle.hooks.oracle.OracleHook","filename":"sql.py","lineno":861}
{"timestamp":"2026-07-08T11:29:49.105237Z","level":"info","event":"Rows affected: 0","logger":"airflow.task.hooks.airflow.providers.oracle.hooks.oracle.OracleHook","filename":"sql.py","lineno":879}
{"timestamp":"2026-07-08T11:29:59.134111Z","level":"info","event":"Poking: SELECT COUNT(*) FROM demo_user.client_b_load_status\nWHERE status = 'COMPLETE' AND processed = 0 (with parameters None)","logger":"airflow.task.operators.airflow.providers.common.sql.sensors.sql.SqlSensor","filename":"sql.py","lineno":100}
{"timestamp":"2026-07-08T11:29:59.171782Z","level":"info","event":"Running statement: SELECT COUNT(*) FROM demo_user.client_b_load_status\nWHERE status = 'COMPLETE' AND processed = 0, parameters: None","logger":"airflow.task.hooks.airflow.providers.oracle.hooks.oracle.OracleHook","filename":"sql.py","lineno":861}
{"timestamp":"2026-07-08T11:29:59.172537Z","level":"info","event":"Rows affected: 0","logger":"airflow.task.hooks.airflow.providers.oracle.hooks.oracle.OracleHook","filename":"sql.py","lineno":879}
{"timestamp":"2026-07-08T11:30:09.208227Z","level":"info","event":"Poking: SELECT COUNT(*) FROM demo_user.client_b_load_status\nWHERE status = 'COMPLETE' AND processed = 0 (with parameters None)","logger":"airflow.task.operators.airflow.providers.common.sql.sensors.sql.SqlSensor","filename":"sql.py","lineno":100}
{"timestamp":"2026-07-08T11:30:09.247875Z","level":"info","event":"Running statement: SELECT COUNT(*) FROM demo_user.client_b_load_status\nWHERE status = 'COMPLETE' AND processed = 0, parameters: None","logger":"airflow.task.hooks.airflow.providers.oracle.hooks.oracle.OracleHook","filename":"sql.py","lineno":861}
{"timestamp":"2026-07-08T11:30:09.248492Z","level":"info","event":"Rows affected: 0","logger":"airflow.task.hooks.airflow.providers.oracle.hooks.oracle.OracleHook","filename":"sql.py","lineno":879}
{"timestamp":"2026-07-08T11:30:19.285271Z","level":"info","event":"Poking: SELECT COUNT(*) FROM demo_user.client_b_load_status\nWHERE status = 'COMPLETE' AND processed = 0 (with parameters None)","logger":"airflow.task.operators.airflow.providers.common.sql.sensors.sql.SqlSensor","filename":"sql.py","lineno":100}
{"timestamp":"2026-07-08T11:30:19.323839Z","level":"info","event":"Running statement: SELECT COUNT(*) FROM demo_user.client_b_load_status\nWHERE status = 'COMPLETE' AND processed = 0, parameters: None","logger":"airflow.task.hooks.airflow.providers.oracle.hooks.oracle.OracleHook","filename":"sql.py","lineno":861}
{"timestamp":"2026-07-08T11:30:19.324631Z","level":"info","event":"Rows affected: 0","logger":"airflow.task.hooks.airflow.providers.oracle.hooks.oracle.OracleHook","filename":"sql.py","lineno":879}
{"timestamp":"2026-07-08T11:30:29.349703Z","level":"info","event":"Poking: SELECT COUNT(*) FROM demo_user.client_b_load_status\nWHERE status = 'COMPLETE' AND processed = 0 (with parameters None)","logger":"airflow.task.operators.airflow.providers.common.sql.sensors.sql.SqlSensor","filename":"sql.py","lineno":100}
{"timestamp":"2026-07-08T11:30:29.385906Z","level":"info","event":"Running statement: SELECT COUNT(*) FROM demo_user.client_b_load_status\nWHERE status = 'COMPLETE' AND processed = 0, parameters: None","logger":"airflow.task.hooks.airflow.providers.oracle.hooks.oracle.OracleHook","filename":"sql.py","lineno":861}
{"timestamp":"2026-07-08T11:30:29.386690Z","level":"info","event":"Rows affected: 0","logger":"airflow.task.hooks.airflow.providers.oracle.hooks.oracle.OracleHook","filename":"sql.py","lineno":879}
{"timestamp":"2026-07-08T11:30:39.409040Z","level":"info","event":"Poking: SELECT COUNT(*) FROM demo_user.client_b_load_status\nWHERE status = 'COMPLETE' AND processed = 0 (with parameters None)","logger":"airflow.task.operators.airflow.providers.common.sql.sensors.sql.SqlSensor","filename":"sql.py","lineno":100}
{"timestamp":"2026-07-08T11:30:39.442017Z","level":"info","event":"Running statement: SELECT COUNT(*) FROM demo_user.client_b_load_status\nWHERE status = 'COMPLETE' AND processed = 0, parameters: None","logger":"airflow.task.hooks.airflow.providers.oracle.hooks.oracle.OracleHook","filename":"sql.py","lineno":861}
{"timestamp":"2026-07-08T11:30:39.442761Z","level":"info","event":"Rows affected: 0","logger":"airflow.task.hooks.airflow.providers.oracle.hooks.oracle.OracleHook","filename":"sql.py","lineno":879}
{"timestamp":"2026-07-08T11:30:49.470041Z","level":"info","event":"Poking: SELECT COUNT(*) FROM demo_user.client_b_load_status\nWHERE status = 'COMPLETE' AND processed = 0 (with parameters None)","logger":"airflow.task.operators.airflow.providers.common.sql.sensors.sql.SqlSensor","filename":"sql.py","lineno":100}
{"timestamp":"2026-07-08T11:30:49.505840Z","level":"info","event":"Running statement: SELECT COUNT(*) FROM demo_user.client_b_load_status\nWHERE status = 'COMPLETE' AND processed = 0, parameters: None","logger":"airflow.task.hooks.airflow.providers.oracle.hooks.oracle.OracleHook","filename":"sql.py","lineno":861}
{"timestamp":"2026-07-08T11:30:49.506538Z","level":"info","event":"Rows affected: 0","logger":"airflow.task.hooks.airflow.providers.oracle.hooks.oracle.OracleHook","filename":"sql.py","lineno":879}
{"timestamp":"2026-07-08T11:30:59.534037Z","level":"info","event":"Poking: SELECT COUNT(*) FROM demo_user.client_b_load_status\nWHERE status = 'COMPLETE' AND processed = 0 (with parameters None)","logger":"airflow.task.operators.airflow.providers.common.sql.sensors.sql.SqlSensor","filename":"sql.py","lineno":100}
{"timestamp":"2026-07-08T11:30:59.570402Z","level":"info","event":"Running statement: SELECT COUNT(*) FROM demo_user.client_b_load_status\nWHERE status = 'COMPLETE' AND processed = 0, parameters: None","logger":"airflow.task.hooks.airflow.providers.oracle.hooks.oracle.OracleHook","filename":"sql.py","lineno":861}
{"timestamp":"2026-07-08T11:30:59.571163Z","level":"info","event":"Rows affected: 0","logger":"airflow.task.hooks.airflow.providers.oracle.hooks.oracle.OracleHook","filename":"sql.py","lineno":879}
{"timestamp":"2026-07-08T11:31:09.594934Z","level":"info","event":"Poking: SELECT COUNT(*) FROM demo_user.client_b_load_status\nWHERE status = 'COMPLETE' AND processed = 0 (with parameters None)","logger":"airflow.task.operators.airflow.providers.common.sql.sensors.sql.SqlSensor","filename":"sql.py","lineno":100}
{"timestamp":"2026-07-08T11:31:09.633037Z","level":"info","event":"Running statement: SELECT COUNT(*) FROM demo_user.client_b_load_status\nWHERE status = 'COMPLETE' AND processed = 0, parameters: None","logger":"airflow.task.hooks.airflow.providers.oracle.hooks.oracle.OracleHook","filename":"sql.py","lineno":861}
{"timestamp":"2026-07-08T11:31:09.634093Z","level":"info","event":"Rows affected: 0","logger":"airflow.task.hooks.airflow.providers.oracle.hooks.oracle.OracleHook","filename":"sql.py","lineno":879}
{"timestamp":"2026-07-08T11:31:19.653181Z","level":"info","event":"Poking: SELECT COUNT(*) FROM demo_user.client_b_load_status\nWHERE status = 'COMPLETE' AND processed = 0 (with parameters None)","logger":"airflow.task.operators.airflow.providers.common.sql.sensors.sql.SqlSensor","filename":"sql.py","lineno":100}
{"timestamp":"2026-07-08T11:31:19.692379Z","level":"info","event":"Running statement: SELECT COUNT(*) FROM demo_user.client_b_load_status\nWHERE status = 'COMPLETE' AND processed = 0, parameters: None","logger":"airflow.task.hooks.airflow.providers.oracle.hooks.oracle.OracleHook","filename":"sql.py","lineno":861}
{"timestamp":"2026-07-08T11:31:19.693096Z","level":"info","event":"Rows affected: 0","logger":"airflow.task.hooks.airflow.providers.oracle.hooks.oracle.OracleHook","filename":"sql.py","lineno":879}
{"timestamp":"2026-07-08T11:31:29.719872Z","level":"info","event":"Poking: SELECT COUNT(*) FROM demo_user.client_b_load_status\nWHERE status = 'COMPLETE' AND processed = 0 (with parameters None)","logger":"airflow.task.operators.airflow.providers.common.sql.sensors.sql.SqlSensor","filename":"sql.py","lineno":100}
{"timestamp":"2026-07-08T11:31:29.758880Z","level":"info","event":"Running statement: SELECT COUNT(*) FROM demo_user.client_b_load_status\nWHERE status = 'COMPLETE' AND processed = 0, parameters: None","logger":"airflow.task.hooks.airflow.providers.oracle.hooks.oracle.OracleHook","filename":"sql.py","lineno":861}
{"timestamp":"2026-07-08T11:31:29.759689Z","level":"info","event":"Rows affected: 0","logger":"airflow.task.hooks.airflow.providers.oracle.hooks.oracle.OracleHook","filename":"sql.py","lineno":879}
{"timestamp":"2026-07-08T11:31:39.782729Z","level":"info","event":"Poking: SELECT COUNT(*) FROM demo_user.client_b_load_status\nWHERE status = 'COMPLETE' AND processed = 0 (with parameters None)","logger":"airflow.task.operators.airflow.providers.common.sql.sensors.sql.SqlSensor","filename":"sql.py","lineno":100}
{"timestamp":"2026-07-08T11:31:39.814371Z","level":"info","event":"Running statement: SELECT COUNT(*) FROM demo_user.client_b_load_status\nWHERE status = 'COMPLETE' AND processed = 0, parameters: None","logger":"airflow.task.hooks.airflow.providers.oracle.hooks.oracle.OracleHook","filename":"sql.py","lineno":861}
{"timestamp":"2026-07-08T11:31:39.815252Z","level":"info","event":"Rows affected: 0","logger":"airflow.task.hooks.airflow.providers.oracle.hooks.oracle.OracleHook","filename":"sql.py","lineno":879}
{"timestamp":"2026-07-08T11:31:49.844106Z","level":"info","event":"Poking: SELECT COUNT(*) FROM demo_user.client_b_load_status\nWHERE status = 'COMPLETE' AND processed = 0 (with parameters None)","logger":"airflow.task.operators.airflow.providers.common.sql.sensors.sql.SqlSensor","filename":"sql.py","lineno":100}
{"timestamp":"2026-07-08T11:31:49.879100Z","level":"info","event":"Running statement: SELECT COUNT(*) FROM demo_user.client_b_load_status\nWHERE status = 'COMPLETE' AND processed = 0, parameters: None","logger":"airflow.task.hooks.airflow.providers.oracle.hooks.oracle.OracleHook","filename":"sql.py","lineno":861}
{"timestamp":"2026-07-08T11:31:49.879775Z","level":"info","event":"Rows affected: 0","logger":"airflow.task.hooks.airflow.providers.oracle.hooks.oracle.OracleHook","filename":"sql.py","lineno":879}
{"timestamp":"2026-07-08T11:31:59.902080Z","level":"info","event":"Poking: SELECT COUNT(*) FROM demo_user.client_b_load_status\nWHERE status = 'COMPLETE' AND processed = 0 (with parameters None)","logger":"airflow.task.operators.airflow.providers.common.sql.sensors.sql.SqlSensor","filename":"sql.py","lineno":100}
{"timestamp":"2026-07-08T11:31:59.935710Z","level":"info","event":"Running statement: SELECT COUNT(*) FROM demo_user.client_b_load_status\nWHERE status = 'COMPLETE' AND processed = 0, parameters: None","logger":"airflow.task.hooks.airflow.providers.oracle.hooks.oracle.OracleHook","filename":"sql.py","lineno":861}
{"timestamp":"2026-07-08T11:31:59.936322Z","level":"info","event":"Rows affected: 0","logger":"airflow.task.hooks.airflow.providers.oracle.hooks.oracle.OracleHook","filename":"sql.py","lineno":879}
{"timestamp":"2026-07-08T11:32:09.962978Z","level":"info","event":"Poking: SELECT COUNT(*) FROM demo_user.client_b_load_status\nWHERE status = 'COMPLETE' AND processed = 0 (with parameters None)","logger":"airflow.task.operators.airflow.providers.common.sql.sensors.sql.SqlSensor","filename":"sql.py","lineno":100}
{"timestamp":"2026-07-08T11:32:09.993483Z","level":"info","event":"Running statement: SELECT COUNT(*) FROM demo_user.client_b_load_status\nWHERE status = 'COMPLETE' AND processed = 0, parameters: None","logger":"airflow.task.hooks.airflow.providers.oracle.hooks.oracle.OracleHook","filename":"sql.py","lineno":861}
{"timestamp":"2026-07-08T11:32:09.994437Z","level":"info","event":"Rows affected: 0","logger":"airflow.task.hooks.airflow.providers.oracle.hooks.oracle.OracleHook","filename":"sql.py","lineno":879}
{"timestamp":"2026-07-08T11:32:20.021849Z","level":"info","event":"Poking: SELECT COUNT(*) FROM demo_user.client_b_load_status\nWHERE status = 'COMPLETE' AND processed = 0 (with parameters None)","logger":"airflow.task.operators.airflow.providers.common.sql.sensors.sql.SqlSensor","filename":"sql.py","lineno":100}
{"timestamp":"2026-07-08T11:32:20.053009Z","level":"info","event":"Running statement: SELECT COUNT(*) FROM demo_user.client_b_load_status\nWHERE status = 'COMPLETE' AND processed = 0, parameters: None","logger":"airflow.task.hooks.airflow.providers.oracle.hooks.oracle.OracleHook","filename":"sql.py","lineno":861}
{"timestamp":"2026-07-08T11:32:20.053765Z","level":"info","event":"Rows affected: 0","logger":"airflow.task.hooks.airflow.providers.oracle.hooks.oracle.OracleHook","filename":"sql.py","lineno":879}
{"timestamp":"2026-07-08T11:32:30.081433Z","level":"info","event":"Poking: SELECT COUNT(*) FROM demo_user.client_b_load_status\nWHERE status = 'COMPLETE' AND processed = 0 (with parameters None)","logger":"airflow.task.operators.airflow.providers.common.sql.sensors.sql.SqlSensor","filename":"sql.py","lineno":100}
{"timestamp":"2026-07-08T11:32:30.118024Z","level":"info","event":"Running statement: SELECT COUNT(*) FROM demo_user.client_b_load_status\nWHERE status = 'COMPLETE' AND processed = 0, parameters: None","logger":"airflow.task.hooks.airflow.providers.oracle.hooks.oracle.OracleHook","filename":"sql.py","lineno":861}
{"timestamp":"2026-07-08T11:32:30.118827Z","level":"info","event":"Rows affected: 0","logger":"airflow.task.hooks.airflow.providers.oracle.hooks.oracle.OracleHook","filename":"sql.py","lineno":879}
{"timestamp":"2026-07-08T11:32:40.148743Z","level":"info","event":"Poking: SELECT COUNT(*) FROM demo_user.client_b_load_status\nWHERE status = 'COMPLETE' AND processed = 0 (with parameters None)","logger":"airflow.task.operators.airflow.providers.common.sql.sensors.sql.SqlSensor","filename":"sql.py","lineno":100}
{"timestamp":"2026-07-08T11:32:40.189501Z","level":"info","event":"Running statement: SELECT COUNT(*) FROM demo_user.client_b_load_status\nWHERE status = 'COMPLETE' AND processed = 0, parameters: None","logger":"airflow.task.hooks.airflow.providers.oracle.hooks.oracle.OracleHook","filename":"sql.py","lineno":861}
{"timestamp":"2026-07-08T11:32:40.190170Z","level":"info","event":"Rows affected: 0","logger":"airflow.task.hooks.airflow.providers.oracle.hooks.oracle.OracleHook","filename":"sql.py","lineno":879}
{"timestamp":"2026-07-08T11:32:50.221415Z","level":"info","event":"Poking: SELECT COUNT(*) FROM demo_user.client_b_load_status\nWHERE status = 'COMPLETE' AND processed = 0 (with parameters None)","logger":"airflow.task.operators.airflow.providers.common.sql.sensors.sql.SqlSensor","filename":"sql.py","lineno":100}
{"timestamp":"2026-07-08T11:32:50.260612Z","level":"info","event":"Running statement: SELECT COUNT(*) FROM demo_user.client_b_load_status\nWHERE status = 'COMPLETE' AND processed = 0, parameters: None","logger":"airflow.task.hooks.airflow.providers.oracle.hooks.oracle.OracleHook","filename":"sql.py","lineno":861}
{"timestamp":"2026-07-08T11:32:50.261363Z","level":"info","event":"Rows affected: 0","logger":"airflow.task.hooks.airflow.providers.oracle.hooks.oracle.OracleHook","filename":"sql.py","lineno":879}
{"timestamp":"2026-07-08T11:33:00.298585Z","level":"info","event":"Poking: SELECT COUNT(*) FROM demo_user.client_b_load_status\nWHERE status = 'COMPLETE' AND processed = 0 (with parameters None)","logger":"airflow.task.operators.airflow.providers.common.sql.sensors.sql.SqlSensor","filename":"sql.py","lineno":100}
{"timestamp":"2026-07-08T11:33:00.331985Z","level":"info","event":"Running statement: SELECT COUNT(*) FROM demo_user.client_b_load_status\nWHERE status = 'COMPLETE' AND processed = 0, parameters: None","logger":"airflow.task.hooks.airflow.providers.oracle.hooks.oracle.OracleHook","filename":"sql.py","lineno":861}
{"timestamp":"2026-07-08T11:33:00.332829Z","level":"info","event":"Rows affected: 0","logger":"airflow.task.hooks.airflow.providers.oracle.hooks.oracle.OracleHook","filename":"sql.py","lineno":879}
{"timestamp":"2026-07-08T11:33:10.361071Z","level":"info","event":"Poking: SELECT COUNT(*) FROM demo_user.client_b_load_status\nWHERE status = 'COMPLETE' AND processed = 0 (with parameters None)","logger":"airflow.task.operators.airflow.providers.common.sql.sensors.sql.SqlSensor","filename":"sql.py","lineno":100}
{"timestamp":"2026-07-08T11:33:10.401394Z","level":"info","event":"Running statement: SELECT COUNT(*) FROM demo_user.client_b_load_status\nWHERE status = 'COMPLETE' AND processed = 0, parameters: None","logger":"airflow.task.hooks.airflow.providers.oracle.hooks.oracle.OracleHook","filename":"sql.py","lineno":861}
{"timestamp":"2026-07-08T11:33:10.402474Z","level":"info","event":"Rows affected: 0","logger":"airflow.task.hooks.airflow.providers.oracle.hooks.oracle.OracleHook","filename":"sql.py","lineno":879}
{"timestamp":"2026-07-08T11:33:20.443587Z","level":"info","event":"Poking: SELECT COUNT(*) FROM demo_user.client_b_load_status\nWHERE status = 'COMPLETE' AND processed = 0 (with parameters None)","logger":"airflow.task.operators.airflow.providers.common.sql.sensors.sql.SqlSensor","filename":"sql.py","lineno":100}
{"timestamp":"2026-07-08T11:33:20.480601Z","level":"info","event":"Running statement: SELECT COUNT(*) FROM demo_user.client_b_load_status\nWHERE status = 'COMPLETE' AND processed = 0, parameters: None","logger":"airflow.task.hooks.airflow.providers.oracle.hooks.oracle.OracleHook","filename":"sql.py","lineno":861}
{"timestamp":"2026-07-08T11:33:20.481347Z","level":"info","event":"Rows affected: 0","logger":"airflow.task.hooks.airflow.providers.oracle.hooks.oracle.OracleHook","filename":"sql.py","lineno":879}
{"timestamp":"2026-07-08T11:33:30.511661Z","level":"info","event":"Poking: SELECT COUNT(*) FROM demo_user.client_b_load_status\nWHERE status = 'COMPLETE' AND processed = 0 (with parameters None)","logger":"airflow.task.operators.airflow.providers.common.sql.sensors.sql.SqlSensor","filename":"sql.py","lineno":100}
{"timestamp":"2026-07-08T11:33:30.550520Z","level":"info","event":"Running statement: SELECT COUNT(*) FROM demo_user.client_b_load_status\nWHERE status = 'COMPLETE' AND processed = 0, parameters: None","logger":"airflow.task.hooks.airflow.providers.oracle.hooks.oracle.OracleHook","filename":"sql.py","lineno":861}
{"timestamp":"2026-07-08T11:33:30.551237Z","level":"info","event":"Rows affected: 0","logger":"airflow.task.hooks.airflow.providers.oracle.hooks.oracle.OracleHook","filename":"sql.py","lineno":879}
{"timestamp":"2026-07-08T11:33:40.580919Z","level":"info","event":"Poking: SELECT COUNT(*) FROM demo_user.client_b_load_status\nWHERE status = 'COMPLETE' AND processed = 0 (with parameters None)","logger":"airflow.task.operators.airflow.providers.common.sql.sensors.sql.SqlSensor","filename":"sql.py","lineno":100}
{"timestamp":"2026-07-08T11:33:40.616017Z","level":"info","event":"Running statement: SELECT COUNT(*) FROM demo_user.client_b_load_status\nWHERE status = 'COMPLETE' AND processed = 0, parameters: None","logger":"airflow.task.hooks.airflow.providers.oracle.hooks.oracle.OracleHook","filename":"sql.py","lineno":861}
{"timestamp":"2026-07-08T11:33:40.616852Z","level":"info","event":"Rows affected: 0","logger":"airflow.task.hooks.airflow.providers.oracle.hooks.oracle.OracleHook","filename":"sql.py","lineno":879}
{"timestamp":"2026-07-08T11:33:50.652800Z","level":"info","event":"Poking: SELECT COUNT(*) FROM demo_user.client_b_load_status\nWHERE status = 'COMPLETE' AND processed = 0 (with parameters None)","logger":"airflow.task.operators.airflow.providers.common.sql.sensors.sql.SqlSensor","filename":"sql.py","lineno":100}
{"timestamp":"2026-07-08T11:33:50.692182Z","level":"info","event":"Running statement: SELECT COUNT(*) FROM demo_user.client_b_load_status\nWHERE status = 'COMPLETE' AND processed = 0, parameters: None","logger":"airflow.task.hooks.airflow.providers.oracle.hooks.oracle.OracleHook","filename":"sql.py","lineno":861}
{"timestamp":"2026-07-08T11:33:50.692864Z","level":"info","event":"Rows affected: 0","logger":"airflow.task.hooks.airflow.providers.oracle.hooks.oracle.OracleHook","filename":"sql.py","lineno":879}
{"timestamp":"2026-07-08T11:34:00.715729Z","level":"info","event":"Poking: SELECT COUNT(*) FROM demo_user.client_b_load_status\nWHERE status = 'COMPLETE' AND processed = 0 (with parameters None)","logger":"airflow.task.operators.airflow.providers.common.sql.sensors.sql.SqlSensor","filename":"sql.py","lineno":100}
{"timestamp":"2026-07-08T11:34:00.744807Z","level":"info","event":"Running statement: SELECT COUNT(*) FROM demo_user.client_b_load_status\nWHERE status = 'COMPLETE' AND processed = 0, parameters: None","logger":"airflow.task.hooks.airflow.providers.oracle.hooks.oracle.OracleHook","filename":"sql.py","lineno":861}
{"timestamp":"2026-07-08T11:34:00.745601Z","level":"info","event":"Rows affected: 0","logger":"airflow.task.hooks.airflow.providers.oracle.hooks.oracle.OracleHook","filename":"sql.py","lineno":879}
{"timestamp":"2026-07-08T11:34:10.778563Z","level":"info","event":"Poking: SELECT COUNT(*) FROM demo_user.client_b_load_status\nWHERE status = 'COMPLETE' AND processed = 0 (with parameters None)","logger":"airflow.task.operators.airflow.providers.common.sql.sensors.sql.SqlSensor","filename":"sql.py","lineno":100}
{"timestamp":"2026-07-08T11:34:10.811024Z","level":"info","event":"Running statement: SELECT COUNT(*) FROM demo_user.client_b_load_status\nWHERE status = 'COMPLETE' AND processed = 0, parameters: None","logger":"airflow.task.hooks.airflow.providers.oracle.hooks.oracle.OracleHook","filename":"sql.py","lineno":861}
{"timestamp":"2026-07-08T11:34:10.811601Z","level":"info","event":"Rows affected: 0","logger":"airflow.task.hooks.airflow.providers.oracle.hooks.oracle.OracleHook","filename":"sql.py","lineno":879}
{"timestamp":"2026-07-08T11:34:20.870901Z","level":"info","event":"Poking: SELECT COUNT(*) FROM demo_user.client_b_load_status\nWHERE status = 'COMPLETE' AND processed = 0 (with parameters None)","logger":"airflow.task.operators.airflow.providers.common.sql.sensors.sql.SqlSensor","filename":"sql.py","lineno":100}
{"timestamp":"2026-07-08T11:34:20.976956Z","level":"info","event":"Running statement: SELECT COUNT(*) FROM demo_user.client_b_load_status\nWHERE status = 'COMPLETE' AND processed = 0, parameters: None","logger":"airflow.task.hooks.airflow.providers.oracle.hooks.oracle.OracleHook","filename":"sql.py","lineno":861}
{"timestamp":"2026-07-08T11:34:20.978648Z","level":"info","event":"Rows affected: 0","logger":"airflow.task.hooks.airflow.providers.oracle.hooks.oracle.OracleHook","filename":"sql.py","lineno":879}
{"timestamp":"2026-07-08T11:34:31.023413Z","level":"info","event":"Poking: SELECT COUNT(*) FROM demo_user.client_b_load_status\nWHERE status = 'COMPLETE' AND processed = 0 (with parameters None)","logger":"airflow.task.operators.airflow.providers.common.sql.sensors.sql.SqlSensor","filename":"sql.py","lineno":100}
{"timestamp":"2026-07-08T11:34:31.091050Z","level":"info","event":"Running statement: SELECT COUNT(*) FROM demo_user.client_b_load_status\nWHERE status = 'COMPLETE' AND processed = 0, parameters: None","logger":"airflow.task.hooks.airflow.providers.oracle.hooks.oracle.OracleHook","filename":"sql.py","lineno":861}
{"timestamp":"2026-07-08T11:34:31.092547Z","level":"info","event":"Rows affected: 0","logger":"airflow.task.hooks.airflow.providers.oracle.hooks.oracle.OracleHook","filename":"sql.py","lineno":879}
{"timestamp":"2026-07-08T11:34:41.134111Z","level":"info","event":"Poking: SELECT COUNT(*) FROM demo_user.client_b_load_status\nWHERE status = 'COMPLETE' AND processed = 0 (with parameters None)","logger":"airflow.task.operators.airflow.providers.common.sql.sensors.sql.SqlSensor","filename":"sql.py","lineno":100}
{"timestamp":"2026-07-08T11:34:41.189910Z","level":"info","event":"Running statement: SELECT COUNT(*) FROM demo_user.client_b_load_status\nWHERE status = 'COMPLETE' AND processed = 0, parameters: None","logger":"airflow.task.hooks.airflow.providers.oracle.hooks.oracle.OracleHook","filename":"sql.py","lineno":861}
{"timestamp":"2026-07-08T11:34:41.191031Z","level":"info","event":"Rows affected: 0","logger":"airflow.task.hooks.airflow.providers.oracle.hooks.oracle.OracleHook","filename":"sql.py","lineno":879}
{"timestamp":"2026-07-08T11:34:51.226363Z","level":"info","event":"Poking: SELECT COUNT(*) FROM demo_user.client_b_load_status\nWHERE status = 'COMPLETE' AND processed = 0 (with parameters None)","logger":"airflow.task.operators.airflow.providers.common.sql.sensors.sql.SqlSensor","filename":"sql.py","lineno":100}
{"timestamp":"2026-07-08T11:34:51.288922Z","level":"info","event":"Running statement: SELECT COUNT(*) FROM demo_user.client_b_load_status\nWHERE status = 'COMPLETE' AND processed = 0, parameters: None","logger":"airflow.task.hooks.airflow.providers.oracle.hooks.oracle.OracleHook","filename":"sql.py","lineno":861}
{"timestamp":"2026-07-08T11:34:51.290342Z","level":"info","event":"Rows affected: 0","logger":"airflow.task.hooks.airflow.providers.oracle.hooks.oracle.OracleHook","filename":"sql.py","lineno":879}
{"timestamp":"2026-07-08T11:35:01.326727Z","level":"info","event":"Poking: SELECT COUNT(*) FROM demo_user.client_b_load_status\nWHERE status = 'COMPLETE' AND processed = 0 (with parameters None)","logger":"airflow.task.operators.airflow.providers.common.sql.sensors.sql.SqlSensor","filename":"sql.py","lineno":100}
{"timestamp":"2026-07-08T11:35:01.385611Z","level":"info","event":"Running statement: SELECT COUNT(*) FROM demo_user.client_b_load_status\nWHERE status = 'COMPLETE' AND processed = 0, parameters: None","logger":"airflow.task.hooks.airflow.providers.oracle.hooks.oracle.OracleHook","filename":"sql.py","lineno":861}
{"timestamp":"2026-07-08T11:35:01.387046Z","level":"info","event":"Rows affected: 0","logger":"airflow.task.hooks.airflow.providers.oracle.hooks.oracle.OracleHook","filename":"sql.py","lineno":879}
{"timestamp":"2026-07-08T11:35:11.424030Z","level":"info","event":"Poking: SELECT COUNT(*) FROM demo_user.client_b_load_status\nWHERE status = 'COMPLETE' AND processed = 0 (with parameters None)","logger":"airflow.task.operators.airflow.providers.common.sql.sensors.sql.SqlSensor","filename":"sql.py","lineno":100}
{"timestamp":"2026-07-08T11:35:11.479705Z","level":"info","event":"Running statement: SELECT COUNT(*) FROM demo_user.client_b_load_status\nWHERE status = 'COMPLETE' AND processed = 0, parameters: None","logger":"airflow.task.hooks.airflow.providers.oracle.hooks.oracle.OracleHook","filename":"sql.py","lineno":861}
{"timestamp":"2026-07-08T11:35:11.480716Z","level":"info","event":"Rows affected: 0","logger":"airflow.task.hooks.airflow.providers.oracle.hooks.oracle.OracleHook","filename":"sql.py","lineno":879}
{"timestamp":"2026-07-08T11:35:21.512357Z","level":"info","event":"Poking: SELECT COUNT(*) FROM demo_user.client_b_load_status\nWHERE status = 'COMPLETE' AND processed = 0 (with parameters None)","logger":"airflow.task.operators.airflow.providers.common.sql.sensors.sql.SqlSensor","filename":"sql.py","lineno":100}
{"timestamp":"2026-07-08T11:35:21.567652Z","level":"info","event":"Running statement: SELECT COUNT(*) FROM demo_user.client_b_load_status\nWHERE status = 'COMPLETE' AND processed = 0, parameters: None","logger":"airflow.task.hooks.airflow.providers.oracle.hooks.oracle.OracleHook","filename":"sql.py","lineno":861}
{"timestamp":"2026-07-08T11:35:21.568757Z","level":"info","event":"Rows affected: 0","logger":"airflow.task.hooks.airflow.providers.oracle.hooks.oracle.OracleHook","filename":"sql.py","lineno":879}
{"timestamp":"2026-07-08T11:35:31.611616Z","level":"info","event":"Poking: SELECT COUNT(*) FROM demo_user.client_b_load_status\nWHERE status = 'COMPLETE' AND processed = 0 (with parameters None)","logger":"airflow.task.operators.airflow.providers.common.sql.sensors.sql.SqlSensor","filename":"sql.py","lineno":100}
{"timestamp":"2026-07-08T11:35:31.675279Z","level":"info","event":"Running statement: SELECT COUNT(*) FROM demo_user.client_b_load_status\nWHERE status = 'COMPLETE' AND processed = 0, parameters: None","logger":"airflow.task.hooks.airflow.providers.oracle.hooks.oracle.OracleHook","filename":"sql.py","lineno":861}
{"timestamp":"2026-07-08T11:35:31.676437Z","level":"info","event":"Rows affected: 0","logger":"airflow.task.hooks.airflow.providers.oracle.hooks.oracle.OracleHook","filename":"sql.py","lineno":879}
{"timestamp":"2026-07-08T11:35:41.715990Z","level":"info","event":"Poking: SELECT COUNT(*) FROM demo_user.client_b_load_status\nWHERE status = 'COMPLETE' AND processed = 0 (with parameters None)","logger":"airflow.task.operators.airflow.providers.common.sql.sensors.sql.SqlSensor","filename":"sql.py","lineno":100}
{"timestamp":"2026-07-08T11:35:41.775618Z","level":"info","event":"Running statement: SELECT COUNT(*) FROM demo_user.client_b_load_status\nWHERE status = 'COMPLETE' AND processed = 0, parameters: None","logger":"airflow.task.hooks.airflow.providers.oracle.hooks.oracle.OracleHook","filename":"sql.py","lineno":861}
{"timestamp":"2026-07-08T11:35:41.777057Z","level":"info","event":"Rows affected: 0","logger":"airflow.task.hooks.airflow.providers.oracle.hooks.oracle.OracleHook","filename":"sql.py","lineno":879}
{"timestamp":"2026-07-08T11:35:51.816091Z","level":"info","event":"Poking: SELECT COUNT(*) FROM demo_user.client_b_load_status\nWHERE status = 'COMPLETE' AND processed = 0 (with parameters None)","logger":"airflow.task.operators.airflow.providers.common.sql.sensors.sql.SqlSensor","filename":"sql.py","lineno":100}
{"timestamp":"2026-07-08T11:35:51.881862Z","level":"info","event":"Running statement: SELECT COUNT(*) FROM demo_user.client_b_load_status\nWHERE status = 'COMPLETE' AND processed = 0, parameters: None","logger":"airflow.task.hooks.airflow.providers.oracle.hooks.oracle.OracleHook","filename":"sql.py","lineno":861}
{"timestamp":"2026-07-08T11:35:51.883451Z","level":"info","event":"Rows affected: 0","logger":"airflow.task.hooks.airflow.providers.oracle.hooks.oracle.OracleHook","filename":"sql.py","lineno":879}
{"timestamp":"2026-07-08T11:36:01.942384Z","level":"info","event":"Poking: SELECT COUNT(*) FROM demo_user.client_b_load_status\nWHERE status = 'COMPLETE' AND processed = 0 (with parameters None)","logger":"airflow.task.operators.airflow.providers.common.sql.sensors.sql.SqlSensor","filename":"sql.py","lineno":100}
{"timestamp":"2026-07-08T11:36:02.033580Z","level":"info","event":"Running statement: SELECT COUNT(*) FROM demo_user.client_b_load_status\nWHERE status = 'COMPLETE' AND processed = 0, parameters: None","logger":"airflow.task.hooks.airflow.providers.oracle.hooks.oracle.OracleHook","filename":"sql.py","lineno":861}
{"timestamp":"2026-07-08T11:36:02.037929Z","level":"info","event":"Rows affected: 0","logger":"airflow.task.hooks.airflow.providers.oracle.hooks.oracle.OracleHook","filename":"sql.py","lineno":879}
{"timestamp":"2026-07-08T11:36:12.093562Z","level":"info","event":"Poking: SELECT COUNT(*) FROM demo_user.client_b_load_status\nWHERE status = 'COMPLETE' AND processed = 0 (with parameters None)","logger":"airflow.task.operators.airflow.providers.common.sql.sensors.sql.SqlSensor","filename":"sql.py","lineno":100}
{"timestamp":"2026-07-08T11:36:12.235245Z","level":"info","event":"Running statement: SELECT COUNT(*) FROM demo_user.client_b_load_status\nWHERE status = 'COMPLETE' AND processed = 0, parameters: None","logger":"airflow.task.hooks.airflow.providers.oracle.hooks.oracle.OracleHook","filename":"sql.py","lineno":861}
{"timestamp":"2026-07-08T11:36:12.237618Z","level":"info","event":"Rows affected: 0","logger":"airflow.task.hooks.airflow.providers.oracle.hooks.oracle.OracleHook","filename":"sql.py","lineno":879}
{"timestamp":"2026-07-08T11:36:22.280383Z","level":"info","event":"Poking: SELECT COUNT(*) FROM demo_user.client_b_load_status\nWHERE status = 'COMPLETE' AND processed = 0 (with parameters None)","logger":"airflow.task.operators.airflow.providers.common.sql.sensors.sql.SqlSensor","filename":"sql.py","lineno":100}
{"timestamp":"2026-07-08T11:36:22.344449Z","level":"info","event":"Running statement: SELECT COUNT(*) FROM demo_user.client_b_load_status\nWHERE status = 'COMPLETE' AND processed = 0, parameters: None","logger":"airflow.task.hooks.airflow.providers.oracle.hooks.oracle.OracleHook","filename":"sql.py","lineno":861}
{"timestamp":"2026-07-08T11:36:22.345876Z","level":"info","event":"Rows affected: 0","logger":"airflow.task.hooks.airflow.providers.oracle.hooks.oracle.OracleHook","filename":"sql.py","lineno":879}
{"timestamp":"2026-07-08T11:36:32.392559Z","level":"info","event":"Poking: SELECT COUNT(*) FROM demo_user.client_b_load_status\nWHERE status = 'COMPLETE' AND processed = 0 (with parameters None)","logger":"airflow.task.operators.airflow.providers.common.sql.sensors.sql.SqlSensor","filename":"sql.py","lineno":100}
{"timestamp":"2026-07-08T11:36:32.465981Z","level":"info","event":"Running statement: SELECT COUNT(*) FROM demo_user.client_b_load_status\nWHERE status = 'COMPLETE' AND processed = 0, parameters: None","logger":"airflow.task.hooks.airflow.providers.oracle.hooks.oracle.OracleHook","filename":"sql.py","lineno":861}
{"timestamp":"2026-07-08T11:36:32.467851Z","level":"info","event":"Rows affected: 0","logger":"airflow.task.hooks.airflow.providers.oracle.hooks.oracle.OracleHook","filename":"sql.py","lineno":879}
{"timestamp":"2026-07-08T11:36:42.547195Z","level":"info","event":"Poking: SELECT COUNT(*) FROM demo_user.client_b_load_status\nWHERE status = 'COMPLETE' AND processed = 0 (with parameters None)","logger":"airflow.task.operators.airflow.providers.common.sql.sensors.sql.SqlSensor","filename":"sql.py","lineno":100}
{"timestamp":"2026-07-08T11:36:42.635579Z","level":"info","event":"Running statement: SELECT COUNT(*) FROM demo_user.client_b_load_status\nWHERE status = 'COMPLETE' AND processed = 0, parameters: None","logger":"airflow.task.hooks.airflow.providers.oracle.hooks.oracle.OracleHook","filename":"sql.py","lineno":861}
{"timestamp":"2026-07-08T11:36:42.637189Z","level":"info","event":"Rows affected: 0","logger":"airflow.task.hooks.airflow.providers.oracle.hooks.oracle.OracleHook","filename":"sql.py","lineno":879}
{"timestamp":"2026-07-08T11:36:52.668346Z","level":"info","event":"Poking: SELECT COUNT(*) FROM demo_user.client_b_load_status\nWHERE status = 'COMPLETE' AND processed = 0 (with parameters None)","logger":"airflow.task.operators.airflow.providers.common.sql.sensors.sql.SqlSensor","filename":"sql.py","lineno":100}
{"timestamp":"2026-07-08T11:36:52.720302Z","level":"info","event":"Running statement: SELECT COUNT(*) FROM demo_user.client_b_load_status\nWHERE status = 'COMPLETE' AND processed = 0, parameters: None","logger":"airflow.task.hooks.airflow.providers.oracle.hooks.oracle.OracleHook","filename":"sql.py","lineno":861}
{"timestamp":"2026-07-08T11:36:52.721906Z","level":"info","event":"Rows affected: 0","logger":"airflow.task.hooks.airflow.providers.oracle.hooks.oracle.OracleHook","filename":"sql.py","lineno":879}
{"timestamp":"2026-07-08T11:37:02.763985Z","level":"info","event":"Poking: SELECT COUNT(*) FROM demo_user.client_b_load_status\nWHERE status = 'COMPLETE' AND processed = 0 (with parameters None)","logger":"airflow.task.operators.airflow.providers.common.sql.sensors.sql.SqlSensor","filename":"sql.py","lineno":100}
{"timestamp":"2026-07-08T11:37:02.825656Z","level":"info","event":"Running statement: SELECT COUNT(*) FROM demo_user.client_b_load_status\nWHERE status = 'COMPLETE' AND processed = 0, parameters: None","logger":"airflow.task.hooks.airflow.providers.oracle.hooks.oracle.OracleHook","filename":"sql.py","lineno":861}
{"timestamp":"2026-07-08T11:37:02.827251Z","level":"info","event":"Rows affected: 0","logger":"airflow.task.hooks.airflow.providers.oracle.hooks.oracle.OracleHook","filename":"sql.py","lineno":879}
{"timestamp":"2026-07-08T11:37:12.872538Z","level":"info","event":"Poking: SELECT COUNT(*) FROM demo_user.client_b_load_status\nWHERE status = 'COMPLETE' AND processed = 0 (with parameters None)","logger":"airflow.task.operators.airflow.providers.common.sql.sensors.sql.SqlSensor","filename":"sql.py","lineno":100}
{"timestamp":"2026-07-08T11:37:12.941369Z","level":"info","event":"Running statement: SELECT COUNT(*) FROM demo_user.client_b_load_status\nWHERE status = 'COMPLETE' AND processed = 0, parameters: None","logger":"airflow.task.hooks.airflow.providers.oracle.hooks.oracle.OracleHook","filename":"sql.py","lineno":861}
{"timestamp":"2026-07-08T11:37:12.943569Z","level":"info","event":"Rows affected: 0","logger":"airflow.task.hooks.airflow.providers.oracle.hooks.oracle.OracleHook","filename":"sql.py","lineno":879}
{"timestamp":"2026-07-08T11:37:22.988100Z","level":"info","event":"Poking: SELECT COUNT(*) FROM demo_user.client_b_load_status\nWHERE status = 'COMPLETE' AND processed = 0 (with parameters None)","logger":"airflow.task.operators.airflow.providers.common.sql.sensors.sql.SqlSensor","filename":"sql.py","lineno":100}
{"timestamp":"2026-07-08T11:37:23.062594Z","level":"info","event":"Running statement: SELECT COUNT(*) FROM demo_user.client_b_load_status\nWHERE status = 'COMPLETE' AND processed = 0, parameters: None","logger":"airflow.task.hooks.airflow.providers.oracle.hooks.oracle.OracleHook","filename":"sql.py","lineno":861}
{"timestamp":"2026-07-08T11:37:23.063929Z","level":"info","event":"Rows affected: 0","logger":"airflow.task.hooks.airflow.providers.oracle.hooks.oracle.OracleHook","filename":"sql.py","lineno":879}
{"timestamp":"2026-07-08T11:37:33.107965Z","level":"info","event":"Poking: SELECT COUNT(*) FROM demo_user.client_b_load_status\nWHERE status = 'COMPLETE' AND processed = 0 (with parameters None)","logger":"airflow.task.operators.airflow.providers.common.sql.sensors.sql.SqlSensor","filename":"sql.py","lineno":100}
{"timestamp":"2026-07-08T11:37:33.171928Z","level":"info","event":"Running statement: SELECT COUNT(*) FROM demo_user.client_b_load_status\nWHERE status = 'COMPLETE' AND processed = 0, parameters: None","logger":"airflow.task.hooks.airflow.providers.oracle.hooks.oracle.OracleHook","filename":"sql.py","lineno":861}
{"timestamp":"2026-07-08T11:37:33.174135Z","level":"info","event":"Rows affected: 0","logger":"airflow.task.hooks.airflow.providers.oracle.hooks.oracle.OracleHook","filename":"sql.py","lineno":879}
{"timestamp":"2026-07-08T11:37:43.236387Z","level":"info","event":"Poking: SELECT COUNT(*) FROM demo_user.client_b_load_status\nWHERE status = 'COMPLETE' AND processed = 0 (with parameters None)","logger":"airflow.task.operators.airflow.providers.common.sql.sensors.sql.SqlSensor","filename":"sql.py","lineno":100}
{"timestamp":"2026-07-08T11:37:43.342126Z","level":"info","event":"Running statement: SELECT COUNT(*) FROM demo_user.client_b_load_status\nWHERE status = 'COMPLETE' AND processed = 0, parameters: None","logger":"airflow.task.hooks.airflow.providers.oracle.hooks.oracle.OracleHook","filename":"sql.py","lineno":861}
{"timestamp":"2026-07-08T11:37:43.344615Z","level":"info","event":"Rows affected: 0","logger":"airflow.task.hooks.airflow.providers.oracle.hooks.oracle.OracleHook","filename":"sql.py","lineno":879}
{"timestamp":"2026-07-08T11:37:53.437938Z","level":"info","event":"Poking: SELECT COUNT(*) FROM demo_user.client_b_load_status\nWHERE status = 'COMPLETE' AND processed = 0 (with parameters None)","logger":"airflow.task.operators.airflow.providers.common.sql.sensors.sql.SqlSensor","filename":"sql.py","lineno":100}
{"timestamp":"2026-07-08T11:37:53.562417Z","level":"info","event":"Running statement: SELECT COUNT(*) FROM demo_user.client_b_load_status\nWHERE status = 'COMPLETE' AND processed = 0, parameters: None","logger":"airflow.task.hooks.airflow.providers.oracle.hooks.oracle.OracleHook","filename":"sql.py","lineno":861}
{"timestamp":"2026-07-08T11:37:53.565022Z","level":"info","event":"Rows affected: 0","logger":"airflow.task.hooks.airflow.providers.oracle.hooks.oracle.OracleHook","filename":"sql.py","lineno":879}
{"timestamp":"2026-07-08T11:38:03.615407Z","level":"info","event":"Poking: SELECT COUNT(*) FROM demo_user.client_b_load_status\nWHERE status = 'COMPLETE' AND processed = 0 (with parameters None)","logger":"airflow.task.operators.airflow.providers.common.sql.sensors.sql.SqlSensor","filename":"sql.py","lineno":100}
{"timestamp":"2026-07-08T11:38:03.700624Z","level":"info","event":"Running statement: SELECT COUNT(*) FROM demo_user.client_b_load_status\nWHERE status = 'COMPLETE' AND processed = 0, parameters: None","logger":"airflow.task.hooks.airflow.providers.oracle.hooks.oracle.OracleHook","filename":"sql.py","lineno":861}
{"timestamp":"2026-07-08T11:38:03.702590Z","level":"info","event":"Rows affected: 0","logger":"airflow.task.hooks.airflow.providers.oracle.hooks.oracle.OracleHook","filename":"sql.py","lineno":879}
{"timestamp":"2026-07-08T11:38:13.750817Z","level":"info","event":"Poking: SELECT COUNT(*) FROM demo_user.client_b_load_status\nWHERE status = 'COMPLETE' AND processed = 0 (with parameters None)","logger":"airflow.task.operators.airflow.providers.common.sql.sensors.sql.SqlSensor","filename":"sql.py","lineno":100}
{"timestamp":"2026-07-08T11:38:13.890952Z","level":"info","event":"Running statement: SELECT COUNT(*) FROM demo_user.client_b_load_status\nWHERE status = 'COMPLETE' AND processed = 0, parameters: None","logger":"airflow.task.hooks.airflow.providers.oracle.hooks.oracle.OracleHook","filename":"sql.py","lineno":861}
{"timestamp":"2026-07-08T11:38:13.892945Z","level":"info","event":"Rows affected: 0","logger":"airflow.task.hooks.airflow.providers.oracle.hooks.oracle.OracleHook","filename":"sql.py","lineno":879}
{"timestamp":"2026-07-08T11:38:23.931781Z","level":"info","event":"Poking: SELECT COUNT(*) FROM demo_user.client_b_load_status\nWHERE status = 'COMPLETE' AND processed = 0 (with parameters None)","logger":"airflow.task.operators.airflow.providers.common.sql.sensors.sql.SqlSensor","filename":"sql.py","lineno":100}
{"timestamp":"2026-07-08T11:38:23.990147Z","level":"info","event":"Running statement: SELECT COUNT(*) FROM demo_user.client_b_load_status\nWHERE status = 'COMPLETE' AND processed = 0, parameters: None","logger":"airflow.task.hooks.airflow.providers.oracle.hooks.oracle.OracleHook","filename":"sql.py","lineno":861}
{"timestamp":"2026-07-08T11:38:23.991542Z","level":"info","event":"Rows affected: 0","logger":"airflow.task.hooks.airflow.providers.oracle.hooks.oracle.OracleHook","filename":"sql.py","lineno":879}
{"timestamp":"2026-07-08T11:38:34.027515Z","level":"info","event":"Poking: SELECT COUNT(*) FROM demo_user.client_b_load_status\nWHERE status = 'COMPLETE' AND processed = 0 (with parameters None)","logger":"airflow.task.operators.airflow.providers.common.sql.sensors.sql.SqlSensor","filename":"sql.py","lineno":100}
{"timestamp":"2026-07-08T11:38:34.099449Z","level":"info","event":"Running statement: SELECT COUNT(*) FROM demo_user.client_b_load_status\nWHERE status = 'COMPLETE' AND processed = 0, parameters: None","logger":"airflow.task.hooks.airflow.providers.oracle.hooks.oracle.OracleHook","filename":"sql.py","lineno":861}
{"timestamp":"2026-07-08T11:38:34.100531Z","level":"info","event":"Rows affected: 0","logger":"airflow.task.hooks.airflow.providers.oracle.hooks.oracle.OracleHook","filename":"sql.py","lineno":879}
{"timestamp":"2026-07-08T11:38:44.139834Z","level":"info","event":"Poking: SELECT COUNT(*) FROM demo_user.client_b_load_status\nWHERE status = 'COMPLETE' AND processed = 0 (with parameters None)","logger":"airflow.task.operators.airflow.providers.common.sql.sensors.sql.SqlSensor","filename":"sql.py","lineno":100}
{"timestamp":"2026-07-08T11:38:44.196566Z","level":"info","event":"Running statement: SELECT COUNT(*) FROM demo_user.client_b_load_status\nWHERE status = 'COMPLETE' AND processed = 0, parameters: None","logger":"airflow.task.hooks.airflow.providers.oracle.hooks.oracle.OracleHook","filename":"sql.py","lineno":861}
{"timestamp":"2026-07-08T11:38:44.197910Z","level":"info","event":"Rows affected: 0","logger":"airflow.task.hooks.airflow.providers.oracle.hooks.oracle.OracleHook","filename":"sql.py","lineno":879}
{"timestamp":"2026-07-08T11:38:54.258896Z","level":"info","event":"Poking: SELECT COUNT(*) FROM demo_user.client_b_load_status\nWHERE status = 'COMPLETE' AND processed = 0 (with parameters None)","logger":"airflow.task.operators.airflow.providers.common.sql.sensors.sql.SqlSensor","filename":"sql.py","lineno":100}
{"timestamp":"2026-07-08T11:38:54.360583Z","level":"info","event":"Running statement: SELECT COUNT(*) FROM demo_user.client_b_load_status\nWHERE status = 'COMPLETE' AND processed = 0, parameters: None","logger":"airflow.task.hooks.airflow.providers.oracle.hooks.oracle.OracleHook","filename":"sql.py","lineno":861}
{"timestamp":"2026-07-08T11:38:54.362242Z","level":"info","event":"Rows affected: 0","logger":"airflow.task.hooks.airflow.providers.oracle.hooks.oracle.OracleHook","filename":"sql.py","lineno":879}
{"timestamp":"2026-07-08T11:39:04.391937Z","level":"info","event":"Poking: SELECT COUNT(*) FROM demo_user.client_b_load_status\nWHERE status = 'COMPLETE' AND processed = 0 (with parameters None)","logger":"airflow.task.operators.airflow.providers.common.sql.sensors.sql.SqlSensor","filename":"sql.py","lineno":100}
{"timestamp":"2026-07-08T11:39:04.465673Z","level":"info","event":"Running statement: SELECT COUNT(*) FROM demo_user.client_b_load_status\nWHERE status = 'COMPLETE' AND processed = 0, parameters: None","logger":"airflow.task.hooks.airflow.providers.oracle.hooks.oracle.OracleHook","filename":"sql.py","lineno":861}
{"timestamp":"2026-07-08T11:39:04.467860Z","level":"info","event":"Rows affected: 0","logger":"airflow.task.hooks.airflow.providers.oracle.hooks.oracle.OracleHook","filename":"sql.py","lineno":879}
{"timestamp":"2026-07-08T11:39:14.504943Z","level":"info","event":"Poking: SELECT COUNT(*) FROM demo_user.client_b_load_status\nWHERE status = 'COMPLETE' AND processed = 0 (with parameters None)","logger":"airflow.task.operators.airflow.providers.common.sql.sensors.sql.SqlSensor","filename":"sql.py","lineno":100}
{"timestamp":"2026-07-08T11:39:14.578680Z","level":"info","event":"Running statement: SELECT COUNT(*) FROM demo_user.client_b_load_status\nWHERE status = 'COMPLETE' AND processed = 0, parameters: None","logger":"airflow.task.hooks.airflow.providers.oracle.hooks.oracle.OracleHook","filename":"sql.py","lineno":861}
{"timestamp":"2026-07-08T11:39:14.580005Z","level":"info","event":"Rows affected: 0","logger":"airflow.task.hooks.airflow.providers.oracle.hooks.oracle.OracleHook","filename":"sql.py","lineno":879}
{"timestamp":"2026-07-08T11:39:24.625190Z","level":"info","event":"Poking: SELECT COUNT(*) FROM demo_user.client_b_load_status\nWHERE status = 'COMPLETE' AND processed = 0 (with parameters None)","logger":"airflow.task.operators.airflow.providers.common.sql.sensors.sql.SqlSensor","filename":"sql.py","lineno":100}
{"timestamp":"2026-07-08T11:39:24.692169Z","level":"info","event":"Running statement: SELECT COUNT(*) FROM demo_user.client_b_load_status\nWHERE status = 'COMPLETE' AND processed = 0, parameters: None","logger":"airflow.task.hooks.airflow.providers.oracle.hooks.oracle.OracleHook","filename":"sql.py","lineno":861}
{"timestamp":"2026-07-08T11:39:24.694741Z","level":"info","event":"Rows affected: 0","logger":"airflow.task.hooks.airflow.providers.oracle.hooks.oracle.OracleHook","filename":"sql.py","lineno":879}
{"timestamp":"2026-07-08T11:39:34.756665Z","level":"info","event":"Poking: SELECT COUNT(*) FROM demo_user.client_b_load_status\nWHERE status = 'COMPLETE' AND processed = 0 (with parameters None)","logger":"airflow.task.operators.airflow.providers.common.sql.sensors.sql.SqlSensor","filename":"sql.py","lineno":100}
{"timestamp":"2026-07-08T11:39:34.863637Z","level":"info","event":"Running statement: SELECT COUNT(*) FROM demo_user.client_b_load_status\nWHERE status = 'COMPLETE' AND processed = 0, parameters: None","logger":"airflow.task.hooks.airflow.providers.oracle.hooks.oracle.OracleHook","filename":"sql.py","lineno":861}
{"timestamp":"2026-07-08T11:39:34.865368Z","level":"info","event":"Rows affected: 0","logger":"airflow.task.hooks.airflow.providers.oracle.hooks.oracle.OracleHook","filename":"sql.py","lineno":879}
{"timestamp":"2026-07-08T11:39:44.930195Z","level":"info","event":"Poking: SELECT COUNT(*) FROM demo_user.client_b_load_status\nWHERE status = 'COMPLETE' AND processed = 0 (with parameters None)","logger":"airflow.task.operators.airflow.providers.common.sql.sensors.sql.SqlSensor","filename":"sql.py","lineno":100}
{"timestamp":"2026-07-08T11:39:45.023287Z","level":"info","event":"Running statement: SELECT COUNT(*) FROM demo_user.client_b_load_status\nWHERE status = 'COMPLETE' AND processed = 0, parameters: None","logger":"airflow.task.hooks.airflow.providers.oracle.hooks.oracle.OracleHook","filename":"sql.py","lineno":861}
{"timestamp":"2026-07-08T11:39:45.025963Z","level":"info","event":"Rows affected: 0","logger":"airflow.task.hooks.airflow.providers.oracle.hooks.oracle.OracleHook","filename":"sql.py","lineno":879}
{"timestamp":"2026-07-08T11:39:55.095830Z","level":"info","event":"Poking: SELECT COUNT(*) FROM demo_user.client_b_load_status\nWHERE status = 'COMPLETE' AND processed = 0 (with parameters None)","logger":"airflow.task.operators.airflow.providers.common.sql.sensors.sql.SqlSensor","filename":"sql.py","lineno":100}
{"timestamp":"2026-07-08T11:39:55.197641Z","level":"info","event":"Running statement: SELECT COUNT(*) FROM demo_user.client_b_load_status\nWHERE status = 'COMPLETE' AND processed = 0, parameters: None","logger":"airflow.task.hooks.airflow.providers.oracle.hooks.oracle.OracleHook","filename":"sql.py","lineno":861}
{"timestamp":"2026-07-08T11:39:55.199782Z","level":"info","event":"Rows affected: 0","logger":"airflow.task.hooks.airflow.providers.oracle.hooks.oracle.OracleHook","filename":"sql.py","lineno":879}
{"timestamp":"2026-07-08T11:40:05.262530Z","level":"info","event":"Poking: SELECT COUNT(*) FROM demo_user.client_b_load_status\nWHERE status = 'COMPLETE' AND processed = 0 (with parameters None)","logger":"airflow.task.operators.airflow.providers.common.sql.sensors.sql.SqlSensor","filename":"sql.py","lineno":100}
{"timestamp":"2026-07-08T11:40:05.400193Z","level":"info","event":"Running statement: SELECT COUNT(*) FROM demo_user.client_b_load_status\nWHERE status = 'COMPLETE' AND processed = 0, parameters: None","logger":"airflow.task.hooks.airflow.providers.oracle.hooks.oracle.OracleHook","filename":"sql.py","lineno":861}
{"timestamp":"2026-07-08T11:40:05.402810Z","level":"info","event":"Rows affected: 0","logger":"airflow.task.hooks.airflow.providers.oracle.hooks.oracle.OracleHook","filename":"sql.py","lineno":879}
{"timestamp":"2026-07-08T11:40:15.439228Z","level":"info","event":"Poking: SELECT COUNT(*) FROM demo_user.client_b_load_status\nWHERE status = 'COMPLETE' AND processed = 0 (with parameters None)","logger":"airflow.task.operators.airflow.providers.common.sql.sensors.sql.SqlSensor","filename":"sql.py","lineno":100}
{"timestamp":"2026-07-08T11:40:15.502242Z","level":"info","event":"Running statement: SELECT COUNT(*) FROM demo_user.client_b_load_status\nWHERE status = 'COMPLETE' AND processed = 0, parameters: None","logger":"airflow.task.hooks.airflow.providers.oracle.hooks.oracle.OracleHook","filename":"sql.py","lineno":861}
{"timestamp":"2026-07-08T11:40:15.504478Z","level":"info","event":"Rows affected: 0","logger":"airflow.task.hooks.airflow.providers.oracle.hooks.oracle.OracleHook","filename":"sql.py","lineno":879}
{"timestamp":"2026-07-08T11:40:25.542836Z","level":"info","event":"Poking: SELECT COUNT(*) FROM demo_user.client_b_load_status\nWHERE status = 'COMPLETE' AND processed = 0 (with parameters None)","logger":"airflow.task.operators.airflow.providers.common.sql.sensors.sql.SqlSensor","filename":"sql.py","lineno":100}
{"timestamp":"2026-07-08T11:40:25.607250Z","level":"info","event":"Running statement: SELECT COUNT(*) FROM demo_user.client_b_load_status\nWHERE status = 'COMPLETE' AND processed = 0, parameters: None","logger":"airflow.task.hooks.airflow.providers.oracle.hooks.oracle.OracleHook","filename":"sql.py","lineno":861}
{"timestamp":"2026-07-08T11:40:25.609619Z","level":"info","event":"Rows affected: 0","logger":"airflow.task.hooks.airflow.providers.oracle.hooks.oracle.OracleHook","filename":"sql.py","lineno":879}
{"timestamp":"2026-07-08T11:40:35.661270Z","level":"info","event":"Poking: SELECT COUNT(*) FROM demo_user.client_b_load_status\nWHERE status = 'COMPLETE' AND processed = 0 (with parameters None)","logger":"airflow.task.operators.airflow.providers.common.sql.sensors.sql.SqlSensor","filename":"sql.py","lineno":100}
{"timestamp":"2026-07-08T11:40:35.832072Z","level":"info","event":"Running statement: SELECT COUNT(*) FROM demo_user.client_b_load_status\nWHERE status = 'COMPLETE' AND processed = 0, parameters: None","logger":"airflow.task.hooks.airflow.providers.oracle.hooks.oracle.OracleHook","filename":"sql.py","lineno":861}
{"timestamp":"2026-07-08T11:40:35.835714Z","level":"info","event":"Rows affected: 0","logger":"airflow.task.hooks.airflow.providers.oracle.hooks.oracle.OracleHook","filename":"sql.py","lineno":879}
{"timestamp":"2026-07-08T11:40:45.908684Z","level":"info","event":"Poking: SELECT COUNT(*) FROM demo_user.client_b_load_status\nWHERE status = 'COMPLETE' AND processed = 0 (with parameters None)","logger":"airflow.task.operators.airflow.providers.common.sql.sensors.sql.SqlSensor","filename":"sql.py","lineno":100}
{"timestamp":"2026-07-08T11:40:46.004017Z","level":"info","event":"Running statement: SELECT COUNT(*) FROM demo_user.client_b_load_status\nWHERE status = 'COMPLETE' AND processed = 0, parameters: None","logger":"airflow.task.hooks.airflow.providers.oracle.hooks.oracle.OracleHook","filename":"sql.py","lineno":861}
{"timestamp":"2026-07-08T11:40:46.005536Z","level":"info","event":"Rows affected: 0","logger":"airflow.task.hooks.airflow.providers.oracle.hooks.oracle.OracleHook","filename":"sql.py","lineno":879}
{"timestamp":"2026-07-08T11:40:56.163712Z","level":"info","event":"Poking: SELECT COUNT(*) FROM demo_user.client_b_load_status\nWHERE status = 'COMPLETE' AND processed = 0 (with parameters None)","logger":"airflow.task.operators.airflow.providers.common.sql.sensors.sql.SqlSensor","filename":"sql.py","lineno":100}
{"timestamp":"2026-07-08T11:40:56.248291Z","level":"info","event":"Running statement: SELECT COUNT(*) FROM demo_user.client_b_load_status\nWHERE status = 'COMPLETE' AND processed = 0, parameters: None","logger":"airflow.task.hooks.airflow.providers.oracle.hooks.oracle.OracleHook","filename":"sql.py","lineno":861}
{"timestamp":"2026-07-08T11:40:56.249915Z","level":"info","event":"Rows affected: 0","logger":"airflow.task.hooks.airflow.providers.oracle.hooks.oracle.OracleHook","filename":"sql.py","lineno":879}
{"timestamp":"2026-07-08T11:41:06.302394Z","level":"info","event":"Poking: SELECT COUNT(*) FROM demo_user.client_b_load_status\nWHERE status = 'COMPLETE' AND processed = 0 (with parameters None)","logger":"airflow.task.operators.airflow.providers.common.sql.sensors.sql.SqlSensor","filename":"sql.py","lineno":100}
{"timestamp":"2026-07-08T11:41:06.370850Z","level":"info","event":"Running statement: SELECT COUNT(*) FROM demo_user.client_b_load_status\nWHERE status = 'COMPLETE' AND processed = 0, parameters: None","logger":"airflow.task.hooks.airflow.providers.oracle.hooks.oracle.OracleHook","filename":"sql.py","lineno":861}
{"timestamp":"2026-07-08T11:41:06.372648Z","level":"info","event":"Rows affected: 0","logger":"airflow.task.hooks.airflow.providers.oracle.hooks.oracle.OracleHook","filename":"sql.py","lineno":879}
{"timestamp":"2026-07-08T11:41:16.423897Z","level":"info","event":"Poking: SELECT COUNT(*) FROM demo_user.client_b_load_status\nWHERE status = 'COMPLETE' AND processed = 0 (with parameters None)","logger":"airflow.task.operators.airflow.providers.common.sql.sensors.sql.SqlSensor","filename":"sql.py","lineno":100}
{"timestamp":"2026-07-08T11:41:16.496210Z","level":"info","event":"Running statement: SELECT COUNT(*) FROM demo_user.client_b_load_status\nWHERE status = 'COMPLETE' AND processed = 0, parameters: None","logger":"airflow.task.hooks.airflow.providers.oracle.hooks.oracle.OracleHook","filename":"sql.py","lineno":861}
{"timestamp":"2026-07-08T11:41:16.498493Z","level":"info","event":"Rows affected: 0","logger":"airflow.task.hooks.airflow.providers.oracle.hooks.oracle.OracleHook","filename":"sql.py","lineno":879}
{"timestamp":"2026-07-08T11:41:26.548737Z","level":"info","event":"Poking: SELECT COUNT(*) FROM demo_user.client_b_load_status\nWHERE status = 'COMPLETE' AND processed = 0 (with parameters None)","logger":"airflow.task.operators.airflow.providers.common.sql.sensors.sql.SqlSensor","filename":"sql.py","lineno":100}
{"timestamp":"2026-07-08T11:41:26.622478Z","level":"info","event":"Running statement: SELECT COUNT(*) FROM demo_user.client_b_load_status\nWHERE status = 'COMPLETE' AND processed = 0, parameters: None","logger":"airflow.task.hooks.airflow.providers.oracle.hooks.oracle.OracleHook","filename":"sql.py","lineno":861}
{"timestamp":"2026-07-08T11:41:26.623858Z","level":"info","event":"Rows affected: 0","logger":"airflow.task.hooks.airflow.providers.oracle.hooks.oracle.OracleHook","filename":"sql.py","lineno":879}
{"timestamp":"2026-07-08T11:41:36.658756Z","level":"info","event":"Poking: SELECT COUNT(*) FROM demo_user.client_b_load_status\nWHERE status = 'COMPLETE' AND processed = 0 (with parameters None)","logger":"airflow.task.operators.airflow.providers.common.sql.sensors.sql.SqlSensor","filename":"sql.py","lineno":100}
{"timestamp":"2026-07-08T11:41:36.725963Z","level":"info","event":"Running statement: SELECT COUNT(*) FROM demo_user.client_b_load_status\nWHERE status = 'COMPLETE' AND processed = 0, parameters: None","logger":"airflow.task.hooks.airflow.providers.oracle.hooks.oracle.OracleHook","filename":"sql.py","lineno":861}
{"timestamp":"2026-07-08T11:41:36.727919Z","level":"info","event":"Rows affected: 0","logger":"airflow.task.hooks.airflow.providers.oracle.hooks.oracle.OracleHook","filename":"sql.py","lineno":879}
{"timestamp":"2026-07-08T11:41:46.777065Z","level":"info","event":"Poking: SELECT COUNT(*) FROM demo_user.client_b_load_status\nWHERE status = 'COMPLETE' AND processed = 0 (with parameters None)","logger":"airflow.task.operators.airflow.providers.common.sql.sensors.sql.SqlSensor","filename":"sql.py","lineno":100}
{"timestamp":"2026-07-08T11:41:46.850985Z","level":"info","event":"Running statement: SELECT COUNT(*) FROM demo_user.client_b_load_status\nWHERE status = 'COMPLETE' AND processed = 0, parameters: None","logger":"airflow.task.hooks.airflow.providers.oracle.hooks.oracle.OracleHook","filename":"sql.py","lineno":861}
{"timestamp":"2026-07-08T11:41:46.861545Z","level":"info","event":"Rows affected: 0","logger":"airflow.task.hooks.airflow.providers.oracle.hooks.oracle.OracleHook","filename":"sql.py","lineno":879}
{"timestamp":"2026-07-08T11:41:56.914715Z","level":"info","event":"Poking: SELECT COUNT(*) FROM demo_user.client_b_load_status\nWHERE status = 'COMPLETE' AND processed = 0 (with parameters None)","logger":"airflow.task.operators.airflow.providers.common.sql.sensors.sql.SqlSensor","filename":"sql.py","lineno":100}
{"timestamp":"2026-07-08T11:41:56.995577Z","level":"info","event":"Running statement: SELECT COUNT(*) FROM demo_user.client_b_load_status\nWHERE status = 'COMPLETE' AND processed = 0, parameters: None","logger":"airflow.task.hooks.airflow.providers.oracle.hooks.oracle.OracleHook","filename":"sql.py","lineno":861}
{"timestamp":"2026-07-08T11:41:56.996655Z","level":"info","event":"Rows affected: 0","logger":"airflow.task.hooks.airflow.providers.oracle.hooks.oracle.OracleHook","filename":"sql.py","lineno":879}
{"timestamp":"2026-07-08T11:42:07.037365Z","level":"info","event":"Poking: SELECT COUNT(*) FROM demo_user.client_b_load_status\nWHERE status = 'COMPLETE' AND processed = 0 (with parameters None)","logger":"airflow.task.operators.airflow.providers.common.sql.sensors.sql.SqlSensor","filename":"sql.py","lineno":100}
{"timestamp":"2026-07-08T11:42:07.099658Z","level":"info","event":"Running statement: SELECT COUNT(*) FROM demo_user.client_b_load_status\nWHERE status = 'COMPLETE' AND processed = 0, parameters: None","logger":"airflow.task.hooks.airflow.providers.oracle.hooks.oracle.OracleHook","filename":"sql.py","lineno":861}
{"timestamp":"2026-07-08T11:42:07.101215Z","level":"info","event":"Rows affected: 0","logger":"airflow.task.hooks.airflow.providers.oracle.hooks.oracle.OracleHook","filename":"sql.py","lineno":879}
{"timestamp":"2026-07-08T11:42:17.153288Z","level":"info","event":"Poking: SELECT COUNT(*) FROM demo_user.client_b_load_status\nWHERE status = 'COMPLETE' AND processed = 0 (with parameters None)","logger":"airflow.task.operators.airflow.providers.common.sql.sensors.sql.SqlSensor","filename":"sql.py","lineno":100}
{"timestamp":"2026-07-08T11:42:17.247932Z","level":"info","event":"Running statement: SELECT COUNT(*) FROM demo_user.client_b_load_status\nWHERE status = 'COMPLETE' AND processed = 0, parameters: None","logger":"airflow.task.hooks.airflow.providers.oracle.hooks.oracle.OracleHook","filename":"sql.py","lineno":861}
{"timestamp":"2026-07-08T11:42:17.251155Z","level":"info","event":"Rows affected: 0","logger":"airflow.task.hooks.airflow.providers.oracle.hooks.oracle.OracleHook","filename":"sql.py","lineno":879}
{"timestamp":"2026-07-08T11:42:27.305896Z","level":"info","event":"Poking: SELECT COUNT(*) FROM demo_user.client_b_load_status\nWHERE status = 'COMPLETE' AND processed = 0 (with parameters None)","logger":"airflow.task.operators.airflow.providers.common.sql.sensors.sql.SqlSensor","filename":"sql.py","lineno":100}
{"timestamp":"2026-07-08T11:42:27.375021Z","level":"info","event":"Running statement: SELECT COUNT(*) FROM demo_user.client_b_load_status\nWHERE status = 'COMPLETE' AND processed = 0, parameters: None","logger":"airflow.task.hooks.airflow.providers.oracle.hooks.oracle.OracleHook","filename":"sql.py","lineno":861}
{"timestamp":"2026-07-08T11:42:27.376222Z","level":"info","event":"Rows affected: 0","logger":"airflow.task.hooks.airflow.providers.oracle.hooks.oracle.OracleHook","filename":"sql.py","lineno":879}
{"timestamp":"2026-07-08T11:42:37.421673Z","level":"info","event":"Poking: SELECT COUNT(*) FROM demo_user.client_b_load_status\nWHERE status = 'COMPLETE' AND processed = 0 (with parameters None)","logger":"airflow.task.operators.airflow.providers.common.sql.sensors.sql.SqlSensor","filename":"sql.py","lineno":100}
{"timestamp":"2026-07-08T11:42:37.494734Z","level":"info","event":"Running statement: SELECT COUNT(*) FROM demo_user.client_b_load_status\nWHERE status = 'COMPLETE' AND processed = 0, parameters: None","logger":"airflow.task.hooks.airflow.providers.oracle.hooks.oracle.OracleHook","filename":"sql.py","lineno":861}
{"timestamp":"2026-07-08T11:42:37.496042Z","level":"info","event":"Rows affected: 0","logger":"airflow.task.hooks.airflow.providers.oracle.hooks.oracle.OracleHook","filename":"sql.py","lineno":879}
{"timestamp":"2026-07-08T11:42:47.559498Z","level":"info","event":"Poking: SELECT COUNT(*) FROM demo_user.client_b_load_status\nWHERE status = 'COMPLETE' AND processed = 0 (with parameters None)","logger":"airflow.task.operators.airflow.providers.common.sql.sensors.sql.SqlSensor","filename":"sql.py","lineno":100}
{"timestamp":"2026-07-08T11:42:47.673363Z","level":"info","event":"Running statement: SELECT COUNT(*) FROM demo_user.client_b_load_status\nWHERE status = 'COMPLETE' AND processed = 0, parameters: None","logger":"airflow.task.hooks.airflow.providers.oracle.hooks.oracle.OracleHook","filename":"sql.py","lineno":861}
{"timestamp":"2026-07-08T11:42:47.674572Z","level":"info","event":"Rows affected: 0","logger":"airflow.task.hooks.airflow.providers.oracle.hooks.oracle.OracleHook","filename":"sql.py","lineno":879}
{"timestamp":"2026-07-08T11:42:57.722725Z","level":"info","event":"Poking: SELECT COUNT(*) FROM demo_user.client_b_load_status\nWHERE status = 'COMPLETE' AND processed = 0 (with parameters None)","logger":"airflow.task.operators.airflow.providers.common.sql.sensors.sql.SqlSensor","filename":"sql.py","lineno":100}
{"timestamp":"2026-07-08T11:42:57.792904Z","level":"info","event":"Running statement: SELECT COUNT(*) FROM demo_user.client_b_load_status\nWHERE status = 'COMPLETE' AND processed = 0, parameters: None","logger":"airflow.task.hooks.airflow.providers.oracle.hooks.oracle.OracleHook","filename":"sql.py","lineno":861}
{"timestamp":"2026-07-08T11:42:57.796702Z","level":"info","event":"Rows affected: 0","logger":"airflow.task.hooks.airflow.providers.oracle.hooks.oracle.OracleHook","filename":"sql.py","lineno":879}
{"timestamp":"2026-07-08T11:43:07.839713Z","level":"info","event":"Poking: SELECT COUNT(*) FROM demo_user.client_b_load_status\nWHERE status = 'COMPLETE' AND processed = 0 (with parameters None)","logger":"airflow.task.operators.airflow.providers.common.sql.sensors.sql.SqlSensor","filename":"sql.py","lineno":100}
{"timestamp":"2026-07-08T11:43:07.902575Z","level":"info","event":"Running statement: SELECT COUNT(*) FROM demo_user.client_b_load_status\nWHERE status = 'COMPLETE' AND processed = 0, parameters: None","logger":"airflow.task.hooks.airflow.providers.oracle.hooks.oracle.OracleHook","filename":"sql.py","lineno":861}
{"timestamp":"2026-07-08T11:43:07.903853Z","level":"info","event":"Rows affected: 0","logger":"airflow.task.hooks.airflow.providers.oracle.hooks.oracle.OracleHook","filename":"sql.py","lineno":879}
{"timestamp":"2026-07-08T11:43:17.940687Z","level":"info","event":"Poking: SELECT COUNT(*) FROM demo_user.client_b_load_status\nWHERE status = 'COMPLETE' AND processed = 0 (with parameters None)","logger":"airflow.task.operators.airflow.providers.common.sql.sensors.sql.SqlSensor","filename":"sql.py","lineno":100}
{"timestamp":"2026-07-08T11:43:18.008860Z","level":"info","event":"Running statement: SELECT COUNT(*) FROM demo_user.client_b_load_status\nWHERE status = 'COMPLETE' AND processed = 0, parameters: None","logger":"airflow.task.hooks.airflow.providers.oracle.hooks.oracle.OracleHook","filename":"sql.py","lineno":861}
{"timestamp":"2026-07-08T11:43:18.010059Z","level":"info","event":"Rows affected: 0","logger":"airflow.task.hooks.airflow.providers.oracle.hooks.oracle.OracleHook","filename":"sql.py","lineno":879}
{"timestamp":"2026-07-08T11:43:28.053253Z","level":"info","event":"Poking: SELECT COUNT(*) FROM demo_user.client_b_load_status\nWHERE status = 'COMPLETE' AND processed = 0 (with parameters None)","logger":"airflow.task.operators.airflow.providers.common.sql.sensors.sql.SqlSensor","filename":"sql.py","lineno":100}
{"timestamp":"2026-07-08T11:43:28.120091Z","level":"info","event":"Running statement: SELECT COUNT(*) FROM demo_user.client_b_load_status\nWHERE status = 'COMPLETE' AND processed = 0, parameters: None","logger":"airflow.task.hooks.airflow.providers.oracle.hooks.oracle.OracleHook","filename":"sql.py","lineno":861}
{"timestamp":"2026-07-08T11:43:28.121447Z","level":"info","event":"Rows affected: 0","logger":"airflow.task.hooks.airflow.providers.oracle.hooks.oracle.OracleHook","filename":"sql.py","lineno":879}
{"timestamp":"2026-07-08T11:43:38.161593Z","level":"info","event":"Poking: SELECT COUNT(*) FROM demo_user.client_b_load_status\nWHERE status = 'COMPLETE' AND processed = 0 (with parameters None)","logger":"airflow.task.operators.airflow.providers.common.sql.sensors.sql.SqlSensor","filename":"sql.py","lineno":100}
{"timestamp":"2026-07-08T11:43:38.223374Z","level":"info","event":"Running statement: SELECT COUNT(*) FROM demo_user.client_b_load_status\nWHERE status = 'COMPLETE' AND processed = 0, parameters: None","logger":"airflow.task.hooks.airflow.providers.oracle.hooks.oracle.OracleHook","filename":"sql.py","lineno":861}
{"timestamp":"2026-07-08T11:43:38.225161Z","level":"info","event":"Rows affected: 0","logger":"airflow.task.hooks.airflow.providers.oracle.hooks.oracle.OracleHook","filename":"sql.py","lineno":879}
{"timestamp":"2026-07-08T11:43:48.259821Z","level":"info","event":"Poking: SELECT COUNT(*) FROM demo_user.client_b_load_status\nWHERE status = 'COMPLETE' AND processed = 0 (with parameters None)","logger":"airflow.task.operators.airflow.providers.common.sql.sensors.sql.SqlSensor","filename":"sql.py","lineno":100}
{"timestamp":"2026-07-08T11:43:48.315507Z","level":"info","event":"Running statement: SELECT COUNT(*) FROM demo_user.client_b_load_status\nWHERE status = 'COMPLETE' AND processed = 0, parameters: None","logger":"airflow.task.hooks.airflow.providers.oracle.hooks.oracle.OracleHook","filename":"sql.py","lineno":861}
{"timestamp":"2026-07-08T11:43:48.316542Z","level":"info","event":"Rows affected: 0","logger":"airflow.task.hooks.airflow.providers.oracle.hooks.oracle.OracleHook","filename":"sql.py","lineno":879}
{"timestamp":"2026-07-08T11:43:58.351892Z","level":"info","event":"Poking: SELECT COUNT(*) FROM demo_user.client_b_load_status\nWHERE status = 'COMPLETE' AND processed = 0 (with parameters None)","logger":"airflow.task.operators.airflow.providers.common.sql.sensors.sql.SqlSensor","filename":"sql.py","lineno":100}
{"timestamp":"2026-07-08T11:43:58.405759Z","level":"info","event":"Running statement: SELECT COUNT(*) FROM demo_user.client_b_load_status\nWHERE status = 'COMPLETE' AND processed = 0, parameters: None","logger":"airflow.task.hooks.airflow.providers.oracle.hooks.oracle.OracleHook","filename":"sql.py","lineno":861}
{"timestamp":"2026-07-08T11:43:58.406863Z","level":"info","event":"Rows affected: 0","logger":"airflow.task.hooks.airflow.providers.oracle.hooks.oracle.OracleHook","filename":"sql.py","lineno":879}
{"timestamp":"2026-07-08T11:44:08.459582Z","level":"info","event":"Poking: SELECT COUNT(*) FROM demo_user.client_b_load_status\nWHERE status = 'COMPLETE' AND processed = 0 (with parameters None)","logger":"airflow.task.operators.airflow.providers.common.sql.sensors.sql.SqlSensor","filename":"sql.py","lineno":100}
{"timestamp":"2026-07-08T11:44:08.516446Z","level":"info","event":"Running statement: SELECT COUNT(*) FROM demo_user.client_b_load_status\nWHERE status = 'COMPLETE' AND processed = 0, parameters: None","logger":"airflow.task.hooks.airflow.providers.oracle.hooks.oracle.OracleHook","filename":"sql.py","lineno":861}
{"timestamp":"2026-07-08T11:44:08.517820Z","level":"info","event":"Rows affected: 0","logger":"airflow.task.hooks.airflow.providers.oracle.hooks.oracle.OracleHook","filename":"sql.py","lineno":879}
{"timestamp":"2026-07-08T11:44:18.561191Z","level":"info","event":"Poking: SELECT COUNT(*) FROM demo_user.client_b_load_status\nWHERE status = 'COMPLETE' AND processed = 0 (with parameters None)","logger":"airflow.task.operators.airflow.providers.common.sql.sensors.sql.SqlSensor","filename":"sql.py","lineno":100}
{"timestamp":"2026-07-08T11:44:18.631685Z","level":"info","event":"Running statement: SELECT COUNT(*) FROM demo_user.client_b_load_status\nWHERE status = 'COMPLETE' AND processed = 0, parameters: None","logger":"airflow.task.hooks.airflow.providers.oracle.hooks.oracle.OracleHook","filename":"sql.py","lineno":861}
{"timestamp":"2026-07-08T11:44:18.633022Z","level":"info","event":"Rows affected: 0","logger":"airflow.task.hooks.airflow.providers.oracle.hooks.oracle.OracleHook","filename":"sql.py","lineno":879}
{"timestamp":"2026-07-08T11:44:28.666468Z","level":"info","event":"Poking: SELECT COUNT(*) FROM demo_user.client_b_load_status\nWHERE status = 'COMPLETE' AND processed = 0 (with parameters None)","logger":"airflow.task.operators.airflow.providers.common.sql.sensors.sql.SqlSensor","filename":"sql.py","lineno":100}
{"timestamp":"2026-07-08T11:44:28.723939Z","level":"info","event":"Running statement: SELECT COUNT(*) FROM demo_user.client_b_load_status\nWHERE status = 'COMPLETE' AND processed = 0, parameters: None","logger":"airflow.task.hooks.airflow.providers.oracle.hooks.oracle.OracleHook","filename":"sql.py","lineno":861}
{"timestamp":"2026-07-08T11:44:28.724953Z","level":"info","event":"Rows affected: 0","logger":"airflow.task.hooks.airflow.providers.oracle.hooks.oracle.OracleHook","filename":"sql.py","lineno":879}
{"timestamp":"2026-07-08T11:44:38.768743Z","level":"info","event":"Poking: SELECT COUNT(*) FROM demo_user.client_b_load_status\nWHERE status = 'COMPLETE' AND processed = 0 (with parameters None)","logger":"airflow.task.operators.airflow.providers.common.sql.sensors.sql.SqlSensor","filename":"sql.py","lineno":100}
{"timestamp":"2026-07-08T11:44:38.827539Z","level":"info","event":"Running statement: SELECT COUNT(*) FROM demo_user.client_b_load_status\nWHERE status = 'COMPLETE' AND processed = 0, parameters: None","logger":"airflow.task.hooks.airflow.providers.oracle.hooks.oracle.OracleHook","filename":"sql.py","lineno":861}
{"timestamp":"2026-07-08T11:44:38.828614Z","level":"info","event":"Rows affected: 0","logger":"airflow.task.hooks.airflow.providers.oracle.hooks.oracle.OracleHook","filename":"sql.py","lineno":879}
{"timestamp":"2026-07-08T11:44:48.865341Z","level":"info","event":"Poking: SELECT COUNT(*) FROM demo_user.client_b_load_status\nWHERE status = 'COMPLETE' AND processed = 0 (with parameters None)","logger":"airflow.task.operators.airflow.providers.common.sql.sensors.sql.SqlSensor","filename":"sql.py","lineno":100}
{"timestamp":"2026-07-08T11:44:48.957860Z","level":"info","event":"Running statement: SELECT COUNT(*) FROM demo_user.client_b_load_status\nWHERE status = 'COMPLETE' AND processed = 0, parameters: None","logger":"airflow.task.hooks.airflow.providers.oracle.hooks.oracle.OracleHook","filename":"sql.py","lineno":861}
{"timestamp":"2026-07-08T11:44:48.960118Z","level":"info","event":"Rows affected: 0","logger":"airflow.task.hooks.airflow.providers.oracle.hooks.oracle.OracleHook","filename":"sql.py","lineno":879}
{"timestamp":"2026-07-08T11:44:59.003853Z","level":"info","event":"Poking: SELECT COUNT(*) FROM demo_user.client_b_load_status\nWHERE status = 'COMPLETE' AND processed = 0 (with parameters None)","logger":"airflow.task.operators.airflow.providers.common.sql.sensors.sql.SqlSensor","filename":"sql.py","lineno":100}
{"timestamp":"2026-07-08T11:44:59.058581Z","level":"info","event":"Running statement: SELECT COUNT(*) FROM demo_user.client_b_load_status\nWHERE status = 'COMPLETE' AND processed = 0, parameters: None","logger":"airflow.task.hooks.airflow.providers.oracle.hooks.oracle.OracleHook","filename":"sql.py","lineno":861}
{"timestamp":"2026-07-08T11:44:59.060029Z","level":"info","event":"Rows affected: 0","logger":"airflow.task.hooks.airflow.providers.oracle.hooks.oracle.OracleHook","filename":"sql.py","lineno":879}
{"timestamp":"2026-07-08T11:45:09.093482Z","level":"info","event":"Poking: SELECT COUNT(*) FROM demo_user.client_b_load_status\nWHERE status = 'COMPLETE' AND processed = 0 (with parameters None)","logger":"airflow.task.operators.airflow.providers.common.sql.sensors.sql.SqlSensor","filename":"sql.py","lineno":100}
{"timestamp":"2026-07-08T11:45:09.146863Z","level":"info","event":"Running statement: SELECT COUNT(*) FROM demo_user.client_b_load_status\nWHERE status = 'COMPLETE' AND processed = 0, parameters: None","logger":"airflow.task.hooks.airflow.providers.oracle.hooks.oracle.OracleHook","filename":"sql.py","lineno":861}
{"timestamp":"2026-07-08T11:45:09.148001Z","level":"info","event":"Rows affected: 0","logger":"airflow.task.hooks.airflow.providers.oracle.hooks.oracle.OracleHook","filename":"sql.py","lineno":879}
{"timestamp":"2026-07-08T11:45:19.186473Z","level":"info","event":"Poking: SELECT COUNT(*) FROM demo_user.client_b_load_status\nWHERE status = 'COMPLETE' AND processed = 0 (with parameters None)","logger":"airflow.task.operators.airflow.providers.common.sql.sensors.sql.SqlSensor","filename":"sql.py","lineno":100}
{"timestamp":"2026-07-08T11:45:19.248963Z","level":"info","event":"Running statement: SELECT COUNT(*) FROM demo_user.client_b_load_status\nWHERE status = 'COMPLETE' AND processed = 0, parameters: None","logger":"airflow.task.hooks.airflow.providers.oracle.hooks.oracle.OracleHook","filename":"sql.py","lineno":861}
{"timestamp":"2026-07-08T11:45:19.250132Z","level":"info","event":"Rows affected: 0","logger":"airflow.task.hooks.airflow.providers.oracle.hooks.oracle.OracleHook","filename":"sql.py","lineno":879}
{"timestamp":"2026-07-08T11:45:29.294052Z","level":"info","event":"Poking: SELECT COUNT(*) FROM demo_user.client_b_load_status\nWHERE status = 'COMPLETE' AND processed = 0 (with parameters None)","logger":"airflow.task.operators.airflow.providers.common.sql.sensors.sql.SqlSensor","filename":"sql.py","lineno":100}
{"timestamp":"2026-07-08T11:45:29.362462Z","level":"info","event":"Running statement: SELECT COUNT(*) FROM demo_user.client_b_load_status\nWHERE status = 'COMPLETE' AND processed = 0, parameters: None","logger":"airflow.task.hooks.airflow.providers.oracle.hooks.oracle.OracleHook","filename":"sql.py","lineno":861}
{"timestamp":"2026-07-08T11:45:29.363457Z","level":"info","event":"Rows affected: 0","logger":"airflow.task.hooks.airflow.providers.oracle.hooks.oracle.OracleHook","filename":"sql.py","lineno":879}
{"timestamp":"2026-07-08T11:45:39.395053Z","level":"info","event":"Poking: SELECT COUNT(*) FROM demo_user.client_b_load_status\nWHERE status = 'COMPLETE' AND processed = 0 (with parameters None)","logger":"airflow.task.operators.airflow.providers.common.sql.sensors.sql.SqlSensor","filename":"sql.py","lineno":100}
{"timestamp":"2026-07-08T11:45:39.456283Z","level":"info","event":"Running statement: SELECT COUNT(*) FROM demo_user.client_b_load_status\nWHERE status = 'COMPLETE' AND processed = 0, parameters: None","logger":"airflow.task.hooks.airflow.providers.oracle.hooks.oracle.OracleHook","filename":"sql.py","lineno":861}
{"timestamp":"2026-07-08T11:45:39.457818Z","level":"info","event":"Rows affected: 0","logger":"airflow.task.hooks.airflow.providers.oracle.hooks.oracle.OracleHook","filename":"sql.py","lineno":879}
{"timestamp":"2026-07-08T11:45:49.502277Z","level":"info","event":"Poking: SELECT COUNT(*) FROM demo_user.client_b_load_status\nWHERE status = 'COMPLETE' AND processed = 0 (with parameters None)","logger":"airflow.task.operators.airflow.providers.common.sql.sensors.sql.SqlSensor","filename":"sql.py","lineno":100}
{"timestamp":"2026-07-08T11:45:49.557175Z","level":"info","event":"Running statement: SELECT COUNT(*) FROM demo_user.client_b_load_status\nWHERE status = 'COMPLETE' AND processed = 0, parameters: None","logger":"airflow.task.hooks.airflow.providers.oracle.hooks.oracle.OracleHook","filename":"sql.py","lineno":861}
{"timestamp":"2026-07-08T11:45:49.558089Z","level":"info","event":"Rows affected: 0","logger":"airflow.task.hooks.airflow.providers.oracle.hooks.oracle.OracleHook","filename":"sql.py","lineno":879}
{"timestamp":"2026-07-08T11:45:59.601157Z","level":"info","event":"Poking: SELECT COUNT(*) FROM demo_user.client_b_load_status\nWHERE status = 'COMPLETE' AND processed = 0 (with parameters None)","logger":"airflow.task.operators.airflow.providers.common.sql.sensors.sql.SqlSensor","filename":"sql.py","lineno":100}
{"timestamp":"2026-07-08T11:45:59.655854Z","level":"info","event":"Running statement: SELECT COUNT(*) FROM demo_user.client_b_load_status\nWHERE status = 'COMPLETE' AND processed = 0, parameters: None","logger":"airflow.task.hooks.airflow.providers.oracle.hooks.oracle.OracleHook","filename":"sql.py","lineno":861}
{"timestamp":"2026-07-08T11:45:59.656784Z","level":"info","event":"Rows affected: 0","logger":"airflow.task.hooks.airflow.providers.oracle.hooks.oracle.OracleHook","filename":"sql.py","lineno":879}
{"timestamp":"2026-07-08T11:46:09.699507Z","level":"info","event":"Poking: SELECT COUNT(*) FROM demo_user.client_b_load_status\nWHERE status = 'COMPLETE' AND processed = 0 (with parameters None)","logger":"airflow.task.operators.airflow.providers.common.sql.sensors.sql.SqlSensor","filename":"sql.py","lineno":100}
{"timestamp":"2026-07-08T11:46:09.768939Z","level":"info","event":"Running statement: SELECT COUNT(*) FROM demo_user.client_b_load_status\nWHERE status = 'COMPLETE' AND processed = 0, parameters: None","logger":"airflow.task.hooks.airflow.providers.oracle.hooks.oracle.OracleHook","filename":"sql.py","lineno":861}
{"timestamp":"2026-07-08T11:46:09.770546Z","level":"info","event":"Rows affected: 0","logger":"airflow.task.hooks.airflow.providers.oracle.hooks.oracle.OracleHook","filename":"sql.py","lineno":879}
{"timestamp":"2026-07-08T11:46:19.814340Z","level":"info","event":"Poking: SELECT COUNT(*) FROM demo_user.client_b_load_status\nWHERE status = 'COMPLETE' AND processed = 0 (with parameters None)","logger":"airflow.task.operators.airflow.providers.common.sql.sensors.sql.SqlSensor","filename":"sql.py","lineno":100}
{"timestamp":"2026-07-08T11:46:19.896323Z","level":"info","event":"Running statement: SELECT COUNT(*) FROM demo_user.client_b_load_status\nWHERE status = 'COMPLETE' AND processed = 0, parameters: None","logger":"airflow.task.hooks.airflow.providers.oracle.hooks.oracle.OracleHook","filename":"sql.py","lineno":861}
{"timestamp":"2026-07-08T11:46:19.898445Z","level":"info","event":"Rows affected: 0","logger":"airflow.task.hooks.airflow.providers.oracle.hooks.oracle.OracleHook","filename":"sql.py","lineno":879}
{"timestamp":"2026-07-08T11:46:29.955576Z","level":"info","event":"Poking: SELECT COUNT(*) FROM demo_user.client_b_load_status\nWHERE status = 'COMPLETE' AND processed = 0 (with parameters None)","logger":"airflow.task.operators.airflow.providers.common.sql.sensors.sql.SqlSensor","filename":"sql.py","lineno":100}
{"timestamp":"2026-07-08T11:46:30.049076Z","level":"info","event":"Running statement: SELECT COUNT(*) FROM demo_user.client_b_load_status\nWHERE status = 'COMPLETE' AND processed = 0, parameters: None","logger":"airflow.task.hooks.airflow.providers.oracle.hooks.oracle.OracleHook","filename":"sql.py","lineno":861}
{"timestamp":"2026-07-08T11:46:30.050643Z","level":"info","event":"Rows affected: 0","logger":"airflow.task.hooks.airflow.providers.oracle.hooks.oracle.OracleHook","filename":"sql.py","lineno":879}
{"timestamp":"2026-07-08T11:46:40.097493Z","level":"info","event":"Poking: SELECT COUNT(*) FROM demo_user.client_b_load_status\nWHERE status = 'COMPLETE' AND processed = 0 (with parameters None)","logger":"airflow.task.operators.airflow.providers.common.sql.sensors.sql.SqlSensor","filename":"sql.py","lineno":100}
{"timestamp":"2026-07-08T11:46:40.177607Z","level":"info","event":"Running statement: SELECT COUNT(*) FROM demo_user.client_b_load_status\nWHERE status = 'COMPLETE' AND processed = 0, parameters: None","logger":"airflow.task.hooks.airflow.providers.oracle.hooks.oracle.OracleHook","filename":"sql.py","lineno":861}
{"timestamp":"2026-07-08T11:46:40.179625Z","level":"info","event":"Rows affected: 0","logger":"airflow.task.hooks.airflow.providers.oracle.hooks.oracle.OracleHook","filename":"sql.py","lineno":879}
{"timestamp":"2026-07-08T11:46:50.227648Z","level":"info","event":"Poking: SELECT COUNT(*) FROM demo_user.client_b_load_status\nWHERE status = 'COMPLETE' AND processed = 0 (with parameters None)","logger":"airflow.task.operators.airflow.providers.common.sql.sensors.sql.SqlSensor","filename":"sql.py","lineno":100}
{"timestamp":"2026-07-08T11:46:50.305361Z","level":"info","event":"Running statement: SELECT COUNT(*) FROM demo_user.client_b_load_status\nWHERE status = 'COMPLETE' AND processed = 0, parameters: None","logger":"airflow.task.hooks.airflow.providers.oracle.hooks.oracle.OracleHook","filename":"sql.py","lineno":861}
{"timestamp":"2026-07-08T11:46:50.306920Z","level":"info","event":"Rows affected: 0","logger":"airflow.task.hooks.airflow.providers.oracle.hooks.oracle.OracleHook","filename":"sql.py","lineno":879}
{"timestamp":"2026-07-08T11:47:00.354150Z","level":"info","event":"Poking: SELECT COUNT(*) FROM demo_user.client_b_load_status\nWHERE status = 'COMPLETE' AND processed = 0 (with parameters None)","logger":"airflow.task.operators.airflow.providers.common.sql.sensors.sql.SqlSensor","filename":"sql.py","lineno":100}
{"timestamp":"2026-07-08T11:47:00.426968Z","level":"info","event":"Running statement: SELECT COUNT(*) FROM demo_user.client_b_load_status\nWHERE status = 'COMPLETE' AND processed = 0, parameters: None","logger":"airflow.task.hooks.airflow.providers.oracle.hooks.oracle.OracleHook","filename":"sql.py","lineno":861}
{"timestamp":"2026-07-08T11:47:00.428403Z","level":"info","event":"Rows affected: 0","logger":"airflow.task.hooks.airflow.providers.oracle.hooks.oracle.OracleHook","filename":"sql.py","lineno":879}
{"timestamp":"2026-07-08T11:47:10.473432Z","level":"info","event":"Poking: SELECT COUNT(*) FROM demo_user.client_b_load_status\nWHERE status = 'COMPLETE' AND processed = 0 (with parameters None)","logger":"airflow.task.operators.airflow.providers.common.sql.sensors.sql.SqlSensor","filename":"sql.py","lineno":100}
{"timestamp":"2026-07-08T11:47:10.548065Z","level":"info","event":"Running statement: SELECT COUNT(*) FROM demo_user.client_b_load_status\nWHERE status = 'COMPLETE' AND processed = 0, parameters: None","logger":"airflow.task.hooks.airflow.providers.oracle.hooks.oracle.OracleHook","filename":"sql.py","lineno":861}
{"timestamp":"2026-07-08T11:47:10.550860Z","level":"info","event":"Rows affected: 0","logger":"airflow.task.hooks.airflow.providers.oracle.hooks.oracle.OracleHook","filename":"sql.py","lineno":879}
{"timestamp":"2026-07-08T11:47:20.595000Z","level":"info","event":"Poking: SELECT COUNT(*) FROM demo_user.client_b_load_status\nWHERE status = 'COMPLETE' AND processed = 0 (with parameters None)","logger":"airflow.task.operators.airflow.providers.common.sql.sensors.sql.SqlSensor","filename":"sql.py","lineno":100}
{"timestamp":"2026-07-08T11:47:20.660881Z","level":"info","event":"Running statement: SELECT COUNT(*) FROM demo_user.client_b_load_status\nWHERE status = 'COMPLETE' AND processed = 0, parameters: None","logger":"airflow.task.hooks.airflow.providers.oracle.hooks.oracle.OracleHook","filename":"sql.py","lineno":861}
{"timestamp":"2026-07-08T11:47:20.661939Z","level":"info","event":"Rows affected: 0","logger":"airflow.task.hooks.airflow.providers.oracle.hooks.oracle.OracleHook","filename":"sql.py","lineno":879}
{"timestamp":"2026-07-08T11:47:30.700404Z","level":"info","event":"Poking: SELECT COUNT(*) FROM demo_user.client_b_load_status\nWHERE status = 'COMPLETE' AND processed = 0 (with parameters None)","logger":"airflow.task.operators.airflow.providers.common.sql.sensors.sql.SqlSensor","filename":"sql.py","lineno":100}
{"timestamp":"2026-07-08T11:47:30.767528Z","level":"info","event":"Running statement: SELECT COUNT(*) FROM demo_user.client_b_load_status\nWHERE status = 'COMPLETE' AND processed = 0, parameters: None","logger":"airflow.task.hooks.airflow.providers.oracle.hooks.oracle.OracleHook","filename":"sql.py","lineno":861}
{"timestamp":"2026-07-08T11:47:30.769003Z","level":"info","event":"Rows affected: 0","logger":"airflow.task.hooks.airflow.providers.oracle.hooks.oracle.OracleHook","filename":"sql.py","lineno":879}
{"timestamp":"2026-07-08T11:47:40.812601Z","level":"info","event":"Poking: SELECT COUNT(*) FROM demo_user.client_b_load_status\nWHERE status = 'COMPLETE' AND processed = 0 (with parameters None)","logger":"airflow.task.operators.airflow.providers.common.sql.sensors.sql.SqlSensor","filename":"sql.py","lineno":100}
{"timestamp":"2026-07-08T11:47:40.876597Z","level":"info","event":"Running statement: SELECT COUNT(*) FROM demo_user.client_b_load_status\nWHERE status = 'COMPLETE' AND processed = 0, parameters: None","logger":"airflow.task.hooks.airflow.providers.oracle.hooks.oracle.OracleHook","filename":"sql.py","lineno":861}
{"timestamp":"2026-07-08T11:47:40.878584Z","level":"info","event":"Rows affected: 0","logger":"airflow.task.hooks.airflow.providers.oracle.hooks.oracle.OracleHook","filename":"sql.py","lineno":879}
{"timestamp":"2026-07-08T11:47:50.912805Z","level":"info","event":"Poking: SELECT COUNT(*) FROM demo_user.client_b_load_status\nWHERE status = 'COMPLETE' AND processed = 0 (with parameters None)","logger":"airflow.task.operators.airflow.providers.common.sql.sensors.sql.SqlSensor","filename":"sql.py","lineno":100}
{"timestamp":"2026-07-08T11:47:50.970740Z","level":"info","event":"Running statement: SELECT COUNT(*) FROM demo_user.client_b_load_status\nWHERE status = 'COMPLETE' AND processed = 0, parameters: None","logger":"airflow.task.hooks.airflow.providers.oracle.hooks.oracle.OracleHook","filename":"sql.py","lineno":861}
{"timestamp":"2026-07-08T11:47:50.972112Z","level":"info","event":"Rows affected: 0","logger":"airflow.task.hooks.airflow.providers.oracle.hooks.oracle.OracleHook","filename":"sql.py","lineno":879}
{"timestamp":"2026-07-08T11:48:01.018233Z","level":"info","event":"Poking: SELECT COUNT(*) FROM demo_user.client_b_load_status\nWHERE status = 'COMPLETE' AND processed = 0 (with parameters None)","logger":"airflow.task.operators.airflow.providers.common.sql.sensors.sql.SqlSensor","filename":"sql.py","lineno":100}
{"timestamp":"2026-07-08T11:48:01.091799Z","level":"info","event":"Running statement: SELECT COUNT(*) FROM demo_user.client_b_load_status\nWHERE status = 'COMPLETE' AND processed = 0, parameters: None","logger":"airflow.task.hooks.airflow.providers.oracle.hooks.oracle.OracleHook","filename":"sql.py","lineno":861}
{"timestamp":"2026-07-08T11:48:01.093027Z","level":"info","event":"Rows affected: 0","logger":"airflow.task.hooks.airflow.providers.oracle.hooks.oracle.OracleHook","filename":"sql.py","lineno":879}
{"timestamp":"2026-07-08T11:48:11.133166Z","level":"info","event":"Poking: SELECT COUNT(*) FROM demo_user.client_b_load_status\nWHERE status = 'COMPLETE' AND processed = 0 (with parameters None)","logger":"airflow.task.operators.airflow.providers.common.sql.sensors.sql.SqlSensor","filename":"sql.py","lineno":100}
{"timestamp":"2026-07-08T11:48:11.200032Z","level":"info","event":"Running statement: SELECT COUNT(*) FROM demo_user.client_b_load_status\nWHERE status = 'COMPLETE' AND processed = 0, parameters: None","logger":"airflow.task.hooks.airflow.providers.oracle.hooks.oracle.OracleHook","filename":"sql.py","lineno":861}
{"timestamp":"2026-07-08T11:48:11.201215Z","level":"info","event":"Rows affected: 0","logger":"airflow.task.hooks.airflow.providers.oracle.hooks.oracle.OracleHook","filename":"sql.py","lineno":879}
{"timestamp":"2026-07-08T11:48:21.244687Z","level":"info","event":"Poking: SELECT COUNT(*) FROM demo_user.client_b_load_status\nWHERE status = 'COMPLETE' AND processed = 0 (with parameters None)","logger":"airflow.task.operators.airflow.providers.common.sql.sensors.sql.SqlSensor","filename":"sql.py","lineno":100}
{"timestamp":"2026-07-08T11:48:21.297507Z","level":"info","event":"Running statement: SELECT COUNT(*) FROM demo_user.client_b_load_status\nWHERE status = 'COMPLETE' AND processed = 0, parameters: None","logger":"airflow.task.hooks.airflow.providers.oracle.hooks.oracle.OracleHook","filename":"sql.py","lineno":861}
{"timestamp":"2026-07-08T11:48:21.298906Z","level":"info","event":"Rows affected: 0","logger":"airflow.task.hooks.airflow.providers.oracle.hooks.oracle.OracleHook","filename":"sql.py","lineno":879}
{"timestamp":"2026-07-08T11:48:31.338284Z","level":"info","event":"Poking: SELECT COUNT(*) FROM demo_user.client_b_load_status\nWHERE status = 'COMPLETE' AND processed = 0 (with parameters None)","logger":"airflow.task.operators.airflow.providers.common.sql.sensors.sql.SqlSensor","filename":"sql.py","lineno":100}
{"timestamp":"2026-07-08T11:48:31.397445Z","level":"info","event":"Running statement: SELECT COUNT(*) FROM demo_user.client_b_load_status\nWHERE status = 'COMPLETE' AND processed = 0, parameters: None","logger":"airflow.task.hooks.airflow.providers.oracle.hooks.oracle.OracleHook","filename":"sql.py","lineno":861}
{"timestamp":"2026-07-08T11:48:31.398304Z","level":"info","event":"Rows affected: 0","logger":"airflow.task.hooks.airflow.providers.oracle.hooks.oracle.OracleHook","filename":"sql.py","lineno":879}
{"timestamp":"2026-07-08T11:48:41.439307Z","level":"info","event":"Poking: SELECT COUNT(*) FROM demo_user.client_b_load_status\nWHERE status = 'COMPLETE' AND processed = 0 (with parameters None)","logger":"airflow.task.operators.airflow.providers.common.sql.sensors.sql.SqlSensor","filename":"sql.py","lineno":100}
{"timestamp":"2026-07-08T11:48:41.490317Z","level":"info","event":"Running statement: SELECT COUNT(*) FROM demo_user.client_b_load_status\nWHERE status = 'COMPLETE' AND processed = 0, parameters: None","logger":"airflow.task.hooks.airflow.providers.oracle.hooks.oracle.OracleHook","filename":"sql.py","lineno":861}
{"timestamp":"2026-07-08T11:48:41.491184Z","level":"info","event":"Rows affected: 0","logger":"airflow.task.hooks.airflow.providers.oracle.hooks.oracle.OracleHook","filename":"sql.py","lineno":879}
{"timestamp":"2026-07-08T11:48:51.524271Z","level":"info","event":"Poking: SELECT COUNT(*) FROM demo_user.client_b_load_status\nWHERE status = 'COMPLETE' AND processed = 0 (with parameters None)","logger":"airflow.task.operators.airflow.providers.common.sql.sensors.sql.SqlSensor","filename":"sql.py","lineno":100}
{"timestamp":"2026-07-08T11:48:51.574332Z","level":"info","event":"Running statement: SELECT COUNT(*) FROM demo_user.client_b_load_status\nWHERE status = 'COMPLETE' AND processed = 0, parameters: None","logger":"airflow.task.hooks.airflow.providers.oracle.hooks.oracle.OracleHook","filename":"sql.py","lineno":861}
{"timestamp":"2026-07-08T11:48:51.575397Z","level":"info","event":"Rows affected: 0","logger":"airflow.task.hooks.airflow.providers.oracle.hooks.oracle.OracleHook","filename":"sql.py","lineno":879}
{"timestamp":"2026-07-08T11:49:01.594052Z","level":"info","event":"Poking: SELECT COUNT(*) FROM demo_user.client_b_load_status\nWHERE status = 'COMPLETE' AND processed = 0 (with parameters None)","logger":"airflow.task.operators.airflow.providers.common.sql.sensors.sql.SqlSensor","filename":"sql.py","lineno":100}
{"timestamp":"2026-07-08T11:49:01.639413Z","level":"info","event":"Running statement: SELECT COUNT(*) FROM demo_user.client_b_load_status\nWHERE status = 'COMPLETE' AND processed = 0, parameters: None","logger":"airflow.task.hooks.airflow.providers.oracle.hooks.oracle.OracleHook","filename":"sql.py","lineno":861}
{"timestamp":"2026-07-08T11:49:01.640341Z","level":"info","event":"Rows affected: 0","logger":"airflow.task.hooks.airflow.providers.oracle.hooks.oracle.OracleHook","filename":"sql.py","lineno":879}
{"timestamp":"2026-07-08T11:49:11.683342Z","level":"info","event":"Poking: SELECT COUNT(*) FROM demo_user.client_b_load_status\nWHERE status = 'COMPLETE' AND processed = 0 (with parameters None)","logger":"airflow.task.operators.airflow.providers.common.sql.sensors.sql.SqlSensor","filename":"sql.py","lineno":100}
{"timestamp":"2026-07-08T11:49:11.735878Z","level":"info","event":"Running statement: SELECT COUNT(*) FROM demo_user.client_b_load_status\nWHERE status = 'COMPLETE' AND processed = 0, parameters: None","logger":"airflow.task.hooks.airflow.providers.oracle.hooks.oracle.OracleHook","filename":"sql.py","lineno":861}
{"timestamp":"2026-07-08T11:49:11.736787Z","level":"info","event":"Rows affected: 0","logger":"airflow.task.hooks.airflow.providers.oracle.hooks.oracle.OracleHook","filename":"sql.py","lineno":879}
{"timestamp":"2026-07-08T11:49:21.776110Z","level":"info","event":"Poking: SELECT COUNT(*) FROM demo_user.client_b_load_status\nWHERE status = 'COMPLETE' AND processed = 0 (with parameters None)","logger":"airflow.task.operators.airflow.providers.common.sql.sensors.sql.SqlSensor","filename":"sql.py","lineno":100}
{"timestamp":"2026-07-08T11:49:21.855333Z","level":"info","event":"Running statement: SELECT COUNT(*) FROM demo_user.client_b_load_status\nWHERE status = 'COMPLETE' AND processed = 0, parameters: None","logger":"airflow.task.hooks.airflow.providers.oracle.hooks.oracle.OracleHook","filename":"sql.py","lineno":861}
{"timestamp":"2026-07-08T11:49:21.856748Z","level":"info","event":"Rows affected: 0","logger":"airflow.task.hooks.airflow.providers.oracle.hooks.oracle.OracleHook","filename":"sql.py","lineno":879}
{"timestamp":"2026-07-08T11:49:31.897168Z","level":"info","event":"Poking: SELECT COUNT(*) FROM demo_user.client_b_load_status\nWHERE status = 'COMPLETE' AND processed = 0 (with parameters None)","logger":"airflow.task.operators.airflow.providers.common.sql.sensors.sql.SqlSensor","filename":"sql.py","lineno":100}
{"timestamp":"2026-07-08T11:49:31.973961Z","level":"info","event":"Running statement: SELECT COUNT(*) FROM demo_user.client_b_load_status\nWHERE status = 'COMPLETE' AND processed = 0, parameters: None","logger":"airflow.task.hooks.airflow.providers.oracle.hooks.oracle.OracleHook","filename":"sql.py","lineno":861}
{"timestamp":"2026-07-08T11:49:31.975205Z","level":"info","event":"Rows affected: 0","logger":"airflow.task.hooks.airflow.providers.oracle.hooks.oracle.OracleHook","filename":"sql.py","lineno":879}
{"timestamp":"2026-07-08T11:49:42.014934Z","level":"info","event":"Poking: SELECT COUNT(*) FROM demo_user.client_b_load_status\nWHERE status = 'COMPLETE' AND processed = 0 (with parameters None)","logger":"airflow.task.operators.airflow.providers.common.sql.sensors.sql.SqlSensor","filename":"sql.py","lineno":100}
{"timestamp":"2026-07-08T11:49:42.076580Z","level":"info","event":"Running statement: SELECT COUNT(*) FROM demo_user.client_b_load_status\nWHERE status = 'COMPLETE' AND processed = 0, parameters: None","logger":"airflow.task.hooks.airflow.providers.oracle.hooks.oracle.OracleHook","filename":"sql.py","lineno":861}
{"timestamp":"2026-07-08T11:49:42.077664Z","level":"info","event":"Rows affected: 0","logger":"airflow.task.hooks.airflow.providers.oracle.hooks.oracle.OracleHook","filename":"sql.py","lineno":879}
{"timestamp":"2026-07-08T11:49:52.119388Z","level":"info","event":"Poking: SELECT COUNT(*) FROM demo_user.client_b_load_status\nWHERE status = 'COMPLETE' AND processed = 0 (with parameters None)","logger":"airflow.task.operators.airflow.providers.common.sql.sensors.sql.SqlSensor","filename":"sql.py","lineno":100}
{"timestamp":"2026-07-08T11:49:52.175702Z","level":"info","event":"Running statement: SELECT COUNT(*) FROM demo_user.client_b_load_status\nWHERE status = 'COMPLETE' AND processed = 0, parameters: None","logger":"airflow.task.hooks.airflow.providers.oracle.hooks.oracle.OracleHook","filename":"sql.py","lineno":861}
{"timestamp":"2026-07-08T11:49:52.177216Z","level":"info","event":"Rows affected: 0","logger":"airflow.task.hooks.airflow.providers.oracle.hooks.oracle.OracleHook","filename":"sql.py","lineno":879}
{"timestamp":"2026-07-08T11:50:02.217168Z","level":"info","event":"Poking: SELECT COUNT(*) FROM demo_user.client_b_load_status\nWHERE status = 'COMPLETE' AND processed = 0 (with parameters None)","logger":"airflow.task.operators.airflow.providers.common.sql.sensors.sql.SqlSensor","filename":"sql.py","lineno":100}
{"timestamp":"2026-07-08T11:50:02.275289Z","level":"info","event":"Running statement: SELECT COUNT(*) FROM demo_user.client_b_load_status\nWHERE status = 'COMPLETE' AND processed = 0, parameters: None","logger":"airflow.task.hooks.airflow.providers.oracle.hooks.oracle.OracleHook","filename":"sql.py","lineno":861}
{"timestamp":"2026-07-08T11:50:02.276210Z","level":"info","event":"Rows affected: 0","logger":"airflow.task.hooks.airflow.providers.oracle.hooks.oracle.OracleHook","filename":"sql.py","lineno":879}
{"timestamp":"2026-07-08T11:50:12.319650Z","level":"info","event":"Poking: SELECT COUNT(*) FROM demo_user.client_b_load_status\nWHERE status = 'COMPLETE' AND processed = 0 (with parameters None)","logger":"airflow.task.operators.airflow.providers.common.sql.sensors.sql.SqlSensor","filename":"sql.py","lineno":100}
{"timestamp":"2026-07-08T11:50:12.387206Z","level":"info","event":"Running statement: SELECT COUNT(*) FROM demo_user.client_b_load_status\nWHERE status = 'COMPLETE' AND processed = 0, parameters: None","logger":"airflow.task.hooks.airflow.providers.oracle.hooks.oracle.OracleHook","filename":"sql.py","lineno":861}
{"timestamp":"2026-07-08T11:50:12.388547Z","level":"info","event":"Rows affected: 0","logger":"airflow.task.hooks.airflow.providers.oracle.hooks.oracle.OracleHook","filename":"sql.py","lineno":879}
{"timestamp":"2026-07-08T11:50:22.435045Z","level":"info","event":"Poking: SELECT COUNT(*) FROM demo_user.client_b_load_status\nWHERE status = 'COMPLETE' AND processed = 0 (with parameters None)","logger":"airflow.task.operators.airflow.providers.common.sql.sensors.sql.SqlSensor","filename":"sql.py","lineno":100}
{"timestamp":"2026-07-08T11:50:22.493135Z","level":"info","event":"Running statement: SELECT COUNT(*) FROM demo_user.client_b_load_status\nWHERE status = 'COMPLETE' AND processed = 0, parameters: None","logger":"airflow.task.hooks.airflow.providers.oracle.hooks.oracle.OracleHook","filename":"sql.py","lineno":861}
{"timestamp":"2026-07-08T11:50:22.494036Z","level":"info","event":"Rows affected: 0","logger":"airflow.task.hooks.airflow.providers.oracle.hooks.oracle.OracleHook","filename":"sql.py","lineno":879}
{"timestamp":"2026-07-08T11:50:32.529512Z","level":"info","event":"Poking: SELECT COUNT(*) FROM demo_user.client_b_load_status\nWHERE status = 'COMPLETE' AND processed = 0 (with parameters None)","logger":"airflow.task.operators.airflow.providers.common.sql.sensors.sql.SqlSensor","filename":"sql.py","lineno":100}
{"timestamp":"2026-07-08T11:50:32.592460Z","level":"info","event":"Running statement: SELECT COUNT(*) FROM demo_user.client_b_load_status\nWHERE status = 'COMPLETE' AND processed = 0, parameters: None","logger":"airflow.task.hooks.airflow.providers.oracle.hooks.oracle.OracleHook","filename":"sql.py","lineno":861}
{"timestamp":"2026-07-08T11:50:32.593733Z","level":"info","event":"Rows affected: 0","logger":"airflow.task.hooks.airflow.providers.oracle.hooks.oracle.OracleHook","filename":"sql.py","lineno":879}
{"timestamp":"2026-07-08T11:50:42.636975Z","level":"info","event":"Poking: SELECT COUNT(*) FROM demo_user.client_b_load_status\nWHERE status = 'COMPLETE' AND processed = 0 (with parameters None)","logger":"airflow.task.operators.airflow.providers.common.sql.sensors.sql.SqlSensor","filename":"sql.py","lineno":100}
{"timestamp":"2026-07-08T11:50:42.695091Z","level":"info","event":"Running statement: SELECT COUNT(*) FROM demo_user.client_b_load_status\nWHERE status = 'COMPLETE' AND processed = 0, parameters: None","logger":"airflow.task.hooks.airflow.providers.oracle.hooks.oracle.OracleHook","filename":"sql.py","lineno":861}
{"timestamp":"2026-07-08T11:50:42.696423Z","level":"info","event":"Rows affected: 0","logger":"airflow.task.hooks.airflow.providers.oracle.hooks.oracle.OracleHook","filename":"sql.py","lineno":879}
{"timestamp":"2026-07-08T11:50:52.738233Z","level":"info","event":"Poking: SELECT COUNT(*) FROM demo_user.client_b_load_status\nWHERE status = 'COMPLETE' AND processed = 0 (with parameters None)","logger":"airflow.task.operators.airflow.providers.common.sql.sensors.sql.SqlSensor","filename":"sql.py","lineno":100}
{"timestamp":"2026-07-08T11:50:52.795133Z","level":"info","event":"Running statement: SELECT COUNT(*) FROM demo_user.client_b_load_status\nWHERE status = 'COMPLETE' AND processed = 0, parameters: None","logger":"airflow.task.hooks.airflow.providers.oracle.hooks.oracle.OracleHook","filename":"sql.py","lineno":861}
{"timestamp":"2026-07-08T11:50:52.796285Z","level":"info","event":"Rows affected: 0","logger":"airflow.task.hooks.airflow.providers.oracle.hooks.oracle.OracleHook","filename":"sql.py","lineno":879}
{"timestamp":"2026-07-08T11:51:02.836587Z","level":"info","event":"Poking: SELECT COUNT(*) FROM demo_user.client_b_load_status\nWHERE status = 'COMPLETE' AND processed = 0 (with parameters None)","logger":"airflow.task.operators.airflow.providers.common.sql.sensors.sql.SqlSensor","filename":"sql.py","lineno":100}
{"timestamp":"2026-07-08T11:51:02.892125Z","level":"info","event":"Running statement: SELECT COUNT(*) FROM demo_user.client_b_load_status\nWHERE status = 'COMPLETE' AND processed = 0, parameters: None","logger":"airflow.task.hooks.airflow.providers.oracle.hooks.oracle.OracleHook","filename":"sql.py","lineno":861}
{"timestamp":"2026-07-08T11:51:02.893055Z","level":"info","event":"Rows affected: 0","logger":"airflow.task.hooks.airflow.providers.oracle.hooks.oracle.OracleHook","filename":"sql.py","lineno":879}
{"timestamp":"2026-07-08T11:51:12.938642Z","level":"info","event":"Poking: SELECT COUNT(*) FROM demo_user.client_b_load_status\nWHERE status = 'COMPLETE' AND processed = 0 (with parameters None)","logger":"airflow.task.operators.airflow.providers.common.sql.sensors.sql.SqlSensor","filename":"sql.py","lineno":100}
{"timestamp":"2026-07-08T11:51:12.999541Z","level":"info","event":"Running statement: SELECT COUNT(*) FROM demo_user.client_b_load_status\nWHERE status = 'COMPLETE' AND processed = 0, parameters: None","logger":"airflow.task.hooks.airflow.providers.oracle.hooks.oracle.OracleHook","filename":"sql.py","lineno":861}
{"timestamp":"2026-07-08T11:51:13.000853Z","level":"info","event":"Rows affected: 0","logger":"airflow.task.hooks.airflow.providers.oracle.hooks.oracle.OracleHook","filename":"sql.py","lineno":879}
{"timestamp":"2026-07-08T11:51:23.035788Z","level":"info","event":"Poking: SELECT COUNT(*) FROM demo_user.client_b_load_status\nWHERE status = 'COMPLETE' AND processed = 0 (with parameters None)","logger":"airflow.task.operators.airflow.providers.common.sql.sensors.sql.SqlSensor","filename":"sql.py","lineno":100}
{"timestamp":"2026-07-08T11:51:23.090342Z","level":"info","event":"Running statement: SELECT COUNT(*) FROM demo_user.client_b_load_status\nWHERE status = 'COMPLETE' AND processed = 0, parameters: None","logger":"airflow.task.hooks.airflow.providers.oracle.hooks.oracle.OracleHook","filename":"sql.py","lineno":861}
{"timestamp":"2026-07-08T11:51:23.091462Z","level":"info","event":"Rows affected: 0","logger":"airflow.task.hooks.airflow.providers.oracle.hooks.oracle.OracleHook","filename":"sql.py","lineno":879}
{"timestamp":"2026-07-08T11:51:33.130735Z","level":"info","event":"Poking: SELECT COUNT(*) FROM demo_user.client_b_load_status\nWHERE status = 'COMPLETE' AND processed = 0 (with parameters None)","logger":"airflow.task.operators.airflow.providers.common.sql.sensors.sql.SqlSensor","filename":"sql.py","lineno":100}
{"timestamp":"2026-07-08T11:51:33.192172Z","level":"info","event":"Running statement: SELECT COUNT(*) FROM demo_user.client_b_load_status\nWHERE status = 'COMPLETE' AND processed = 0, parameters: None","logger":"airflow.task.hooks.airflow.providers.oracle.hooks.oracle.OracleHook","filename":"sql.py","lineno":861}
{"timestamp":"2026-07-08T11:51:33.193575Z","level":"info","event":"Rows affected: 0","logger":"airflow.task.hooks.airflow.providers.oracle.hooks.oracle.OracleHook","filename":"sql.py","lineno":879}
{"timestamp":"2026-07-08T11:51:43.237526Z","level":"info","event":"Poking: SELECT COUNT(*) FROM demo_user.client_b_load_status\nWHERE status = 'COMPLETE' AND processed = 0 (with parameters None)","logger":"airflow.task.operators.airflow.providers.common.sql.sensors.sql.SqlSensor","filename":"sql.py","lineno":100}
{"timestamp":"2026-07-08T11:51:43.301543Z","level":"info","event":"Running statement: SELECT COUNT(*) FROM demo_user.client_b_load_status\nWHERE status = 'COMPLETE' AND processed = 0, parameters: None","logger":"airflow.task.hooks.airflow.providers.oracle.hooks.oracle.OracleHook","filename":"sql.py","lineno":861}
{"timestamp":"2026-07-08T11:51:43.302939Z","level":"info","event":"Rows affected: 0","logger":"airflow.task.hooks.airflow.providers.oracle.hooks.oracle.OracleHook","filename":"sql.py","lineno":879}
{"timestamp":"2026-07-08T11:51:53.350613Z","level":"info","event":"Poking: SELECT COUNT(*) FROM demo_user.client_b_load_status\nWHERE status = 'COMPLETE' AND processed = 0 (with parameters None)","logger":"airflow.task.operators.airflow.providers.common.sql.sensors.sql.SqlSensor","filename":"sql.py","lineno":100}
{"timestamp":"2026-07-08T11:51:53.408144Z","level":"info","event":"Running statement: SELECT COUNT(*) FROM demo_user.client_b_load_status\nWHERE status = 'COMPLETE' AND processed = 0, parameters: None","logger":"airflow.task.hooks.airflow.providers.oracle.hooks.oracle.OracleHook","filename":"sql.py","lineno":861}
{"timestamp":"2026-07-08T11:51:53.409180Z","level":"info","event":"Rows affected: 0","logger":"airflow.task.hooks.airflow.providers.oracle.hooks.oracle.OracleHook","filename":"sql.py","lineno":879}
{"timestamp":"2026-07-08T11:52:03.441082Z","level":"info","event":"Poking: SELECT COUNT(*) FROM demo_user.client_b_load_status\nWHERE status = 'COMPLETE' AND processed = 0 (with parameters None)","logger":"airflow.task.operators.airflow.providers.common.sql.sensors.sql.SqlSensor","filename":"sql.py","lineno":100}
{"timestamp":"2026-07-08T11:52:03.505803Z","level":"info","event":"Running statement: SELECT COUNT(*) FROM demo_user.client_b_load_status\nWHERE status = 'COMPLETE' AND processed = 0, parameters: None","logger":"airflow.task.hooks.airflow.providers.oracle.hooks.oracle.OracleHook","filename":"sql.py","lineno":861}
{"timestamp":"2026-07-08T11:52:03.507220Z","level":"info","event":"Rows affected: 0","logger":"airflow.task.hooks.airflow.providers.oracle.hooks.oracle.OracleHook","filename":"sql.py","lineno":879}
{"timestamp":"2026-07-08T11:52:13.550978Z","level":"info","event":"Poking: SELECT COUNT(*) FROM demo_user.client_b_load_status\nWHERE status = 'COMPLETE' AND processed = 0 (with parameters None)","logger":"airflow.task.operators.airflow.providers.common.sql.sensors.sql.SqlSensor","filename":"sql.py","lineno":100}
{"timestamp":"2026-07-08T11:52:13.620367Z","level":"info","event":"Running statement: SELECT COUNT(*) FROM demo_user.client_b_load_status\nWHERE status = 'COMPLETE' AND processed = 0, parameters: None","logger":"airflow.task.hooks.airflow.providers.oracle.hooks.oracle.OracleHook","filename":"sql.py","lineno":861}
{"timestamp":"2026-07-08T11:52:13.622182Z","level":"info","event":"Rows affected: 0","logger":"airflow.task.hooks.airflow.providers.oracle.hooks.oracle.OracleHook","filename":"sql.py","lineno":879}
{"timestamp":"2026-07-08T11:52:23.659474Z","level":"info","event":"Poking: SELECT COUNT(*) FROM demo_user.client_b_load_status\nWHERE status = 'COMPLETE' AND processed = 0 (with parameters None)","logger":"airflow.task.operators.airflow.providers.common.sql.sensors.sql.SqlSensor","filename":"sql.py","lineno":100}
{"timestamp":"2026-07-08T11:52:23.720950Z","level":"info","event":"Running statement: SELECT COUNT(*) FROM demo_user.client_b_load_status\nWHERE status = 'COMPLETE' AND processed = 0, parameters: None","logger":"airflow.task.hooks.airflow.providers.oracle.hooks.oracle.OracleHook","filename":"sql.py","lineno":861}
{"timestamp":"2026-07-08T11:52:23.723210Z","level":"info","event":"Rows affected: 0","logger":"airflow.task.hooks.airflow.providers.oracle.hooks.oracle.OracleHook","filename":"sql.py","lineno":879}
{"timestamp":"2026-07-08T11:52:33.771188Z","level":"info","event":"Poking: SELECT COUNT(*) FROM demo_user.client_b_load_status\nWHERE status = 'COMPLETE' AND processed = 0 (with parameters None)","logger":"airflow.task.operators.airflow.providers.common.sql.sensors.sql.SqlSensor","filename":"sql.py","lineno":100}
{"timestamp":"2026-07-08T11:52:33.878673Z","level":"info","event":"Running statement: SELECT COUNT(*) FROM demo_user.client_b_load_status\nWHERE status = 'COMPLETE' AND processed = 0, parameters: None","logger":"airflow.task.hooks.airflow.providers.oracle.hooks.oracle.OracleHook","filename":"sql.py","lineno":861}
{"timestamp":"2026-07-08T11:52:33.881575Z","level":"info","event":"Rows affected: 0","logger":"airflow.task.hooks.airflow.providers.oracle.hooks.oracle.OracleHook","filename":"sql.py","lineno":879}
{"timestamp":"2026-07-08T11:52:43.925115Z","level":"info","event":"Poking: SELECT COUNT(*) FROM demo_user.client_b_load_status\nWHERE status = 'COMPLETE' AND processed = 0 (with parameters None)","logger":"airflow.task.operators.airflow.providers.common.sql.sensors.sql.SqlSensor","filename":"sql.py","lineno":100}
{"timestamp":"2026-07-08T11:52:43.984670Z","level":"info","event":"Running statement: SELECT COUNT(*) FROM demo_user.client_b_load_status\nWHERE status = 'COMPLETE' AND processed = 0, parameters: None","logger":"airflow.task.hooks.airflow.providers.oracle.hooks.oracle.OracleHook","filename":"sql.py","lineno":861}
{"timestamp":"2026-07-08T11:52:43.985810Z","level":"info","event":"Rows affected: 0","logger":"airflow.task.hooks.airflow.providers.oracle.hooks.oracle.OracleHook","filename":"sql.py","lineno":879}
{"timestamp":"2026-07-08T11:52:54.028818Z","level":"info","event":"Poking: SELECT COUNT(*) FROM demo_user.client_b_load_status\nWHERE status = 'COMPLETE' AND processed = 0 (with parameters None)","logger":"airflow.task.operators.airflow.providers.common.sql.sensors.sql.SqlSensor","filename":"sql.py","lineno":100}
{"timestamp":"2026-07-08T11:52:54.084365Z","level":"info","event":"Running statement: SELECT COUNT(*) FROM demo_user.client_b_load_status\nWHERE status = 'COMPLETE' AND processed = 0, parameters: None","logger":"airflow.task.hooks.airflow.providers.oracle.hooks.oracle.OracleHook","filename":"sql.py","lineno":861}
{"timestamp":"2026-07-08T11:52:54.085385Z","level":"info","event":"Rows affected: 0","logger":"airflow.task.hooks.airflow.providers.oracle.hooks.oracle.OracleHook","filename":"sql.py","lineno":879}
{"timestamp":"2026-07-08T11:53:04.121815Z","level":"info","event":"Poking: SELECT COUNT(*) FROM demo_user.client_b_load_status\nWHERE status = 'COMPLETE' AND processed = 0 (with parameters None)","logger":"airflow.task.operators.airflow.providers.common.sql.sensors.sql.SqlSensor","filename":"sql.py","lineno":100}
{"timestamp":"2026-07-08T11:53:04.191367Z","level":"info","event":"Running statement: SELECT COUNT(*) FROM demo_user.client_b_load_status\nWHERE status = 'COMPLETE' AND processed = 0, parameters: None","logger":"airflow.task.hooks.airflow.providers.oracle.hooks.oracle.OracleHook","filename":"sql.py","lineno":861}
{"timestamp":"2026-07-08T11:53:04.192961Z","level":"info","event":"Rows affected: 0","logger":"airflow.task.hooks.airflow.providers.oracle.hooks.oracle.OracleHook","filename":"sql.py","lineno":879}
{"timestamp":"2026-07-08T11:53:14.236542Z","level":"info","event":"Poking: SELECT COUNT(*) FROM demo_user.client_b_load_status\nWHERE status = 'COMPLETE' AND processed = 0 (with parameters None)","logger":"airflow.task.operators.airflow.providers.common.sql.sensors.sql.SqlSensor","filename":"sql.py","lineno":100}
{"timestamp":"2026-07-08T11:53:14.300086Z","level":"info","event":"Running statement: SELECT COUNT(*) FROM demo_user.client_b_load_status\nWHERE status = 'COMPLETE' AND processed = 0, parameters: None","logger":"airflow.task.hooks.airflow.providers.oracle.hooks.oracle.OracleHook","filename":"sql.py","lineno":861}
{"timestamp":"2026-07-08T11:53:14.301519Z","level":"info","event":"Rows affected: 0","logger":"airflow.task.hooks.airflow.providers.oracle.hooks.oracle.OracleHook","filename":"sql.py","lineno":879}
{"timestamp":"2026-07-08T11:53:24.339404Z","level":"info","event":"Poking: SELECT COUNT(*) FROM demo_user.client_b_load_status\nWHERE status = 'COMPLETE' AND processed = 0 (with parameters None)","logger":"airflow.task.operators.airflow.providers.common.sql.sensors.sql.SqlSensor","filename":"sql.py","lineno":100}
{"timestamp":"2026-07-08T11:53:24.400108Z","level":"info","event":"Running statement: SELECT COUNT(*) FROM demo_user.client_b_load_status\nWHERE status = 'COMPLETE' AND processed = 0, parameters: None","logger":"airflow.task.hooks.airflow.providers.oracle.hooks.oracle.OracleHook","filename":"sql.py","lineno":861}
{"timestamp":"2026-07-08T11:53:24.402141Z","level":"info","event":"Rows affected: 0","logger":"airflow.task.hooks.airflow.providers.oracle.hooks.oracle.OracleHook","filename":"sql.py","lineno":879}
{"timestamp":"2026-07-08T11:53:34.439634Z","level":"info","event":"Poking: SELECT COUNT(*) FROM demo_user.client_b_load_status\nWHERE status = 'COMPLETE' AND processed = 0 (with parameters None)","logger":"airflow.task.operators.airflow.providers.common.sql.sensors.sql.SqlSensor","filename":"sql.py","lineno":100}
{"timestamp":"2026-07-08T11:53:34.493394Z","level":"info","event":"Running statement: SELECT COUNT(*) FROM demo_user.client_b_load_status\nWHERE status = 'COMPLETE' AND processed = 0, parameters: None","logger":"airflow.task.hooks.airflow.providers.oracle.hooks.oracle.OracleHook","filename":"sql.py","lineno":861}
{"timestamp":"2026-07-08T11:53:34.494450Z","level":"info","event":"Rows affected: 0","logger":"airflow.task.hooks.airflow.providers.oracle.hooks.oracle.OracleHook","filename":"sql.py","lineno":879}
{"timestamp":"2026-07-08T11:53:44.537677Z","level":"info","event":"Poking: SELECT COUNT(*) FROM demo_user.client_b_load_status\nWHERE status = 'COMPLETE' AND processed = 0 (with parameters None)","logger":"airflow.task.operators.airflow.providers.common.sql.sensors.sql.SqlSensor","filename":"sql.py","lineno":100}
{"timestamp":"2026-07-08T11:53:44.597013Z","level":"info","event":"Running statement: SELECT COUNT(*) FROM demo_user.client_b_load_status\nWHERE status = 'COMPLETE' AND processed = 0, parameters: None","logger":"airflow.task.hooks.airflow.providers.oracle.hooks.oracle.OracleHook","filename":"sql.py","lineno":861}
{"timestamp":"2026-07-08T11:53:44.598305Z","level":"info","event":"Rows affected: 0","logger":"airflow.task.hooks.airflow.providers.oracle.hooks.oracle.OracleHook","filename":"sql.py","lineno":879}
{"timestamp":"2026-07-08T11:53:54.643925Z","level":"info","event":"Poking: SELECT COUNT(*) FROM demo_user.client_b_load_status\nWHERE status = 'COMPLETE' AND processed = 0 (with parameters None)","logger":"airflow.task.operators.airflow.providers.common.sql.sensors.sql.SqlSensor","filename":"sql.py","lineno":100}
{"timestamp":"2026-07-08T11:53:54.704625Z","level":"info","event":"Running statement: SELECT COUNT(*) FROM demo_user.client_b_load_status\nWHERE status = 'COMPLETE' AND processed = 0, parameters: None","logger":"airflow.task.hooks.airflow.providers.oracle.hooks.oracle.OracleHook","filename":"sql.py","lineno":861}
{"timestamp":"2026-07-08T11:53:54.705803Z","level":"info","event":"Rows affected: 0","logger":"airflow.task.hooks.airflow.providers.oracle.hooks.oracle.OracleHook","filename":"sql.py","lineno":879}
{"timestamp":"2026-07-08T11:54:04.745078Z","level":"info","event":"Poking: SELECT COUNT(*) FROM demo_user.client_b_load_status\nWHERE status = 'COMPLETE' AND processed = 0 (with parameters None)","logger":"airflow.task.operators.airflow.providers.common.sql.sensors.sql.SqlSensor","filename":"sql.py","lineno":100}
{"timestamp":"2026-07-08T11:54:04.810117Z","level":"info","event":"Running statement: SELECT COUNT(*) FROM demo_user.client_b_load_status\nWHERE status = 'COMPLETE' AND processed = 0, parameters: None","logger":"airflow.task.hooks.airflow.providers.oracle.hooks.oracle.OracleHook","filename":"sql.py","lineno":861}
{"timestamp":"2026-07-08T11:54:04.811926Z","level":"info","event":"Rows affected: 0","logger":"airflow.task.hooks.airflow.providers.oracle.hooks.oracle.OracleHook","filename":"sql.py","lineno":879}
{"timestamp":"2026-07-08T11:54:14.856613Z","level":"info","event":"Poking: SELECT COUNT(*) FROM demo_user.client_b_load_status\nWHERE status = 'COMPLETE' AND processed = 0 (with parameters None)","logger":"airflow.task.operators.airflow.providers.common.sql.sensors.sql.SqlSensor","filename":"sql.py","lineno":100}
{"timestamp":"2026-07-08T11:54:14.915552Z","level":"info","event":"Running statement: SELECT COUNT(*) FROM demo_user.client_b_load_status\nWHERE status = 'COMPLETE' AND processed = 0, parameters: None","logger":"airflow.task.hooks.airflow.providers.oracle.hooks.oracle.OracleHook","filename":"sql.py","lineno":861}
{"timestamp":"2026-07-08T11:54:14.916647Z","level":"info","event":"Rows affected: 0","logger":"airflow.task.hooks.airflow.providers.oracle.hooks.oracle.OracleHook","filename":"sql.py","lineno":879}
{"timestamp":"2026-07-08T11:54:24.960315Z","level":"info","event":"Poking: SELECT COUNT(*) FROM demo_user.client_b_load_status\nWHERE status = 'COMPLETE' AND processed = 0 (with parameters None)","logger":"airflow.task.operators.airflow.providers.common.sql.sensors.sql.SqlSensor","filename":"sql.py","lineno":100}
{"timestamp":"2026-07-08T11:54:25.029089Z","level":"info","event":"Running statement: SELECT COUNT(*) FROM demo_user.client_b_load_status\nWHERE status = 'COMPLETE' AND processed = 0, parameters: None","logger":"airflow.task.hooks.airflow.providers.oracle.hooks.oracle.OracleHook","filename":"sql.py","lineno":861}
{"timestamp":"2026-07-08T11:54:25.030675Z","level":"info","event":"Rows affected: 0","logger":"airflow.task.hooks.airflow.providers.oracle.hooks.oracle.OracleHook","filename":"sql.py","lineno":879}
{"timestamp":"2026-07-08T11:54:35.074422Z","level":"info","event":"Poking: SELECT COUNT(*) FROM demo_user.client_b_load_status\nWHERE status = 'COMPLETE' AND processed = 0 (with parameters None)","logger":"airflow.task.operators.airflow.providers.common.sql.sensors.sql.SqlSensor","filename":"sql.py","lineno":100}
{"timestamp":"2026-07-08T11:54:35.190031Z","level":"info","event":"Running statement: SELECT COUNT(*) FROM demo_user.client_b_load_status\nWHERE status = 'COMPLETE' AND processed = 0, parameters: None","logger":"airflow.task.hooks.airflow.providers.oracle.hooks.oracle.OracleHook","filename":"sql.py","lineno":861}
{"timestamp":"2026-07-08T11:54:35.192858Z","level":"info","event":"Rows affected: 0","logger":"airflow.task.hooks.airflow.providers.oracle.hooks.oracle.OracleHook","filename":"sql.py","lineno":879}
{"timestamp":"2026-07-08T11:54:45.240278Z","level":"info","event":"Poking: SELECT COUNT(*) FROM demo_user.client_b_load_status\nWHERE status = 'COMPLETE' AND processed = 0 (with parameters None)","logger":"airflow.task.operators.airflow.providers.common.sql.sensors.sql.SqlSensor","filename":"sql.py","lineno":100}
{"timestamp":"2026-07-08T11:54:45.328268Z","level":"info","event":"Running statement: SELECT COUNT(*) FROM demo_user.client_b_load_status\nWHERE status = 'COMPLETE' AND processed = 0, parameters: None","logger":"airflow.task.hooks.airflow.providers.oracle.hooks.oracle.OracleHook","filename":"sql.py","lineno":861}
{"timestamp":"2026-07-08T11:54:45.330470Z","level":"info","event":"Rows affected: 0","logger":"airflow.task.hooks.airflow.providers.oracle.hooks.oracle.OracleHook","filename":"sql.py","lineno":879}
{"timestamp":"2026-07-08T11:54:55.371922Z","level":"info","event":"Poking: SELECT COUNT(*) FROM demo_user.client_b_load_status\nWHERE status = 'COMPLETE' AND processed = 0 (with parameters None)","logger":"airflow.task.operators.airflow.providers.common.sql.sensors.sql.SqlSensor","filename":"sql.py","lineno":100}
{"timestamp":"2026-07-08T11:54:55.445602Z","level":"info","event":"Running statement: SELECT COUNT(*) FROM demo_user.client_b_load_status\nWHERE status = 'COMPLETE' AND processed = 0, parameters: None","logger":"airflow.task.hooks.airflow.providers.oracle.hooks.oracle.OracleHook","filename":"sql.py","lineno":861}
{"timestamp":"2026-07-08T11:54:55.447901Z","level":"info","event":"Rows affected: 0","logger":"airflow.task.hooks.airflow.providers.oracle.hooks.oracle.OracleHook","filename":"sql.py","lineno":879}
{"timestamp":"2026-07-08T11:55:05.486851Z","level":"info","event":"Poking: SELECT COUNT(*) FROM demo_user.client_b_load_status\nWHERE status = 'COMPLETE' AND processed = 0 (with parameters None)","logger":"airflow.task.operators.airflow.providers.common.sql.sensors.sql.SqlSensor","filename":"sql.py","lineno":100}
{"timestamp":"2026-07-08T11:55:05.548623Z","level":"info","event":"Running statement: SELECT COUNT(*) FROM demo_user.client_b_load_status\nWHERE status = 'COMPLETE' AND processed = 0, parameters: None","logger":"airflow.task.hooks.airflow.providers.oracle.hooks.oracle.OracleHook","filename":"sql.py","lineno":861}
{"timestamp":"2026-07-08T11:55:05.550807Z","level":"info","event":"Rows affected: 0","logger":"airflow.task.hooks.airflow.providers.oracle.hooks.oracle.OracleHook","filename":"sql.py","lineno":879}
{"timestamp":"2026-07-08T11:55:15.593748Z","level":"info","event":"Poking: SELECT COUNT(*) FROM demo_user.client_b_load_status\nWHERE status = 'COMPLETE' AND processed = 0 (with parameters None)","logger":"airflow.task.operators.airflow.providers.common.sql.sensors.sql.SqlSensor","filename":"sql.py","lineno":100}
{"timestamp":"2026-07-08T11:55:15.648535Z","level":"info","event":"Running statement: SELECT COUNT(*) FROM demo_user.client_b_load_status\nWHERE status = 'COMPLETE' AND processed = 0, parameters: None","logger":"airflow.task.hooks.airflow.providers.oracle.hooks.oracle.OracleHook","filename":"sql.py","lineno":861}
{"timestamp":"2026-07-08T11:55:15.649576Z","level":"info","event":"Rows affected: 0","logger":"airflow.task.hooks.airflow.providers.oracle.hooks.oracle.OracleHook","filename":"sql.py","lineno":879}
{"timestamp":"2026-07-08T11:55:25.687882Z","level":"info","event":"Poking: SELECT COUNT(*) FROM demo_user.client_b_load_status\nWHERE status = 'COMPLETE' AND processed = 0 (with parameters None)","logger":"airflow.task.operators.airflow.providers.common.sql.sensors.sql.SqlSensor","filename":"sql.py","lineno":100}
{"timestamp":"2026-07-08T11:55:25.778423Z","level":"info","event":"Running statement: SELECT COUNT(*) FROM demo_user.client_b_load_status\nWHERE status = 'COMPLETE' AND processed = 0, parameters: None","logger":"airflow.task.hooks.airflow.providers.oracle.hooks.oracle.OracleHook","filename":"sql.py","lineno":861}
{"timestamp":"2026-07-08T11:55:25.780928Z","level":"info","event":"Rows affected: 0","logger":"airflow.task.hooks.airflow.providers.oracle.hooks.oracle.OracleHook","filename":"sql.py","lineno":879}
{"timestamp":"2026-07-08T11:55:35.858651Z","level":"info","event":"Poking: SELECT COUNT(*) FROM demo_user.client_b_load_status\nWHERE status = 'COMPLETE' AND processed = 0 (with parameters None)","logger":"airflow.task.operators.airflow.providers.common.sql.sensors.sql.SqlSensor","filename":"sql.py","lineno":100}
{"timestamp":"2026-07-08T11:55:35.978053Z","level":"info","event":"Running statement: SELECT COUNT(*) FROM demo_user.client_b_load_status\nWHERE status = 'COMPLETE' AND processed = 0, parameters: None","logger":"airflow.task.hooks.airflow.providers.oracle.hooks.oracle.OracleHook","filename":"sql.py","lineno":861}
{"timestamp":"2026-07-08T11:55:35.981184Z","level":"info","event":"Rows affected: 0","logger":"airflow.task.hooks.airflow.providers.oracle.hooks.oracle.OracleHook","filename":"sql.py","lineno":879}
{"timestamp":"2026-07-08T11:55:46.026849Z","level":"info","event":"Poking: SELECT COUNT(*) FROM demo_user.client_b_load_status\nWHERE status = 'COMPLETE' AND processed = 0 (with parameters None)","logger":"airflow.task.operators.airflow.providers.common.sql.sensors.sql.SqlSensor","filename":"sql.py","lineno":100}
{"timestamp":"2026-07-08T11:55:46.088131Z","level":"info","event":"Running statement: SELECT COUNT(*) FROM demo_user.client_b_load_status\nWHERE status = 'COMPLETE' AND processed = 0, parameters: None","logger":"airflow.task.hooks.airflow.providers.oracle.hooks.oracle.OracleHook","filename":"sql.py","lineno":861}
{"timestamp":"2026-07-08T11:55:46.089292Z","level":"info","event":"Rows affected: 0","logger":"airflow.task.hooks.airflow.providers.oracle.hooks.oracle.OracleHook","filename":"sql.py","lineno":879}
{"timestamp":"2026-07-08T11:55:56.133453Z","level":"info","event":"Poking: SELECT COUNT(*) FROM demo_user.client_b_load_status\nWHERE status = 'COMPLETE' AND processed = 0 (with parameters None)","logger":"airflow.task.operators.airflow.providers.common.sql.sensors.sql.SqlSensor","filename":"sql.py","lineno":100}
{"timestamp":"2026-07-08T11:55:56.199246Z","level":"info","event":"Running statement: SELECT COUNT(*) FROM demo_user.client_b_load_status\nWHERE status = 'COMPLETE' AND processed = 0, parameters: None","logger":"airflow.task.hooks.airflow.providers.oracle.hooks.oracle.OracleHook","filename":"sql.py","lineno":861}
{"timestamp":"2026-07-08T11:55:56.200965Z","level":"info","event":"Rows affected: 0","logger":"airflow.task.hooks.airflow.providers.oracle.hooks.oracle.OracleHook","filename":"sql.py","lineno":879}
{"timestamp":"2026-07-08T11:56:06.268242Z","level":"info","event":"Poking: SELECT COUNT(*) FROM demo_user.client_b_load_status\nWHERE status = 'COMPLETE' AND processed = 0 (with parameters None)","logger":"airflow.task.operators.airflow.providers.common.sql.sensors.sql.SqlSensor","filename":"sql.py","lineno":100}
{"timestamp":"2026-07-08T11:56:06.379688Z","level":"info","event":"Running statement: SELECT COUNT(*) FROM demo_user.client_b_load_status\nWHERE status = 'COMPLETE' AND processed = 0, parameters: None","logger":"airflow.task.hooks.airflow.providers.oracle.hooks.oracle.OracleHook","filename":"sql.py","lineno":861}
{"timestamp":"2026-07-08T11:56:06.381982Z","level":"info","event":"Rows affected: 0","logger":"airflow.task.hooks.airflow.providers.oracle.hooks.oracle.OracleHook","filename":"sql.py","lineno":879}
{"timestamp":"2026-07-08T11:56:16.443714Z","level":"info","event":"Poking: SELECT COUNT(*) FROM demo_user.client_b_load_status\nWHERE status = 'COMPLETE' AND processed = 0 (with parameters None)","logger":"airflow.task.operators.airflow.providers.common.sql.sensors.sql.SqlSensor","filename":"sql.py","lineno":100}
{"timestamp":"2026-07-08T11:56:16.523624Z","level":"info","event":"Running statement: SELECT COUNT(*) FROM demo_user.client_b_load_status\nWHERE status = 'COMPLETE' AND processed = 0, parameters: None","logger":"airflow.task.hooks.airflow.providers.oracle.hooks.oracle.OracleHook","filename":"sql.py","lineno":861}
{"timestamp":"2026-07-08T11:56:16.525377Z","level":"info","event":"Rows affected: 0","logger":"airflow.task.hooks.airflow.providers.oracle.hooks.oracle.OracleHook","filename":"sql.py","lineno":879}
{"timestamp":"2026-07-08T11:56:26.574768Z","level":"info","event":"Poking: SELECT COUNT(*) FROM demo_user.client_b_load_status\nWHERE status = 'COMPLETE' AND processed = 0 (with parameters None)","logger":"airflow.task.operators.airflow.providers.common.sql.sensors.sql.SqlSensor","filename":"sql.py","lineno":100}
{"timestamp":"2026-07-08T11:56:26.634511Z","level":"info","event":"Running statement: SELECT COUNT(*) FROM demo_user.client_b_load_status\nWHERE status = 'COMPLETE' AND processed = 0, parameters: None","logger":"airflow.task.hooks.airflow.providers.oracle.hooks.oracle.OracleHook","filename":"sql.py","lineno":861}
{"timestamp":"2026-07-08T11:56:26.635717Z","level":"info","event":"Rows affected: 0","logger":"airflow.task.hooks.airflow.providers.oracle.hooks.oracle.OracleHook","filename":"sql.py","lineno":879}
{"timestamp":"2026-07-08T11:56:36.668940Z","level":"info","event":"Poking: SELECT COUNT(*) FROM demo_user.client_b_load_status\nWHERE status = 'COMPLETE' AND processed = 0 (with parameters None)","logger":"airflow.task.operators.airflow.providers.common.sql.sensors.sql.SqlSensor","filename":"sql.py","lineno":100}
{"timestamp":"2026-07-08T11:56:36.725908Z","level":"info","event":"Running statement: SELECT COUNT(*) FROM demo_user.client_b_load_status\nWHERE status = 'COMPLETE' AND processed = 0, parameters: None","logger":"airflow.task.hooks.airflow.providers.oracle.hooks.oracle.OracleHook","filename":"sql.py","lineno":861}
{"timestamp":"2026-07-08T11:56:36.727263Z","level":"info","event":"Rows affected: 0","logger":"airflow.task.hooks.airflow.providers.oracle.hooks.oracle.OracleHook","filename":"sql.py","lineno":879}
{"timestamp":"2026-07-08T11:56:46.770384Z","level":"info","event":"Poking: SELECT COUNT(*) FROM demo_user.client_b_load_status\nWHERE status = 'COMPLETE' AND processed = 0 (with parameters None)","logger":"airflow.task.operators.airflow.providers.common.sql.sensors.sql.SqlSensor","filename":"sql.py","lineno":100}
{"timestamp":"2026-07-08T11:56:46.829842Z","level":"info","event":"Running statement: SELECT COUNT(*) FROM demo_user.client_b_load_status\nWHERE status = 'COMPLETE' AND processed = 0, parameters: None","logger":"airflow.task.hooks.airflow.providers.oracle.hooks.oracle.OracleHook","filename":"sql.py","lineno":861}
{"timestamp":"2026-07-08T11:56:46.831203Z","level":"info","event":"Rows affected: 0","logger":"airflow.task.hooks.airflow.providers.oracle.hooks.oracle.OracleHook","filename":"sql.py","lineno":879}
{"timestamp":"2026-07-08T11:56:56.872848Z","level":"info","event":"Poking: SELECT COUNT(*) FROM demo_user.client_b_load_status\nWHERE status = 'COMPLETE' AND processed = 0 (with parameters None)","logger":"airflow.task.operators.airflow.providers.common.sql.sensors.sql.SqlSensor","filename":"sql.py","lineno":100}
{"timestamp":"2026-07-08T11:56:56.933083Z","level":"info","event":"Running statement: SELECT COUNT(*) FROM demo_user.client_b_load_status\nWHERE status = 'COMPLETE' AND processed = 0, parameters: None","logger":"airflow.task.hooks.airflow.providers.oracle.hooks.oracle.OracleHook","filename":"sql.py","lineno":861}
{"timestamp":"2026-07-08T11:56:56.933975Z","level":"info","event":"Rows affected: 0","logger":"airflow.task.hooks.airflow.providers.oracle.hooks.oracle.OracleHook","filename":"sql.py","lineno":879}
{"timestamp":"2026-07-08T11:57:06.965635Z","level":"info","event":"Poking: SELECT COUNT(*) FROM demo_user.client_b_load_status\nWHERE status = 'COMPLETE' AND processed = 0 (with parameters None)","logger":"airflow.task.operators.airflow.providers.common.sql.sensors.sql.SqlSensor","filename":"sql.py","lineno":100}
{"timestamp":"2026-07-08T11:57:07.021386Z","level":"info","event":"Running statement: SELECT COUNT(*) FROM demo_user.client_b_load_status\nWHERE status = 'COMPLETE' AND processed = 0, parameters: None","logger":"airflow.task.hooks.airflow.providers.oracle.hooks.oracle.OracleHook","filename":"sql.py","lineno":861}
{"timestamp":"2026-07-08T11:57:07.022430Z","level":"info","event":"Rows affected: 0","logger":"airflow.task.hooks.airflow.providers.oracle.hooks.oracle.OracleHook","filename":"sql.py","lineno":879}
{"timestamp":"2026-07-08T11:57:17.062846Z","level":"info","event":"Poking: SELECT COUNT(*) FROM demo_user.client_b_load_status\nWHERE status = 'COMPLETE' AND processed = 0 (with parameters None)","logger":"airflow.task.operators.airflow.providers.common.sql.sensors.sql.SqlSensor","filename":"sql.py","lineno":100}
{"timestamp":"2026-07-08T11:57:17.123425Z","level":"info","event":"Running statement: SELECT COUNT(*) FROM demo_user.client_b_load_status\nWHERE status = 'COMPLETE' AND processed = 0, parameters: None","logger":"airflow.task.hooks.airflow.providers.oracle.hooks.oracle.OracleHook","filename":"sql.py","lineno":861}
{"timestamp":"2026-07-08T11:57:17.125058Z","level":"info","event":"Rows affected: 0","logger":"airflow.task.hooks.airflow.providers.oracle.hooks.oracle.OracleHook","filename":"sql.py","lineno":879}
{"timestamp":"2026-07-08T11:57:27.153652Z","level":"info","event":"Poking: SELECT COUNT(*) FROM demo_user.client_b_load_status\nWHERE status = 'COMPLETE' AND processed = 0 (with parameters None)","logger":"airflow.task.operators.airflow.providers.common.sql.sensors.sql.SqlSensor","filename":"sql.py","lineno":100}
{"timestamp":"2026-07-08T11:57:27.204084Z","level":"info","event":"Running statement: SELECT COUNT(*) FROM demo_user.client_b_load_status\nWHERE status = 'COMPLETE' AND processed = 0, parameters: None","logger":"airflow.task.hooks.airflow.providers.oracle.hooks.oracle.OracleHook","filename":"sql.py","lineno":861}
{"timestamp":"2026-07-08T11:57:27.205063Z","level":"info","event":"Rows affected: 0","logger":"airflow.task.hooks.airflow.providers.oracle.hooks.oracle.OracleHook","filename":"sql.py","lineno":879}
{"timestamp":"2026-07-08T11:57:37.245730Z","level":"info","event":"Poking: SELECT COUNT(*) FROM demo_user.client_b_load_status\nWHERE status = 'COMPLETE' AND processed = 0 (with parameters None)","logger":"airflow.task.operators.airflow.providers.common.sql.sensors.sql.SqlSensor","filename":"sql.py","lineno":100}
{"timestamp":"2026-07-08T11:57:37.325677Z","level":"info","event":"Running statement: SELECT COUNT(*) FROM demo_user.client_b_load_status\nWHERE status = 'COMPLETE' AND processed = 0, parameters: None","logger":"airflow.task.hooks.airflow.providers.oracle.hooks.oracle.OracleHook","filename":"sql.py","lineno":861}
{"timestamp":"2026-07-08T11:57:37.327527Z","level":"info","event":"Rows affected: 0","logger":"airflow.task.hooks.airflow.providers.oracle.hooks.oracle.OracleHook","filename":"sql.py","lineno":879}
{"timestamp":"2026-07-08T11:57:47.372086Z","level":"info","event":"Poking: SELECT COUNT(*) FROM demo_user.client_b_load_status\nWHERE status = 'COMPLETE' AND processed = 0 (with parameters None)","logger":"airflow.task.operators.airflow.providers.common.sql.sensors.sql.SqlSensor","filename":"sql.py","lineno":100}
{"timestamp":"2026-07-08T11:57:47.440877Z","level":"info","event":"Running statement: SELECT COUNT(*) FROM demo_user.client_b_load_status\nWHERE status = 'COMPLETE' AND processed = 0, parameters: None","logger":"airflow.task.hooks.airflow.providers.oracle.hooks.oracle.OracleHook","filename":"sql.py","lineno":861}
{"timestamp":"2026-07-08T11:57:47.443135Z","level":"info","event":"Rows affected: 0","logger":"airflow.task.hooks.airflow.providers.oracle.hooks.oracle.OracleHook","filename":"sql.py","lineno":879}
{"timestamp":"2026-07-08T11:57:57.481131Z","level":"info","event":"Poking: SELECT COUNT(*) FROM demo_user.client_b_load_status\nWHERE status = 'COMPLETE' AND processed = 0 (with parameters None)","logger":"airflow.task.operators.airflow.providers.common.sql.sensors.sql.SqlSensor","filename":"sql.py","lineno":100}
{"timestamp":"2026-07-08T11:57:57.556203Z","level":"info","event":"Running statement: SELECT COUNT(*) FROM demo_user.client_b_load_status\nWHERE status = 'COMPLETE' AND processed = 0, parameters: None","logger":"airflow.task.hooks.airflow.providers.oracle.hooks.oracle.OracleHook","filename":"sql.py","lineno":861}
{"timestamp":"2026-07-08T11:57:57.557309Z","level":"info","event":"Rows affected: 0","logger":"airflow.task.hooks.airflow.providers.oracle.hooks.oracle.OracleHook","filename":"sql.py","lineno":879}
{"timestamp":"2026-07-08T11:58:07.593527Z","level":"info","event":"Poking: SELECT COUNT(*) FROM demo_user.client_b_load_status\nWHERE status = 'COMPLETE' AND processed = 0 (with parameters None)","logger":"airflow.task.operators.airflow.providers.common.sql.sensors.sql.SqlSensor","filename":"sql.py","lineno":100}
{"timestamp":"2026-07-08T11:58:07.664775Z","level":"info","event":"Running statement: SELECT COUNT(*) FROM demo_user.client_b_load_status\nWHERE status = 'COMPLETE' AND processed = 0, parameters: None","logger":"airflow.task.hooks.airflow.providers.oracle.hooks.oracle.OracleHook","filename":"sql.py","lineno":861}
{"timestamp":"2026-07-08T11:58:07.666462Z","level":"info","event":"Rows affected: 0","logger":"airflow.task.hooks.airflow.providers.oracle.hooks.oracle.OracleHook","filename":"sql.py","lineno":879}
{"timestamp":"2026-07-08T11:58:17.707296Z","level":"info","event":"Poking: SELECT COUNT(*) FROM demo_user.client_b_load_status\nWHERE status = 'COMPLETE' AND processed = 0 (with parameters None)","logger":"airflow.task.operators.airflow.providers.common.sql.sensors.sql.SqlSensor","filename":"sql.py","lineno":100}
{"timestamp":"2026-07-08T11:58:17.783379Z","level":"info","event":"Running statement: SELECT COUNT(*) FROM demo_user.client_b_load_status\nWHERE status = 'COMPLETE' AND processed = 0, parameters: None","logger":"airflow.task.hooks.airflow.providers.oracle.hooks.oracle.OracleHook","filename":"sql.py","lineno":861}
{"timestamp":"2026-07-08T11:58:17.784975Z","level":"info","event":"Rows affected: 0","logger":"airflow.task.hooks.airflow.providers.oracle.hooks.oracle.OracleHook","filename":"sql.py","lineno":879}
{"timestamp":"2026-07-08T11:58:27.832208Z","level":"info","event":"Poking: SELECT COUNT(*) FROM demo_user.client_b_load_status\nWHERE status = 'COMPLETE' AND processed = 0 (with parameters None)","logger":"airflow.task.operators.airflow.providers.common.sql.sensors.sql.SqlSensor","filename":"sql.py","lineno":100}
{"timestamp":"2026-07-08T11:58:27.900270Z","level":"info","event":"Running statement: SELECT COUNT(*) FROM demo_user.client_b_load_status\nWHERE status = 'COMPLETE' AND processed = 0, parameters: None","logger":"airflow.task.hooks.airflow.providers.oracle.hooks.oracle.OracleHook","filename":"sql.py","lineno":861}
{"timestamp":"2026-07-08T11:58:27.902002Z","level":"info","event":"Rows affected: 0","logger":"airflow.task.hooks.airflow.providers.oracle.hooks.oracle.OracleHook","filename":"sql.py","lineno":879}
{"timestamp":"2026-07-08T11:58:37.949991Z","level":"info","event":"Poking: SELECT COUNT(*) FROM demo_user.client_b_load_status\nWHERE status = 'COMPLETE' AND processed = 0 (with parameters None)","logger":"airflow.task.operators.airflow.providers.common.sql.sensors.sql.SqlSensor","filename":"sql.py","lineno":100}
{"timestamp":"2026-07-08T11:58:38.029777Z","level":"info","event":"Running statement: SELECT COUNT(*) FROM demo_user.client_b_load_status\nWHERE status = 'COMPLETE' AND processed = 0, parameters: None","logger":"airflow.task.hooks.airflow.providers.oracle.hooks.oracle.OracleHook","filename":"sql.py","lineno":861}
{"timestamp":"2026-07-08T11:58:38.030885Z","level":"info","event":"Rows affected: 0","logger":"airflow.task.hooks.airflow.providers.oracle.hooks.oracle.OracleHook","filename":"sql.py","lineno":879}
{"timestamp":"2026-07-08T11:58:48.053016Z","level":"info","event":"Poking: SELECT COUNT(*) FROM demo_user.client_b_load_status\nWHERE status = 'COMPLETE' AND processed = 0 (with parameters None)","logger":"airflow.task.operators.airflow.providers.common.sql.sensors.sql.SqlSensor","filename":"sql.py","lineno":100}
{"timestamp":"2026-07-08T11:58:48.104991Z","level":"info","event":"Running statement: SELECT COUNT(*) FROM demo_user.client_b_load_status\nWHERE status = 'COMPLETE' AND processed = 0, parameters: None","logger":"airflow.task.hooks.airflow.providers.oracle.hooks.oracle.OracleHook","filename":"sql.py","lineno":861}
{"timestamp":"2026-07-08T11:58:48.106009Z","level":"info","event":"Rows affected: 0","logger":"airflow.task.hooks.airflow.providers.oracle.hooks.oracle.OracleHook","filename":"sql.py","lineno":879}
{"timestamp":"2026-07-08T11:58:58.136409Z","level":"info","event":"Poking: SELECT COUNT(*) FROM demo_user.client_b_load_status\nWHERE status = 'COMPLETE' AND processed = 0 (with parameters None)","logger":"airflow.task.operators.airflow.providers.common.sql.sensors.sql.SqlSensor","filename":"sql.py","lineno":100}
{"timestamp":"2026-07-08T11:58:58.185945Z","level":"info","event":"Running statement: SELECT COUNT(*) FROM demo_user.client_b_load_status\nWHERE status = 'COMPLETE' AND processed = 0, parameters: None","logger":"airflow.task.hooks.airflow.providers.oracle.hooks.oracle.OracleHook","filename":"sql.py","lineno":861}
{"timestamp":"2026-07-08T11:58:58.186843Z","level":"info","event":"Rows affected: 0","logger":"airflow.task.hooks.airflow.providers.oracle.hooks.oracle.OracleHook","filename":"sql.py","lineno":879}
{"timestamp":"2026-07-08T11:59:08.225692Z","level":"info","event":"Poking: SELECT COUNT(*) FROM demo_user.client_b_load_status\nWHERE status = 'COMPLETE' AND processed = 0 (with parameters None)","logger":"airflow.task.operators.airflow.providers.common.sql.sensors.sql.SqlSensor","filename":"sql.py","lineno":100}
{"timestamp":"2026-07-08T11:59:08.292515Z","level":"info","event":"Running statement: SELECT COUNT(*) FROM demo_user.client_b_load_status\nWHERE status = 'COMPLETE' AND processed = 0, parameters: None","logger":"airflow.task.hooks.airflow.providers.oracle.hooks.oracle.OracleHook","filename":"sql.py","lineno":861}
{"timestamp":"2026-07-08T11:59:08.294065Z","level":"info","event":"Rows affected: 0","logger":"airflow.task.hooks.airflow.providers.oracle.hooks.oracle.OracleHook","filename":"sql.py","lineno":879}
{"timestamp":"2026-07-08T11:59:18.323775Z","level":"info","event":"Poking: SELECT COUNT(*) FROM demo_user.client_b_load_status\nWHERE status = 'COMPLETE' AND processed = 0 (with parameters None)","logger":"airflow.task.operators.airflow.providers.common.sql.sensors.sql.SqlSensor","filename":"sql.py","lineno":100}
{"timestamp":"2026-07-08T11:59:18.384997Z","level":"info","event":"Running statement: SELECT COUNT(*) FROM demo_user.client_b_load_status\nWHERE status = 'COMPLETE' AND processed = 0, parameters: None","logger":"airflow.task.hooks.airflow.providers.oracle.hooks.oracle.OracleHook","filename":"sql.py","lineno":861}
{"timestamp":"2026-07-08T11:59:18.386271Z","level":"info","event":"Rows affected: 0","logger":"airflow.task.hooks.airflow.providers.oracle.hooks.oracle.OracleHook","filename":"sql.py","lineno":879}
{"timestamp":"2026-07-08T11:59:28.434898Z","level":"info","event":"Poking: SELECT COUNT(*) FROM demo_user.client_b_load_status\nWHERE status = 'COMPLETE' AND processed = 0 (with parameters None)","logger":"airflow.task.operators.airflow.providers.common.sql.sensors.sql.SqlSensor","filename":"sql.py","lineno":100}
{"timestamp":"2026-07-08T11:59:28.489833Z","level":"info","event":"Running statement: SELECT COUNT(*) FROM demo_user.client_b_load_status\nWHERE status = 'COMPLETE' AND processed = 0, parameters: None","logger":"airflow.task.hooks.airflow.providers.oracle.hooks.oracle.OracleHook","filename":"sql.py","lineno":861}
{"timestamp":"2026-07-08T11:59:28.490855Z","level":"info","event":"Rows affected: 0","logger":"airflow.task.hooks.airflow.providers.oracle.hooks.oracle.OracleHook","filename":"sql.py","lineno":879}
{"timestamp":"2026-07-08T11:59:38.533033Z","level":"info","event":"Poking: SELECT COUNT(*) FROM demo_user.client_b_load_status\nWHERE status = 'COMPLETE' AND processed = 0 (with parameters None)","logger":"airflow.task.operators.airflow.providers.common.sql.sensors.sql.SqlSensor","filename":"sql.py","lineno":100}
{"timestamp":"2026-07-08T11:59:38.599314Z","level":"info","event":"Running statement: SELECT COUNT(*) FROM demo_user.client_b_load_status\nWHERE status = 'COMPLETE' AND processed = 0, parameters: None","logger":"airflow.task.hooks.airflow.providers.oracle.hooks.oracle.OracleHook","filename":"sql.py","lineno":861}
{"timestamp":"2026-07-08T11:59:38.600729Z","level":"info","event":"Rows affected: 0","logger":"airflow.task.hooks.airflow.providers.oracle.hooks.oracle.OracleHook","filename":"sql.py","lineno":879}
{"timestamp":"2026-07-08T11:59:48.640801Z","level":"info","event":"Poking: SELECT COUNT(*) FROM demo_user.client_b_load_status\nWHERE status = 'COMPLETE' AND processed = 0 (with parameters None)","logger":"airflow.task.operators.airflow.providers.common.sql.sensors.sql.SqlSensor","filename":"sql.py","lineno":100}
{"timestamp":"2026-07-08T11:59:48.705254Z","level":"info","event":"Running statement: SELECT COUNT(*) FROM demo_user.client_b_load_status\nWHERE status = 'COMPLETE' AND processed = 0, parameters: None","logger":"airflow.task.hooks.airflow.providers.oracle.hooks.oracle.OracleHook","filename":"sql.py","lineno":861}
{"timestamp":"2026-07-08T11:59:48.706880Z","level":"info","event":"Rows affected: 0","logger":"airflow.task.hooks.airflow.providers.oracle.hooks.oracle.OracleHook","filename":"sql.py","lineno":879}
{"timestamp":"2026-07-08T11:59:58.747415Z","level":"info","event":"Poking: SELECT COUNT(*) FROM demo_user.client_b_load_status\nWHERE status = 'COMPLETE' AND processed = 0 (with parameters None)","logger":"airflow.task.operators.airflow.providers.common.sql.sensors.sql.SqlSensor","filename":"sql.py","lineno":100}
{"timestamp":"2026-07-08T11:59:58.811440Z","level":"info","event":"Running statement: SELECT COUNT(*) FROM demo_user.client_b_load_status\nWHERE status = 'COMPLETE' AND processed = 0, parameters: None","logger":"airflow.task.hooks.airflow.providers.oracle.hooks.oracle.OracleHook","filename":"sql.py","lineno":861}
{"timestamp":"2026-07-08T11:59:58.812714Z","level":"info","event":"Rows affected: 0","logger":"airflow.task.hooks.airflow.providers.oracle.hooks.oracle.OracleHook","filename":"sql.py","lineno":879}
{"timestamp":"2026-07-08T12:00:08.858966Z","level":"info","event":"Poking: SELECT COUNT(*) FROM demo_user.client_b_load_status\nWHERE status = 'COMPLETE' AND processed = 0 (with parameters None)","logger":"airflow.task.operators.airflow.providers.common.sql.sensors.sql.SqlSensor","filename":"sql.py","lineno":100}
{"timestamp":"2026-07-08T12:00:08.957399Z","level":"info","event":"Running statement: SELECT COUNT(*) FROM demo_user.client_b_load_status\nWHERE status = 'COMPLETE' AND processed = 0, parameters: None","logger":"airflow.task.hooks.airflow.providers.oracle.hooks.oracle.OracleHook","filename":"sql.py","lineno":861}
{"timestamp":"2026-07-08T12:00:08.961031Z","level":"info","event":"Rows affected: 0","logger":"airflow.task.hooks.airflow.providers.oracle.hooks.oracle.OracleHook","filename":"sql.py","lineno":879}
{"timestamp":"2026-07-08T12:00:19.008983Z","level":"info","event":"Poking: SELECT COUNT(*) FROM demo_user.client_b_load_status\nWHERE status = 'COMPLETE' AND processed = 0 (with parameters None)","logger":"airflow.task.operators.airflow.providers.common.sql.sensors.sql.SqlSensor","filename":"sql.py","lineno":100}
{"timestamp":"2026-07-08T12:00:19.083775Z","level":"info","event":"Running statement: SELECT COUNT(*) FROM demo_user.client_b_load_status\nWHERE status = 'COMPLETE' AND processed = 0, parameters: None","logger":"airflow.task.hooks.airflow.providers.oracle.hooks.oracle.OracleHook","filename":"sql.py","lineno":861}
{"timestamp":"2026-07-08T12:00:19.085585Z","level":"info","event":"Rows affected: 0","logger":"airflow.task.hooks.airflow.providers.oracle.hooks.oracle.OracleHook","filename":"sql.py","lineno":879}
{"timestamp":"2026-07-08T12:00:29.123503Z","level":"info","event":"Poking: SELECT COUNT(*) FROM demo_user.client_b_load_status\nWHERE status = 'COMPLETE' AND processed = 0 (with parameters None)","logger":"airflow.task.operators.airflow.providers.common.sql.sensors.sql.SqlSensor","filename":"sql.py","lineno":100}
{"timestamp":"2026-07-08T12:00:29.183770Z","level":"info","event":"Running statement: SELECT COUNT(*) FROM demo_user.client_b_load_status\nWHERE status = 'COMPLETE' AND processed = 0, parameters: None","logger":"airflow.task.hooks.airflow.providers.oracle.hooks.oracle.OracleHook","filename":"sql.py","lineno":861}
{"timestamp":"2026-07-08T12:00:29.185091Z","level":"info","event":"Rows affected: 0","logger":"airflow.task.hooks.airflow.providers.oracle.hooks.oracle.OracleHook","filename":"sql.py","lineno":879}
{"timestamp":"2026-07-08T12:00:39.229914Z","level":"info","event":"Poking: SELECT COUNT(*) FROM demo_user.client_b_load_status\nWHERE status = 'COMPLETE' AND processed = 0 (with parameters None)","logger":"airflow.task.operators.airflow.providers.common.sql.sensors.sql.SqlSensor","filename":"sql.py","lineno":100}
{"timestamp":"2026-07-08T12:00:39.298541Z","level":"info","event":"Running statement: SELECT COUNT(*) FROM demo_user.client_b_load_status\nWHERE status = 'COMPLETE' AND processed = 0, parameters: None","logger":"airflow.task.hooks.airflow.providers.oracle.hooks.oracle.OracleHook","filename":"sql.py","lineno":861}
{"timestamp":"2026-07-08T12:00:39.299990Z","level":"info","event":"Rows affected: 0","logger":"airflow.task.hooks.airflow.providers.oracle.hooks.oracle.OracleHook","filename":"sql.py","lineno":879}
{"timestamp":"2026-07-08T12:00:49.343313Z","level":"info","event":"Poking: SELECT COUNT(*) FROM demo_user.client_b_load_status\nWHERE status = 'COMPLETE' AND processed = 0 (with parameters None)","logger":"airflow.task.operators.airflow.providers.common.sql.sensors.sql.SqlSensor","filename":"sql.py","lineno":100}
{"timestamp":"2026-07-08T12:00:49.408059Z","level":"info","event":"Running statement: SELECT COUNT(*) FROM demo_user.client_b_load_status\nWHERE status = 'COMPLETE' AND processed = 0, parameters: None","logger":"airflow.task.hooks.airflow.providers.oracle.hooks.oracle.OracleHook","filename":"sql.py","lineno":861}
{"timestamp":"2026-07-08T12:00:49.409299Z","level":"info","event":"Rows affected: 0","logger":"airflow.task.hooks.airflow.providers.oracle.hooks.oracle.OracleHook","filename":"sql.py","lineno":879}
{"timestamp":"2026-07-08T12:00:59.446912Z","level":"info","event":"Poking: SELECT COUNT(*) FROM demo_user.client_b_load_status\nWHERE status = 'COMPLETE' AND processed = 0 (with parameters None)","logger":"airflow.task.operators.airflow.providers.common.sql.sensors.sql.SqlSensor","filename":"sql.py","lineno":100}
{"timestamp":"2026-07-08T12:00:59.509641Z","level":"info","event":"Running statement: SELECT COUNT(*) FROM demo_user.client_b_load_status\nWHERE status = 'COMPLETE' AND processed = 0, parameters: None","logger":"airflow.task.hooks.airflow.providers.oracle.hooks.oracle.OracleHook","filename":"sql.py","lineno":861}
{"timestamp":"2026-07-08T12:00:59.510760Z","level":"info","event":"Rows affected: 0","logger":"airflow.task.hooks.airflow.providers.oracle.hooks.oracle.OracleHook","filename":"sql.py","lineno":879}
{"timestamp":"2026-07-08T12:01:09.559054Z","level":"info","event":"Poking: SELECT COUNT(*) FROM demo_user.client_b_load_status\nWHERE status = 'COMPLETE' AND processed = 0 (with parameters None)","logger":"airflow.task.operators.airflow.providers.common.sql.sensors.sql.SqlSensor","filename":"sql.py","lineno":100}
{"timestamp":"2026-07-08T12:01:09.630018Z","level":"info","event":"Running statement: SELECT COUNT(*) FROM demo_user.client_b_load_status\nWHERE status = 'COMPLETE' AND processed = 0, parameters: None","logger":"airflow.task.hooks.airflow.providers.oracle.hooks.oracle.OracleHook","filename":"sql.py","lineno":861}
{"timestamp":"2026-07-08T12:01:09.631663Z","level":"info","event":"Rows affected: 0","logger":"airflow.task.hooks.airflow.providers.oracle.hooks.oracle.OracleHook","filename":"sql.py","lineno":879}
{"timestamp":"2026-07-08T12:01:19.677227Z","level":"info","event":"Poking: SELECT COUNT(*) FROM demo_user.client_b_load_status\nWHERE status = 'COMPLETE' AND processed = 0 (with parameters None)","logger":"airflow.task.operators.airflow.providers.common.sql.sensors.sql.SqlSensor","filename":"sql.py","lineno":100}
{"timestamp":"2026-07-08T12:01:19.736319Z","level":"info","event":"Running statement: SELECT COUNT(*) FROM demo_user.client_b_load_status\nWHERE status = 'COMPLETE' AND processed = 0, parameters: None","logger":"airflow.task.hooks.airflow.providers.oracle.hooks.oracle.OracleHook","filename":"sql.py","lineno":861}
{"timestamp":"2026-07-08T12:01:19.737640Z","level":"info","event":"Rows affected: 0","logger":"airflow.task.hooks.airflow.providers.oracle.hooks.oracle.OracleHook","filename":"sql.py","lineno":879}
{"timestamp":"2026-07-08T12:01:29.767694Z","level":"info","event":"Poking: SELECT COUNT(*) FROM demo_user.client_b_load_status\nWHERE status = 'COMPLETE' AND processed = 0 (with parameters None)","logger":"airflow.task.operators.airflow.providers.common.sql.sensors.sql.SqlSensor","filename":"sql.py","lineno":100}
{"timestamp":"2026-07-08T12:01:29.829739Z","level":"info","event":"Running statement: SELECT COUNT(*) FROM demo_user.client_b_load_status\nWHERE status = 'COMPLETE' AND processed = 0, parameters: None","logger":"airflow.task.hooks.airflow.providers.oracle.hooks.oracle.OracleHook","filename":"sql.py","lineno":861}
{"timestamp":"2026-07-08T12:01:29.831367Z","level":"info","event":"Rows affected: 0","logger":"airflow.task.hooks.airflow.providers.oracle.hooks.oracle.OracleHook","filename":"sql.py","lineno":879}
{"timestamp":"2026-07-08T12:01:39.877131Z","level":"info","event":"Poking: SELECT COUNT(*) FROM demo_user.client_b_load_status\nWHERE status = 'COMPLETE' AND processed = 0 (with parameters None)","logger":"airflow.task.operators.airflow.providers.common.sql.sensors.sql.SqlSensor","filename":"sql.py","lineno":100}
{"timestamp":"2026-07-08T12:01:39.950071Z","level":"info","event":"Running statement: SELECT COUNT(*) FROM demo_user.client_b_load_status\nWHERE status = 'COMPLETE' AND processed = 0, parameters: None","logger":"airflow.task.hooks.airflow.providers.oracle.hooks.oracle.OracleHook","filename":"sql.py","lineno":861}
{"timestamp":"2026-07-08T12:01:39.951235Z","level":"info","event":"Rows affected: 0","logger":"airflow.task.hooks.airflow.providers.oracle.hooks.oracle.OracleHook","filename":"sql.py","lineno":879}
{"timestamp":"2026-07-08T12:01:49.992440Z","level":"info","event":"Poking: SELECT COUNT(*) FROM demo_user.client_b_load_status\nWHERE status = 'COMPLETE' AND processed = 0 (with parameters None)","logger":"airflow.task.operators.airflow.providers.common.sql.sensors.sql.SqlSensor","filename":"sql.py","lineno":100}
{"timestamp":"2026-07-08T12:01:50.049540Z","level":"info","event":"Running statement: SELECT COUNT(*) FROM demo_user.client_b_load_status\nWHERE status = 'COMPLETE' AND processed = 0, parameters: None","logger":"airflow.task.hooks.airflow.providers.oracle.hooks.oracle.OracleHook","filename":"sql.py","lineno":861}
{"timestamp":"2026-07-08T12:01:50.051115Z","level":"info","event":"Rows affected: 0","logger":"airflow.task.hooks.airflow.providers.oracle.hooks.oracle.OracleHook","filename":"sql.py","lineno":879}
{"timestamp":"2026-07-08T12:02:00.095513Z","level":"info","event":"Poking: SELECT COUNT(*) FROM demo_user.client_b_load_status\nWHERE status = 'COMPLETE' AND processed = 0 (with parameters None)","logger":"airflow.task.operators.airflow.providers.common.sql.sensors.sql.SqlSensor","filename":"sql.py","lineno":100}
{"timestamp":"2026-07-08T12:02:00.165537Z","level":"info","event":"Running statement: SELECT COUNT(*) FROM demo_user.client_b_load_status\nWHERE status = 'COMPLETE' AND processed = 0, parameters: None","logger":"airflow.task.hooks.airflow.providers.oracle.hooks.oracle.OracleHook","filename":"sql.py","lineno":861}
{"timestamp":"2026-07-08T12:02:00.167245Z","level":"info","event":"Rows affected: 0","logger":"airflow.task.hooks.airflow.providers.oracle.hooks.oracle.OracleHook","filename":"sql.py","lineno":879}
{"timestamp":"2026-07-08T12:02:10.201109Z","level":"info","event":"Poking: SELECT COUNT(*) FROM demo_user.client_b_load_status\nWHERE status = 'COMPLETE' AND processed = 0 (with parameters None)","logger":"airflow.task.operators.airflow.providers.common.sql.sensors.sql.SqlSensor","filename":"sql.py","lineno":100}
{"timestamp":"2026-07-08T12:02:10.251448Z","level":"info","event":"Running statement: SELECT COUNT(*) FROM demo_user.client_b_load_status\nWHERE status = 'COMPLETE' AND processed = 0, parameters: None","logger":"airflow.task.hooks.airflow.providers.oracle.hooks.oracle.OracleHook","filename":"sql.py","lineno":861}
{"timestamp":"2026-07-08T12:02:10.252590Z","level":"info","event":"Rows affected: 0","logger":"airflow.task.hooks.airflow.providers.oracle.hooks.oracle.OracleHook","filename":"sql.py","lineno":879}
{"timestamp":"2026-07-08T12:02:20.298572Z","level":"info","event":"Poking: SELECT COUNT(*) FROM demo_user.client_b_load_status\nWHERE status = 'COMPLETE' AND processed = 0 (with parameters None)","logger":"airflow.task.operators.airflow.providers.common.sql.sensors.sql.SqlSensor","filename":"sql.py","lineno":100}
{"timestamp":"2026-07-08T12:02:20.364105Z","level":"info","event":"Running statement: SELECT COUNT(*) FROM demo_user.client_b_load_status\nWHERE status = 'COMPLETE' AND processed = 0, parameters: None","logger":"airflow.task.hooks.airflow.providers.oracle.hooks.oracle.OracleHook","filename":"sql.py","lineno":861}
{"timestamp":"2026-07-08T12:02:20.365195Z","level":"info","event":"Rows affected: 0","logger":"airflow.task.hooks.airflow.providers.oracle.hooks.oracle.OracleHook","filename":"sql.py","lineno":879}
{"timestamp":"2026-07-08T12:02:30.404446Z","level":"info","event":"Poking: SELECT COUNT(*) FROM demo_user.client_b_load_status\nWHERE status = 'COMPLETE' AND processed = 0 (with parameters None)","logger":"airflow.task.operators.airflow.providers.common.sql.sensors.sql.SqlSensor","filename":"sql.py","lineno":100}
{"timestamp":"2026-07-08T12:02:30.467471Z","level":"info","event":"Running statement: SELECT COUNT(*) FROM demo_user.client_b_load_status\nWHERE status = 'COMPLETE' AND processed = 0, parameters: None","logger":"airflow.task.hooks.airflow.providers.oracle.hooks.oracle.OracleHook","filename":"sql.py","lineno":861}
{"timestamp":"2026-07-08T12:02:30.468570Z","level":"info","event":"Rows affected: 0","logger":"airflow.task.hooks.airflow.providers.oracle.hooks.oracle.OracleHook","filename":"sql.py","lineno":879}
{"timestamp":"2026-07-08T12:02:40.528562Z","level":"info","event":"Poking: SELECT COUNT(*) FROM demo_user.client_b_load_status\nWHERE status = 'COMPLETE' AND processed = 0 (with parameters None)","logger":"airflow.task.operators.airflow.providers.common.sql.sensors.sql.SqlSensor","filename":"sql.py","lineno":100}
{"timestamp":"2026-07-08T12:02:40.593779Z","level":"info","event":"Running statement: SELECT COUNT(*) FROM demo_user.client_b_load_status\nWHERE status = 'COMPLETE' AND processed = 0, parameters: None","logger":"airflow.task.hooks.airflow.providers.oracle.hooks.oracle.OracleHook","filename":"sql.py","lineno":861}
{"timestamp":"2026-07-08T12:02:40.595382Z","level":"info","event":"Rows affected: 0","logger":"airflow.task.hooks.airflow.providers.oracle.hooks.oracle.OracleHook","filename":"sql.py","lineno":879}
{"timestamp":"2026-07-08T12:02:50.640084Z","level":"info","event":"Poking: SELECT COUNT(*) FROM demo_user.client_b_load_status\nWHERE status = 'COMPLETE' AND processed = 0 (with parameters None)","logger":"airflow.task.operators.airflow.providers.common.sql.sensors.sql.SqlSensor","filename":"sql.py","lineno":100}
{"timestamp":"2026-07-08T12:02:50.697268Z","level":"info","event":"Running statement: SELECT COUNT(*) FROM demo_user.client_b_load_status\nWHERE status = 'COMPLETE' AND processed = 0, parameters: None","logger":"airflow.task.hooks.airflow.providers.oracle.hooks.oracle.OracleHook","filename":"sql.py","lineno":861}
{"timestamp":"2026-07-08T12:02:50.698409Z","level":"info","event":"Rows affected: 0","logger":"airflow.task.hooks.airflow.providers.oracle.hooks.oracle.OracleHook","filename":"sql.py","lineno":879}
{"timestamp":"2026-07-08T12:03:00.723934Z","level":"info","event":"Poking: SELECT COUNT(*) FROM demo_user.client_b_load_status\nWHERE status = 'COMPLETE' AND processed = 0 (with parameters None)","logger":"airflow.task.operators.airflow.providers.common.sql.sensors.sql.SqlSensor","filename":"sql.py","lineno":100}
{"timestamp":"2026-07-08T12:03:00.788394Z","level":"info","event":"Running statement: SELECT COUNT(*) FROM demo_user.client_b_load_status\nWHERE status = 'COMPLETE' AND processed = 0, parameters: None","logger":"airflow.task.hooks.airflow.providers.oracle.hooks.oracle.OracleHook","filename":"sql.py","lineno":861}
{"timestamp":"2026-07-08T12:03:00.789817Z","level":"info","event":"Rows affected: 0","logger":"airflow.task.hooks.airflow.providers.oracle.hooks.oracle.OracleHook","filename":"sql.py","lineno":879}
{"timestamp":"2026-07-08T12:03:10.831077Z","level":"info","event":"Poking: SELECT COUNT(*) FROM demo_user.client_b_load_status\nWHERE status = 'COMPLETE' AND processed = 0 (with parameters None)","logger":"airflow.task.operators.airflow.providers.common.sql.sensors.sql.SqlSensor","filename":"sql.py","lineno":100}
{"timestamp":"2026-07-08T12:03:10.893148Z","level":"info","event":"Running statement: SELECT COUNT(*) FROM demo_user.client_b_load_status\nWHERE status = 'COMPLETE' AND processed = 0, parameters: None","logger":"airflow.task.hooks.airflow.providers.oracle.hooks.oracle.OracleHook","filename":"sql.py","lineno":861}
{"timestamp":"2026-07-08T12:03:10.894165Z","level":"info","event":"Rows affected: 0","logger":"airflow.task.hooks.airflow.providers.oracle.hooks.oracle.OracleHook","filename":"sql.py","lineno":879}
{"timestamp":"2026-07-08T12:03:20.931634Z","level":"info","event":"Poking: SELECT COUNT(*) FROM demo_user.client_b_load_status\nWHERE status = 'COMPLETE' AND processed = 0 (with parameters None)","logger":"airflow.task.operators.airflow.providers.common.sql.sensors.sql.SqlSensor","filename":"sql.py","lineno":100}
{"timestamp":"2026-07-08T12:03:20.992940Z","level":"info","event":"Running statement: SELECT COUNT(*) FROM demo_user.client_b_load_status\nWHERE status = 'COMPLETE' AND processed = 0, parameters: None","logger":"airflow.task.hooks.airflow.providers.oracle.hooks.oracle.OracleHook","filename":"sql.py","lineno":861}
{"timestamp":"2026-07-08T12:03:20.994303Z","level":"info","event":"Rows affected: 0","logger":"airflow.task.hooks.airflow.providers.oracle.hooks.oracle.OracleHook","filename":"sql.py","lineno":879}
{"timestamp":"2026-07-08T12:03:31.033425Z","level":"info","event":"Poking: SELECT COUNT(*) FROM demo_user.client_b_load_status\nWHERE status = 'COMPLETE' AND processed = 0 (with parameters None)","logger":"airflow.task.operators.airflow.providers.common.sql.sensors.sql.SqlSensor","filename":"sql.py","lineno":100}
{"timestamp":"2026-07-08T12:03:31.086370Z","level":"info","event":"Running statement: SELECT COUNT(*) FROM demo_user.client_b_load_status\nWHERE status = 'COMPLETE' AND processed = 0, parameters: None","logger":"airflow.task.hooks.airflow.providers.oracle.hooks.oracle.OracleHook","filename":"sql.py","lineno":861}
{"timestamp":"2026-07-08T12:03:31.087413Z","level":"info","event":"Rows affected: 0","logger":"airflow.task.hooks.airflow.providers.oracle.hooks.oracle.OracleHook","filename":"sql.py","lineno":879}
{"timestamp":"2026-07-08T12:03:41.126125Z","level":"info","event":"Poking: SELECT COUNT(*) FROM demo_user.client_b_load_status\nWHERE status = 'COMPLETE' AND processed = 0 (with parameters None)","logger":"airflow.task.operators.airflow.providers.common.sql.sensors.sql.SqlSensor","filename":"sql.py","lineno":100}
{"timestamp":"2026-07-08T12:03:41.177010Z","level":"info","event":"Running statement: SELECT COUNT(*) FROM demo_user.client_b_load_status\nWHERE status = 'COMPLETE' AND processed = 0, parameters: None","logger":"airflow.task.hooks.airflow.providers.oracle.hooks.oracle.OracleHook","filename":"sql.py","lineno":861}
{"timestamp":"2026-07-08T12:03:41.178060Z","level":"info","event":"Rows affected: 0","logger":"airflow.task.hooks.airflow.providers.oracle.hooks.oracle.OracleHook","filename":"sql.py","lineno":879}
{"timestamp":"2026-07-08T12:03:51.211126Z","level":"info","event":"Poking: SELECT COUNT(*) FROM demo_user.client_b_load_status\nWHERE status = 'COMPLETE' AND processed = 0 (with parameters None)","logger":"airflow.task.operators.airflow.providers.common.sql.sensors.sql.SqlSensor","filename":"sql.py","lineno":100}
{"timestamp":"2026-07-08T12:03:51.267153Z","level":"info","event":"Running statement: SELECT COUNT(*) FROM demo_user.client_b_load_status\nWHERE status = 'COMPLETE' AND processed = 0, parameters: None","logger":"airflow.task.hooks.airflow.providers.oracle.hooks.oracle.OracleHook","filename":"sql.py","lineno":861}
{"timestamp":"2026-07-08T12:03:51.268143Z","level":"info","event":"Rows affected: 0","logger":"airflow.task.hooks.airflow.providers.oracle.hooks.oracle.OracleHook","filename":"sql.py","lineno":879}
{"timestamp":"2026-07-08T12:04:01.307700Z","level":"info","event":"Poking: SELECT COUNT(*) FROM demo_user.client_b_load_status\nWHERE status = 'COMPLETE' AND processed = 0 (with parameters None)","logger":"airflow.task.operators.airflow.providers.common.sql.sensors.sql.SqlSensor","filename":"sql.py","lineno":100}
{"timestamp":"2026-07-08T12:04:01.366820Z","level":"info","event":"Running statement: SELECT COUNT(*) FROM demo_user.client_b_load_status\nWHERE status = 'COMPLETE' AND processed = 0, parameters: None","logger":"airflow.task.hooks.airflow.providers.oracle.hooks.oracle.OracleHook","filename":"sql.py","lineno":861}
{"timestamp":"2026-07-08T12:04:01.368107Z","level":"info","event":"Rows affected: 0","logger":"airflow.task.hooks.airflow.providers.oracle.hooks.oracle.OracleHook","filename":"sql.py","lineno":879}
{"timestamp":"2026-07-08T12:04:11.406720Z","level":"info","event":"Poking: SELECT COUNT(*) FROM demo_user.client_b_load_status\nWHERE status = 'COMPLETE' AND processed = 0 (with parameters None)","logger":"airflow.task.operators.airflow.providers.common.sql.sensors.sql.SqlSensor","filename":"sql.py","lineno":100}
{"timestamp":"2026-07-08T12:04:11.466557Z","level":"info","event":"Running statement: SELECT COUNT(*) FROM demo_user.client_b_load_status\nWHERE status = 'COMPLETE' AND processed = 0, parameters: None","logger":"airflow.task.hooks.airflow.providers.oracle.hooks.oracle.OracleHook","filename":"sql.py","lineno":861}
{"timestamp":"2026-07-08T12:04:11.468193Z","level":"info","event":"Rows affected: 0","logger":"airflow.task.hooks.airflow.providers.oracle.hooks.oracle.OracleHook","filename":"sql.py","lineno":879}
{"timestamp":"2026-07-08T12:04:21.505351Z","level":"info","event":"Poking: SELECT COUNT(*) FROM demo_user.client_b_load_status\nWHERE status = 'COMPLETE' AND processed = 0 (with parameters None)","logger":"airflow.task.operators.airflow.providers.common.sql.sensors.sql.SqlSensor","filename":"sql.py","lineno":100}
{"timestamp":"2026-07-08T12:04:21.560010Z","level":"info","event":"Running statement: SELECT COUNT(*) FROM demo_user.client_b_load_status\nWHERE status = 'COMPLETE' AND processed = 0, parameters: None","logger":"airflow.task.hooks.airflow.providers.oracle.hooks.oracle.OracleHook","filename":"sql.py","lineno":861}
{"timestamp":"2026-07-08T12:04:21.561053Z","level":"info","event":"Rows affected: 0","logger":"airflow.task.hooks.airflow.providers.oracle.hooks.oracle.OracleHook","filename":"sql.py","lineno":879}
{"timestamp":"2026-07-08T12:04:31.600056Z","level":"info","event":"Poking: SELECT COUNT(*) FROM demo_user.client_b_load_status\nWHERE status = 'COMPLETE' AND processed = 0 (with parameters None)","logger":"airflow.task.operators.airflow.providers.common.sql.sensors.sql.SqlSensor","filename":"sql.py","lineno":100}
{"timestamp":"2026-07-08T12:04:31.666190Z","level":"info","event":"Running statement: SELECT COUNT(*) FROM demo_user.client_b_load_status\nWHERE status = 'COMPLETE' AND processed = 0, parameters: None","logger":"airflow.task.hooks.airflow.providers.oracle.hooks.oracle.OracleHook","filename":"sql.py","lineno":861}
{"timestamp":"2026-07-08T12:04:31.667405Z","level":"info","event":"Rows affected: 0","logger":"airflow.task.hooks.airflow.providers.oracle.hooks.oracle.OracleHook","filename":"sql.py","lineno":879}
{"timestamp":"2026-07-08T12:04:41.707015Z","level":"info","event":"Poking: SELECT COUNT(*) FROM demo_user.client_b_load_status\nWHERE status = 'COMPLETE' AND processed = 0 (with parameters None)","logger":"airflow.task.operators.airflow.providers.common.sql.sensors.sql.SqlSensor","filename":"sql.py","lineno":100}
{"timestamp":"2026-07-08T12:04:41.762329Z","level":"info","event":"Running statement: SELECT COUNT(*) FROM demo_user.client_b_load_status\nWHERE status = 'COMPLETE' AND processed = 0, parameters: None","logger":"airflow.task.hooks.airflow.providers.oracle.hooks.oracle.OracleHook","filename":"sql.py","lineno":861}
{"timestamp":"2026-07-08T12:04:41.763514Z","level":"info","event":"Rows affected: 0","logger":"airflow.task.hooks.airflow.providers.oracle.hooks.oracle.OracleHook","filename":"sql.py","lineno":879}
{"timestamp":"2026-07-08T12:04:51.804189Z","level":"info","event":"Poking: SELECT COUNT(*) FROM demo_user.client_b_load_status\nWHERE status = 'COMPLETE' AND processed = 0 (with parameters None)","logger":"airflow.task.operators.airflow.providers.common.sql.sensors.sql.SqlSensor","filename":"sql.py","lineno":100}
{"timestamp":"2026-07-08T12:04:51.858612Z","level":"info","event":"Running statement: SELECT COUNT(*) FROM demo_user.client_b_load_status\nWHERE status = 'COMPLETE' AND processed = 0, parameters: None","logger":"airflow.task.hooks.airflow.providers.oracle.hooks.oracle.OracleHook","filename":"sql.py","lineno":861}
{"timestamp":"2026-07-08T12:04:51.859714Z","level":"info","event":"Rows affected: 0","logger":"airflow.task.hooks.airflow.providers.oracle.hooks.oracle.OracleHook","filename":"sql.py","lineno":879}
{"timestamp":"2026-07-08T12:05:01.890310Z","level":"info","event":"Poking: SELECT COUNT(*) FROM demo_user.client_b_load_status\nWHERE status = 'COMPLETE' AND processed = 0 (with parameters None)","logger":"airflow.task.operators.airflow.providers.common.sql.sensors.sql.SqlSensor","filename":"sql.py","lineno":100}
{"timestamp":"2026-07-08T12:05:01.945732Z","level":"info","event":"Running statement: SELECT COUNT(*) FROM demo_user.client_b_load_status\nWHERE status = 'COMPLETE' AND processed = 0, parameters: None","logger":"airflow.task.hooks.airflow.providers.oracle.hooks.oracle.OracleHook","filename":"sql.py","lineno":861}
{"timestamp":"2026-07-08T12:05:01.946838Z","level":"info","event":"Rows affected: 0","logger":"airflow.task.hooks.airflow.providers.oracle.hooks.oracle.OracleHook","filename":"sql.py","lineno":879}
{"timestamp":"2026-07-08T12:05:11.986582Z","level":"info","event":"Poking: SELECT COUNT(*) FROM demo_user.client_b_load_status\nWHERE status = 'COMPLETE' AND processed = 0 (with parameters None)","logger":"airflow.task.operators.airflow.providers.common.sql.sensors.sql.SqlSensor","filename":"sql.py","lineno":100}
{"timestamp":"2026-07-08T12:05:12.052429Z","level":"info","event":"Running statement: SELECT COUNT(*) FROM demo_user.client_b_load_status\nWHERE status = 'COMPLETE' AND processed = 0, parameters: None","logger":"airflow.task.hooks.airflow.providers.oracle.hooks.oracle.OracleHook","filename":"sql.py","lineno":861}
{"timestamp":"2026-07-08T12:05:12.054181Z","level":"info","event":"Rows affected: 0","logger":"airflow.task.hooks.airflow.providers.oracle.hooks.oracle.OracleHook","filename":"sql.py","lineno":879}
{"timestamp":"2026-07-08T12:05:22.111081Z","level":"info","event":"Poking: SELECT COUNT(*) FROM demo_user.client_b_load_status\nWHERE status = 'COMPLETE' AND processed = 0 (with parameters None)","logger":"airflow.task.operators.airflow.providers.common.sql.sensors.sql.SqlSensor","filename":"sql.py","lineno":100}
{"timestamp":"2026-07-08T12:05:22.185029Z","level":"info","event":"Running statement: SELECT COUNT(*) FROM demo_user.client_b_load_status\nWHERE status = 'COMPLETE' AND processed = 0, parameters: None","logger":"airflow.task.hooks.airflow.providers.oracle.hooks.oracle.OracleHook","filename":"sql.py","lineno":861}
{"timestamp":"2026-07-08T12:05:22.185888Z","level":"info","event":"Rows affected: 0","logger":"airflow.task.hooks.airflow.providers.oracle.hooks.oracle.OracleHook","filename":"sql.py","lineno":879}
{"timestamp":"2026-07-08T12:05:32.227777Z","level":"info","event":"Poking: SELECT COUNT(*) FROM demo_user.client_b_load_status\nWHERE status = 'COMPLETE' AND processed = 0 (with parameters None)","logger":"airflow.task.operators.airflow.providers.common.sql.sensors.sql.SqlSensor","filename":"sql.py","lineno":100}
{"timestamp":"2026-07-08T12:05:32.289438Z","level":"info","event":"Running statement: SELECT COUNT(*) FROM demo_user.client_b_load_status\nWHERE status = 'COMPLETE' AND processed = 0, parameters: None","logger":"airflow.task.hooks.airflow.providers.oracle.hooks.oracle.OracleHook","filename":"sql.py","lineno":861}
{"timestamp":"2026-07-08T12:05:32.290474Z","level":"info","event":"Rows affected: 0","logger":"airflow.task.hooks.airflow.providers.oracle.hooks.oracle.OracleHook","filename":"sql.py","lineno":879}
{"timestamp":"2026-07-08T12:05:42.329529Z","level":"info","event":"Poking: SELECT COUNT(*) FROM demo_user.client_b_load_status\nWHERE status = 'COMPLETE' AND processed = 0 (with parameters None)","logger":"airflow.task.operators.airflow.providers.common.sql.sensors.sql.SqlSensor","filename":"sql.py","lineno":100}
{"timestamp":"2026-07-08T12:05:42.386723Z","level":"info","event":"Running statement: SELECT COUNT(*) FROM demo_user.client_b_load_status\nWHERE status = 'COMPLETE' AND processed = 0, parameters: None","logger":"airflow.task.hooks.airflow.providers.oracle.hooks.oracle.OracleHook","filename":"sql.py","lineno":861}
{"timestamp":"2026-07-08T12:05:42.387963Z","level":"info","event":"Rows affected: 0","logger":"airflow.task.hooks.airflow.providers.oracle.hooks.oracle.OracleHook","filename":"sql.py","lineno":879}
{"timestamp":"2026-07-08T12:05:52.423322Z","level":"info","event":"Poking: SELECT COUNT(*) FROM demo_user.client_b_load_status\nWHERE status = 'COMPLETE' AND processed = 0 (with parameters None)","logger":"airflow.task.operators.airflow.providers.common.sql.sensors.sql.SqlSensor","filename":"sql.py","lineno":100}
{"timestamp":"2026-07-08T12:05:52.483950Z","level":"info","event":"Running statement: SELECT COUNT(*) FROM demo_user.client_b_load_status\nWHERE status = 'COMPLETE' AND processed = 0, parameters: None","logger":"airflow.task.hooks.airflow.providers.oracle.hooks.oracle.OracleHook","filename":"sql.py","lineno":861}
{"timestamp":"2026-07-08T12:05:52.485793Z","level":"info","event":"Rows affected: 0","logger":"airflow.task.hooks.airflow.providers.oracle.hooks.oracle.OracleHook","filename":"sql.py","lineno":879}
{"timestamp":"2026-07-08T12:06:02.517654Z","level":"info","event":"Poking: SELECT COUNT(*) FROM demo_user.client_b_load_status\nWHERE status = 'COMPLETE' AND processed = 0 (with parameters None)","logger":"airflow.task.operators.airflow.providers.common.sql.sensors.sql.SqlSensor","filename":"sql.py","lineno":100}
{"timestamp":"2026-07-08T12:06:02.571833Z","level":"info","event":"Running statement: SELECT COUNT(*) FROM demo_user.client_b_load_status\nWHERE status = 'COMPLETE' AND processed = 0, parameters: None","logger":"airflow.task.hooks.airflow.providers.oracle.hooks.oracle.OracleHook","filename":"sql.py","lineno":861}
{"timestamp":"2026-07-08T12:06:02.572827Z","level":"info","event":"Rows affected: 0","logger":"airflow.task.hooks.airflow.providers.oracle.hooks.oracle.OracleHook","filename":"sql.py","lineno":879}
{"timestamp":"2026-07-08T12:06:12.601512Z","level":"info","event":"Poking: SELECT COUNT(*) FROM demo_user.client_b_load_status\nWHERE status = 'COMPLETE' AND processed = 0 (with parameters None)","logger":"airflow.task.operators.airflow.providers.common.sql.sensors.sql.SqlSensor","filename":"sql.py","lineno":100}
{"timestamp":"2026-07-08T12:06:12.657052Z","level":"info","event":"Running statement: SELECT COUNT(*) FROM demo_user.client_b_load_status\nWHERE status = 'COMPLETE' AND processed = 0, parameters: None","logger":"airflow.task.hooks.airflow.providers.oracle.hooks.oracle.OracleHook","filename":"sql.py","lineno":861}
{"timestamp":"2026-07-08T12:06:12.658043Z","level":"info","event":"Rows affected: 0","logger":"airflow.task.hooks.airflow.providers.oracle.hooks.oracle.OracleHook","filename":"sql.py","lineno":879}
{"timestamp":"2026-07-08T12:06:22.700726Z","level":"info","event":"Poking: SELECT COUNT(*) FROM demo_user.client_b_load_status\nWHERE status = 'COMPLETE' AND processed = 0 (with parameters None)","logger":"airflow.task.operators.airflow.providers.common.sql.sensors.sql.SqlSensor","filename":"sql.py","lineno":100}
{"timestamp":"2026-07-08T12:06:22.760569Z","level":"info","event":"Running statement: SELECT COUNT(*) FROM demo_user.client_b_load_status\nWHERE status = 'COMPLETE' AND processed = 0, parameters: None","logger":"airflow.task.hooks.airflow.providers.oracle.hooks.oracle.OracleHook","filename":"sql.py","lineno":861}
{"timestamp":"2026-07-08T12:06:22.761601Z","level":"info","event":"Rows affected: 0","logger":"airflow.task.hooks.airflow.providers.oracle.hooks.oracle.OracleHook","filename":"sql.py","lineno":879}
{"timestamp":"2026-07-08T12:06:32.789194Z","level":"info","event":"Poking: SELECT COUNT(*) FROM demo_user.client_b_load_status\nWHERE status = 'COMPLETE' AND processed = 0 (with parameters None)","logger":"airflow.task.operators.airflow.providers.common.sql.sensors.sql.SqlSensor","filename":"sql.py","lineno":100}
{"timestamp":"2026-07-08T12:06:32.844506Z","level":"info","event":"Running statement: SELECT COUNT(*) FROM demo_user.client_b_load_status\nWHERE status = 'COMPLETE' AND processed = 0, parameters: None","logger":"airflow.task.hooks.airflow.providers.oracle.hooks.oracle.OracleHook","filename":"sql.py","lineno":861}
{"timestamp":"2026-07-08T12:06:32.845382Z","level":"info","event":"Rows affected: 0","logger":"airflow.task.hooks.airflow.providers.oracle.hooks.oracle.OracleHook","filename":"sql.py","lineno":879}
{"timestamp":"2026-07-08T12:06:42.898949Z","level":"info","event":"Poking: SELECT COUNT(*) FROM demo_user.client_b_load_status\nWHERE status = 'COMPLETE' AND processed = 0 (with parameters None)","logger":"airflow.task.operators.airflow.providers.common.sql.sensors.sql.SqlSensor","filename":"sql.py","lineno":100}
{"timestamp":"2026-07-08T12:06:42.959546Z","level":"info","event":"Running statement: SELECT COUNT(*) FROM demo_user.client_b_load_status\nWHERE status = 'COMPLETE' AND processed = 0, parameters: None","logger":"airflow.task.hooks.airflow.providers.oracle.hooks.oracle.OracleHook","filename":"sql.py","lineno":861}
{"timestamp":"2026-07-08T12:06:42.960859Z","level":"info","event":"Rows affected: 0","logger":"airflow.task.hooks.airflow.providers.oracle.hooks.oracle.OracleHook","filename":"sql.py","lineno":879}
{"timestamp":"2026-07-08T12:06:52.997511Z","level":"info","event":"Poking: SELECT COUNT(*) FROM demo_user.client_b_load_status\nWHERE status = 'COMPLETE' AND processed = 0 (with parameters None)","logger":"airflow.task.operators.airflow.providers.common.sql.sensors.sql.SqlSensor","filename":"sql.py","lineno":100}
{"timestamp":"2026-07-08T12:06:53.053273Z","level":"info","event":"Running statement: SELECT COUNT(*) FROM demo_user.client_b_load_status\nWHERE status = 'COMPLETE' AND processed = 0, parameters: None","logger":"airflow.task.hooks.airflow.providers.oracle.hooks.oracle.OracleHook","filename":"sql.py","lineno":861}
{"timestamp":"2026-07-08T12:06:53.054502Z","level":"info","event":"Rows affected: 0","logger":"airflow.task.hooks.airflow.providers.oracle.hooks.oracle.OracleHook","filename":"sql.py","lineno":879}
{"timestamp":"2026-07-08T12:07:03.094298Z","level":"info","event":"Poking: SELECT COUNT(*) FROM demo_user.client_b_load_status\nWHERE status = 'COMPLETE' AND processed = 0 (with parameters None)","logger":"airflow.task.operators.airflow.providers.common.sql.sensors.sql.SqlSensor","filename":"sql.py","lineno":100}
{"timestamp":"2026-07-08T12:07:03.153824Z","level":"info","event":"Running statement: SELECT COUNT(*) FROM demo_user.client_b_load_status\nWHERE status = 'COMPLETE' AND processed = 0, parameters: None","logger":"airflow.task.hooks.airflow.providers.oracle.hooks.oracle.OracleHook","filename":"sql.py","lineno":861}
{"timestamp":"2026-07-08T12:07:03.155002Z","level":"info","event":"Rows affected: 0","logger":"airflow.task.hooks.airflow.providers.oracle.hooks.oracle.OracleHook","filename":"sql.py","lineno":879}
{"timestamp":"2026-07-08T12:07:13.190933Z","level":"info","event":"Poking: SELECT COUNT(*) FROM demo_user.client_b_load_status\nWHERE status = 'COMPLETE' AND processed = 0 (with parameters None)","logger":"airflow.task.operators.airflow.providers.common.sql.sensors.sql.SqlSensor","filename":"sql.py","lineno":100}
{"timestamp":"2026-07-08T12:07:13.251149Z","level":"info","event":"Running statement: SELECT COUNT(*) FROM demo_user.client_b_load_status\nWHERE status = 'COMPLETE' AND processed = 0, parameters: None","logger":"airflow.task.hooks.airflow.providers.oracle.hooks.oracle.OracleHook","filename":"sql.py","lineno":861}
{"timestamp":"2026-07-08T12:07:13.252218Z","level":"info","event":"Rows affected: 0","logger":"airflow.task.hooks.airflow.providers.oracle.hooks.oracle.OracleHook","filename":"sql.py","lineno":879}
{"timestamp":"2026-07-08T12:07:23.287872Z","level":"info","event":"Poking: SELECT COUNT(*) FROM demo_user.client_b_load_status\nWHERE status = 'COMPLETE' AND processed = 0 (with parameters None)","logger":"airflow.task.operators.airflow.providers.common.sql.sensors.sql.SqlSensor","filename":"sql.py","lineno":100}
{"timestamp":"2026-07-08T12:07:23.340359Z","level":"info","event":"Running statement: SELECT COUNT(*) FROM demo_user.client_b_load_status\nWHERE status = 'COMPLETE' AND processed = 0, parameters: None","logger":"airflow.task.hooks.airflow.providers.oracle.hooks.oracle.OracleHook","filename":"sql.py","lineno":861}
{"timestamp":"2026-07-08T12:07:23.341222Z","level":"info","event":"Rows affected: 0","logger":"airflow.task.hooks.airflow.providers.oracle.hooks.oracle.OracleHook","filename":"sql.py","lineno":879}
{"timestamp":"2026-07-08T12:07:33.380912Z","level":"info","event":"Poking: SELECT COUNT(*) FROM demo_user.client_b_load_status\nWHERE status = 'COMPLETE' AND processed = 0 (with parameters None)","logger":"airflow.task.operators.airflow.providers.common.sql.sensors.sql.SqlSensor","filename":"sql.py","lineno":100}
{"timestamp":"2026-07-08T12:07:33.439122Z","level":"info","event":"Running statement: SELECT COUNT(*) FROM demo_user.client_b_load_status\nWHERE status = 'COMPLETE' AND processed = 0, parameters: None","logger":"airflow.task.hooks.airflow.providers.oracle.hooks.oracle.OracleHook","filename":"sql.py","lineno":861}
{"timestamp":"2026-07-08T12:07:33.440483Z","level":"info","event":"Rows affected: 0","logger":"airflow.task.hooks.airflow.providers.oracle.hooks.oracle.OracleHook","filename":"sql.py","lineno":879}
{"timestamp":"2026-07-08T12:07:43.481295Z","level":"info","event":"Poking: SELECT COUNT(*) FROM demo_user.client_b_load_status\nWHERE status = 'COMPLETE' AND processed = 0 (with parameters None)","logger":"airflow.task.operators.airflow.providers.common.sql.sensors.sql.SqlSensor","filename":"sql.py","lineno":100}
{"timestamp":"2026-07-08T12:07:43.544229Z","level":"info","event":"Running statement: SELECT COUNT(*) FROM demo_user.client_b_load_status\nWHERE status = 'COMPLETE' AND processed = 0, parameters: None","logger":"airflow.task.hooks.airflow.providers.oracle.hooks.oracle.OracleHook","filename":"sql.py","lineno":861}
{"timestamp":"2026-07-08T12:07:43.545493Z","level":"info","event":"Rows affected: 0","logger":"airflow.task.hooks.airflow.providers.oracle.hooks.oracle.OracleHook","filename":"sql.py","lineno":879}
{"timestamp":"2026-07-08T12:07:53.583234Z","level":"info","event":"Poking: SELECT COUNT(*) FROM demo_user.client_b_load_status\nWHERE status = 'COMPLETE' AND processed = 0 (with parameters None)","logger":"airflow.task.operators.airflow.providers.common.sql.sensors.sql.SqlSensor","filename":"sql.py","lineno":100}
{"timestamp":"2026-07-08T12:07:53.644139Z","level":"info","event":"Running statement: SELECT COUNT(*) FROM demo_user.client_b_load_status\nWHERE status = 'COMPLETE' AND processed = 0, parameters: None","logger":"airflow.task.hooks.airflow.providers.oracle.hooks.oracle.OracleHook","filename":"sql.py","lineno":861}
{"timestamp":"2026-07-08T12:07:53.645172Z","level":"info","event":"Rows affected: 0","logger":"airflow.task.hooks.airflow.providers.oracle.hooks.oracle.OracleHook","filename":"sql.py","lineno":879}
{"timestamp":"2026-07-08T12:08:03.677966Z","level":"info","event":"Poking: SELECT COUNT(*) FROM demo_user.client_b_load_status\nWHERE status = 'COMPLETE' AND processed = 0 (with parameters None)","logger":"airflow.task.operators.airflow.providers.common.sql.sensors.sql.SqlSensor","filename":"sql.py","lineno":100}
{"timestamp":"2026-07-08T12:08:03.729931Z","level":"info","event":"Running statement: SELECT COUNT(*) FROM demo_user.client_b_load_status\nWHERE status = 'COMPLETE' AND processed = 0, parameters: None","logger":"airflow.task.hooks.airflow.providers.oracle.hooks.oracle.OracleHook","filename":"sql.py","lineno":861}
{"timestamp":"2026-07-08T12:08:03.730891Z","level":"info","event":"Rows affected: 0","logger":"airflow.task.hooks.airflow.providers.oracle.hooks.oracle.OracleHook","filename":"sql.py","lineno":879}
{"timestamp":"2026-07-08T12:08:13.767058Z","level":"info","event":"Poking: SELECT COUNT(*) FROM demo_user.client_b_load_status\nWHERE status = 'COMPLETE' AND processed = 0 (with parameters None)","logger":"airflow.task.operators.airflow.providers.common.sql.sensors.sql.SqlSensor","filename":"sql.py","lineno":100}
{"timestamp":"2026-07-08T12:08:13.820030Z","level":"info","event":"Running statement: SELECT COUNT(*) FROM demo_user.client_b_load_status\nWHERE status = 'COMPLETE' AND processed = 0, parameters: None","logger":"airflow.task.hooks.airflow.providers.oracle.hooks.oracle.OracleHook","filename":"sql.py","lineno":861}
{"timestamp":"2026-07-08T12:08:13.820929Z","level":"info","event":"Rows affected: 0","logger":"airflow.task.hooks.airflow.providers.oracle.hooks.oracle.OracleHook","filename":"sql.py","lineno":879}
{"timestamp":"2026-07-08T12:08:23.862672Z","level":"info","event":"Poking: SELECT COUNT(*) FROM demo_user.client_b_load_status\nWHERE status = 'COMPLETE' AND processed = 0 (with parameters None)","logger":"airflow.task.operators.airflow.providers.common.sql.sensors.sql.SqlSensor","filename":"sql.py","lineno":100}
{"timestamp":"2026-07-08T12:08:23.923419Z","level":"info","event":"Running statement: SELECT COUNT(*) FROM demo_user.client_b_load_status\nWHERE status = 'COMPLETE' AND processed = 0, parameters: None","logger":"airflow.task.hooks.airflow.providers.oracle.hooks.oracle.OracleHook","filename":"sql.py","lineno":861}
{"timestamp":"2026-07-08T12:08:23.924496Z","level":"info","event":"Rows affected: 0","logger":"airflow.task.hooks.airflow.providers.oracle.hooks.oracle.OracleHook","filename":"sql.py","lineno":879}
{"timestamp":"2026-07-08T12:08:33.960039Z","level":"info","event":"Poking: SELECT COUNT(*) FROM demo_user.client_b_load_status\nWHERE status = 'COMPLETE' AND processed = 0 (with parameters None)","logger":"airflow.task.operators.airflow.providers.common.sql.sensors.sql.SqlSensor","filename":"sql.py","lineno":100}
{"timestamp":"2026-07-08T12:08:34.018051Z","level":"info","event":"Running statement: SELECT COUNT(*) FROM demo_user.client_b_load_status\nWHERE status = 'COMPLETE' AND processed = 0, parameters: None","logger":"airflow.task.hooks.airflow.providers.oracle.hooks.oracle.OracleHook","filename":"sql.py","lineno":861}
{"timestamp":"2026-07-08T12:08:34.019118Z","level":"info","event":"Rows affected: 0","logger":"airflow.task.hooks.airflow.providers.oracle.hooks.oracle.OracleHook","filename":"sql.py","lineno":879}
{"timestamp":"2026-07-08T12:08:44.066529Z","level":"info","event":"Poking: SELECT COUNT(*) FROM demo_user.client_b_load_status\nWHERE status = 'COMPLETE' AND processed = 0 (with parameters None)","logger":"airflow.task.operators.airflow.providers.common.sql.sensors.sql.SqlSensor","filename":"sql.py","lineno":100}
{"timestamp":"2026-07-08T12:08:44.128226Z","level":"info","event":"Running statement: SELECT COUNT(*) FROM demo_user.client_b_load_status\nWHERE status = 'COMPLETE' AND processed = 0, parameters: None","logger":"airflow.task.hooks.airflow.providers.oracle.hooks.oracle.OracleHook","filename":"sql.py","lineno":861}
{"timestamp":"2026-07-08T12:08:44.129566Z","level":"info","event":"Rows affected: 0","logger":"airflow.task.hooks.airflow.providers.oracle.hooks.oracle.OracleHook","filename":"sql.py","lineno":879}
{"timestamp":"2026-07-08T12:08:54.166617Z","level":"info","event":"Poking: SELECT COUNT(*) FROM demo_user.client_b_load_status\nWHERE status = 'COMPLETE' AND processed = 0 (with parameters None)","logger":"airflow.task.operators.airflow.providers.common.sql.sensors.sql.SqlSensor","filename":"sql.py","lineno":100}
{"timestamp":"2026-07-08T12:08:54.233006Z","level":"info","event":"Running statement: SELECT COUNT(*) FROM demo_user.client_b_load_status\nWHERE status = 'COMPLETE' AND processed = 0, parameters: None","logger":"airflow.task.hooks.airflow.providers.oracle.hooks.oracle.OracleHook","filename":"sql.py","lineno":861}
{"timestamp":"2026-07-08T12:08:54.234470Z","level":"info","event":"Rows affected: 0","logger":"airflow.task.hooks.airflow.providers.oracle.hooks.oracle.OracleHook","filename":"sql.py","lineno":879}
{"timestamp":"2026-07-08T12:09:04.265944Z","level":"info","event":"Poking: SELECT COUNT(*) FROM demo_user.client_b_load_status\nWHERE status = 'COMPLETE' AND processed = 0 (with parameters None)","logger":"airflow.task.operators.airflow.providers.common.sql.sensors.sql.SqlSensor","filename":"sql.py","lineno":100}
{"timestamp":"2026-07-08T12:09:04.319604Z","level":"info","event":"Running statement: SELECT COUNT(*) FROM demo_user.client_b_load_status\nWHERE status = 'COMPLETE' AND processed = 0, parameters: None","logger":"airflow.task.hooks.airflow.providers.oracle.hooks.oracle.OracleHook","filename":"sql.py","lineno":861}
{"timestamp":"2026-07-08T12:09:04.320734Z","level":"info","event":"Rows affected: 0","logger":"airflow.task.hooks.airflow.providers.oracle.hooks.oracle.OracleHook","filename":"sql.py","lineno":879}
{"timestamp":"2026-07-08T12:09:14.362466Z","level":"info","event":"Poking: SELECT COUNT(*) FROM demo_user.client_b_load_status\nWHERE status = 'COMPLETE' AND processed = 0 (with parameters None)","logger":"airflow.task.operators.airflow.providers.common.sql.sensors.sql.SqlSensor","filename":"sql.py","lineno":100}
{"timestamp":"2026-07-08T12:09:14.422768Z","level":"info","event":"Running statement: SELECT COUNT(*) FROM demo_user.client_b_load_status\nWHERE status = 'COMPLETE' AND processed = 0, parameters: None","logger":"airflow.task.hooks.airflow.providers.oracle.hooks.oracle.OracleHook","filename":"sql.py","lineno":861}
{"timestamp":"2026-07-08T12:09:14.423992Z","level":"info","event":"Rows affected: 0","logger":"airflow.task.hooks.airflow.providers.oracle.hooks.oracle.OracleHook","filename":"sql.py","lineno":879}
{"timestamp":"2026-07-08T12:09:24.462816Z","level":"info","event":"Poking: SELECT COUNT(*) FROM demo_user.client_b_load_status\nWHERE status = 'COMPLETE' AND processed = 0 (with parameters None)","logger":"airflow.task.operators.airflow.providers.common.sql.sensors.sql.SqlSensor","filename":"sql.py","lineno":100}
{"timestamp":"2026-07-08T12:09:24.521458Z","level":"info","event":"Running statement: SELECT COUNT(*) FROM demo_user.client_b_load_status\nWHERE status = 'COMPLETE' AND processed = 0, parameters: None","logger":"airflow.task.hooks.airflow.providers.oracle.hooks.oracle.OracleHook","filename":"sql.py","lineno":861}
{"timestamp":"2026-07-08T12:09:24.522478Z","level":"info","event":"Rows affected: 0","logger":"airflow.task.hooks.airflow.providers.oracle.hooks.oracle.OracleHook","filename":"sql.py","lineno":879}
{"timestamp":"2026-07-08T12:09:34.563706Z","level":"info","event":"Poking: SELECT COUNT(*) FROM demo_user.client_b_load_status\nWHERE status = 'COMPLETE' AND processed = 0 (with parameters None)","logger":"airflow.task.operators.airflow.providers.common.sql.sensors.sql.SqlSensor","filename":"sql.py","lineno":100}
{"timestamp":"2026-07-08T12:09:34.623755Z","level":"info","event":"Running statement: SELECT COUNT(*) FROM demo_user.client_b_load_status\nWHERE status = 'COMPLETE' AND processed = 0, parameters: None","logger":"airflow.task.hooks.airflow.providers.oracle.hooks.oracle.OracleHook","filename":"sql.py","lineno":861}
{"timestamp":"2026-07-08T12:09:34.624930Z","level":"info","event":"Rows affected: 0","logger":"airflow.task.hooks.airflow.providers.oracle.hooks.oracle.OracleHook","filename":"sql.py","lineno":879}
{"timestamp":"2026-07-08T12:09:44.667055Z","level":"info","event":"Poking: SELECT COUNT(*) FROM demo_user.client_b_load_status\nWHERE status = 'COMPLETE' AND processed = 0 (with parameters None)","logger":"airflow.task.operators.airflow.providers.common.sql.sensors.sql.SqlSensor","filename":"sql.py","lineno":100}
{"timestamp":"2026-07-08T12:09:44.725526Z","level":"info","event":"Running statement: SELECT COUNT(*) FROM demo_user.client_b_load_status\nWHERE status = 'COMPLETE' AND processed = 0, parameters: None","logger":"airflow.task.hooks.airflow.providers.oracle.hooks.oracle.OracleHook","filename":"sql.py","lineno":861}
{"timestamp":"2026-07-08T12:09:44.726659Z","level":"info","event":"Rows affected: 0","logger":"airflow.task.hooks.airflow.providers.oracle.hooks.oracle.OracleHook","filename":"sql.py","lineno":879}
{"timestamp":"2026-07-08T12:09:54.763510Z","level":"info","event":"Poking: SELECT COUNT(*) FROM demo_user.client_b_load_status\nWHERE status = 'COMPLETE' AND processed = 0 (with parameters None)","logger":"airflow.task.operators.airflow.providers.common.sql.sensors.sql.SqlSensor","filename":"sql.py","lineno":100}
{"timestamp":"2026-07-08T12:09:54.826887Z","level":"info","event":"Running statement: SELECT COUNT(*) FROM demo_user.client_b_load_status\nWHERE status = 'COMPLETE' AND processed = 0, parameters: None","logger":"airflow.task.hooks.airflow.providers.oracle.hooks.oracle.OracleHook","filename":"sql.py","lineno":861}
{"timestamp":"2026-07-08T12:09:54.829156Z","level":"info","event":"Rows affected: 0","logger":"airflow.task.hooks.airflow.providers.oracle.hooks.oracle.OracleHook","filename":"sql.py","lineno":879}
{"timestamp":"2026-07-08T12:10:04.858726Z","level":"info","event":"Poking: SELECT COUNT(*) FROM demo_user.client_b_load_status\nWHERE status = 'COMPLETE' AND processed = 0 (with parameters None)","logger":"airflow.task.operators.airflow.providers.common.sql.sensors.sql.SqlSensor","filename":"sql.py","lineno":100}
{"timestamp":"2026-07-08T12:10:04.911178Z","level":"info","event":"Running statement: SELECT COUNT(*) FROM demo_user.client_b_load_status\nWHERE status = 'COMPLETE' AND processed = 0, parameters: None","logger":"airflow.task.hooks.airflow.providers.oracle.hooks.oracle.OracleHook","filename":"sql.py","lineno":861}
{"timestamp":"2026-07-08T12:10:04.912571Z","level":"info","event":"Rows affected: 0","logger":"airflow.task.hooks.airflow.providers.oracle.hooks.oracle.OracleHook","filename":"sql.py","lineno":879}
{"timestamp":"2026-07-08T12:10:14.954000Z","level":"info","event":"Poking: SELECT COUNT(*) FROM demo_user.client_b_load_status\nWHERE status = 'COMPLETE' AND processed = 0 (with parameters None)","logger":"airflow.task.operators.airflow.providers.common.sql.sensors.sql.SqlSensor","filename":"sql.py","lineno":100}
{"timestamp":"2026-07-08T12:10:15.023264Z","level":"info","event":"Running statement: SELECT COUNT(*) FROM demo_user.client_b_load_status\nWHERE status = 'COMPLETE' AND processed = 0, parameters: None","logger":"airflow.task.hooks.airflow.providers.oracle.hooks.oracle.OracleHook","filename":"sql.py","lineno":861}
{"timestamp":"2026-07-08T12:10:15.024751Z","level":"info","event":"Rows affected: 0","logger":"airflow.task.hooks.airflow.providers.oracle.hooks.oracle.OracleHook","filename":"sql.py","lineno":879}
{"timestamp":"2026-07-08T12:10:25.067271Z","level":"info","event":"Poking: SELECT COUNT(*) FROM demo_user.client_b_load_status\nWHERE status = 'COMPLETE' AND processed = 0 (with parameters None)","logger":"airflow.task.operators.airflow.providers.common.sql.sensors.sql.SqlSensor","filename":"sql.py","lineno":100}
{"timestamp":"2026-07-08T12:10:25.143968Z","level":"info","event":"Running statement: SELECT COUNT(*) FROM demo_user.client_b_load_status\nWHERE status = 'COMPLETE' AND processed = 0, parameters: None","logger":"airflow.task.hooks.airflow.providers.oracle.hooks.oracle.OracleHook","filename":"sql.py","lineno":861}
{"timestamp":"2026-07-08T12:10:25.145600Z","level":"info","event":"Rows affected: 0","logger":"airflow.task.hooks.airflow.providers.oracle.hooks.oracle.OracleHook","filename":"sql.py","lineno":879}
{"timestamp":"2026-07-08T12:10:35.200009Z","level":"info","event":"Poking: SELECT COUNT(*) FROM demo_user.client_b_load_status\nWHERE status = 'COMPLETE' AND processed = 0 (with parameters None)","logger":"airflow.task.operators.airflow.providers.common.sql.sensors.sql.SqlSensor","filename":"sql.py","lineno":100}
{"timestamp":"2026-07-08T12:10:35.305284Z","level":"info","event":"Running statement: SELECT COUNT(*) FROM demo_user.client_b_load_status\nWHERE status = 'COMPLETE' AND processed = 0, parameters: None","logger":"airflow.task.hooks.airflow.providers.oracle.hooks.oracle.OracleHook","filename":"sql.py","lineno":861}
{"timestamp":"2026-07-08T12:10:35.307225Z","level":"info","event":"Rows affected: 0","logger":"airflow.task.hooks.airflow.providers.oracle.hooks.oracle.OracleHook","filename":"sql.py","lineno":879}
{"timestamp":"2026-07-08T12:10:45.343916Z","level":"info","event":"Poking: SELECT COUNT(*) FROM demo_user.client_b_load_status\nWHERE status = 'COMPLETE' AND processed = 0 (with parameters None)","logger":"airflow.task.operators.airflow.providers.common.sql.sensors.sql.SqlSensor","filename":"sql.py","lineno":100}
{"timestamp":"2026-07-08T12:10:45.407281Z","level":"info","event":"Running statement: SELECT COUNT(*) FROM demo_user.client_b_load_status\nWHERE status = 'COMPLETE' AND processed = 0, parameters: None","logger":"airflow.task.hooks.airflow.providers.oracle.hooks.oracle.OracleHook","filename":"sql.py","lineno":861}
{"timestamp":"2026-07-08T12:10:45.408420Z","level":"info","event":"Rows affected: 0","logger":"airflow.task.hooks.airflow.providers.oracle.hooks.oracle.OracleHook","filename":"sql.py","lineno":879}
{"timestamp":"2026-07-08T12:10:55.443250Z","level":"info","event":"Poking: SELECT COUNT(*) FROM demo_user.client_b_load_status\nWHERE status = 'COMPLETE' AND processed = 0 (with parameters None)","logger":"airflow.task.operators.airflow.providers.common.sql.sensors.sql.SqlSensor","filename":"sql.py","lineno":100}
{"timestamp":"2026-07-08T12:10:55.507300Z","level":"info","event":"Running statement: SELECT COUNT(*) FROM demo_user.client_b_load_status\nWHERE status = 'COMPLETE' AND processed = 0, parameters: None","logger":"airflow.task.hooks.airflow.providers.oracle.hooks.oracle.OracleHook","filename":"sql.py","lineno":861}
{"timestamp":"2026-07-08T12:10:55.508909Z","level":"info","event":"Rows affected: 0","logger":"airflow.task.hooks.airflow.providers.oracle.hooks.oracle.OracleHook","filename":"sql.py","lineno":879}
{"timestamp":"2026-07-08T12:11:05.550197Z","level":"info","event":"Poking: SELECT COUNT(*) FROM demo_user.client_b_load_status\nWHERE status = 'COMPLETE' AND processed = 0 (with parameters None)","logger":"airflow.task.operators.airflow.providers.common.sql.sensors.sql.SqlSensor","filename":"sql.py","lineno":100}
{"timestamp":"2026-07-08T12:11:05.620481Z","level":"info","event":"Running statement: SELECT COUNT(*) FROM demo_user.client_b_load_status\nWHERE status = 'COMPLETE' AND processed = 0, parameters: None","logger":"airflow.task.hooks.airflow.providers.oracle.hooks.oracle.OracleHook","filename":"sql.py","lineno":861}
{"timestamp":"2026-07-08T12:11:05.622015Z","level":"info","event":"Rows affected: 0","logger":"airflow.task.hooks.airflow.providers.oracle.hooks.oracle.OracleHook","filename":"sql.py","lineno":879}
{"timestamp":"2026-07-08T12:11:15.667991Z","level":"info","event":"Poking: SELECT COUNT(*) FROM demo_user.client_b_load_status\nWHERE status = 'COMPLETE' AND processed = 0 (with parameters None)","logger":"airflow.task.operators.airflow.providers.common.sql.sensors.sql.SqlSensor","filename":"sql.py","lineno":100}
{"timestamp":"2026-07-08T12:11:15.739553Z","level":"info","event":"Running statement: SELECT COUNT(*) FROM demo_user.client_b_load_status\nWHERE status = 'COMPLETE' AND processed = 0, parameters: None","logger":"airflow.task.hooks.airflow.providers.oracle.hooks.oracle.OracleHook","filename":"sql.py","lineno":861}
{"timestamp":"2026-07-08T12:11:15.741022Z","level":"info","event":"Rows affected: 0","logger":"airflow.task.hooks.airflow.providers.oracle.hooks.oracle.OracleHook","filename":"sql.py","lineno":879}
{"timestamp":"2026-07-08T12:11:25.784706Z","level":"info","event":"Poking: SELECT COUNT(*) FROM demo_user.client_b_load_status\nWHERE status = 'COMPLETE' AND processed = 0 (with parameters None)","logger":"airflow.task.operators.airflow.providers.common.sql.sensors.sql.SqlSensor","filename":"sql.py","lineno":100}
{"timestamp":"2026-07-08T12:11:25.862535Z","level":"info","event":"Running statement: SELECT COUNT(*) FROM demo_user.client_b_load_status\nWHERE status = 'COMPLETE' AND processed = 0, parameters: None","logger":"airflow.task.hooks.airflow.providers.oracle.hooks.oracle.OracleHook","filename":"sql.py","lineno":861}
{"timestamp":"2026-07-08T12:11:25.863636Z","level":"info","event":"Rows affected: 0","logger":"airflow.task.hooks.airflow.providers.oracle.hooks.oracle.OracleHook","filename":"sql.py","lineno":879}
{"timestamp":"2026-07-08T12:11:35.897286Z","level":"info","event":"Poking: SELECT COUNT(*) FROM demo_user.client_b_load_status\nWHERE status = 'COMPLETE' AND processed = 0 (with parameters None)","logger":"airflow.task.operators.airflow.providers.common.sql.sensors.sql.SqlSensor","filename":"sql.py","lineno":100}
{"timestamp":"2026-07-08T12:11:35.980994Z","level":"info","event":"Running statement: SELECT COUNT(*) FROM demo_user.client_b_load_status\nWHERE status = 'COMPLETE' AND processed = 0, parameters: None","logger":"airflow.task.hooks.airflow.providers.oracle.hooks.oracle.OracleHook","filename":"sql.py","lineno":861}
{"timestamp":"2026-07-08T12:11:35.982447Z","level":"info","event":"Rows affected: 0","logger":"airflow.task.hooks.airflow.providers.oracle.hooks.oracle.OracleHook","filename":"sql.py","lineno":879}
{"timestamp":"2026-07-08T12:11:46.021779Z","level":"info","event":"Poking: SELECT COUNT(*) FROM demo_user.client_b_load_status\nWHERE status = 'COMPLETE' AND processed = 0 (with parameters None)","logger":"airflow.task.operators.airflow.providers.common.sql.sensors.sql.SqlSensor","filename":"sql.py","lineno":100}
{"timestamp":"2026-07-08T12:11:46.083320Z","level":"info","event":"Running statement: SELECT COUNT(*) FROM demo_user.client_b_load_status\nWHERE status = 'COMPLETE' AND processed = 0, parameters: None","logger":"airflow.task.hooks.airflow.providers.oracle.hooks.oracle.OracleHook","filename":"sql.py","lineno":861}
{"timestamp":"2026-07-08T12:11:46.084588Z","level":"info","event":"Rows affected: 0","logger":"airflow.task.hooks.airflow.providers.oracle.hooks.oracle.OracleHook","filename":"sql.py","lineno":879}
{"timestamp":"2026-07-08T12:11:56.125049Z","level":"info","event":"Poking: SELECT COUNT(*) FROM demo_user.client_b_load_status\nWHERE status = 'COMPLETE' AND processed = 0 (with parameters None)","logger":"airflow.task.operators.airflow.providers.common.sql.sensors.sql.SqlSensor","filename":"sql.py","lineno":100}
{"timestamp":"2026-07-08T12:11:56.179580Z","level":"info","event":"Running statement: SELECT COUNT(*) FROM demo_user.client_b_load_status\nWHERE status = 'COMPLETE' AND processed = 0, parameters: None","logger":"airflow.task.hooks.airflow.providers.oracle.hooks.oracle.OracleHook","filename":"sql.py","lineno":861}
{"timestamp":"2026-07-08T12:11:56.180581Z","level":"info","event":"Rows affected: 0","logger":"airflow.task.hooks.airflow.providers.oracle.hooks.oracle.OracleHook","filename":"sql.py","lineno":879}
{"timestamp":"2026-07-08T12:12:06.224466Z","level":"info","event":"Poking: SELECT COUNT(*) FROM demo_user.client_b_load_status\nWHERE status = 'COMPLETE' AND processed = 0 (with parameters None)","logger":"airflow.task.operators.airflow.providers.common.sql.sensors.sql.SqlSensor","filename":"sql.py","lineno":100}
{"timestamp":"2026-07-08T12:12:06.298943Z","level":"info","event":"Running statement: SELECT COUNT(*) FROM demo_user.client_b_load_status\nWHERE status = 'COMPLETE' AND processed = 0, parameters: None","logger":"airflow.task.hooks.airflow.providers.oracle.hooks.oracle.OracleHook","filename":"sql.py","lineno":861}
{"timestamp":"2026-07-08T12:12:06.300603Z","level":"info","event":"Rows affected: 0","logger":"airflow.task.hooks.airflow.providers.oracle.hooks.oracle.OracleHook","filename":"sql.py","lineno":879}
{"timestamp":"2026-07-08T12:12:16.342040Z","level":"info","event":"Poking: SELECT COUNT(*) FROM demo_user.client_b_load_status\nWHERE status = 'COMPLETE' AND processed = 0 (with parameters None)","logger":"airflow.task.operators.airflow.providers.common.sql.sensors.sql.SqlSensor","filename":"sql.py","lineno":100}
{"timestamp":"2026-07-08T12:12:16.408212Z","level":"info","event":"Running statement: SELECT COUNT(*) FROM demo_user.client_b_load_status\nWHERE status = 'COMPLETE' AND processed = 0, parameters: None","logger":"airflow.task.hooks.airflow.providers.oracle.hooks.oracle.OracleHook","filename":"sql.py","lineno":861}
{"timestamp":"2026-07-08T12:12:16.410172Z","level":"info","event":"Rows affected: 0","logger":"airflow.task.hooks.airflow.providers.oracle.hooks.oracle.OracleHook","filename":"sql.py","lineno":879}
{"timestamp":"2026-07-08T12:12:26.456030Z","level":"info","event":"Poking: SELECT COUNT(*) FROM demo_user.client_b_load_status\nWHERE status = 'COMPLETE' AND processed = 0 (with parameters None)","logger":"airflow.task.operators.airflow.providers.common.sql.sensors.sql.SqlSensor","filename":"sql.py","lineno":100}
{"timestamp":"2026-07-08T12:12:26.569237Z","level":"info","event":"Running statement: SELECT COUNT(*) FROM demo_user.client_b_load_status\nWHERE status = 'COMPLETE' AND processed = 0, parameters: None","logger":"airflow.task.hooks.airflow.providers.oracle.hooks.oracle.OracleHook","filename":"sql.py","lineno":861}
{"timestamp":"2026-07-08T12:12:26.571130Z","level":"info","event":"Rows affected: 0","logger":"airflow.task.hooks.airflow.providers.oracle.hooks.oracle.OracleHook","filename":"sql.py","lineno":879}
{"timestamp":"2026-07-08T12:12:36.608820Z","level":"info","event":"Poking: SELECT COUNT(*) FROM demo_user.client_b_load_status\nWHERE status = 'COMPLETE' AND processed = 0 (with parameters None)","logger":"airflow.task.operators.airflow.providers.common.sql.sensors.sql.SqlSensor","filename":"sql.py","lineno":100}
{"timestamp":"2026-07-08T12:12:36.681184Z","level":"info","event":"Running statement: SELECT COUNT(*) FROM demo_user.client_b_load_status\nWHERE status = 'COMPLETE' AND processed = 0, parameters: None","logger":"airflow.task.hooks.airflow.providers.oracle.hooks.oracle.OracleHook","filename":"sql.py","lineno":861}
{"timestamp":"2026-07-08T12:12:36.682983Z","level":"info","event":"Rows affected: 0","logger":"airflow.task.hooks.airflow.providers.oracle.hooks.oracle.OracleHook","filename":"sql.py","lineno":879}
{"timestamp":"2026-07-08T12:12:46.709058Z","level":"info","event":"Poking: SELECT COUNT(*) FROM demo_user.client_b_load_status\nWHERE status = 'COMPLETE' AND processed = 0 (with parameters None)","logger":"airflow.task.operators.airflow.providers.common.sql.sensors.sql.SqlSensor","filename":"sql.py","lineno":100}
{"timestamp":"2026-07-08T12:12:46.765507Z","level":"info","event":"Running statement: SELECT COUNT(*) FROM demo_user.client_b_load_status\nWHERE status = 'COMPLETE' AND processed = 0, parameters: None","logger":"airflow.task.hooks.airflow.providers.oracle.hooks.oracle.OracleHook","filename":"sql.py","lineno":861}
{"timestamp":"2026-07-08T12:12:46.766760Z","level":"info","event":"Rows affected: 0","logger":"airflow.task.hooks.airflow.providers.oracle.hooks.oracle.OracleHook","filename":"sql.py","lineno":879}
{"timestamp":"2026-07-08T12:12:56.808721Z","level":"info","event":"Poking: SELECT COUNT(*) FROM demo_user.client_b_load_status\nWHERE status = 'COMPLETE' AND processed = 0 (with parameters None)","logger":"airflow.task.operators.airflow.providers.common.sql.sensors.sql.SqlSensor","filename":"sql.py","lineno":100}
{"timestamp":"2026-07-08T12:12:56.868899Z","level":"info","event":"Running statement: SELECT COUNT(*) FROM demo_user.client_b_load_status\nWHERE status = 'COMPLETE' AND processed = 0, parameters: None","logger":"airflow.task.hooks.airflow.providers.oracle.hooks.oracle.OracleHook","filename":"sql.py","lineno":861}
{"timestamp":"2026-07-08T12:12:56.869868Z","level":"info","event":"Rows affected: 0","logger":"airflow.task.hooks.airflow.providers.oracle.hooks.oracle.OracleHook","filename":"sql.py","lineno":879}
{"timestamp":"2026-07-08T12:13:06.906875Z","level":"info","event":"Poking: SELECT COUNT(*) FROM demo_user.client_b_load_status\nWHERE status = 'COMPLETE' AND processed = 0 (with parameters None)","logger":"airflow.task.operators.airflow.providers.common.sql.sensors.sql.SqlSensor","filename":"sql.py","lineno":100}
{"timestamp":"2026-07-08T12:13:06.985860Z","level":"info","event":"Running statement: SELECT COUNT(*) FROM demo_user.client_b_load_status\nWHERE status = 'COMPLETE' AND processed = 0, parameters: None","logger":"airflow.task.hooks.airflow.providers.oracle.hooks.oracle.OracleHook","filename":"sql.py","lineno":861}
{"timestamp":"2026-07-08T12:13:06.987377Z","level":"info","event":"Rows affected: 0","logger":"airflow.task.hooks.airflow.providers.oracle.hooks.oracle.OracleHook","filename":"sql.py","lineno":879}
{"timestamp":"2026-07-08T12:13:17.046917Z","level":"info","event":"Poking: SELECT COUNT(*) FROM demo_user.client_b_load_status\nWHERE status = 'COMPLETE' AND processed = 0 (with parameters None)","logger":"airflow.task.operators.airflow.providers.common.sql.sensors.sql.SqlSensor","filename":"sql.py","lineno":100}
{"timestamp":"2026-07-08T12:13:17.117356Z","level":"info","event":"Running statement: SELECT COUNT(*) FROM demo_user.client_b_load_status\nWHERE status = 'COMPLETE' AND processed = 0, parameters: None","logger":"airflow.task.hooks.airflow.providers.oracle.hooks.oracle.OracleHook","filename":"sql.py","lineno":861}
{"timestamp":"2026-07-08T12:13:17.118475Z","level":"info","event":"Rows affected: 0","logger":"airflow.task.hooks.airflow.providers.oracle.hooks.oracle.OracleHook","filename":"sql.py","lineno":879}
{"timestamp":"2026-07-08T12:13:27.154974Z","level":"info","event":"Poking: SELECT COUNT(*) FROM demo_user.client_b_load_status\nWHERE status = 'COMPLETE' AND processed = 0 (with parameters None)","logger":"airflow.task.operators.airflow.providers.common.sql.sensors.sql.SqlSensor","filename":"sql.py","lineno":100}
{"timestamp":"2026-07-08T12:13:27.207145Z","level":"info","event":"Running statement: SELECT COUNT(*) FROM demo_user.client_b_load_status\nWHERE status = 'COMPLETE' AND processed = 0, parameters: None","logger":"airflow.task.hooks.airflow.providers.oracle.hooks.oracle.OracleHook","filename":"sql.py","lineno":861}
{"timestamp":"2026-07-08T12:13:27.208267Z","level":"info","event":"Rows affected: 0","logger":"airflow.task.hooks.airflow.providers.oracle.hooks.oracle.OracleHook","filename":"sql.py","lineno":879}
{"timestamp":"2026-07-08T12:13:37.252382Z","level":"info","event":"Poking: SELECT COUNT(*) FROM demo_user.client_b_load_status\nWHERE status = 'COMPLETE' AND processed = 0 (with parameters None)","logger":"airflow.task.operators.airflow.providers.common.sql.sensors.sql.SqlSensor","filename":"sql.py","lineno":100}
{"timestamp":"2026-07-08T12:13:37.345097Z","level":"info","event":"Running statement: SELECT COUNT(*) FROM demo_user.client_b_load_status\nWHERE status = 'COMPLETE' AND processed = 0, parameters: None","logger":"airflow.task.hooks.airflow.providers.oracle.hooks.oracle.OracleHook","filename":"sql.py","lineno":861}
{"timestamp":"2026-07-08T12:13:37.348674Z","level":"info","event":"Rows affected: 0","logger":"airflow.task.hooks.airflow.providers.oracle.hooks.oracle.OracleHook","filename":"sql.py","lineno":879}
{"timestamp":"2026-07-08T12:13:47.395239Z","level":"info","event":"Poking: SELECT COUNT(*) FROM demo_user.client_b_load_status\nWHERE status = 'COMPLETE' AND processed = 0 (with parameters None)","logger":"airflow.task.operators.airflow.providers.common.sql.sensors.sql.SqlSensor","filename":"sql.py","lineno":100}
{"timestamp":"2026-07-08T12:13:47.464362Z","level":"info","event":"Running statement: SELECT COUNT(*) FROM demo_user.client_b_load_status\nWHERE status = 'COMPLETE' AND processed = 0, parameters: None","logger":"airflow.task.hooks.airflow.providers.oracle.hooks.oracle.OracleHook","filename":"sql.py","lineno":861}
{"timestamp":"2026-07-08T12:13:47.466256Z","level":"info","event":"Rows affected: 0","logger":"airflow.task.hooks.airflow.providers.oracle.hooks.oracle.OracleHook","filename":"sql.py","lineno":879}
{"timestamp":"2026-07-08T12:13:57.507704Z","level":"info","event":"Poking: SELECT COUNT(*) FROM demo_user.client_b_load_status\nWHERE status = 'COMPLETE' AND processed = 0 (with parameters None)","logger":"airflow.task.operators.airflow.providers.common.sql.sensors.sql.SqlSensor","filename":"sql.py","lineno":100}
{"timestamp":"2026-07-08T12:13:57.569517Z","level":"info","event":"Running statement: SELECT COUNT(*) FROM demo_user.client_b_load_status\nWHERE status = 'COMPLETE' AND processed = 0, parameters: None","logger":"airflow.task.hooks.airflow.providers.oracle.hooks.oracle.OracleHook","filename":"sql.py","lineno":861}
{"timestamp":"2026-07-08T12:13:57.570832Z","level":"info","event":"Rows affected: 0","logger":"airflow.task.hooks.airflow.providers.oracle.hooks.oracle.OracleHook","filename":"sql.py","lineno":879}
{"timestamp":"2026-07-08T12:14:07.610619Z","level":"info","event":"Poking: SELECT COUNT(*) FROM demo_user.client_b_load_status\nWHERE status = 'COMPLETE' AND processed = 0 (with parameters None)","logger":"airflow.task.operators.airflow.providers.common.sql.sensors.sql.SqlSensor","filename":"sql.py","lineno":100}
{"timestamp":"2026-07-08T12:14:07.683189Z","level":"info","event":"Running statement: SELECT COUNT(*) FROM demo_user.client_b_load_status\nWHERE status = 'COMPLETE' AND processed = 0, parameters: None","logger":"airflow.task.hooks.airflow.providers.oracle.hooks.oracle.OracleHook","filename":"sql.py","lineno":861}
{"timestamp":"2026-07-08T12:14:07.684550Z","level":"info","event":"Rows affected: 0","logger":"airflow.task.hooks.airflow.providers.oracle.hooks.oracle.OracleHook","filename":"sql.py","lineno":879}
{"timestamp":"2026-07-08T12:14:17.727701Z","level":"info","event":"Poking: SELECT COUNT(*) FROM demo_user.client_b_load_status\nWHERE status = 'COMPLETE' AND processed = 0 (with parameters None)","logger":"airflow.task.operators.airflow.providers.common.sql.sensors.sql.SqlSensor","filename":"sql.py","lineno":100}
{"timestamp":"2026-07-08T12:14:17.804366Z","level":"info","event":"Running statement: SELECT COUNT(*) FROM demo_user.client_b_load_status\nWHERE status = 'COMPLETE' AND processed = 0, parameters: None","logger":"airflow.task.hooks.airflow.providers.oracle.hooks.oracle.OracleHook","filename":"sql.py","lineno":861}
{"timestamp":"2026-07-08T12:14:17.806192Z","level":"info","event":"Rows affected: 0","logger":"airflow.task.hooks.airflow.providers.oracle.hooks.oracle.OracleHook","filename":"sql.py","lineno":879}
{"timestamp":"2026-07-08T12:14:27.851085Z","level":"info","event":"Poking: SELECT COUNT(*) FROM demo_user.client_b_load_status\nWHERE status = 'COMPLETE' AND processed = 0 (with parameters None)","logger":"airflow.task.operators.airflow.providers.common.sql.sensors.sql.SqlSensor","filename":"sql.py","lineno":100}
{"timestamp":"2026-07-08T12:14:27.918759Z","level":"info","event":"Running statement: SELECT COUNT(*) FROM demo_user.client_b_load_status\nWHERE status = 'COMPLETE' AND processed = 0, parameters: None","logger":"airflow.task.hooks.airflow.providers.oracle.hooks.oracle.OracleHook","filename":"sql.py","lineno":861}
{"timestamp":"2026-07-08T12:14:27.920420Z","level":"info","event":"Rows affected: 0","logger":"airflow.task.hooks.airflow.providers.oracle.hooks.oracle.OracleHook","filename":"sql.py","lineno":879}
{"timestamp":"2026-07-08T12:14:37.967680Z","level":"info","event":"Poking: SELECT COUNT(*) FROM demo_user.client_b_load_status\nWHERE status = 'COMPLETE' AND processed = 0 (with parameters None)","logger":"airflow.task.operators.airflow.providers.common.sql.sensors.sql.SqlSensor","filename":"sql.py","lineno":100}
{"timestamp":"2026-07-08T12:14:38.041069Z","level":"info","event":"Running statement: SELECT COUNT(*) FROM demo_user.client_b_load_status\nWHERE status = 'COMPLETE' AND processed = 0, parameters: None","logger":"airflow.task.hooks.airflow.providers.oracle.hooks.oracle.OracleHook","filename":"sql.py","lineno":861}
{"timestamp":"2026-07-08T12:14:38.042901Z","level":"info","event":"Rows affected: 0","logger":"airflow.task.hooks.airflow.providers.oracle.hooks.oracle.OracleHook","filename":"sql.py","lineno":879}
{"timestamp":"2026-07-08T12:14:48.084779Z","level":"info","event":"Poking: SELECT COUNT(*) FROM demo_user.client_b_load_status\nWHERE status = 'COMPLETE' AND processed = 0 (with parameters None)","logger":"airflow.task.operators.airflow.providers.common.sql.sensors.sql.SqlSensor","filename":"sql.py","lineno":100}
{"timestamp":"2026-07-08T12:14:48.140368Z","level":"info","event":"Running statement: SELECT COUNT(*) FROM demo_user.client_b_load_status\nWHERE status = 'COMPLETE' AND processed = 0, parameters: None","logger":"airflow.task.hooks.airflow.providers.oracle.hooks.oracle.OracleHook","filename":"sql.py","lineno":861}
{"timestamp":"2026-07-08T12:14:48.141225Z","level":"info","event":"Rows affected: 0","logger":"airflow.task.hooks.airflow.providers.oracle.hooks.oracle.OracleHook","filename":"sql.py","lineno":879}
{"timestamp":"2026-07-08T12:14:58.163403Z","level":"info","event":"Poking: SELECT COUNT(*) FROM demo_user.client_b_load_status\nWHERE status = 'COMPLETE' AND processed = 0 (with parameters None)","logger":"airflow.task.operators.airflow.providers.common.sql.sensors.sql.SqlSensor","filename":"sql.py","lineno":100}
{"timestamp":"2026-07-08T12:14:58.214803Z","level":"info","event":"Running statement: SELECT COUNT(*) FROM demo_user.client_b_load_status\nWHERE status = 'COMPLETE' AND processed = 0, parameters: None","logger":"airflow.task.hooks.airflow.providers.oracle.hooks.oracle.OracleHook","filename":"sql.py","lineno":861}
{"timestamp":"2026-07-08T12:14:58.215948Z","level":"info","event":"Rows affected: 0","logger":"airflow.task.hooks.airflow.providers.oracle.hooks.oracle.OracleHook","filename":"sql.py","lineno":879}
{"timestamp":"2026-07-08T12:15:08.264200Z","level":"info","event":"Poking: SELECT COUNT(*) FROM demo_user.client_b_load_status\nWHERE status = 'COMPLETE' AND processed = 0 (with parameters None)","logger":"airflow.task.operators.airflow.providers.common.sql.sensors.sql.SqlSensor","filename":"sql.py","lineno":100}
{"timestamp":"2026-07-08T12:15:08.332458Z","level":"info","event":"Running statement: SELECT COUNT(*) FROM demo_user.client_b_load_status\nWHERE status = 'COMPLETE' AND processed = 0, parameters: None","logger":"airflow.task.hooks.airflow.providers.oracle.hooks.oracle.OracleHook","filename":"sql.py","lineno":861}
{"timestamp":"2026-07-08T12:15:08.333720Z","level":"info","event":"Rows affected: 0","logger":"airflow.task.hooks.airflow.providers.oracle.hooks.oracle.OracleHook","filename":"sql.py","lineno":879}
{"timestamp":"2026-07-08T12:15:18.380430Z","level":"info","event":"Poking: SELECT COUNT(*) FROM demo_user.client_b_load_status\nWHERE status = 'COMPLETE' AND processed = 0 (with parameters None)","logger":"airflow.task.operators.airflow.providers.common.sql.sensors.sql.SqlSensor","filename":"sql.py","lineno":100}
{"timestamp":"2026-07-08T12:15:18.460128Z","level":"info","event":"Running statement: SELECT COUNT(*) FROM demo_user.client_b_load_status\nWHERE status = 'COMPLETE' AND processed = 0, parameters: None","logger":"airflow.task.hooks.airflow.providers.oracle.hooks.oracle.OracleHook","filename":"sql.py","lineno":861}
{"timestamp":"2026-07-08T12:15:18.461962Z","level":"info","event":"Rows affected: 0","logger":"airflow.task.hooks.airflow.providers.oracle.hooks.oracle.OracleHook","filename":"sql.py","lineno":879}
{"timestamp":"2026-07-08T12:15:28.506818Z","level":"info","event":"Poking: SELECT COUNT(*) FROM demo_user.client_b_load_status\nWHERE status = 'COMPLETE' AND processed = 0 (with parameters None)","logger":"airflow.task.operators.airflow.providers.common.sql.sensors.sql.SqlSensor","filename":"sql.py","lineno":100}
{"timestamp":"2026-07-08T12:15:28.597982Z","level":"info","event":"Running statement: SELECT COUNT(*) FROM demo_user.client_b_load_status\nWHERE status = 'COMPLETE' AND processed = 0, parameters: None","logger":"airflow.task.hooks.airflow.providers.oracle.hooks.oracle.OracleHook","filename":"sql.py","lineno":861}
{"timestamp":"2026-07-08T12:15:28.600894Z","level":"info","event":"Rows affected: 0","logger":"airflow.task.hooks.airflow.providers.oracle.hooks.oracle.OracleHook","filename":"sql.py","lineno":879}
{"timestamp":"2026-07-08T12:15:38.655247Z","level":"info","event":"Poking: SELECT COUNT(*) FROM demo_user.client_b_load_status\nWHERE status = 'COMPLETE' AND processed = 0 (with parameters None)","logger":"airflow.task.operators.airflow.providers.common.sql.sensors.sql.SqlSensor","filename":"sql.py","lineno":100}
{"timestamp":"2026-07-08T12:15:38.731081Z","level":"info","event":"Running statement: SELECT COUNT(*) FROM demo_user.client_b_load_status\nWHERE status = 'COMPLETE' AND processed = 0, parameters: None","logger":"airflow.task.hooks.airflow.providers.oracle.hooks.oracle.OracleHook","filename":"sql.py","lineno":861}
{"timestamp":"2026-07-08T12:15:38.732877Z","level":"info","event":"Rows affected: 0","logger":"airflow.task.hooks.airflow.providers.oracle.hooks.oracle.OracleHook","filename":"sql.py","lineno":879}
{"timestamp":"2026-07-08T12:15:48.773760Z","level":"info","event":"Poking: SELECT COUNT(*) FROM demo_user.client_b_load_status\nWHERE status = 'COMPLETE' AND processed = 0 (with parameters None)","logger":"airflow.task.operators.airflow.providers.common.sql.sensors.sql.SqlSensor","filename":"sql.py","lineno":100}
{"timestamp":"2026-07-08T12:15:48.825848Z","level":"info","event":"Running statement: SELECT COUNT(*) FROM demo_user.client_b_load_status\nWHERE status = 'COMPLETE' AND processed = 0, parameters: None","logger":"airflow.task.hooks.airflow.providers.oracle.hooks.oracle.OracleHook","filename":"sql.py","lineno":861}
{"timestamp":"2026-07-08T12:15:48.826929Z","level":"info","event":"Rows affected: 0","logger":"airflow.task.hooks.airflow.providers.oracle.hooks.oracle.OracleHook","filename":"sql.py","lineno":879}
{"timestamp":"2026-07-08T12:15:58.868059Z","level":"info","event":"Poking: SELECT COUNT(*) FROM demo_user.client_b_load_status\nWHERE status = 'COMPLETE' AND processed = 0 (with parameters None)","logger":"airflow.task.operators.airflow.providers.common.sql.sensors.sql.SqlSensor","filename":"sql.py","lineno":100}
{"timestamp":"2026-07-08T12:15:58.927525Z","level":"info","event":"Running statement: SELECT COUNT(*) FROM demo_user.client_b_load_status\nWHERE status = 'COMPLETE' AND processed = 0, parameters: None","logger":"airflow.task.hooks.airflow.providers.oracle.hooks.oracle.OracleHook","filename":"sql.py","lineno":861}
{"timestamp":"2026-07-08T12:15:58.928872Z","level":"info","event":"Rows affected: 0","logger":"airflow.task.hooks.airflow.providers.oracle.hooks.oracle.OracleHook","filename":"sql.py","lineno":879}
{"timestamp":"2026-07-08T12:16:08.980662Z","level":"info","event":"Poking: SELECT COUNT(*) FROM demo_user.client_b_load_status\nWHERE status = 'COMPLETE' AND processed = 0 (with parameters None)","logger":"airflow.task.operators.airflow.providers.common.sql.sensors.sql.SqlSensor","filename":"sql.py","lineno":100}
{"timestamp":"2026-07-08T12:16:09.050690Z","level":"info","event":"Running statement: SELECT COUNT(*) FROM demo_user.client_b_load_status\nWHERE status = 'COMPLETE' AND processed = 0, parameters: None","logger":"airflow.task.hooks.airflow.providers.oracle.hooks.oracle.OracleHook","filename":"sql.py","lineno":861}
{"timestamp":"2026-07-08T12:16:09.052083Z","level":"info","event":"Rows affected: 0","logger":"airflow.task.hooks.airflow.providers.oracle.hooks.oracle.OracleHook","filename":"sql.py","lineno":879}
{"timestamp":"2026-07-08T12:16:19.075196Z","level":"info","event":"Poking: SELECT COUNT(*) FROM demo_user.client_b_load_status\nWHERE status = 'COMPLETE' AND processed = 0 (with parameters None)","logger":"airflow.task.operators.airflow.providers.common.sql.sensors.sql.SqlSensor","filename":"sql.py","lineno":100}
{"timestamp":"2026-07-08T12:16:19.127994Z","level":"info","event":"Running statement: SELECT COUNT(*) FROM demo_user.client_b_load_status\nWHERE status = 'COMPLETE' AND processed = 0, parameters: None","logger":"airflow.task.hooks.airflow.providers.oracle.hooks.oracle.OracleHook","filename":"sql.py","lineno":861}
{"timestamp":"2026-07-08T12:16:19.129158Z","level":"info","event":"Rows affected: 0","logger":"airflow.task.hooks.airflow.providers.oracle.hooks.oracle.OracleHook","filename":"sql.py","lineno":879}
{"timestamp":"2026-07-08T12:16:29.169691Z","level":"info","event":"Poking: SELECT COUNT(*) FROM demo_user.client_b_load_status\nWHERE status = 'COMPLETE' AND processed = 0 (with parameters None)","logger":"airflow.task.operators.airflow.providers.common.sql.sensors.sql.SqlSensor","filename":"sql.py","lineno":100}
{"timestamp":"2026-07-08T12:16:29.226911Z","level":"info","event":"Running statement: SELECT COUNT(*) FROM demo_user.client_b_load_status\nWHERE status = 'COMPLETE' AND processed = 0, parameters: None","logger":"airflow.task.hooks.airflow.providers.oracle.hooks.oracle.OracleHook","filename":"sql.py","lineno":861}
{"timestamp":"2026-07-08T12:16:29.228060Z","level":"info","event":"Rows affected: 0","logger":"airflow.task.hooks.airflow.providers.oracle.hooks.oracle.OracleHook","filename":"sql.py","lineno":879}
{"timestamp":"2026-07-08T12:16:39.272485Z","level":"info","event":"Poking: SELECT COUNT(*) FROM demo_user.client_b_load_status\nWHERE status = 'COMPLETE' AND processed = 0 (with parameters None)","logger":"airflow.task.operators.airflow.providers.common.sql.sensors.sql.SqlSensor","filename":"sql.py","lineno":100}
{"timestamp":"2026-07-08T12:16:39.340953Z","level":"info","event":"Running statement: SELECT COUNT(*) FROM demo_user.client_b_load_status\nWHERE status = 'COMPLETE' AND processed = 0, parameters: None","logger":"airflow.task.hooks.airflow.providers.oracle.hooks.oracle.OracleHook","filename":"sql.py","lineno":861}
{"timestamp":"2026-07-08T12:16:39.342385Z","level":"info","event":"Rows affected: 0","logger":"airflow.task.hooks.airflow.providers.oracle.hooks.oracle.OracleHook","filename":"sql.py","lineno":879}
{"timestamp":"2026-07-08T12:16:49.385050Z","level":"info","event":"Poking: SELECT COUNT(*) FROM demo_user.client_b_load_status\nWHERE status = 'COMPLETE' AND processed = 0 (with parameters None)","logger":"airflow.task.operators.airflow.providers.common.sql.sensors.sql.SqlSensor","filename":"sql.py","lineno":100}
{"timestamp":"2026-07-08T12:16:49.442244Z","level":"info","event":"Running statement: SELECT COUNT(*) FROM demo_user.client_b_load_status\nWHERE status = 'COMPLETE' AND processed = 0, parameters: None","logger":"airflow.task.hooks.airflow.providers.oracle.hooks.oracle.OracleHook","filename":"sql.py","lineno":861}
{"timestamp":"2026-07-08T12:16:49.444099Z","level":"info","event":"Rows affected: 0","logger":"airflow.task.hooks.airflow.providers.oracle.hooks.oracle.OracleHook","filename":"sql.py","lineno":879}
{"timestamp":"2026-07-08T12:16:59.478671Z","level":"info","event":"Poking: SELECT COUNT(*) FROM demo_user.client_b_load_status\nWHERE status = 'COMPLETE' AND processed = 0 (with parameters None)","logger":"airflow.task.operators.airflow.providers.common.sql.sensors.sql.SqlSensor","filename":"sql.py","lineno":100}
{"timestamp":"2026-07-08T12:16:59.530646Z","level":"info","event":"Running statement: SELECT COUNT(*) FROM demo_user.client_b_load_status\nWHERE status = 'COMPLETE' AND processed = 0, parameters: None","logger":"airflow.task.hooks.airflow.providers.oracle.hooks.oracle.OracleHook","filename":"sql.py","lineno":861}
{"timestamp":"2026-07-08T12:16:59.531510Z","level":"info","event":"Rows affected: 0","logger":"airflow.task.hooks.airflow.providers.oracle.hooks.oracle.OracleHook","filename":"sql.py","lineno":879}
{"timestamp":"2026-07-08T12:17:09.564073Z","level":"info","event":"Poking: SELECT COUNT(*) FROM demo_user.client_b_load_status\nWHERE status = 'COMPLETE' AND processed = 0 (with parameters None)","logger":"airflow.task.operators.airflow.providers.common.sql.sensors.sql.SqlSensor","filename":"sql.py","lineno":100}
{"timestamp":"2026-07-08T12:17:09.626623Z","level":"info","event":"Running statement: SELECT COUNT(*) FROM demo_user.client_b_load_status\nWHERE status = 'COMPLETE' AND processed = 0, parameters: None","logger":"airflow.task.hooks.airflow.providers.oracle.hooks.oracle.OracleHook","filename":"sql.py","lineno":861}
{"timestamp":"2026-07-08T12:17:09.627935Z","level":"info","event":"Rows affected: 0","logger":"airflow.task.hooks.airflow.providers.oracle.hooks.oracle.OracleHook","filename":"sql.py","lineno":879}
{"timestamp":"2026-07-08T12:17:19.668462Z","level":"info","event":"Poking: SELECT COUNT(*) FROM demo_user.client_b_load_status\nWHERE status = 'COMPLETE' AND processed = 0 (with parameters None)","logger":"airflow.task.operators.airflow.providers.common.sql.sensors.sql.SqlSensor","filename":"sql.py","lineno":100}
{"timestamp":"2026-07-08T12:17:19.725785Z","level":"info","event":"Running statement: SELECT COUNT(*) FROM demo_user.client_b_load_status\nWHERE status = 'COMPLETE' AND processed = 0, parameters: None","logger":"airflow.task.hooks.airflow.providers.oracle.hooks.oracle.OracleHook","filename":"sql.py","lineno":861}
{"timestamp":"2026-07-08T12:17:19.727121Z","level":"info","event":"Rows affected: 0","logger":"airflow.task.hooks.airflow.providers.oracle.hooks.oracle.OracleHook","filename":"sql.py","lineno":879}
{"timestamp":"2026-07-08T12:17:29.762255Z","level":"info","event":"Poking: SELECT COUNT(*) FROM demo_user.client_b_load_status\nWHERE status = 'COMPLETE' AND processed = 0 (with parameters None)","logger":"airflow.task.operators.airflow.providers.common.sql.sensors.sql.SqlSensor","filename":"sql.py","lineno":100}
{"timestamp":"2026-07-08T12:17:29.824293Z","level":"info","event":"Running statement: SELECT COUNT(*) FROM demo_user.client_b_load_status\nWHERE status = 'COMPLETE' AND processed = 0, parameters: None","logger":"airflow.task.hooks.airflow.providers.oracle.hooks.oracle.OracleHook","filename":"sql.py","lineno":861}
{"timestamp":"2026-07-08T12:17:29.825166Z","level":"info","event":"Rows affected: 0","logger":"airflow.task.hooks.airflow.providers.oracle.hooks.oracle.OracleHook","filename":"sql.py","lineno":879}
{"timestamp":"2026-07-08T12:17:39.893996Z","level":"info","event":"Poking: SELECT COUNT(*) FROM demo_user.client_b_load_status\nWHERE status = 'COMPLETE' AND processed = 0 (with parameters None)","logger":"airflow.task.operators.airflow.providers.common.sql.sensors.sql.SqlSensor","filename":"sql.py","lineno":100}
{"timestamp":"2026-07-08T12:17:40.015262Z","level":"info","event":"Running statement: SELECT COUNT(*) FROM demo_user.client_b_load_status\nWHERE status = 'COMPLETE' AND processed = 0, parameters: None","logger":"airflow.task.hooks.airflow.providers.oracle.hooks.oracle.OracleHook","filename":"sql.py","lineno":861}
{"timestamp":"2026-07-08T12:17:40.017156Z","level":"info","event":"Rows affected: 0","logger":"airflow.task.hooks.airflow.providers.oracle.hooks.oracle.OracleHook","filename":"sql.py","lineno":879}
{"timestamp":"2026-07-08T12:17:50.060764Z","level":"info","event":"Poking: SELECT COUNT(*) FROM demo_user.client_b_load_status\nWHERE status = 'COMPLETE' AND processed = 0 (with parameters None)","logger":"airflow.task.operators.airflow.providers.common.sql.sensors.sql.SqlSensor","filename":"sql.py","lineno":100}
{"timestamp":"2026-07-08T12:17:50.122716Z","level":"info","event":"Running statement: SELECT COUNT(*) FROM demo_user.client_b_load_status\nWHERE status = 'COMPLETE' AND processed = 0, parameters: None","logger":"airflow.task.hooks.airflow.providers.oracle.hooks.oracle.OracleHook","filename":"sql.py","lineno":861}
{"timestamp":"2026-07-08T12:17:50.124041Z","level":"info","event":"Rows affected: 0","logger":"airflow.task.hooks.airflow.providers.oracle.hooks.oracle.OracleHook","filename":"sql.py","lineno":879}
{"timestamp":"2026-07-08T12:18:00.167177Z","level":"info","event":"Poking: SELECT COUNT(*) FROM demo_user.client_b_load_status\nWHERE status = 'COMPLETE' AND processed = 0 (with parameters None)","logger":"airflow.task.operators.airflow.providers.common.sql.sensors.sql.SqlSensor","filename":"sql.py","lineno":100}
{"timestamp":"2026-07-08T12:18:00.236574Z","level":"info","event":"Running statement: SELECT COUNT(*) FROM demo_user.client_b_load_status\nWHERE status = 'COMPLETE' AND processed = 0, parameters: None","logger":"airflow.task.hooks.airflow.providers.oracle.hooks.oracle.OracleHook","filename":"sql.py","lineno":861}
{"timestamp":"2026-07-08T12:18:00.237676Z","level":"info","event":"Rows affected: 0","logger":"airflow.task.hooks.airflow.providers.oracle.hooks.oracle.OracleHook","filename":"sql.py","lineno":879}
{"timestamp":"2026-07-08T12:18:10.279566Z","level":"info","event":"Poking: SELECT COUNT(*) FROM demo_user.client_b_load_status\nWHERE status = 'COMPLETE' AND processed = 0 (with parameters None)","logger":"airflow.task.operators.airflow.providers.common.sql.sensors.sql.SqlSensor","filename":"sql.py","lineno":100}
{"timestamp":"2026-07-08T12:18:10.336302Z","level":"info","event":"Running statement: SELECT COUNT(*) FROM demo_user.client_b_load_status\nWHERE status = 'COMPLETE' AND processed = 0, parameters: None","logger":"airflow.task.hooks.airflow.providers.oracle.hooks.oracle.OracleHook","filename":"sql.py","lineno":861}
{"timestamp":"2026-07-08T12:18:10.337229Z","level":"info","event":"Rows affected: 0","logger":"airflow.task.hooks.airflow.providers.oracle.hooks.oracle.OracleHook","filename":"sql.py","lineno":879}
{"timestamp":"2026-07-08T12:18:20.380314Z","level":"info","event":"Poking: SELECT COUNT(*) FROM demo_user.client_b_load_status\nWHERE status = 'COMPLETE' AND processed = 0 (with parameters None)","logger":"airflow.task.operators.airflow.providers.common.sql.sensors.sql.SqlSensor","filename":"sql.py","lineno":100}
{"timestamp":"2026-07-08T12:18:20.444025Z","level":"info","event":"Running statement: SELECT COUNT(*) FROM demo_user.client_b_load_status\nWHERE status = 'COMPLETE' AND processed = 0, parameters: None","logger":"airflow.task.hooks.airflow.providers.oracle.hooks.oracle.OracleHook","filename":"sql.py","lineno":861}
{"timestamp":"2026-07-08T12:18:20.445757Z","level":"info","event":"Rows affected: 0","logger":"airflow.task.hooks.airflow.providers.oracle.hooks.oracle.OracleHook","filename":"sql.py","lineno":879}
{"timestamp":"2026-07-08T12:18:30.472869Z","level":"info","event":"Poking: SELECT COUNT(*) FROM demo_user.client_b_load_status\nWHERE status = 'COMPLETE' AND processed = 0 (with parameters None)","logger":"airflow.task.operators.airflow.providers.common.sql.sensors.sql.SqlSensor","filename":"sql.py","lineno":100}
{"timestamp":"2026-07-08T12:18:30.526496Z","level":"info","event":"Running statement: SELECT COUNT(*) FROM demo_user.client_b_load_status\nWHERE status = 'COMPLETE' AND processed = 0, parameters: None","logger":"airflow.task.hooks.airflow.providers.oracle.hooks.oracle.OracleHook","filename":"sql.py","lineno":861}
{"timestamp":"2026-07-08T12:18:30.527533Z","level":"info","event":"Rows affected: 0","logger":"airflow.task.hooks.airflow.providers.oracle.hooks.oracle.OracleHook","filename":"sql.py","lineno":879}
{"timestamp":"2026-07-08T12:18:40.560216Z","level":"info","event":"Poking: SELECT COUNT(*) FROM demo_user.client_b_load_status\nWHERE status = 'COMPLETE' AND processed = 0 (with parameters None)","logger":"airflow.task.operators.airflow.providers.common.sql.sensors.sql.SqlSensor","filename":"sql.py","lineno":100}
{"timestamp":"2026-07-08T12:18:40.611406Z","level":"info","event":"Running statement: SELECT COUNT(*) FROM demo_user.client_b_load_status\nWHERE status = 'COMPLETE' AND processed = 0, parameters: None","logger":"airflow.task.hooks.airflow.providers.oracle.hooks.oracle.OracleHook","filename":"sql.py","lineno":861}
{"timestamp":"2026-07-08T12:18:40.612700Z","level":"info","event":"Rows affected: 0","logger":"airflow.task.hooks.airflow.providers.oracle.hooks.oracle.OracleHook","filename":"sql.py","lineno":879}
{"timestamp":"2026-07-08T12:18:50.646152Z","level":"info","event":"Poking: SELECT COUNT(*) FROM demo_user.client_b_load_status\nWHERE status = 'COMPLETE' AND processed = 0 (with parameters None)","logger":"airflow.task.operators.airflow.providers.common.sql.sensors.sql.SqlSensor","filename":"sql.py","lineno":100}
{"timestamp":"2026-07-08T12:18:50.701149Z","level":"info","event":"Running statement: SELECT COUNT(*) FROM demo_user.client_b_load_status\nWHERE status = 'COMPLETE' AND processed = 0, parameters: None","logger":"airflow.task.hooks.airflow.providers.oracle.hooks.oracle.OracleHook","filename":"sql.py","lineno":861}
{"timestamp":"2026-07-08T12:18:50.702206Z","level":"info","event":"Rows affected: 0","logger":"airflow.task.hooks.airflow.providers.oracle.hooks.oracle.OracleHook","filename":"sql.py","lineno":879}
{"timestamp":"2026-07-08T12:19:00.734484Z","level":"info","event":"Poking: SELECT COUNT(*) FROM demo_user.client_b_load_status\nWHERE status = 'COMPLETE' AND processed = 0 (with parameters None)","logger":"airflow.task.operators.airflow.providers.common.sql.sensors.sql.SqlSensor","filename":"sql.py","lineno":100}
{"timestamp":"2026-07-08T12:19:00.789012Z","level":"info","event":"Running statement: SELECT COUNT(*) FROM demo_user.client_b_load_status\nWHERE status = 'COMPLETE' AND processed = 0, parameters: None","logger":"airflow.task.hooks.airflow.providers.oracle.hooks.oracle.OracleHook","filename":"sql.py","lineno":861}
{"timestamp":"2026-07-08T12:19:00.790079Z","level":"info","event":"Rows affected: 0","logger":"airflow.task.hooks.airflow.providers.oracle.hooks.oracle.OracleHook","filename":"sql.py","lineno":879}
{"timestamp":"2026-07-08T12:19:10.828152Z","level":"info","event":"Poking: SELECT COUNT(*) FROM demo_user.client_b_load_status\nWHERE status = 'COMPLETE' AND processed = 0 (with parameters None)","logger":"airflow.task.operators.airflow.providers.common.sql.sensors.sql.SqlSensor","filename":"sql.py","lineno":100}
{"timestamp":"2026-07-08T12:19:10.890844Z","level":"info","event":"Running statement: SELECT COUNT(*) FROM demo_user.client_b_load_status\nWHERE status = 'COMPLETE' AND processed = 0, parameters: None","logger":"airflow.task.hooks.airflow.providers.oracle.hooks.oracle.OracleHook","filename":"sql.py","lineno":861}
{"timestamp":"2026-07-08T12:19:10.892049Z","level":"info","event":"Rows affected: 0","logger":"airflow.task.hooks.airflow.providers.oracle.hooks.oracle.OracleHook","filename":"sql.py","lineno":879}
{"timestamp":"2026-07-08T12:19:20.931639Z","level":"info","event":"Poking: SELECT COUNT(*) FROM demo_user.client_b_load_status\nWHERE status = 'COMPLETE' AND processed = 0 (with parameters None)","logger":"airflow.task.operators.airflow.providers.common.sql.sensors.sql.SqlSensor","filename":"sql.py","lineno":100}
{"timestamp":"2026-07-08T12:19:20.981651Z","level":"info","event":"Running statement: SELECT COUNT(*) FROM demo_user.client_b_load_status\nWHERE status = 'COMPLETE' AND processed = 0, parameters: None","logger":"airflow.task.hooks.airflow.providers.oracle.hooks.oracle.OracleHook","filename":"sql.py","lineno":861}
{"timestamp":"2026-07-08T12:19:20.983280Z","level":"info","event":"Rows affected: 0","logger":"airflow.task.hooks.airflow.providers.oracle.hooks.oracle.OracleHook","filename":"sql.py","lineno":879}
{"timestamp":"2026-07-08T12:19:31.012277Z","level":"info","event":"Poking: SELECT COUNT(*) FROM demo_user.client_b_load_status\nWHERE status = 'COMPLETE' AND processed = 0 (with parameters None)","logger":"airflow.task.operators.airflow.providers.common.sql.sensors.sql.SqlSensor","filename":"sql.py","lineno":100}
{"timestamp":"2026-07-08T12:19:31.061627Z","level":"info","event":"Running statement: SELECT COUNT(*) FROM demo_user.client_b_load_status\nWHERE status = 'COMPLETE' AND processed = 0, parameters: None","logger":"airflow.task.hooks.airflow.providers.oracle.hooks.oracle.OracleHook","filename":"sql.py","lineno":861}
{"timestamp":"2026-07-08T12:19:31.062616Z","level":"info","event":"Rows affected: 0","logger":"airflow.task.hooks.airflow.providers.oracle.hooks.oracle.OracleHook","filename":"sql.py","lineno":879}
{"timestamp":"2026-07-08T12:19:41.101259Z","level":"info","event":"Poking: SELECT COUNT(*) FROM demo_user.client_b_load_status\nWHERE status = 'COMPLETE' AND processed = 0 (with parameters None)","logger":"airflow.task.operators.airflow.providers.common.sql.sensors.sql.SqlSensor","filename":"sql.py","lineno":100}
{"timestamp":"2026-07-08T12:19:41.156487Z","level":"info","event":"Running statement: SELECT COUNT(*) FROM demo_user.client_b_load_status\nWHERE status = 'COMPLETE' AND processed = 0, parameters: None","logger":"airflow.task.hooks.airflow.providers.oracle.hooks.oracle.OracleHook","filename":"sql.py","lineno":861}
{"timestamp":"2026-07-08T12:19:41.157429Z","level":"info","event":"Rows affected: 0","logger":"airflow.task.hooks.airflow.providers.oracle.hooks.oracle.OracleHook","filename":"sql.py","lineno":879}
{"timestamp":"2026-07-08T12:19:51.196277Z","level":"info","event":"Poking: SELECT COUNT(*) FROM demo_user.client_b_load_status\nWHERE status = 'COMPLETE' AND processed = 0 (with parameters None)","logger":"airflow.task.operators.airflow.providers.common.sql.sensors.sql.SqlSensor","filename":"sql.py","lineno":100}
{"timestamp":"2026-07-08T12:19:51.255443Z","level":"info","event":"Running statement: SELECT COUNT(*) FROM demo_user.client_b_load_status\nWHERE status = 'COMPLETE' AND processed = 0, parameters: None","logger":"airflow.task.hooks.airflow.providers.oracle.hooks.oracle.OracleHook","filename":"sql.py","lineno":861}
{"timestamp":"2026-07-08T12:19:51.256567Z","level":"info","event":"Rows affected: 0","logger":"airflow.task.hooks.airflow.providers.oracle.hooks.oracle.OracleHook","filename":"sql.py","lineno":879}
{"timestamp":"2026-07-08T12:20:01.286070Z","level":"info","event":"Poking: SELECT COUNT(*) FROM demo_user.client_b_load_status\nWHERE status = 'COMPLETE' AND processed = 0 (with parameters None)","logger":"airflow.task.operators.airflow.providers.common.sql.sensors.sql.SqlSensor","filename":"sql.py","lineno":100}
{"timestamp":"2026-07-08T12:20:01.347430Z","level":"info","event":"Running statement: SELECT COUNT(*) FROM demo_user.client_b_load_status\nWHERE status = 'COMPLETE' AND processed = 0, parameters: None","logger":"airflow.task.hooks.airflow.providers.oracle.hooks.oracle.OracleHook","filename":"sql.py","lineno":861}
{"timestamp":"2026-07-08T12:20:01.348585Z","level":"info","event":"Rows affected: 0","logger":"airflow.task.hooks.airflow.providers.oracle.hooks.oracle.OracleHook","filename":"sql.py","lineno":879}
{"timestamp":"2026-07-08T12:20:11.385968Z","level":"info","event":"Poking: SELECT COUNT(*) FROM demo_user.client_b_load_status\nWHERE status = 'COMPLETE' AND processed = 0 (with parameters None)","logger":"airflow.task.operators.airflow.providers.common.sql.sensors.sql.SqlSensor","filename":"sql.py","lineno":100}
{"timestamp":"2026-07-08T12:20:11.442675Z","level":"info","event":"Running statement: SELECT COUNT(*) FROM demo_user.client_b_load_status\nWHERE status = 'COMPLETE' AND processed = 0, parameters: None","logger":"airflow.task.hooks.airflow.providers.oracle.hooks.oracle.OracleHook","filename":"sql.py","lineno":861}
{"timestamp":"2026-07-08T12:20:11.443772Z","level":"info","event":"Rows affected: 0","logger":"airflow.task.hooks.airflow.providers.oracle.hooks.oracle.OracleHook","filename":"sql.py","lineno":879}
{"timestamp":"2026-07-08T12:20:21.481913Z","level":"info","event":"Poking: SELECT COUNT(*) FROM demo_user.client_b_load_status\nWHERE status = 'COMPLETE' AND processed = 0 (with parameters None)","logger":"airflow.task.operators.airflow.providers.common.sql.sensors.sql.SqlSensor","filename":"sql.py","lineno":100}
{"timestamp":"2026-07-08T12:20:21.536939Z","level":"info","event":"Running statement: SELECT COUNT(*) FROM demo_user.client_b_load_status\nWHERE status = 'COMPLETE' AND processed = 0, parameters: None","logger":"airflow.task.hooks.airflow.providers.oracle.hooks.oracle.OracleHook","filename":"sql.py","lineno":861}
{"timestamp":"2026-07-08T12:20:21.538190Z","level":"info","event":"Rows affected: 0","logger":"airflow.task.hooks.airflow.providers.oracle.hooks.oracle.OracleHook","filename":"sql.py","lineno":879}
{"timestamp":"2026-07-08T12:20:31.581027Z","level":"info","event":"Poking: SELECT COUNT(*) FROM demo_user.client_b_load_status\nWHERE status = 'COMPLETE' AND processed = 0 (with parameters None)","logger":"airflow.task.operators.airflow.providers.common.sql.sensors.sql.SqlSensor","filename":"sql.py","lineno":100}
{"timestamp":"2026-07-08T12:20:31.641496Z","level":"info","event":"Running statement: SELECT COUNT(*) FROM demo_user.client_b_load_status\nWHERE status = 'COMPLETE' AND processed = 0, parameters: None","logger":"airflow.task.hooks.airflow.providers.oracle.hooks.oracle.OracleHook","filename":"sql.py","lineno":861}
{"timestamp":"2026-07-08T12:20:31.642948Z","level":"info","event":"Rows affected: 0","logger":"airflow.task.hooks.airflow.providers.oracle.hooks.oracle.OracleHook","filename":"sql.py","lineno":879}
{"timestamp":"2026-07-08T12:20:41.702256Z","level":"info","event":"Poking: SELECT COUNT(*) FROM demo_user.client_b_load_status\nWHERE status = 'COMPLETE' AND processed = 0 (with parameters None)","logger":"airflow.task.operators.airflow.providers.common.sql.sensors.sql.SqlSensor","filename":"sql.py","lineno":100}
{"timestamp":"2026-07-08T12:20:41.819720Z","level":"info","event":"Running statement: SELECT COUNT(*) FROM demo_user.client_b_load_status\nWHERE status = 'COMPLETE' AND processed = 0, parameters: None","logger":"airflow.task.hooks.airflow.providers.oracle.hooks.oracle.OracleHook","filename":"sql.py","lineno":861}
{"timestamp":"2026-07-08T12:20:41.822305Z","level":"info","event":"Rows affected: 0","logger":"airflow.task.hooks.airflow.providers.oracle.hooks.oracle.OracleHook","filename":"sql.py","lineno":879}
{"timestamp":"2026-07-08T12:20:51.867469Z","level":"info","event":"Poking: SELECT COUNT(*) FROM demo_user.client_b_load_status\nWHERE status = 'COMPLETE' AND processed = 0 (with parameters None)","logger":"airflow.task.operators.airflow.providers.common.sql.sensors.sql.SqlSensor","filename":"sql.py","lineno":100}
{"timestamp":"2026-07-08T12:20:51.923748Z","level":"info","event":"Running statement: SELECT COUNT(*) FROM demo_user.client_b_load_status\nWHERE status = 'COMPLETE' AND processed = 0, parameters: None","logger":"airflow.task.hooks.airflow.providers.oracle.hooks.oracle.OracleHook","filename":"sql.py","lineno":861}
{"timestamp":"2026-07-08T12:20:51.924783Z","level":"info","event":"Rows affected: 0","logger":"airflow.task.hooks.airflow.providers.oracle.hooks.oracle.OracleHook","filename":"sql.py","lineno":879}
{"timestamp":"2026-07-08T12:21:01.965967Z","level":"info","event":"Poking: SELECT COUNT(*) FROM demo_user.client_b_load_status\nWHERE status = 'COMPLETE' AND processed = 0 (with parameters None)","logger":"airflow.task.operators.airflow.providers.common.sql.sensors.sql.SqlSensor","filename":"sql.py","lineno":100}
{"timestamp":"2026-07-08T12:21:02.043799Z","level":"info","event":"Running statement: SELECT COUNT(*) FROM demo_user.client_b_load_status\nWHERE status = 'COMPLETE' AND processed = 0, parameters: None","logger":"airflow.task.hooks.airflow.providers.oracle.hooks.oracle.OracleHook","filename":"sql.py","lineno":861}
{"timestamp":"2026-07-08T12:21:02.045351Z","level":"info","event":"Rows affected: 0","logger":"airflow.task.hooks.airflow.providers.oracle.hooks.oracle.OracleHook","filename":"sql.py","lineno":879}
{"timestamp":"2026-07-08T12:21:12.088648Z","level":"info","event":"Poking: SELECT COUNT(*) FROM demo_user.client_b_load_status\nWHERE status = 'COMPLETE' AND processed = 0 (with parameters None)","logger":"airflow.task.operators.airflow.providers.common.sql.sensors.sql.SqlSensor","filename":"sql.py","lineno":100}
{"timestamp":"2026-07-08T12:21:12.152572Z","level":"info","event":"Running statement: SELECT COUNT(*) FROM demo_user.client_b_load_status\nWHERE status = 'COMPLETE' AND processed = 0, parameters: None","logger":"airflow.task.hooks.airflow.providers.oracle.hooks.oracle.OracleHook","filename":"sql.py","lineno":861}
{"timestamp":"2026-07-08T12:21:12.153581Z","level":"info","event":"Rows affected: 0","logger":"airflow.task.hooks.airflow.providers.oracle.hooks.oracle.OracleHook","filename":"sql.py","lineno":879}
{"timestamp":"2026-07-08T12:21:22.249553Z","level":"info","event":"Poking: SELECT COUNT(*) FROM demo_user.client_b_load_status\nWHERE status = 'COMPLETE' AND processed = 0 (with parameters None)","logger":"airflow.task.operators.airflow.providers.common.sql.sensors.sql.SqlSensor","filename":"sql.py","lineno":100}
{"timestamp":"2026-07-08T12:21:22.339197Z","level":"info","event":"Running statement: SELECT COUNT(*) FROM demo_user.client_b_load_status\nWHERE status = 'COMPLETE' AND processed = 0, parameters: None","logger":"airflow.task.hooks.airflow.providers.oracle.hooks.oracle.OracleHook","filename":"sql.py","lineno":861}
{"timestamp":"2026-07-08T12:21:22.340363Z","level":"info","event":"Rows affected: 0","logger":"airflow.task.hooks.airflow.providers.oracle.hooks.oracle.OracleHook","filename":"sql.py","lineno":879}
{"timestamp":"2026-07-08T12:21:32.368482Z","level":"info","event":"Poking: SELECT COUNT(*) FROM demo_user.client_b_load_status\nWHERE status = 'COMPLETE' AND processed = 0 (with parameters None)","logger":"airflow.task.operators.airflow.providers.common.sql.sensors.sql.SqlSensor","filename":"sql.py","lineno":100}
{"timestamp":"2026-07-08T12:21:32.431582Z","level":"info","event":"Running statement: SELECT COUNT(*) FROM demo_user.client_b_load_status\nWHERE status = 'COMPLETE' AND processed = 0, parameters: None","logger":"airflow.task.hooks.airflow.providers.oracle.hooks.oracle.OracleHook","filename":"sql.py","lineno":861}
{"timestamp":"2026-07-08T12:21:32.433000Z","level":"info","event":"Rows affected: 0","logger":"airflow.task.hooks.airflow.providers.oracle.hooks.oracle.OracleHook","filename":"sql.py","lineno":879}
{"timestamp":"2026-07-08T12:21:42.473402Z","level":"info","event":"Poking: SELECT COUNT(*) FROM demo_user.client_b_load_status\nWHERE status = 'COMPLETE' AND processed = 0 (with parameters None)","logger":"airflow.task.operators.airflow.providers.common.sql.sensors.sql.SqlSensor","filename":"sql.py","lineno":100}
{"timestamp":"2026-07-08T12:21:42.528806Z","level":"info","event":"Running statement: SELECT COUNT(*) FROM demo_user.client_b_load_status\nWHERE status = 'COMPLETE' AND processed = 0, parameters: None","logger":"airflow.task.hooks.airflow.providers.oracle.hooks.oracle.OracleHook","filename":"sql.py","lineno":861}
{"timestamp":"2026-07-08T12:21:42.529808Z","level":"info","event":"Rows affected: 0","logger":"airflow.task.hooks.airflow.providers.oracle.hooks.oracle.OracleHook","filename":"sql.py","lineno":879}
{"timestamp":"2026-07-08T12:21:52.572432Z","level":"info","event":"Poking: SELECT COUNT(*) FROM demo_user.client_b_load_status\nWHERE status = 'COMPLETE' AND processed = 0 (with parameters None)","logger":"airflow.task.operators.airflow.providers.common.sql.sensors.sql.SqlSensor","filename":"sql.py","lineno":100}
{"timestamp":"2026-07-08T12:21:52.647407Z","level":"info","event":"Running statement: SELECT COUNT(*) FROM demo_user.client_b_load_status\nWHERE status = 'COMPLETE' AND processed = 0, parameters: None","logger":"airflow.task.hooks.airflow.providers.oracle.hooks.oracle.OracleHook","filename":"sql.py","lineno":861}
{"timestamp":"2026-07-08T12:21:52.648871Z","level":"info","event":"Rows affected: 0","logger":"airflow.task.hooks.airflow.providers.oracle.hooks.oracle.OracleHook","filename":"sql.py","lineno":879}
{"timestamp":"2026-07-08T12:22:02.682123Z","level":"info","event":"Poking: SELECT COUNT(*) FROM demo_user.client_b_load_status\nWHERE status = 'COMPLETE' AND processed = 0 (with parameters None)","logger":"airflow.task.operators.airflow.providers.common.sql.sensors.sql.SqlSensor","filename":"sql.py","lineno":100}
{"timestamp":"2026-07-08T12:22:02.736975Z","level":"info","event":"Running statement: SELECT COUNT(*) FROM demo_user.client_b_load_status\nWHERE status = 'COMPLETE' AND processed = 0, parameters: None","logger":"airflow.task.hooks.airflow.providers.oracle.hooks.oracle.OracleHook","filename":"sql.py","lineno":861}
{"timestamp":"2026-07-08T12:22:02.738086Z","level":"info","event":"Rows affected: 0","logger":"airflow.task.hooks.airflow.providers.oracle.hooks.oracle.OracleHook","filename":"sql.py","lineno":879}
{"timestamp":"2026-07-08T12:22:12.778879Z","level":"info","event":"Poking: SELECT COUNT(*) FROM demo_user.client_b_load_status\nWHERE status = 'COMPLETE' AND processed = 0 (with parameters None)","logger":"airflow.task.operators.airflow.providers.common.sql.sensors.sql.SqlSensor","filename":"sql.py","lineno":100}
{"timestamp":"2026-07-08T12:22:12.837412Z","level":"info","event":"Running statement: SELECT COUNT(*) FROM demo_user.client_b_load_status\nWHERE status = 'COMPLETE' AND processed = 0, parameters: None","logger":"airflow.task.hooks.airflow.providers.oracle.hooks.oracle.OracleHook","filename":"sql.py","lineno":861}
{"timestamp":"2026-07-08T12:22:12.838600Z","level":"info","event":"Rows affected: 0","logger":"airflow.task.hooks.airflow.providers.oracle.hooks.oracle.OracleHook","filename":"sql.py","lineno":879}
{"timestamp":"2026-07-08T12:22:22.881473Z","level":"info","event":"Poking: SELECT COUNT(*) FROM demo_user.client_b_load_status\nWHERE status = 'COMPLETE' AND processed = 0 (with parameters None)","logger":"airflow.task.operators.airflow.providers.common.sql.sensors.sql.SqlSensor","filename":"sql.py","lineno":100}
{"timestamp":"2026-07-08T12:22:22.947850Z","level":"info","event":"Running statement: SELECT COUNT(*) FROM demo_user.client_b_load_status\nWHERE status = 'COMPLETE' AND processed = 0, parameters: None","logger":"airflow.task.hooks.airflow.providers.oracle.hooks.oracle.OracleHook","filename":"sql.py","lineno":861}
{"timestamp":"2026-07-08T12:22:22.949405Z","level":"info","event":"Rows affected: 0","logger":"airflow.task.hooks.airflow.providers.oracle.hooks.oracle.OracleHook","filename":"sql.py","lineno":879}
{"timestamp":"2026-07-08T12:22:33.004098Z","level":"info","event":"Poking: SELECT COUNT(*) FROM demo_user.client_b_load_status\nWHERE status = 'COMPLETE' AND processed = 0 (with parameters None)","logger":"airflow.task.operators.airflow.providers.common.sql.sensors.sql.SqlSensor","filename":"sql.py","lineno":100}
{"timestamp":"2026-07-08T12:22:33.147960Z","level":"info","event":"Running statement: SELECT COUNT(*) FROM demo_user.client_b_load_status\nWHERE status = 'COMPLETE' AND processed = 0, parameters: None","logger":"airflow.task.hooks.airflow.providers.oracle.hooks.oracle.OracleHook","filename":"sql.py","lineno":861}
{"timestamp":"2026-07-08T12:22:33.150041Z","level":"info","event":"Rows affected: 0","logger":"airflow.task.hooks.airflow.providers.oracle.hooks.oracle.OracleHook","filename":"sql.py","lineno":879}
{"timestamp":"2026-07-08T12:22:43.197235Z","level":"info","event":"Poking: SELECT COUNT(*) FROM demo_user.client_b_load_status\nWHERE status = 'COMPLETE' AND processed = 0 (with parameters None)","logger":"airflow.task.operators.airflow.providers.common.sql.sensors.sql.SqlSensor","filename":"sql.py","lineno":100}
{"timestamp":"2026-07-08T12:22:43.280476Z","level":"info","event":"Running statement: SELECT COUNT(*) FROM demo_user.client_b_load_status\nWHERE status = 'COMPLETE' AND processed = 0, parameters: None","logger":"airflow.task.hooks.airflow.providers.oracle.hooks.oracle.OracleHook","filename":"sql.py","lineno":861}
{"timestamp":"2026-07-08T12:22:43.284867Z","level":"info","event":"Rows affected: 0","logger":"airflow.task.hooks.airflow.providers.oracle.hooks.oracle.OracleHook","filename":"sql.py","lineno":879}
{"timestamp":"2026-07-08T12:22:53.324280Z","level":"info","event":"Poking: SELECT COUNT(*) FROM demo_user.client_b_load_status\nWHERE status = 'COMPLETE' AND processed = 0 (with parameters None)","logger":"airflow.task.operators.airflow.providers.common.sql.sensors.sql.SqlSensor","filename":"sql.py","lineno":100}
{"timestamp":"2026-07-08T12:22:53.403003Z","level":"info","event":"Running statement: SELECT COUNT(*) FROM demo_user.client_b_load_status\nWHERE status = 'COMPLETE' AND processed = 0, parameters: None","logger":"airflow.task.hooks.airflow.providers.oracle.hooks.oracle.OracleHook","filename":"sql.py","lineno":861}
{"timestamp":"2026-07-08T12:22:53.405171Z","level":"info","event":"Rows affected: 0","logger":"airflow.task.hooks.airflow.providers.oracle.hooks.oracle.OracleHook","filename":"sql.py","lineno":879}
{"timestamp":"2026-07-08T12:23:03.439330Z","level":"info","event":"Poking: SELECT COUNT(*) FROM demo_user.client_b_load_status\nWHERE status = 'COMPLETE' AND processed = 0 (with parameters None)","logger":"airflow.task.operators.airflow.providers.common.sql.sensors.sql.SqlSensor","filename":"sql.py","lineno":100}
{"timestamp":"2026-07-08T12:23:03.499698Z","level":"info","event":"Running statement: SELECT COUNT(*) FROM demo_user.client_b_load_status\nWHERE status = 'COMPLETE' AND processed = 0, parameters: None","logger":"airflow.task.hooks.airflow.providers.oracle.hooks.oracle.OracleHook","filename":"sql.py","lineno":861}
{"timestamp":"2026-07-08T12:23:03.501076Z","level":"info","event":"Rows affected: 0","logger":"airflow.task.hooks.airflow.providers.oracle.hooks.oracle.OracleHook","filename":"sql.py","lineno":879}
{"timestamp":"2026-07-08T12:23:13.553036Z","level":"info","event":"Poking: SELECT COUNT(*) FROM demo_user.client_b_load_status\nWHERE status = 'COMPLETE' AND processed = 0 (with parameters None)","logger":"airflow.task.operators.airflow.providers.common.sql.sensors.sql.SqlSensor","filename":"sql.py","lineno":100}
{"timestamp":"2026-07-08T12:23:13.644525Z","level":"info","event":"Running statement: SELECT COUNT(*) FROM demo_user.client_b_load_status\nWHERE status = 'COMPLETE' AND processed = 0, parameters: None","logger":"airflow.task.hooks.airflow.providers.oracle.hooks.oracle.OracleHook","filename":"sql.py","lineno":861}
{"timestamp":"2026-07-08T12:23:13.645931Z","level":"info","event":"Rows affected: 0","logger":"airflow.task.hooks.airflow.providers.oracle.hooks.oracle.OracleHook","filename":"sql.py","lineno":879}
{"timestamp":"2026-07-08T12:23:23.703283Z","level":"info","event":"Poking: SELECT COUNT(*) FROM demo_user.client_b_load_status\nWHERE status = 'COMPLETE' AND processed = 0 (with parameters None)","logger":"airflow.task.operators.airflow.providers.common.sql.sensors.sql.SqlSensor","filename":"sql.py","lineno":100}
{"timestamp":"2026-07-08T12:23:23.794507Z","level":"info","event":"Running statement: SELECT COUNT(*) FROM demo_user.client_b_load_status\nWHERE status = 'COMPLETE' AND processed = 0, parameters: None","logger":"airflow.task.hooks.airflow.providers.oracle.hooks.oracle.OracleHook","filename":"sql.py","lineno":861}
{"timestamp":"2026-07-08T12:23:23.796350Z","level":"info","event":"Rows affected: 0","logger":"airflow.task.hooks.airflow.providers.oracle.hooks.oracle.OracleHook","filename":"sql.py","lineno":879}
{"timestamp":"2026-07-08T12:23:33.839401Z","level":"info","event":"Poking: SELECT COUNT(*) FROM demo_user.client_b_load_status\nWHERE status = 'COMPLETE' AND processed = 0 (with parameters None)","logger":"airflow.task.operators.airflow.providers.common.sql.sensors.sql.SqlSensor","filename":"sql.py","lineno":100}
{"timestamp":"2026-07-08T12:23:33.919373Z","level":"info","event":"Running statement: SELECT COUNT(*) FROM demo_user.client_b_load_status\nWHERE status = 'COMPLETE' AND processed = 0, parameters: None","logger":"airflow.task.hooks.airflow.providers.oracle.hooks.oracle.OracleHook","filename":"sql.py","lineno":861}
{"timestamp":"2026-07-08T12:23:33.920848Z","level":"info","event":"Rows affected: 0","logger":"airflow.task.hooks.airflow.providers.oracle.hooks.oracle.OracleHook","filename":"sql.py","lineno":879}
{"timestamp":"2026-07-08T12:23:43.957578Z","level":"info","event":"Poking: SELECT COUNT(*) FROM demo_user.client_b_load_status\nWHERE status = 'COMPLETE' AND processed = 0 (with parameters None)","logger":"airflow.task.operators.airflow.providers.common.sql.sensors.sql.SqlSensor","filename":"sql.py","lineno":100}
{"timestamp":"2026-07-08T12:23:44.012535Z","level":"info","event":"Running statement: SELECT COUNT(*) FROM demo_user.client_b_load_status\nWHERE status = 'COMPLETE' AND processed = 0, parameters: None","logger":"airflow.task.hooks.airflow.providers.oracle.hooks.oracle.OracleHook","filename":"sql.py","lineno":861}
{"timestamp":"2026-07-08T12:23:44.013656Z","level":"info","event":"Rows affected: 0","logger":"airflow.task.hooks.airflow.providers.oracle.hooks.oracle.OracleHook","filename":"sql.py","lineno":879}
{"timestamp":"2026-07-08T12:23:54.058127Z","level":"info","event":"Poking: SELECT COUNT(*) FROM demo_user.client_b_load_status\nWHERE status = 'COMPLETE' AND processed = 0 (with parameters None)","logger":"airflow.task.operators.airflow.providers.common.sql.sensors.sql.SqlSensor","filename":"sql.py","lineno":100}
{"timestamp":"2026-07-08T12:23:54.115991Z","level":"info","event":"Running statement: SELECT COUNT(*) FROM demo_user.client_b_load_status\nWHERE status = 'COMPLETE' AND processed = 0, parameters: None","logger":"airflow.task.hooks.airflow.providers.oracle.hooks.oracle.OracleHook","filename":"sql.py","lineno":861}
{"timestamp":"2026-07-08T12:23:54.117134Z","level":"info","event":"Rows affected: 0","logger":"airflow.task.hooks.airflow.providers.oracle.hooks.oracle.OracleHook","filename":"sql.py","lineno":879}
{"timestamp":"2026-07-08T12:24:04.145320Z","level":"info","event":"Poking: SELECT COUNT(*) FROM demo_user.client_b_load_status\nWHERE status = 'COMPLETE' AND processed = 0 (with parameters None)","logger":"airflow.task.operators.airflow.providers.common.sql.sensors.sql.SqlSensor","filename":"sql.py","lineno":100}
{"timestamp":"2026-07-08T12:24:04.205779Z","level":"info","event":"Running statement: SELECT COUNT(*) FROM demo_user.client_b_load_status\nWHERE status = 'COMPLETE' AND processed = 0, parameters: None","logger":"airflow.task.hooks.airflow.providers.oracle.hooks.oracle.OracleHook","filename":"sql.py","lineno":861}
{"timestamp":"2026-07-08T12:24:04.207358Z","level":"info","event":"Rows affected: 0","logger":"airflow.task.hooks.airflow.providers.oracle.hooks.oracle.OracleHook","filename":"sql.py","lineno":879}
{"timestamp":"2026-07-08T12:24:14.247156Z","level":"info","event":"Poking: SELECT COUNT(*) FROM demo_user.client_b_load_status\nWHERE status = 'COMPLETE' AND processed = 0 (with parameters None)","logger":"airflow.task.operators.airflow.providers.common.sql.sensors.sql.SqlSensor","filename":"sql.py","lineno":100}
{"timestamp":"2026-07-08T12:24:14.308982Z","level":"info","event":"Running statement: SELECT COUNT(*) FROM demo_user.client_b_load_status\nWHERE status = 'COMPLETE' AND processed = 0, parameters: None","logger":"airflow.task.hooks.airflow.providers.oracle.hooks.oracle.OracleHook","filename":"sql.py","lineno":861}
{"timestamp":"2026-07-08T12:24:14.310559Z","level":"info","event":"Rows affected: 0","logger":"airflow.task.hooks.airflow.providers.oracle.hooks.oracle.OracleHook","filename":"sql.py","lineno":879}
{"timestamp":"2026-07-08T12:24:24.356095Z","level":"info","event":"Poking: SELECT COUNT(*) FROM demo_user.client_b_load_status\nWHERE status = 'COMPLETE' AND processed = 0 (with parameters None)","logger":"airflow.task.operators.airflow.providers.common.sql.sensors.sql.SqlSensor","filename":"sql.py","lineno":100}
{"timestamp":"2026-07-08T12:24:24.421934Z","level":"info","event":"Running statement: SELECT COUNT(*) FROM demo_user.client_b_load_status\nWHERE status = 'COMPLETE' AND processed = 0, parameters: None","logger":"airflow.task.hooks.airflow.providers.oracle.hooks.oracle.OracleHook","filename":"sql.py","lineno":861}
{"timestamp":"2026-07-08T12:24:24.423258Z","level":"info","event":"Rows affected: 0","logger":"airflow.task.hooks.airflow.providers.oracle.hooks.oracle.OracleHook","filename":"sql.py","lineno":879}
{"timestamp":"2026-07-08T12:24:34.465995Z","level":"info","event":"Poking: SELECT COUNT(*) FROM demo_user.client_b_load_status\nWHERE status = 'COMPLETE' AND processed = 0 (with parameters None)","logger":"airflow.task.operators.airflow.providers.common.sql.sensors.sql.SqlSensor","filename":"sql.py","lineno":100}
{"timestamp":"2026-07-08T12:24:34.531954Z","level":"info","event":"Running statement: SELECT COUNT(*) FROM demo_user.client_b_load_status\nWHERE status = 'COMPLETE' AND processed = 0, parameters: None","logger":"airflow.task.hooks.airflow.providers.oracle.hooks.oracle.OracleHook","filename":"sql.py","lineno":861}
{"timestamp":"2026-07-08T12:24:34.533554Z","level":"info","event":"Rows affected: 0","logger":"airflow.task.hooks.airflow.providers.oracle.hooks.oracle.OracleHook","filename":"sql.py","lineno":879}
{"timestamp":"2026-07-08T12:24:44.579370Z","level":"info","event":"Poking: SELECT COUNT(*) FROM demo_user.client_b_load_status\nWHERE status = 'COMPLETE' AND processed = 0 (with parameters None)","logger":"airflow.task.operators.airflow.providers.common.sql.sensors.sql.SqlSensor","filename":"sql.py","lineno":100}
{"timestamp":"2026-07-08T12:24:44.663736Z","level":"info","event":"Running statement: SELECT COUNT(*) FROM demo_user.client_b_load_status\nWHERE status = 'COMPLETE' AND processed = 0, parameters: None","logger":"airflow.task.hooks.airflow.providers.oracle.hooks.oracle.OracleHook","filename":"sql.py","lineno":861}
{"timestamp":"2026-07-08T12:24:44.665825Z","level":"info","event":"Rows affected: 0","logger":"airflow.task.hooks.airflow.providers.oracle.hooks.oracle.OracleHook","filename":"sql.py","lineno":879}
{"timestamp":"2026-07-08T12:24:54.699650Z","level":"info","event":"Poking: SELECT COUNT(*) FROM demo_user.client_b_load_status\nWHERE status = 'COMPLETE' AND processed = 0 (with parameters None)","logger":"airflow.task.operators.airflow.providers.common.sql.sensors.sql.SqlSensor","filename":"sql.py","lineno":100}
{"timestamp":"2026-07-08T12:24:54.755262Z","level":"info","event":"Running statement: SELECT COUNT(*) FROM demo_user.client_b_load_status\nWHERE status = 'COMPLETE' AND processed = 0, parameters: None","logger":"airflow.task.hooks.airflow.providers.oracle.hooks.oracle.OracleHook","filename":"sql.py","lineno":861}
{"timestamp":"2026-07-08T12:24:54.756737Z","level":"info","event":"Rows affected: 0","logger":"airflow.task.hooks.airflow.providers.oracle.hooks.oracle.OracleHook","filename":"sql.py","lineno":879}
{"timestamp":"2026-07-08T12:25:04.853358Z","level":"info","event":"Poking: SELECT COUNT(*) FROM demo_user.client_b_load_status\nWHERE status = 'COMPLETE' AND processed = 0 (with parameters None)","logger":"airflow.task.operators.airflow.providers.common.sql.sensors.sql.SqlSensor","filename":"sql.py","lineno":100}
{"timestamp":"2026-07-08T12:25:04.912749Z","level":"info","event":"Running statement: SELECT COUNT(*) FROM demo_user.client_b_load_status\nWHERE status = 'COMPLETE' AND processed = 0, parameters: None","logger":"airflow.task.hooks.airflow.providers.oracle.hooks.oracle.OracleHook","filename":"sql.py","lineno":861}
{"timestamp":"2026-07-08T12:25:04.913889Z","level":"info","event":"Rows affected: 0","logger":"airflow.task.hooks.airflow.providers.oracle.hooks.oracle.OracleHook","filename":"sql.py","lineno":879}
{"timestamp":"2026-07-08T12:25:14.938962Z","level":"info","event":"Poking: SELECT COUNT(*) FROM demo_user.client_b_load_status\nWHERE status = 'COMPLETE' AND processed = 0 (with parameters None)","logger":"airflow.task.operators.airflow.providers.common.sql.sensors.sql.SqlSensor","filename":"sql.py","lineno":100}
{"timestamp":"2026-07-08T12:25:15.003782Z","level":"info","event":"Running statement: SELECT COUNT(*) FROM demo_user.client_b_load_status\nWHERE status = 'COMPLETE' AND processed = 0, parameters: None","logger":"airflow.task.hooks.airflow.providers.oracle.hooks.oracle.OracleHook","filename":"sql.py","lineno":861}
{"timestamp":"2026-07-08T12:25:15.004982Z","level":"info","event":"Rows affected: 0","logger":"airflow.task.hooks.airflow.providers.oracle.hooks.oracle.OracleHook","filename":"sql.py","lineno":879}
{"timestamp":"2026-07-08T12:25:25.043635Z","level":"info","event":"Poking: SELECT COUNT(*) FROM demo_user.client_b_load_status\nWHERE status = 'COMPLETE' AND processed = 0 (with parameters None)","logger":"airflow.task.operators.airflow.providers.common.sql.sensors.sql.SqlSensor","filename":"sql.py","lineno":100}
{"timestamp":"2026-07-08T12:25:25.117378Z","level":"info","event":"Running statement: SELECT COUNT(*) FROM demo_user.client_b_load_status\nWHERE status = 'COMPLETE' AND processed = 0, parameters: None","logger":"airflow.task.hooks.airflow.providers.oracle.hooks.oracle.OracleHook","filename":"sql.py","lineno":861}
{"timestamp":"2026-07-08T12:25:25.118519Z","level":"info","event":"Rows affected: 0","logger":"airflow.task.hooks.airflow.providers.oracle.hooks.oracle.OracleHook","filename":"sql.py","lineno":879}
{"timestamp":"2026-07-08T12:25:35.159134Z","level":"info","event":"Poking: SELECT COUNT(*) FROM demo_user.client_b_load_status\nWHERE status = 'COMPLETE' AND processed = 0 (with parameters None)","logger":"airflow.task.operators.airflow.providers.common.sql.sensors.sql.SqlSensor","filename":"sql.py","lineno":100}
{"timestamp":"2026-07-08T12:25:35.254755Z","level":"info","event":"Running statement: SELECT COUNT(*) FROM demo_user.client_b_load_status\nWHERE status = 'COMPLETE' AND processed = 0, parameters: None","logger":"airflow.task.hooks.airflow.providers.oracle.hooks.oracle.OracleHook","filename":"sql.py","lineno":861}
{"timestamp":"2026-07-08T12:25:35.256748Z","level":"info","event":"Rows affected: 0","logger":"airflow.task.hooks.airflow.providers.oracle.hooks.oracle.OracleHook","filename":"sql.py","lineno":879}
{"timestamp":"2026-07-08T12:25:45.307925Z","level":"info","event":"Poking: SELECT COUNT(*) FROM demo_user.client_b_load_status\nWHERE status = 'COMPLETE' AND processed = 0 (with parameters None)","logger":"airflow.task.operators.airflow.providers.common.sql.sensors.sql.SqlSensor","filename":"sql.py","lineno":100}
{"timestamp":"2026-07-08T12:25:45.409791Z","level":"info","event":"Running statement: SELECT COUNT(*) FROM demo_user.client_b_load_status\nWHERE status = 'COMPLETE' AND processed = 0, parameters: None","logger":"airflow.task.hooks.airflow.providers.oracle.hooks.oracle.OracleHook","filename":"sql.py","lineno":861}
{"timestamp":"2026-07-08T12:25:45.412013Z","level":"info","event":"Rows affected: 0","logger":"airflow.task.hooks.airflow.providers.oracle.hooks.oracle.OracleHook","filename":"sql.py","lineno":879}
{"timestamp":"2026-07-08T12:25:55.468319Z","level":"info","event":"Poking: SELECT COUNT(*) FROM demo_user.client_b_load_status\nWHERE status = 'COMPLETE' AND processed = 0 (with parameters None)","logger":"airflow.task.operators.airflow.providers.common.sql.sensors.sql.SqlSensor","filename":"sql.py","lineno":100}
{"timestamp":"2026-07-08T12:25:55.560284Z","level":"info","event":"Running statement: SELECT COUNT(*) FROM demo_user.client_b_load_status\nWHERE status = 'COMPLETE' AND processed = 0, parameters: None","logger":"airflow.task.hooks.airflow.providers.oracle.hooks.oracle.OracleHook","filename":"sql.py","lineno":861}
{"timestamp":"2026-07-08T12:25:55.562676Z","level":"info","event":"Rows affected: 0","logger":"airflow.task.hooks.airflow.providers.oracle.hooks.oracle.OracleHook","filename":"sql.py","lineno":879}
{"timestamp":"2026-07-08T12:26:05.601407Z","level":"info","event":"Poking: SELECT COUNT(*) FROM demo_user.client_b_load_status\nWHERE status = 'COMPLETE' AND processed = 0 (with parameters None)","logger":"airflow.task.operators.airflow.providers.common.sql.sensors.sql.SqlSensor","filename":"sql.py","lineno":100}
{"timestamp":"2026-07-08T12:26:05.659453Z","level":"info","event":"Running statement: SELECT COUNT(*) FROM demo_user.client_b_load_status\nWHERE status = 'COMPLETE' AND processed = 0, parameters: None","logger":"airflow.task.hooks.airflow.providers.oracle.hooks.oracle.OracleHook","filename":"sql.py","lineno":861}
{"timestamp":"2026-07-08T12:26:05.660564Z","level":"info","event":"Rows affected: 0","logger":"airflow.task.hooks.airflow.providers.oracle.hooks.oracle.OracleHook","filename":"sql.py","lineno":879}
{"timestamp":"2026-07-08T12:26:15.708159Z","level":"info","event":"Poking: SELECT COUNT(*) FROM demo_user.client_b_load_status\nWHERE status = 'COMPLETE' AND processed = 0 (with parameters None)","logger":"airflow.task.operators.airflow.providers.common.sql.sensors.sql.SqlSensor","filename":"sql.py","lineno":100}
{"timestamp":"2026-07-08T12:26:15.783732Z","level":"info","event":"Running statement: SELECT COUNT(*) FROM demo_user.client_b_load_status\nWHERE status = 'COMPLETE' AND processed = 0, parameters: None","logger":"airflow.task.hooks.airflow.providers.oracle.hooks.oracle.OracleHook","filename":"sql.py","lineno":861}
{"timestamp":"2026-07-08T12:26:15.784979Z","level":"info","event":"Rows affected: 0","logger":"airflow.task.hooks.airflow.providers.oracle.hooks.oracle.OracleHook","filename":"sql.py","lineno":879}
{"timestamp":"2026-07-08T12:26:25.821900Z","level":"info","event":"Poking: SELECT COUNT(*) FROM demo_user.client_b_load_status\nWHERE status = 'COMPLETE' AND processed = 0 (with parameters None)","logger":"airflow.task.operators.airflow.providers.common.sql.sensors.sql.SqlSensor","filename":"sql.py","lineno":100}
{"timestamp":"2026-07-08T12:26:25.912000Z","level":"info","event":"Running statement: SELECT COUNT(*) FROM demo_user.client_b_load_status\nWHERE status = 'COMPLETE' AND processed = 0, parameters: None","logger":"airflow.task.hooks.airflow.providers.oracle.hooks.oracle.OracleHook","filename":"sql.py","lineno":861}
{"timestamp":"2026-07-08T12:26:25.915219Z","level":"info","event":"Rows affected: 0","logger":"airflow.task.hooks.airflow.providers.oracle.hooks.oracle.OracleHook","filename":"sql.py","lineno":879}
{"timestamp":"2026-07-08T12:26:35.950509Z","level":"info","event":"Poking: SELECT COUNT(*) FROM demo_user.client_b_load_status\nWHERE status = 'COMPLETE' AND processed = 0 (with parameters None)","logger":"airflow.task.operators.airflow.providers.common.sql.sensors.sql.SqlSensor","filename":"sql.py","lineno":100}
{"timestamp":"2026-07-08T12:26:36.041836Z","level":"info","event":"Running statement: SELECT COUNT(*) FROM demo_user.client_b_load_status\nWHERE status = 'COMPLETE' AND processed = 0, parameters: None","logger":"airflow.task.hooks.airflow.providers.oracle.hooks.oracle.OracleHook","filename":"sql.py","lineno":861}
{"timestamp":"2026-07-08T12:26:36.043633Z","level":"info","event":"Rows affected: 0","logger":"airflow.task.hooks.airflow.providers.oracle.hooks.oracle.OracleHook","filename":"sql.py","lineno":879}
{"timestamp":"2026-07-08T12:26:46.106120Z","level":"info","event":"Poking: SELECT COUNT(*) FROM demo_user.client_b_load_status\nWHERE status = 'COMPLETE' AND processed = 0 (with parameters None)","logger":"airflow.task.operators.airflow.providers.common.sql.sensors.sql.SqlSensor","filename":"sql.py","lineno":100}
{"timestamp":"2026-07-08T12:26:46.216920Z","level":"info","event":"Running statement: SELECT COUNT(*) FROM demo_user.client_b_load_status\nWHERE status = 'COMPLETE' AND processed = 0, parameters: None","logger":"airflow.task.hooks.airflow.providers.oracle.hooks.oracle.OracleHook","filename":"sql.py","lineno":861}
{"timestamp":"2026-07-08T12:26:46.219308Z","level":"info","event":"Rows affected: 0","logger":"airflow.task.hooks.airflow.providers.oracle.hooks.oracle.OracleHook","filename":"sql.py","lineno":879}
{"timestamp":"2026-07-08T12:26:56.268416Z","level":"info","event":"Poking: SELECT COUNT(*) FROM demo_user.client_b_load_status\nWHERE status = 'COMPLETE' AND processed = 0 (with parameters None)","logger":"airflow.task.operators.airflow.providers.common.sql.sensors.sql.SqlSensor","filename":"sql.py","lineno":100}
{"timestamp":"2026-07-08T12:26:56.340379Z","level":"info","event":"Running statement: SELECT COUNT(*) FROM demo_user.client_b_load_status\nWHERE status = 'COMPLETE' AND processed = 0, parameters: None","logger":"airflow.task.hooks.airflow.providers.oracle.hooks.oracle.OracleHook","filename":"sql.py","lineno":861}
{"timestamp":"2026-07-08T12:26:56.341441Z","level":"info","event":"Rows affected: 0","logger":"airflow.task.hooks.airflow.providers.oracle.hooks.oracle.OracleHook","filename":"sql.py","lineno":879}
{"timestamp":"2026-07-08T12:27:06.379430Z","level":"info","event":"Poking: SELECT COUNT(*) FROM demo_user.client_b_load_status\nWHERE status = 'COMPLETE' AND processed = 0 (with parameters None)","logger":"airflow.task.operators.airflow.providers.common.sql.sensors.sql.SqlSensor","filename":"sql.py","lineno":100}
{"timestamp":"2026-07-08T12:27:06.524907Z","level":"info","event":"Running statement: SELECT COUNT(*) FROM demo_user.client_b_load_status\nWHERE status = 'COMPLETE' AND processed = 0, parameters: None","logger":"airflow.task.hooks.airflow.providers.oracle.hooks.oracle.OracleHook","filename":"sql.py","lineno":861}
{"timestamp":"2026-07-08T12:27:06.526695Z","level":"info","event":"Rows affected: 0","logger":"airflow.task.hooks.airflow.providers.oracle.hooks.oracle.OracleHook","filename":"sql.py","lineno":879}
{"timestamp":"2026-07-08T12:27:16.559976Z","level":"info","event":"Poking: SELECT COUNT(*) FROM demo_user.client_b_load_status\nWHERE status = 'COMPLETE' AND processed = 0 (with parameters None)","logger":"airflow.task.operators.airflow.providers.common.sql.sensors.sql.SqlSensor","filename":"sql.py","lineno":100}
{"timestamp":"2026-07-08T12:27:16.620356Z","level":"info","event":"Running statement: SELECT COUNT(*) FROM demo_user.client_b_load_status\nWHERE status = 'COMPLETE' AND processed = 0, parameters: None","logger":"airflow.task.hooks.airflow.providers.oracle.hooks.oracle.OracleHook","filename":"sql.py","lineno":861}
{"timestamp":"2026-07-08T12:27:16.621801Z","level":"info","event":"Rows affected: 0","logger":"airflow.task.hooks.airflow.providers.oracle.hooks.oracle.OracleHook","filename":"sql.py","lineno":879}
{"timestamp":"2026-07-08T12:27:26.671809Z","level":"info","event":"Poking: SELECT COUNT(*) FROM demo_user.client_b_load_status\nWHERE status = 'COMPLETE' AND processed = 0 (with parameters None)","logger":"airflow.task.operators.airflow.providers.common.sql.sensors.sql.SqlSensor","filename":"sql.py","lineno":100}
{"timestamp":"2026-07-08T12:27:26.739644Z","level":"info","event":"Running statement: SELECT COUNT(*) FROM demo_user.client_b_load_status\nWHERE status = 'COMPLETE' AND processed = 0, parameters: None","logger":"airflow.task.hooks.airflow.providers.oracle.hooks.oracle.OracleHook","filename":"sql.py","lineno":861}
{"timestamp":"2026-07-08T12:27:26.740898Z","level":"info","event":"Rows affected: 0","logger":"airflow.task.hooks.airflow.providers.oracle.hooks.oracle.OracleHook","filename":"sql.py","lineno":879}
{"timestamp":"2026-07-08T12:27:37.131476Z","level":"info","event":"Poking: SELECT COUNT(*) FROM demo_user.client_b_load_status\nWHERE status = 'COMPLETE' AND processed = 0 (with parameters None)","logger":"airflow.task.operators.airflow.providers.common.sql.sensors.sql.SqlSensor","filename":"sql.py","lineno":100}
{"timestamp":"2026-07-08T12:27:37.192862Z","level":"info","event":"Running statement: SELECT COUNT(*) FROM demo_user.client_b_load_status\nWHERE status = 'COMPLETE' AND processed = 0, parameters: None","logger":"airflow.task.hooks.airflow.providers.oracle.hooks.oracle.OracleHook","filename":"sql.py","lineno":861}
{"timestamp":"2026-07-08T12:27:37.194515Z","level":"info","event":"Rows affected: 0","logger":"airflow.task.hooks.airflow.providers.oracle.hooks.oracle.OracleHook","filename":"sql.py","lineno":879}
{"timestamp":"2026-07-08T12:27:47.235432Z","level":"info","event":"Poking: SELECT COUNT(*) FROM demo_user.client_b_load_status\nWHERE status = 'COMPLETE' AND processed = 0 (with parameters None)","logger":"airflow.task.operators.airflow.providers.common.sql.sensors.sql.SqlSensor","filename":"sql.py","lineno":100}
{"timestamp":"2026-07-08T12:27:47.308122Z","level":"info","event":"Running statement: SELECT COUNT(*) FROM demo_user.client_b_load_status\nWHERE status = 'COMPLETE' AND processed = 0, parameters: None","logger":"airflow.task.hooks.airflow.providers.oracle.hooks.oracle.OracleHook","filename":"sql.py","lineno":861}
{"timestamp":"2026-07-08T12:27:47.309288Z","level":"info","event":"Rows affected: 0","logger":"airflow.task.hooks.airflow.providers.oracle.hooks.oracle.OracleHook","filename":"sql.py","lineno":879}
{"timestamp":"2026-07-08T12:27:57.344912Z","level":"info","event":"Poking: SELECT COUNT(*) FROM demo_user.client_b_load_status\nWHERE status = 'COMPLETE' AND processed = 0 (with parameters None)","logger":"airflow.task.operators.airflow.providers.common.sql.sensors.sql.SqlSensor","filename":"sql.py","lineno":100}
{"timestamp":"2026-07-08T12:27:57.417798Z","level":"info","event":"Running statement: SELECT COUNT(*) FROM demo_user.client_b_load_status\nWHERE status = 'COMPLETE' AND processed = 0, parameters: None","logger":"airflow.task.hooks.airflow.providers.oracle.hooks.oracle.OracleHook","filename":"sql.py","lineno":861}
{"timestamp":"2026-07-08T12:27:57.419550Z","level":"info","event":"Rows affected: 0","logger":"airflow.task.hooks.airflow.providers.oracle.hooks.oracle.OracleHook","filename":"sql.py","lineno":879}
{"timestamp":"2026-07-08T12:28:07.489798Z","level":"info","event":"Poking: SELECT COUNT(*) FROM demo_user.client_b_load_status\nWHERE status = 'COMPLETE' AND processed = 0 (with parameters None)","logger":"airflow.task.operators.airflow.providers.common.sql.sensors.sql.SqlSensor","filename":"sql.py","lineno":100}
{"timestamp":"2026-07-08T12:28:07.586543Z","level":"info","event":"Running statement: SELECT COUNT(*) FROM demo_user.client_b_load_status\nWHERE status = 'COMPLETE' AND processed = 0, parameters: None","logger":"airflow.task.hooks.airflow.providers.oracle.hooks.oracle.OracleHook","filename":"sql.py","lineno":861}
{"timestamp":"2026-07-08T12:28:07.588163Z","level":"info","event":"Rows affected: 0","logger":"airflow.task.hooks.airflow.providers.oracle.hooks.oracle.OracleHook","filename":"sql.py","lineno":879}
{"timestamp":"2026-07-08T12:28:17.627609Z","level":"info","event":"Poking: SELECT COUNT(*) FROM demo_user.client_b_load_status\nWHERE status = 'COMPLETE' AND processed = 0 (with parameters None)","logger":"airflow.task.operators.airflow.providers.common.sql.sensors.sql.SqlSensor","filename":"sql.py","lineno":100}
{"timestamp":"2026-07-08T12:28:17.698513Z","level":"info","event":"Running statement: SELECT COUNT(*) FROM demo_user.client_b_load_status\nWHERE status = 'COMPLETE' AND processed = 0, parameters: None","logger":"airflow.task.hooks.airflow.providers.oracle.hooks.oracle.OracleHook","filename":"sql.py","lineno":861}
{"timestamp":"2026-07-08T12:28:17.699814Z","level":"info","event":"Rows affected: 0","logger":"airflow.task.hooks.airflow.providers.oracle.hooks.oracle.OracleHook","filename":"sql.py","lineno":879}
{"timestamp":"2026-07-08T12:28:27.746274Z","level":"info","event":"Poking: SELECT COUNT(*) FROM demo_user.client_b_load_status\nWHERE status = 'COMPLETE' AND processed = 0 (with parameters None)","logger":"airflow.task.operators.airflow.providers.common.sql.sensors.sql.SqlSensor","filename":"sql.py","lineno":100}
{"timestamp":"2026-07-08T12:28:27.809695Z","level":"info","event":"Running statement: SELECT COUNT(*) FROM demo_user.client_b_load_status\nWHERE status = 'COMPLETE' AND processed = 0, parameters: None","logger":"airflow.task.hooks.airflow.providers.oracle.hooks.oracle.OracleHook","filename":"sql.py","lineno":861}
{"timestamp":"2026-07-08T12:28:27.810782Z","level":"info","event":"Rows affected: 0","logger":"airflow.task.hooks.airflow.providers.oracle.hooks.oracle.OracleHook","filename":"sql.py","lineno":879}
{"timestamp":"2026-07-08T12:28:37.853047Z","level":"info","event":"Poking: SELECT COUNT(*) FROM demo_user.client_b_load_status\nWHERE status = 'COMPLETE' AND processed = 0 (with parameters None)","logger":"airflow.task.operators.airflow.providers.common.sql.sensors.sql.SqlSensor","filename":"sql.py","lineno":100}
{"timestamp":"2026-07-08T12:28:37.923575Z","level":"info","event":"Running statement: SELECT COUNT(*) FROM demo_user.client_b_load_status\nWHERE status = 'COMPLETE' AND processed = 0, parameters: None","logger":"airflow.task.hooks.airflow.providers.oracle.hooks.oracle.OracleHook","filename":"sql.py","lineno":861}
{"timestamp":"2026-07-08T12:28:37.925306Z","level":"info","event":"Rows affected: 0","logger":"airflow.task.hooks.airflow.providers.oracle.hooks.oracle.OracleHook","filename":"sql.py","lineno":879}
{"timestamp":"2026-07-08T12:28:47.969479Z","level":"info","event":"Poking: SELECT COUNT(*) FROM demo_user.client_b_load_status\nWHERE status = 'COMPLETE' AND processed = 0 (with parameters None)","logger":"airflow.task.operators.airflow.providers.common.sql.sensors.sql.SqlSensor","filename":"sql.py","lineno":100}
{"timestamp":"2026-07-08T12:28:48.031776Z","level":"info","event":"Running statement: SELECT COUNT(*) FROM demo_user.client_b_load_status\nWHERE status = 'COMPLETE' AND processed = 0, parameters: None","logger":"airflow.task.hooks.airflow.providers.oracle.hooks.oracle.OracleHook","filename":"sql.py","lineno":861}
{"timestamp":"2026-07-08T12:28:48.032736Z","level":"info","event":"Rows affected: 0","logger":"airflow.task.hooks.airflow.providers.oracle.hooks.oracle.OracleHook","filename":"sql.py","lineno":879}
{"timestamp":"2026-07-08T12:28:58.074626Z","level":"info","event":"Poking: SELECT COUNT(*) FROM demo_user.client_b_load_status\nWHERE status = 'COMPLETE' AND processed = 0 (with parameters None)","logger":"airflow.task.operators.airflow.providers.common.sql.sensors.sql.SqlSensor","filename":"sql.py","lineno":100}
{"timestamp":"2026-07-08T12:28:58.142777Z","level":"info","event":"Running statement: SELECT COUNT(*) FROM demo_user.client_b_load_status\nWHERE status = 'COMPLETE' AND processed = 0, parameters: None","logger":"airflow.task.hooks.airflow.providers.oracle.hooks.oracle.OracleHook","filename":"sql.py","lineno":861}
{"timestamp":"2026-07-08T12:28:58.144010Z","level":"info","event":"Rows affected: 0","logger":"airflow.task.hooks.airflow.providers.oracle.hooks.oracle.OracleHook","filename":"sql.py","lineno":879}
{"timestamp":"2026-07-08T12:29:08.180076Z","level":"info","event":"Poking: SELECT COUNT(*) FROM demo_user.client_b_load_status\nWHERE status = 'COMPLETE' AND processed = 0 (with parameters None)","logger":"airflow.task.operators.airflow.providers.common.sql.sensors.sql.SqlSensor","filename":"sql.py","lineno":100}
{"timestamp":"2026-07-08T12:29:08.242395Z","level":"info","event":"Running statement: SELECT COUNT(*) FROM demo_user.client_b_load_status\nWHERE status = 'COMPLETE' AND processed = 0, parameters: None","logger":"airflow.task.hooks.airflow.providers.oracle.hooks.oracle.OracleHook","filename":"sql.py","lineno":861}
{"timestamp":"2026-07-08T12:29:08.243824Z","level":"info","event":"Rows affected: 0","logger":"airflow.task.hooks.airflow.providers.oracle.hooks.oracle.OracleHook","filename":"sql.py","lineno":879}
{"timestamp":"2026-07-08T12:29:18.281784Z","level":"info","event":"Poking: SELECT COUNT(*) FROM demo_user.client_b_load_status\nWHERE status = 'COMPLETE' AND processed = 0 (with parameters None)","logger":"airflow.task.operators.airflow.providers.common.sql.sensors.sql.SqlSensor","filename":"sql.py","lineno":100}
{"timestamp":"2026-07-08T12:29:18.342468Z","level":"info","event":"Running statement: SELECT COUNT(*) FROM demo_user.client_b_load_status\nWHERE status = 'COMPLETE' AND processed = 0, parameters: None","logger":"airflow.task.hooks.airflow.providers.oracle.hooks.oracle.OracleHook","filename":"sql.py","lineno":861}
{"timestamp":"2026-07-08T12:29:18.343772Z","level":"info","event":"Rows affected: 0","logger":"airflow.task.hooks.airflow.providers.oracle.hooks.oracle.OracleHook","filename":"sql.py","lineno":879}
{"timestamp":"2026-07-08T12:29:28.372956Z","level":"info","event":"Poking: SELECT COUNT(*) FROM demo_user.client_b_load_status\nWHERE status = 'COMPLETE' AND processed = 0 (with parameters None)","logger":"airflow.task.operators.airflow.providers.common.sql.sensors.sql.SqlSensor","filename":"sql.py","lineno":100}
{"timestamp":"2026-07-08T12:29:28.453650Z","level":"info","event":"Running statement: SELECT COUNT(*) FROM demo_user.client_b_load_status\nWHERE status = 'COMPLETE' AND processed = 0, parameters: None","logger":"airflow.task.hooks.airflow.providers.oracle.hooks.oracle.OracleHook","filename":"sql.py","lineno":861}
{"timestamp":"2026-07-08T12:29:28.455625Z","level":"info","event":"Rows affected: 0","logger":"airflow.task.hooks.airflow.providers.oracle.hooks.oracle.OracleHook","filename":"sql.py","lineno":879}
{"timestamp":"2026-07-08T12:29:38.489384Z","level":"info","event":"Poking: SELECT COUNT(*) FROM demo_user.client_b_load_status\nWHERE status = 'COMPLETE' AND processed = 0 (with parameters None)","logger":"airflow.task.operators.airflow.providers.common.sql.sensors.sql.SqlSensor","filename":"sql.py","lineno":100}
{"timestamp":"2026-07-08T12:29:38.549952Z","level":"info","event":"Running statement: SELECT COUNT(*) FROM demo_user.client_b_load_status\nWHERE status = 'COMPLETE' AND processed = 0, parameters: None","logger":"airflow.task.hooks.airflow.providers.oracle.hooks.oracle.OracleHook","filename":"sql.py","lineno":861}
{"timestamp":"2026-07-08T12:29:38.551071Z","level":"info","event":"Rows affected: 0","logger":"airflow.task.hooks.airflow.providers.oracle.hooks.oracle.OracleHook","filename":"sql.py","lineno":879}
{"timestamp":"2026-07-08T12:29:48.600032Z","level":"info","event":"Poking: SELECT COUNT(*) FROM demo_user.client_b_load_status\nWHERE status = 'COMPLETE' AND processed = 0 (with parameters None)","logger":"airflow.task.operators.airflow.providers.common.sql.sensors.sql.SqlSensor","filename":"sql.py","lineno":100}
{"timestamp":"2026-07-08T12:29:48.669701Z","level":"info","event":"Running statement: SELECT COUNT(*) FROM demo_user.client_b_load_status\nWHERE status = 'COMPLETE' AND processed = 0, parameters: None","logger":"airflow.task.hooks.airflow.providers.oracle.hooks.oracle.OracleHook","filename":"sql.py","lineno":861}
{"timestamp":"2026-07-08T12:29:48.671310Z","level":"info","event":"Rows affected: 0","logger":"airflow.task.hooks.airflow.providers.oracle.hooks.oracle.OracleHook","filename":"sql.py","lineno":879}
{"timestamp":"2026-07-08T12:29:58.718372Z","level":"info","event":"Poking: SELECT COUNT(*) FROM demo_user.client_b_load_status\nWHERE status = 'COMPLETE' AND processed = 0 (with parameters None)","logger":"airflow.task.operators.airflow.providers.common.sql.sensors.sql.SqlSensor","filename":"sql.py","lineno":100}
{"timestamp":"2026-07-08T12:29:58.789085Z","level":"info","event":"Running statement: SELECT COUNT(*) FROM demo_user.client_b_load_status\nWHERE status = 'COMPLETE' AND processed = 0, parameters: None","logger":"airflow.task.hooks.airflow.providers.oracle.hooks.oracle.OracleHook","filename":"sql.py","lineno":861}
{"timestamp":"2026-07-08T12:29:58.790120Z","level":"info","event":"Rows affected: 0","logger":"airflow.task.hooks.airflow.providers.oracle.hooks.oracle.OracleHook","filename":"sql.py","lineno":879}
{"timestamp":"2026-07-08T12:30:08.833380Z","level":"info","event":"Poking: SELECT COUNT(*) FROM demo_user.client_b_load_status\nWHERE status = 'COMPLETE' AND processed = 0 (with parameters None)","logger":"airflow.task.operators.airflow.providers.common.sql.sensors.sql.SqlSensor","filename":"sql.py","lineno":100}
{"timestamp":"2026-07-08T12:30:08.899282Z","level":"info","event":"Running statement: SELECT COUNT(*) FROM demo_user.client_b_load_status\nWHERE status = 'COMPLETE' AND processed = 0, parameters: None","logger":"airflow.task.hooks.airflow.providers.oracle.hooks.oracle.OracleHook","filename":"sql.py","lineno":861}
{"timestamp":"2026-07-08T12:30:08.900656Z","level":"info","event":"Rows affected: 0","logger":"airflow.task.hooks.airflow.providers.oracle.hooks.oracle.OracleHook","filename":"sql.py","lineno":879}
{"timestamp":"2026-07-08T12:30:18.941058Z","level":"info","event":"Poking: SELECT COUNT(*) FROM demo_user.client_b_load_status\nWHERE status = 'COMPLETE' AND processed = 0 (with parameters None)","logger":"airflow.task.operators.airflow.providers.common.sql.sensors.sql.SqlSensor","filename":"sql.py","lineno":100}
{"timestamp":"2026-07-08T12:30:19.003495Z","level":"info","event":"Running statement: SELECT COUNT(*) FROM demo_user.client_b_load_status\nWHERE status = 'COMPLETE' AND processed = 0, parameters: None","logger":"airflow.task.hooks.airflow.providers.oracle.hooks.oracle.OracleHook","filename":"sql.py","lineno":861}
{"timestamp":"2026-07-08T12:30:19.005229Z","level":"info","event":"Rows affected: 0","logger":"airflow.task.hooks.airflow.providers.oracle.hooks.oracle.OracleHook","filename":"sql.py","lineno":879}
{"timestamp":"2026-07-08T12:30:29.050649Z","level":"info","event":"Poking: SELECT COUNT(*) FROM demo_user.client_b_load_status\nWHERE status = 'COMPLETE' AND processed = 0 (with parameters None)","logger":"airflow.task.operators.airflow.providers.common.sql.sensors.sql.SqlSensor","filename":"sql.py","lineno":100}
{"timestamp":"2026-07-08T12:30:29.132149Z","level":"info","event":"Running statement: SELECT COUNT(*) FROM demo_user.client_b_load_status\nWHERE status = 'COMPLETE' AND processed = 0, parameters: None","logger":"airflow.task.hooks.airflow.providers.oracle.hooks.oracle.OracleHook","filename":"sql.py","lineno":861}
{"timestamp":"2026-07-08T12:30:29.133538Z","level":"info","event":"Rows affected: 0","logger":"airflow.task.hooks.airflow.providers.oracle.hooks.oracle.OracleHook","filename":"sql.py","lineno":879}
{"timestamp":"2026-07-08T12:30:39.189384Z","level":"info","event":"Poking: SELECT COUNT(*) FROM demo_user.client_b_load_status\nWHERE status = 'COMPLETE' AND processed = 0 (with parameters None)","logger":"airflow.task.operators.airflow.providers.common.sql.sensors.sql.SqlSensor","filename":"sql.py","lineno":100}
{"timestamp":"2026-07-08T12:30:39.266575Z","level":"info","event":"Running statement: SELECT COUNT(*) FROM demo_user.client_b_load_status\nWHERE status = 'COMPLETE' AND processed = 0, parameters: None","logger":"airflow.task.hooks.airflow.providers.oracle.hooks.oracle.OracleHook","filename":"sql.py","lineno":861}
{"timestamp":"2026-07-08T12:30:39.268046Z","level":"info","event":"Rows affected: 0","logger":"airflow.task.hooks.airflow.providers.oracle.hooks.oracle.OracleHook","filename":"sql.py","lineno":879}
{"timestamp":"2026-07-08T12:30:49.314424Z","level":"info","event":"Poking: SELECT COUNT(*) FROM demo_user.client_b_load_status\nWHERE status = 'COMPLETE' AND processed = 0 (with parameters None)","logger":"airflow.task.operators.airflow.providers.common.sql.sensors.sql.SqlSensor","filename":"sql.py","lineno":100}
{"timestamp":"2026-07-08T12:30:49.388285Z","level":"info","event":"Running statement: SELECT COUNT(*) FROM demo_user.client_b_load_status\nWHERE status = 'COMPLETE' AND processed = 0, parameters: None","logger":"airflow.task.hooks.airflow.providers.oracle.hooks.oracle.OracleHook","filename":"sql.py","lineno":861}
{"timestamp":"2026-07-08T12:30:49.389962Z","level":"info","event":"Rows affected: 0","logger":"airflow.task.hooks.airflow.providers.oracle.hooks.oracle.OracleHook","filename":"sql.py","lineno":879}
{"timestamp":"2026-07-08T12:30:59.432231Z","level":"info","event":"Poking: SELECT COUNT(*) FROM demo_user.client_b_load_status\nWHERE status = 'COMPLETE' AND processed = 0 (with parameters None)","logger":"airflow.task.operators.airflow.providers.common.sql.sensors.sql.SqlSensor","filename":"sql.py","lineno":100}
{"timestamp":"2026-07-08T12:30:59.503212Z","level":"info","event":"Running statement: SELECT COUNT(*) FROM demo_user.client_b_load_status\nWHERE status = 'COMPLETE' AND processed = 0, parameters: None","logger":"airflow.task.hooks.airflow.providers.oracle.hooks.oracle.OracleHook","filename":"sql.py","lineno":861}
{"timestamp":"2026-07-08T12:30:59.504543Z","level":"info","event":"Rows affected: 0","logger":"airflow.task.hooks.airflow.providers.oracle.hooks.oracle.OracleHook","filename":"sql.py","lineno":879}
{"timestamp":"2026-07-08T12:31:09.550802Z","level":"info","event":"Poking: SELECT COUNT(*) FROM demo_user.client_b_load_status\nWHERE status = 'COMPLETE' AND processed = 0 (with parameters None)","logger":"airflow.task.operators.airflow.providers.common.sql.sensors.sql.SqlSensor","filename":"sql.py","lineno":100}
{"timestamp":"2026-07-08T12:31:09.627411Z","level":"info","event":"Running statement: SELECT COUNT(*) FROM demo_user.client_b_load_status\nWHERE status = 'COMPLETE' AND processed = 0, parameters: None","logger":"airflow.task.hooks.airflow.providers.oracle.hooks.oracle.OracleHook","filename":"sql.py","lineno":861}
{"timestamp":"2026-07-08T12:31:09.629071Z","level":"info","event":"Rows affected: 0","logger":"airflow.task.hooks.airflow.providers.oracle.hooks.oracle.OracleHook","filename":"sql.py","lineno":879}
{"timestamp":"2026-07-08T12:31:19.684211Z","level":"info","event":"Poking: SELECT COUNT(*) FROM demo_user.client_b_load_status\nWHERE status = 'COMPLETE' AND processed = 0 (with parameters None)","logger":"airflow.task.operators.airflow.providers.common.sql.sensors.sql.SqlSensor","filename":"sql.py","lineno":100}
{"timestamp":"2026-07-08T12:31:19.745338Z","level":"info","event":"Running statement: SELECT COUNT(*) FROM demo_user.client_b_load_status\nWHERE status = 'COMPLETE' AND processed = 0, parameters: None","logger":"airflow.task.hooks.airflow.providers.oracle.hooks.oracle.OracleHook","filename":"sql.py","lineno":861}
{"timestamp":"2026-07-08T12:31:19.746934Z","level":"info","event":"Rows affected: 0","logger":"airflow.task.hooks.airflow.providers.oracle.hooks.oracle.OracleHook","filename":"sql.py","lineno":879}
{"timestamp":"2026-07-08T12:31:29.809150Z","level":"info","event":"Poking: SELECT COUNT(*) FROM demo_user.client_b_load_status\nWHERE status = 'COMPLETE' AND processed = 0 (with parameters None)","logger":"airflow.task.operators.airflow.providers.common.sql.sensors.sql.SqlSensor","filename":"sql.py","lineno":100}
{"timestamp":"2026-07-08T12:31:29.872769Z","level":"info","event":"Running statement: SELECT COUNT(*) FROM demo_user.client_b_load_status\nWHERE status = 'COMPLETE' AND processed = 0, parameters: None","logger":"airflow.task.hooks.airflow.providers.oracle.hooks.oracle.OracleHook","filename":"sql.py","lineno":861}
{"timestamp":"2026-07-08T12:31:29.874324Z","level":"info","event":"Rows affected: 0","logger":"airflow.task.hooks.airflow.providers.oracle.hooks.oracle.OracleHook","filename":"sql.py","lineno":879}
{"timestamp":"2026-07-08T12:31:39.921290Z","level":"info","event":"Poking: SELECT COUNT(*) FROM demo_user.client_b_load_status\nWHERE status = 'COMPLETE' AND processed = 0 (with parameters None)","logger":"airflow.task.operators.airflow.providers.common.sql.sensors.sql.SqlSensor","filename":"sql.py","lineno":100}
{"timestamp":"2026-07-08T12:31:39.986149Z","level":"info","event":"Running statement: SELECT COUNT(*) FROM demo_user.client_b_load_status\nWHERE status = 'COMPLETE' AND processed = 0, parameters: None","logger":"airflow.task.hooks.airflow.providers.oracle.hooks.oracle.OracleHook","filename":"sql.py","lineno":861}
{"timestamp":"2026-07-08T12:31:39.987900Z","level":"info","event":"Rows affected: 0","logger":"airflow.task.hooks.airflow.providers.oracle.hooks.oracle.OracleHook","filename":"sql.py","lineno":879}
{"timestamp":"2026-07-08T12:31:50.034430Z","level":"info","event":"Poking: SELECT COUNT(*) FROM demo_user.client_b_load_status\nWHERE status = 'COMPLETE' AND processed = 0 (with parameters None)","logger":"airflow.task.operators.airflow.providers.common.sql.sensors.sql.SqlSensor","filename":"sql.py","lineno":100}
{"timestamp":"2026-07-08T12:31:50.123430Z","level":"info","event":"Running statement: SELECT COUNT(*) FROM demo_user.client_b_load_status\nWHERE status = 'COMPLETE' AND processed = 0, parameters: None","logger":"airflow.task.hooks.airflow.providers.oracle.hooks.oracle.OracleHook","filename":"sql.py","lineno":861}
{"timestamp":"2026-07-08T12:31:50.125266Z","level":"info","event":"Rows affected: 0","logger":"airflow.task.hooks.airflow.providers.oracle.hooks.oracle.OracleHook","filename":"sql.py","lineno":879}
{"timestamp":"2026-07-08T12:32:00.169989Z","level":"info","event":"Poking: SELECT COUNT(*) FROM demo_user.client_b_load_status\nWHERE status = 'COMPLETE' AND processed = 0 (with parameters None)","logger":"airflow.task.operators.airflow.providers.common.sql.sensors.sql.SqlSensor","filename":"sql.py","lineno":100}
{"timestamp":"2026-07-08T12:32:00.241762Z","level":"info","event":"Running statement: SELECT COUNT(*) FROM demo_user.client_b_load_status\nWHERE status = 'COMPLETE' AND processed = 0, parameters: None","logger":"airflow.task.hooks.airflow.providers.oracle.hooks.oracle.OracleHook","filename":"sql.py","lineno":861}
{"timestamp":"2026-07-08T12:32:00.242863Z","level":"info","event":"Rows affected: 0","logger":"airflow.task.hooks.airflow.providers.oracle.hooks.oracle.OracleHook","filename":"sql.py","lineno":879}
{"timestamp":"2026-07-08T12:32:10.286008Z","level":"info","event":"Poking: SELECT COUNT(*) FROM demo_user.client_b_load_status\nWHERE status = 'COMPLETE' AND processed = 0 (with parameters None)","logger":"airflow.task.operators.airflow.providers.common.sql.sensors.sql.SqlSensor","filename":"sql.py","lineno":100}
{"timestamp":"2026-07-08T12:32:10.351617Z","level":"info","event":"Running statement: SELECT COUNT(*) FROM demo_user.client_b_load_status\nWHERE status = 'COMPLETE' AND processed = 0, parameters: None","logger":"airflow.task.hooks.airflow.providers.oracle.hooks.oracle.OracleHook","filename":"sql.py","lineno":861}
{"timestamp":"2026-07-08T12:32:10.353434Z","level":"info","event":"Rows affected: 0","logger":"airflow.task.hooks.airflow.providers.oracle.hooks.oracle.OracleHook","filename":"sql.py","lineno":879}
{"timestamp":"2026-07-08T12:32:20.386516Z","level":"info","event":"Poking: SELECT COUNT(*) FROM demo_user.client_b_load_status\nWHERE status = 'COMPLETE' AND processed = 0 (with parameters None)","logger":"airflow.task.operators.airflow.providers.common.sql.sensors.sql.SqlSensor","filename":"sql.py","lineno":100}
{"timestamp":"2026-07-08T12:32:20.450946Z","level":"info","event":"Running statement: SELECT COUNT(*) FROM demo_user.client_b_load_status\nWHERE status = 'COMPLETE' AND processed = 0, parameters: None","logger":"airflow.task.hooks.airflow.providers.oracle.hooks.oracle.OracleHook","filename":"sql.py","lineno":861}
{"timestamp":"2026-07-08T12:32:20.452729Z","level":"info","event":"Rows affected: 0","logger":"airflow.task.hooks.airflow.providers.oracle.hooks.oracle.OracleHook","filename":"sql.py","lineno":879}
{"timestamp":"2026-07-08T12:32:30.498533Z","level":"info","event":"Poking: SELECT COUNT(*) FROM demo_user.client_b_load_status\nWHERE status = 'COMPLETE' AND processed = 0 (with parameters None)","logger":"airflow.task.operators.airflow.providers.common.sql.sensors.sql.SqlSensor","filename":"sql.py","lineno":100}
{"timestamp":"2026-07-08T12:32:30.563349Z","level":"info","event":"Running statement: SELECT COUNT(*) FROM demo_user.client_b_load_status\nWHERE status = 'COMPLETE' AND processed = 0, parameters: None","logger":"airflow.task.hooks.airflow.providers.oracle.hooks.oracle.OracleHook","filename":"sql.py","lineno":861}
{"timestamp":"2026-07-08T12:32:30.564731Z","level":"info","event":"Rows affected: 0","logger":"airflow.task.hooks.airflow.providers.oracle.hooks.oracle.OracleHook","filename":"sql.py","lineno":879}
{"timestamp":"2026-07-08T12:32:40.609557Z","level":"info","event":"Poking: SELECT COUNT(*) FROM demo_user.client_b_load_status\nWHERE status = 'COMPLETE' AND processed = 0 (with parameters None)","logger":"airflow.task.operators.airflow.providers.common.sql.sensors.sql.SqlSensor","filename":"sql.py","lineno":100}
{"timestamp":"2026-07-08T12:32:40.681085Z","level":"info","event":"Running statement: SELECT COUNT(*) FROM demo_user.client_b_load_status\nWHERE status = 'COMPLETE' AND processed = 0, parameters: None","logger":"airflow.task.hooks.airflow.providers.oracle.hooks.oracle.OracleHook","filename":"sql.py","lineno":861}
{"timestamp":"2026-07-08T12:32:40.682480Z","level":"info","event":"Rows affected: 0","logger":"airflow.task.hooks.airflow.providers.oracle.hooks.oracle.OracleHook","filename":"sql.py","lineno":879}
{"timestamp":"2026-07-08T12:32:50.725203Z","level":"info","event":"Poking: SELECT COUNT(*) FROM demo_user.client_b_load_status\nWHERE status = 'COMPLETE' AND processed = 0 (with parameters None)","logger":"airflow.task.operators.airflow.providers.common.sql.sensors.sql.SqlSensor","filename":"sql.py","lineno":100}
{"timestamp":"2026-07-08T12:32:50.788254Z","level":"info","event":"Running statement: SELECT COUNT(*) FROM demo_user.client_b_load_status\nWHERE status = 'COMPLETE' AND processed = 0, parameters: None","logger":"airflow.task.hooks.airflow.providers.oracle.hooks.oracle.OracleHook","filename":"sql.py","lineno":861}
{"timestamp":"2026-07-08T12:32:50.789678Z","level":"info","event":"Rows affected: 0","logger":"airflow.task.hooks.airflow.providers.oracle.hooks.oracle.OracleHook","filename":"sql.py","lineno":879}
{"timestamp":"2026-07-08T12:33:00.826550Z","level":"info","event":"Poking: SELECT COUNT(*) FROM demo_user.client_b_load_status\nWHERE status = 'COMPLETE' AND processed = 0 (with parameters None)","logger":"airflow.task.operators.airflow.providers.common.sql.sensors.sql.SqlSensor","filename":"sql.py","lineno":100}
{"timestamp":"2026-07-08T12:33:00.898048Z","level":"info","event":"Running statement: SELECT COUNT(*) FROM demo_user.client_b_load_status\nWHERE status = 'COMPLETE' AND processed = 0, parameters: None","logger":"airflow.task.hooks.airflow.providers.oracle.hooks.oracle.OracleHook","filename":"sql.py","lineno":861}
{"timestamp":"2026-07-08T12:33:00.900317Z","level":"info","event":"Rows affected: 0","logger":"airflow.task.hooks.airflow.providers.oracle.hooks.oracle.OracleHook","filename":"sql.py","lineno":879}
{"timestamp":"2026-07-08T12:33:10.962846Z","level":"info","event":"Poking: SELECT COUNT(*) FROM demo_user.client_b_load_status\nWHERE status = 'COMPLETE' AND processed = 0 (with parameters None)","logger":"airflow.task.operators.airflow.providers.common.sql.sensors.sql.SqlSensor","filename":"sql.py","lineno":100}
{"timestamp":"2026-07-08T12:33:11.035526Z","level":"info","event":"Running statement: SELECT COUNT(*) FROM demo_user.client_b_load_status\nWHERE status = 'COMPLETE' AND processed = 0, parameters: None","logger":"airflow.task.hooks.airflow.providers.oracle.hooks.oracle.OracleHook","filename":"sql.py","lineno":861}
{"timestamp":"2026-07-08T12:33:11.037593Z","level":"info","event":"Rows affected: 0","logger":"airflow.task.hooks.airflow.providers.oracle.hooks.oracle.OracleHook","filename":"sql.py","lineno":879}
{"timestamp":"2026-07-08T12:33:21.079865Z","level":"info","event":"Poking: SELECT COUNT(*) FROM demo_user.client_b_load_status\nWHERE status = 'COMPLETE' AND processed = 0 (with parameters None)","logger":"airflow.task.operators.airflow.providers.common.sql.sensors.sql.SqlSensor","filename":"sql.py","lineno":100}
{"timestamp":"2026-07-08T12:33:21.148014Z","level":"info","event":"Running statement: SELECT COUNT(*) FROM demo_user.client_b_load_status\nWHERE status = 'COMPLETE' AND processed = 0, parameters: None","logger":"airflow.task.hooks.airflow.providers.oracle.hooks.oracle.OracleHook","filename":"sql.py","lineno":861}
{"timestamp":"2026-07-08T12:33:21.149415Z","level":"info","event":"Rows affected: 0","logger":"airflow.task.hooks.airflow.providers.oracle.hooks.oracle.OracleHook","filename":"sql.py","lineno":879}
{"timestamp":"2026-07-08T12:33:31.178834Z","level":"info","event":"Poking: SELECT COUNT(*) FROM demo_user.client_b_load_status\nWHERE status = 'COMPLETE' AND processed = 0 (with parameters None)","logger":"airflow.task.operators.airflow.providers.common.sql.sensors.sql.SqlSensor","filename":"sql.py","lineno":100}
{"timestamp":"2026-07-08T12:33:31.243471Z","level":"info","event":"Running statement: SELECT COUNT(*) FROM demo_user.client_b_load_status\nWHERE status = 'COMPLETE' AND processed = 0, parameters: None","logger":"airflow.task.hooks.airflow.providers.oracle.hooks.oracle.OracleHook","filename":"sql.py","lineno":861}
{"timestamp":"2026-07-08T12:33:31.245273Z","level":"info","event":"Rows affected: 0","logger":"airflow.task.hooks.airflow.providers.oracle.hooks.oracle.OracleHook","filename":"sql.py","lineno":879}
{"timestamp":"2026-07-08T12:33:41.284582Z","level":"info","event":"Poking: SELECT COUNT(*) FROM demo_user.client_b_load_status\nWHERE status = 'COMPLETE' AND processed = 0 (with parameters None)","logger":"airflow.task.operators.airflow.providers.common.sql.sensors.sql.SqlSensor","filename":"sql.py","lineno":100}
{"timestamp":"2026-07-08T12:33:41.349943Z","level":"info","event":"Running statement: SELECT COUNT(*) FROM demo_user.client_b_load_status\nWHERE status = 'COMPLETE' AND processed = 0, parameters: None","logger":"airflow.task.hooks.airflow.providers.oracle.hooks.oracle.OracleHook","filename":"sql.py","lineno":861}
{"timestamp":"2026-07-08T12:33:41.352023Z","level":"info","event":"Rows affected: 0","logger":"airflow.task.hooks.airflow.providers.oracle.hooks.oracle.OracleHook","filename":"sql.py","lineno":879}
{"timestamp":"2026-07-08T12:33:51.395625Z","level":"info","event":"Poking: SELECT COUNT(*) FROM demo_user.client_b_load_status\nWHERE status = 'COMPLETE' AND processed = 0 (with parameters None)","logger":"airflow.task.operators.airflow.providers.common.sql.sensors.sql.SqlSensor","filename":"sql.py","lineno":100}
{"timestamp":"2026-07-08T12:33:51.464892Z","level":"info","event":"Running statement: SELECT COUNT(*) FROM demo_user.client_b_load_status\nWHERE status = 'COMPLETE' AND processed = 0, parameters: None","logger":"airflow.task.hooks.airflow.providers.oracle.hooks.oracle.OracleHook","filename":"sql.py","lineno":861}
{"timestamp":"2026-07-08T12:33:51.467356Z","level":"info","event":"Rows affected: 0","logger":"airflow.task.hooks.airflow.providers.oracle.hooks.oracle.OracleHook","filename":"sql.py","lineno":879}
{"timestamp":"2026-07-08T12:34:01.517008Z","level":"info","event":"Poking: SELECT COUNT(*) FROM demo_user.client_b_load_status\nWHERE status = 'COMPLETE' AND processed = 0 (with parameters None)","logger":"airflow.task.operators.airflow.providers.common.sql.sensors.sql.SqlSensor","filename":"sql.py","lineno":100}
{"timestamp":"2026-07-08T12:34:01.584687Z","level":"info","event":"Running statement: SELECT COUNT(*) FROM demo_user.client_b_load_status\nWHERE status = 'COMPLETE' AND processed = 0, parameters: None","logger":"airflow.task.hooks.airflow.providers.oracle.hooks.oracle.OracleHook","filename":"sql.py","lineno":861}
{"timestamp":"2026-07-08T12:34:01.586249Z","level":"info","event":"Rows affected: 0","logger":"airflow.task.hooks.airflow.providers.oracle.hooks.oracle.OracleHook","filename":"sql.py","lineno":879}
{"timestamp":"2026-07-08T12:34:11.625837Z","level":"info","event":"Poking: SELECT COUNT(*) FROM demo_user.client_b_load_status\nWHERE status = 'COMPLETE' AND processed = 0 (with parameters None)","logger":"airflow.task.operators.airflow.providers.common.sql.sensors.sql.SqlSensor","filename":"sql.py","lineno":100}
{"timestamp":"2026-07-08T12:34:11.695935Z","level":"info","event":"Running statement: SELECT COUNT(*) FROM demo_user.client_b_load_status\nWHERE status = 'COMPLETE' AND processed = 0, parameters: None","logger":"airflow.task.hooks.airflow.providers.oracle.hooks.oracle.OracleHook","filename":"sql.py","lineno":861}
{"timestamp":"2026-07-08T12:34:11.697035Z","level":"info","event":"Rows affected: 0","logger":"airflow.task.hooks.airflow.providers.oracle.hooks.oracle.OracleHook","filename":"sql.py","lineno":879}
{"timestamp":"2026-07-08T12:34:21.742208Z","level":"info","event":"Poking: SELECT COUNT(*) FROM demo_user.client_b_load_status\nWHERE status = 'COMPLETE' AND processed = 0 (with parameters None)","logger":"airflow.task.operators.airflow.providers.common.sql.sensors.sql.SqlSensor","filename":"sql.py","lineno":100}
{"timestamp":"2026-07-08T12:34:21.805255Z","level":"info","event":"Running statement: SELECT COUNT(*) FROM demo_user.client_b_load_status\nWHERE status = 'COMPLETE' AND processed = 0, parameters: None","logger":"airflow.task.hooks.airflow.providers.oracle.hooks.oracle.OracleHook","filename":"sql.py","lineno":861}
{"timestamp":"2026-07-08T12:34:21.806405Z","level":"info","event":"Rows affected: 0","logger":"airflow.task.hooks.airflow.providers.oracle.hooks.oracle.OracleHook","filename":"sql.py","lineno":879}
{"timestamp":"2026-07-08T12:34:31.839948Z","level":"info","event":"Poking: SELECT COUNT(*) FROM demo_user.client_b_load_status\nWHERE status = 'COMPLETE' AND processed = 0 (with parameters None)","logger":"airflow.task.operators.airflow.providers.common.sql.sensors.sql.SqlSensor","filename":"sql.py","lineno":100}
{"timestamp":"2026-07-08T12:34:31.905443Z","level":"info","event":"Running statement: SELECT COUNT(*) FROM demo_user.client_b_load_status\nWHERE status = 'COMPLETE' AND processed = 0, parameters: None","logger":"airflow.task.hooks.airflow.providers.oracle.hooks.oracle.OracleHook","filename":"sql.py","lineno":861}
{"timestamp":"2026-07-08T12:34:31.906603Z","level":"info","event":"Rows affected: 0","logger":"airflow.task.hooks.airflow.providers.oracle.hooks.oracle.OracleHook","filename":"sql.py","lineno":879}
{"timestamp":"2026-07-08T12:34:41.965962Z","level":"info","event":"Poking: SELECT COUNT(*) FROM demo_user.client_b_load_status\nWHERE status = 'COMPLETE' AND processed = 0 (with parameters None)","logger":"airflow.task.operators.airflow.providers.common.sql.sensors.sql.SqlSensor","filename":"sql.py","lineno":100}
{"timestamp":"2026-07-08T12:34:42.029354Z","level":"info","event":"Running statement: SELECT COUNT(*) FROM demo_user.client_b_load_status\nWHERE status = 'COMPLETE' AND processed = 0, parameters: None","logger":"airflow.task.hooks.airflow.providers.oracle.hooks.oracle.OracleHook","filename":"sql.py","lineno":861}
{"timestamp":"2026-07-08T12:34:42.030577Z","level":"info","event":"Rows affected: 0","logger":"airflow.task.hooks.airflow.providers.oracle.hooks.oracle.OracleHook","filename":"sql.py","lineno":879}
{"timestamp":"2026-07-08T12:34:52.074542Z","level":"info","event":"Poking: SELECT COUNT(*) FROM demo_user.client_b_load_status\nWHERE status = 'COMPLETE' AND processed = 0 (with parameters None)","logger":"airflow.task.operators.airflow.providers.common.sql.sensors.sql.SqlSensor","filename":"sql.py","lineno":100}
{"timestamp":"2026-07-08T12:34:52.138066Z","level":"info","event":"Running statement: SELECT COUNT(*) FROM demo_user.client_b_load_status\nWHERE status = 'COMPLETE' AND processed = 0, parameters: None","logger":"airflow.task.hooks.airflow.providers.oracle.hooks.oracle.OracleHook","filename":"sql.py","lineno":861}
{"timestamp":"2026-07-08T12:34:52.139367Z","level":"info","event":"Rows affected: 0","logger":"airflow.task.hooks.airflow.providers.oracle.hooks.oracle.OracleHook","filename":"sql.py","lineno":879}
{"timestamp":"2026-07-08T12:35:02.175928Z","level":"info","event":"Poking: SELECT COUNT(*) FROM demo_user.client_b_load_status\nWHERE status = 'COMPLETE' AND processed = 0 (with parameters None)","logger":"airflow.task.operators.airflow.providers.common.sql.sensors.sql.SqlSensor","filename":"sql.py","lineno":100}
{"timestamp":"2026-07-08T12:35:02.246051Z","level":"info","event":"Running statement: SELECT COUNT(*) FROM demo_user.client_b_load_status\nWHERE status = 'COMPLETE' AND processed = 0, parameters: None","logger":"airflow.task.hooks.airflow.providers.oracle.hooks.oracle.OracleHook","filename":"sql.py","lineno":861}
{"timestamp":"2026-07-08T12:35:02.247857Z","level":"info","event":"Rows affected: 0","logger":"airflow.task.hooks.airflow.providers.oracle.hooks.oracle.OracleHook","filename":"sql.py","lineno":879}
{"timestamp":"2026-07-08T12:35:12.290367Z","level":"info","event":"Poking: SELECT COUNT(*) FROM demo_user.client_b_load_status\nWHERE status = 'COMPLETE' AND processed = 0 (with parameters None)","logger":"airflow.task.operators.airflow.providers.common.sql.sensors.sql.SqlSensor","filename":"sql.py","lineno":100}
{"timestamp":"2026-07-08T12:35:12.351678Z","level":"info","event":"Running statement: SELECT COUNT(*) FROM demo_user.client_b_load_status\nWHERE status = 'COMPLETE' AND processed = 0, parameters: None","logger":"airflow.task.hooks.airflow.providers.oracle.hooks.oracle.OracleHook","filename":"sql.py","lineno":861}
{"timestamp":"2026-07-08T12:35:12.352931Z","level":"info","event":"Rows affected: 0","logger":"airflow.task.hooks.airflow.providers.oracle.hooks.oracle.OracleHook","filename":"sql.py","lineno":879}
{"timestamp":"2026-07-08T12:35:22.403503Z","level":"info","event":"Poking: SELECT COUNT(*) FROM demo_user.client_b_load_status\nWHERE status = 'COMPLETE' AND processed = 0 (with parameters None)","logger":"airflow.task.operators.airflow.providers.common.sql.sensors.sql.SqlSensor","filename":"sql.py","lineno":100}
{"timestamp":"2026-07-08T12:35:22.495175Z","level":"info","event":"Running statement: SELECT COUNT(*) FROM demo_user.client_b_load_status\nWHERE status = 'COMPLETE' AND processed = 0, parameters: None","logger":"airflow.task.hooks.airflow.providers.oracle.hooks.oracle.OracleHook","filename":"sql.py","lineno":861}
{"timestamp":"2026-07-08T12:35:22.497415Z","level":"info","event":"Rows affected: 0","logger":"airflow.task.hooks.airflow.providers.oracle.hooks.oracle.OracleHook","filename":"sql.py","lineno":879}
{"timestamp":"2026-07-08T12:35:32.537646Z","level":"info","event":"Poking: SELECT COUNT(*) FROM demo_user.client_b_load_status\nWHERE status = 'COMPLETE' AND processed = 0 (with parameters None)","logger":"airflow.task.operators.airflow.providers.common.sql.sensors.sql.SqlSensor","filename":"sql.py","lineno":100}
{"timestamp":"2026-07-08T12:35:32.605996Z","level":"info","event":"Running statement: SELECT COUNT(*) FROM demo_user.client_b_load_status\nWHERE status = 'COMPLETE' AND processed = 0, parameters: None","logger":"airflow.task.hooks.airflow.providers.oracle.hooks.oracle.OracleHook","filename":"sql.py","lineno":861}
{"timestamp":"2026-07-08T12:35:32.607670Z","level":"info","event":"Rows affected: 0","logger":"airflow.task.hooks.airflow.providers.oracle.hooks.oracle.OracleHook","filename":"sql.py","lineno":879}
{"timestamp":"2026-07-08T12:35:42.654187Z","level":"info","event":"Poking: SELECT COUNT(*) FROM demo_user.client_b_load_status\nWHERE status = 'COMPLETE' AND processed = 0 (with parameters None)","logger":"airflow.task.operators.airflow.providers.common.sql.sensors.sql.SqlSensor","filename":"sql.py","lineno":100}
{"timestamp":"2026-07-08T12:35:42.721910Z","level":"info","event":"Running statement: SELECT COUNT(*) FROM demo_user.client_b_load_status\nWHERE status = 'COMPLETE' AND processed = 0, parameters: None","logger":"airflow.task.hooks.airflow.providers.oracle.hooks.oracle.OracleHook","filename":"sql.py","lineno":861}
{"timestamp":"2026-07-08T12:35:42.723148Z","level":"info","event":"Rows affected: 0","logger":"airflow.task.hooks.airflow.providers.oracle.hooks.oracle.OracleHook","filename":"sql.py","lineno":879}
{"timestamp":"2026-07-08T12:35:52.770731Z","level":"info","event":"Poking: SELECT COUNT(*) FROM demo_user.client_b_load_status\nWHERE status = 'COMPLETE' AND processed = 0 (with parameters None)","logger":"airflow.task.operators.airflow.providers.common.sql.sensors.sql.SqlSensor","filename":"sql.py","lineno":100}
{"timestamp":"2026-07-08T12:35:52.832911Z","level":"info","event":"Running statement: SELECT COUNT(*) FROM demo_user.client_b_load_status\nWHERE status = 'COMPLETE' AND processed = 0, parameters: None","logger":"airflow.task.hooks.airflow.providers.oracle.hooks.oracle.OracleHook","filename":"sql.py","lineno":861}
{"timestamp":"2026-07-08T12:35:52.834070Z","level":"info","event":"Rows affected: 0","logger":"airflow.task.hooks.airflow.providers.oracle.hooks.oracle.OracleHook","filename":"sql.py","lineno":879}
{"timestamp":"2026-07-08T12:36:02.880262Z","level":"info","event":"Poking: SELECT COUNT(*) FROM demo_user.client_b_load_status\nWHERE status = 'COMPLETE' AND processed = 0 (with parameters None)","logger":"airflow.task.operators.airflow.providers.common.sql.sensors.sql.SqlSensor","filename":"sql.py","lineno":100}
{"timestamp":"2026-07-08T12:36:02.958402Z","level":"info","event":"Running statement: SELECT COUNT(*) FROM demo_user.client_b_load_status\nWHERE status = 'COMPLETE' AND processed = 0, parameters: None","logger":"airflow.task.hooks.airflow.providers.oracle.hooks.oracle.OracleHook","filename":"sql.py","lineno":861}
{"timestamp":"2026-07-08T12:36:02.960481Z","level":"info","event":"Rows affected: 0","logger":"airflow.task.hooks.airflow.providers.oracle.hooks.oracle.OracleHook","filename":"sql.py","lineno":879}
{"timestamp":"2026-07-08T12:36:13.004930Z","level":"info","event":"Poking: SELECT COUNT(*) FROM demo_user.client_b_load_status\nWHERE status = 'COMPLETE' AND processed = 0 (with parameters None)","logger":"airflow.task.operators.airflow.providers.common.sql.sensors.sql.SqlSensor","filename":"sql.py","lineno":100}
{"timestamp":"2026-07-08T12:36:13.073924Z","level":"info","event":"Running statement: SELECT COUNT(*) FROM demo_user.client_b_load_status\nWHERE status = 'COMPLETE' AND processed = 0, parameters: None","logger":"airflow.task.hooks.airflow.providers.oracle.hooks.oracle.OracleHook","filename":"sql.py","lineno":861}
{"timestamp":"2026-07-08T12:36:13.075804Z","level":"info","event":"Rows affected: 0","logger":"airflow.task.hooks.airflow.providers.oracle.hooks.oracle.OracleHook","filename":"sql.py","lineno":879}
{"timestamp":"2026-07-08T12:36:23.117781Z","level":"info","event":"Poking: SELECT COUNT(*) FROM demo_user.client_b_load_status\nWHERE status = 'COMPLETE' AND processed = 0 (with parameters None)","logger":"airflow.task.operators.airflow.providers.common.sql.sensors.sql.SqlSensor","filename":"sql.py","lineno":100}
{"timestamp":"2026-07-08T12:36:23.196760Z","level":"info","event":"Running statement: SELECT COUNT(*) FROM demo_user.client_b_load_status\nWHERE status = 'COMPLETE' AND processed = 0, parameters: None","logger":"airflow.task.hooks.airflow.providers.oracle.hooks.oracle.OracleHook","filename":"sql.py","lineno":861}
{"timestamp":"2026-07-08T12:36:23.198706Z","level":"info","event":"Rows affected: 0","logger":"airflow.task.hooks.airflow.providers.oracle.hooks.oracle.OracleHook","filename":"sql.py","lineno":879}
{"timestamp":"2026-07-08T12:36:33.243189Z","level":"info","event":"Poking: SELECT COUNT(*) FROM demo_user.client_b_load_status\nWHERE status = 'COMPLETE' AND processed = 0 (with parameters None)","logger":"airflow.task.operators.airflow.providers.common.sql.sensors.sql.SqlSensor","filename":"sql.py","lineno":100}
{"timestamp":"2026-07-08T12:36:33.315412Z","level":"info","event":"Running statement: SELECT COUNT(*) FROM demo_user.client_b_load_status\nWHERE status = 'COMPLETE' AND processed = 0, parameters: None","logger":"airflow.task.hooks.airflow.providers.oracle.hooks.oracle.OracleHook","filename":"sql.py","lineno":861}
{"timestamp":"2026-07-08T12:36:33.317245Z","level":"info","event":"Rows affected: 0","logger":"airflow.task.hooks.airflow.providers.oracle.hooks.oracle.OracleHook","filename":"sql.py","lineno":879}
{"timestamp":"2026-07-08T12:36:43.365005Z","level":"info","event":"Poking: SELECT COUNT(*) FROM demo_user.client_b_load_status\nWHERE status = 'COMPLETE' AND processed = 0 (with parameters None)","logger":"airflow.task.operators.airflow.providers.common.sql.sensors.sql.SqlSensor","filename":"sql.py","lineno":100}
{"timestamp":"2026-07-08T12:36:43.441457Z","level":"info","event":"Running statement: SELECT COUNT(*) FROM demo_user.client_b_load_status\nWHERE status = 'COMPLETE' AND processed = 0, parameters: None","logger":"airflow.task.hooks.airflow.providers.oracle.hooks.oracle.OracleHook","filename":"sql.py","lineno":861}
{"timestamp":"2026-07-08T12:36:43.443109Z","level":"info","event":"Rows affected: 0","logger":"airflow.task.hooks.airflow.providers.oracle.hooks.oracle.OracleHook","filename":"sql.py","lineno":879}
{"timestamp":"2026-07-08T12:36:53.473403Z","level":"info","event":"Poking: SELECT COUNT(*) FROM demo_user.client_b_load_status\nWHERE status = 'COMPLETE' AND processed = 0 (with parameters None)","logger":"airflow.task.operators.airflow.providers.common.sql.sensors.sql.SqlSensor","filename":"sql.py","lineno":100}
{"timestamp":"2026-07-08T12:36:53.526487Z","level":"info","event":"Running statement: SELECT COUNT(*) FROM demo_user.client_b_load_status\nWHERE status = 'COMPLETE' AND processed = 0, parameters: None","logger":"airflow.task.hooks.airflow.providers.oracle.hooks.oracle.OracleHook","filename":"sql.py","lineno":861}
{"timestamp":"2026-07-08T12:36:53.528334Z","level":"info","event":"Rows affected: 0","logger":"airflow.task.hooks.airflow.providers.oracle.hooks.oracle.OracleHook","filename":"sql.py","lineno":879}
{"timestamp":"2026-07-08T12:37:03.583952Z","level":"info","event":"Poking: SELECT COUNT(*) FROM demo_user.client_b_load_status\nWHERE status = 'COMPLETE' AND processed = 0 (with parameters None)","logger":"airflow.task.operators.airflow.providers.common.sql.sensors.sql.SqlSensor","filename":"sql.py","lineno":100}
{"timestamp":"2026-07-08T12:37:03.659088Z","level":"info","event":"Running statement: SELECT COUNT(*) FROM demo_user.client_b_load_status\nWHERE status = 'COMPLETE' AND processed = 0, parameters: None","logger":"airflow.task.hooks.airflow.providers.oracle.hooks.oracle.OracleHook","filename":"sql.py","lineno":861}
{"timestamp":"2026-07-08T12:37:03.661439Z","level":"info","event":"Rows affected: 0","logger":"airflow.task.hooks.airflow.providers.oracle.hooks.oracle.OracleHook","filename":"sql.py","lineno":879}
{"timestamp":"2026-07-08T12:37:13.710535Z","level":"info","event":"Poking: SELECT COUNT(*) FROM demo_user.client_b_load_status\nWHERE status = 'COMPLETE' AND processed = 0 (with parameters None)","logger":"airflow.task.operators.airflow.providers.common.sql.sensors.sql.SqlSensor","filename":"sql.py","lineno":100}
{"timestamp":"2026-07-08T12:37:13.782902Z","level":"info","event":"Running statement: SELECT COUNT(*) FROM demo_user.client_b_load_status\nWHERE status = 'COMPLETE' AND processed = 0, parameters: None","logger":"airflow.task.hooks.airflow.providers.oracle.hooks.oracle.OracleHook","filename":"sql.py","lineno":861}
{"timestamp":"2026-07-08T12:37:13.784518Z","level":"info","event":"Rows affected: 0","logger":"airflow.task.hooks.airflow.providers.oracle.hooks.oracle.OracleHook","filename":"sql.py","lineno":879}
{"timestamp":"2026-07-08T12:37:23.827485Z","level":"info","event":"Poking: SELECT COUNT(*) FROM demo_user.client_b_load_status\nWHERE status = 'COMPLETE' AND processed = 0 (with parameters None)","logger":"airflow.task.operators.airflow.providers.common.sql.sensors.sql.SqlSensor","filename":"sql.py","lineno":100}
{"timestamp":"2026-07-08T12:37:23.898707Z","level":"info","event":"Running statement: SELECT COUNT(*) FROM demo_user.client_b_load_status\nWHERE status = 'COMPLETE' AND processed = 0, parameters: None","logger":"airflow.task.hooks.airflow.providers.oracle.hooks.oracle.OracleHook","filename":"sql.py","lineno":861}
{"timestamp":"2026-07-08T12:37:23.899919Z","level":"info","event":"Rows affected: 0","logger":"airflow.task.hooks.airflow.providers.oracle.hooks.oracle.OracleHook","filename":"sql.py","lineno":879}
{"timestamp":"2026-07-08T12:37:33.933907Z","level":"info","event":"Poking: SELECT COUNT(*) FROM demo_user.client_b_load_status\nWHERE status = 'COMPLETE' AND processed = 0 (with parameters None)","logger":"airflow.task.operators.airflow.providers.common.sql.sensors.sql.SqlSensor","filename":"sql.py","lineno":100}
{"timestamp":"2026-07-08T12:37:34.006437Z","level":"info","event":"Running statement: SELECT COUNT(*) FROM demo_user.client_b_load_status\nWHERE status = 'COMPLETE' AND processed = 0, parameters: None","logger":"airflow.task.hooks.airflow.providers.oracle.hooks.oracle.OracleHook","filename":"sql.py","lineno":861}
{"timestamp":"2026-07-08T12:37:34.009035Z","level":"info","event":"Rows affected: 0","logger":"airflow.task.hooks.airflow.providers.oracle.hooks.oracle.OracleHook","filename":"sql.py","lineno":879}
{"timestamp":"2026-07-08T12:37:44.049936Z","level":"info","event":"Poking: SELECT COUNT(*) FROM demo_user.client_b_load_status\nWHERE status = 'COMPLETE' AND processed = 0 (with parameters None)","logger":"airflow.task.operators.airflow.providers.common.sql.sensors.sql.SqlSensor","filename":"sql.py","lineno":100}
{"timestamp":"2026-07-08T12:37:44.114198Z","level":"info","event":"Running statement: SELECT COUNT(*) FROM demo_user.client_b_load_status\nWHERE status = 'COMPLETE' AND processed = 0, parameters: None","logger":"airflow.task.hooks.airflow.providers.oracle.hooks.oracle.OracleHook","filename":"sql.py","lineno":861}
{"timestamp":"2026-07-08T12:37:44.115869Z","level":"info","event":"Rows affected: 0","logger":"airflow.task.hooks.airflow.providers.oracle.hooks.oracle.OracleHook","filename":"sql.py","lineno":879}
{"timestamp":"2026-07-08T12:37:54.165457Z","level":"info","event":"Poking: SELECT COUNT(*) FROM demo_user.client_b_load_status\nWHERE status = 'COMPLETE' AND processed = 0 (with parameters None)","logger":"airflow.task.operators.airflow.providers.common.sql.sensors.sql.SqlSensor","filename":"sql.py","lineno":100}
{"timestamp":"2026-07-08T12:37:54.238268Z","level":"info","event":"Running statement: SELECT COUNT(*) FROM demo_user.client_b_load_status\nWHERE status = 'COMPLETE' AND processed = 0, parameters: None","logger":"airflow.task.hooks.airflow.providers.oracle.hooks.oracle.OracleHook","filename":"sql.py","lineno":861}
{"timestamp":"2026-07-08T12:37:54.239919Z","level":"info","event":"Rows affected: 0","logger":"airflow.task.hooks.airflow.providers.oracle.hooks.oracle.OracleHook","filename":"sql.py","lineno":879}
{"timestamp":"2026-07-08T12:38:04.278524Z","level":"info","event":"Poking: SELECT COUNT(*) FROM demo_user.client_b_load_status\nWHERE status = 'COMPLETE' AND processed = 0 (with parameters None)","logger":"airflow.task.operators.airflow.providers.common.sql.sensors.sql.SqlSensor","filename":"sql.py","lineno":100}
{"timestamp":"2026-07-08T12:38:04.345458Z","level":"info","event":"Running statement: SELECT COUNT(*) FROM demo_user.client_b_load_status\nWHERE status = 'COMPLETE' AND processed = 0, parameters: None","logger":"airflow.task.hooks.airflow.providers.oracle.hooks.oracle.OracleHook","filename":"sql.py","lineno":861}
{"timestamp":"2026-07-08T12:38:04.347040Z","level":"info","event":"Rows affected: 0","logger":"airflow.task.hooks.airflow.providers.oracle.hooks.oracle.OracleHook","filename":"sql.py","lineno":879}
{"timestamp":"2026-07-08T12:38:14.394475Z","level":"info","event":"Poking: SELECT COUNT(*) FROM demo_user.client_b_load_status\nWHERE status = 'COMPLETE' AND processed = 0 (with parameters None)","logger":"airflow.task.operators.airflow.providers.common.sql.sensors.sql.SqlSensor","filename":"sql.py","lineno":100}
{"timestamp":"2026-07-08T12:38:14.459971Z","level":"info","event":"Running statement: SELECT COUNT(*) FROM demo_user.client_b_load_status\nWHERE status = 'COMPLETE' AND processed = 0, parameters: None","logger":"airflow.task.hooks.airflow.providers.oracle.hooks.oracle.OracleHook","filename":"sql.py","lineno":861}
{"timestamp":"2026-07-08T12:38:14.462387Z","level":"info","event":"Rows affected: 0","logger":"airflow.task.hooks.airflow.providers.oracle.hooks.oracle.OracleHook","filename":"sql.py","lineno":879}
{"timestamp":"2026-07-08T12:38:24.514577Z","level":"info","event":"Poking: SELECT COUNT(*) FROM demo_user.client_b_load_status\nWHERE status = 'COMPLETE' AND processed = 0 (with parameters None)","logger":"airflow.task.operators.airflow.providers.common.sql.sensors.sql.SqlSensor","filename":"sql.py","lineno":100}
{"timestamp":"2026-07-08T12:38:24.577866Z","level":"info","event":"Running statement: SELECT COUNT(*) FROM demo_user.client_b_load_status\nWHERE status = 'COMPLETE' AND processed = 0, parameters: None","logger":"airflow.task.hooks.airflow.providers.oracle.hooks.oracle.OracleHook","filename":"sql.py","lineno":861}
{"timestamp":"2026-07-08T12:38:24.580021Z","level":"info","event":"Rows affected: 0","logger":"airflow.task.hooks.airflow.providers.oracle.hooks.oracle.OracleHook","filename":"sql.py","lineno":879}
{"timestamp":"2026-07-08T12:38:34.616401Z","level":"info","event":"Poking: SELECT COUNT(*) FROM demo_user.client_b_load_status\nWHERE status = 'COMPLETE' AND processed = 0 (with parameters None)","logger":"airflow.task.operators.airflow.providers.common.sql.sensors.sql.SqlSensor","filename":"sql.py","lineno":100}
{"timestamp":"2026-07-08T12:38:34.679629Z","level":"info","event":"Running statement: SELECT COUNT(*) FROM demo_user.client_b_load_status\nWHERE status = 'COMPLETE' AND processed = 0, parameters: None","logger":"airflow.task.hooks.airflow.providers.oracle.hooks.oracle.OracleHook","filename":"sql.py","lineno":861}
{"timestamp":"2026-07-08T12:38:34.681049Z","level":"info","event":"Rows affected: 0","logger":"airflow.task.hooks.airflow.providers.oracle.hooks.oracle.OracleHook","filename":"sql.py","lineno":879}
{"timestamp":"2026-07-08T12:38:44.722521Z","level":"info","event":"Poking: SELECT COUNT(*) FROM demo_user.client_b_load_status\nWHERE status = 'COMPLETE' AND processed = 0 (with parameters None)","logger":"airflow.task.operators.airflow.providers.common.sql.sensors.sql.SqlSensor","filename":"sql.py","lineno":100}
{"timestamp":"2026-07-08T12:38:44.798374Z","level":"info","event":"Running statement: SELECT COUNT(*) FROM demo_user.client_b_load_status\nWHERE status = 'COMPLETE' AND processed = 0, parameters: None","logger":"airflow.task.hooks.airflow.providers.oracle.hooks.oracle.OracleHook","filename":"sql.py","lineno":861}
{"timestamp":"2026-07-08T12:38:44.799853Z","level":"info","event":"Rows affected: 0","logger":"airflow.task.hooks.airflow.providers.oracle.hooks.oracle.OracleHook","filename":"sql.py","lineno":879}
{"timestamp":"2026-07-08T12:38:54.847286Z","level":"info","event":"Poking: SELECT COUNT(*) FROM demo_user.client_b_load_status\nWHERE status = 'COMPLETE' AND processed = 0 (with parameters None)","logger":"airflow.task.operators.airflow.providers.common.sql.sensors.sql.SqlSensor","filename":"sql.py","lineno":100}
{"timestamp":"2026-07-08T12:38:54.916728Z","level":"info","event":"Running statement: SELECT COUNT(*) FROM demo_user.client_b_load_status\nWHERE status = 'COMPLETE' AND processed = 0, parameters: None","logger":"airflow.task.hooks.airflow.providers.oracle.hooks.oracle.OracleHook","filename":"sql.py","lineno":861}
{"timestamp":"2026-07-08T12:38:54.917959Z","level":"info","event":"Rows affected: 0","logger":"airflow.task.hooks.airflow.providers.oracle.hooks.oracle.OracleHook","filename":"sql.py","lineno":879}
{"timestamp":"2026-07-08T12:39:04.961728Z","level":"info","event":"Poking: SELECT COUNT(*) FROM demo_user.client_b_load_status\nWHERE status = 'COMPLETE' AND processed = 0 (with parameters None)","logger":"airflow.task.operators.airflow.providers.common.sql.sensors.sql.SqlSensor","filename":"sql.py","lineno":100}
{"timestamp":"2026-07-08T12:39:05.037090Z","level":"info","event":"Running statement: SELECT COUNT(*) FROM demo_user.client_b_load_status\nWHERE status = 'COMPLETE' AND processed = 0, parameters: None","logger":"airflow.task.hooks.airflow.providers.oracle.hooks.oracle.OracleHook","filename":"sql.py","lineno":861}
{"timestamp":"2026-07-08T12:39:05.039489Z","level":"info","event":"Rows affected: 0","logger":"airflow.task.hooks.airflow.providers.oracle.hooks.oracle.OracleHook","filename":"sql.py","lineno":879}
{"timestamp":"2026-07-08T12:39:15.090437Z","level":"info","event":"Poking: SELECT COUNT(*) FROM demo_user.client_b_load_status\nWHERE status = 'COMPLETE' AND processed = 0 (with parameters None)","logger":"airflow.task.operators.airflow.providers.common.sql.sensors.sql.SqlSensor","filename":"sql.py","lineno":100}
{"timestamp":"2026-07-08T12:39:15.176882Z","level":"info","event":"Running statement: SELECT COUNT(*) FROM demo_user.client_b_load_status\nWHERE status = 'COMPLETE' AND processed = 0, parameters: None","logger":"airflow.task.hooks.airflow.providers.oracle.hooks.oracle.OracleHook","filename":"sql.py","lineno":861}
{"timestamp":"2026-07-08T12:39:15.180442Z","level":"info","event":"Rows affected: 0","logger":"airflow.task.hooks.airflow.providers.oracle.hooks.oracle.OracleHook","filename":"sql.py","lineno":879}
{"timestamp":"2026-07-08T12:39:25.245381Z","level":"info","event":"Poking: SELECT COUNT(*) FROM demo_user.client_b_load_status\nWHERE status = 'COMPLETE' AND processed = 0 (with parameters None)","logger":"airflow.task.operators.airflow.providers.common.sql.sensors.sql.SqlSensor","filename":"sql.py","lineno":100}
{"timestamp":"2026-07-08T12:39:25.375151Z","level":"info","event":"Running statement: SELECT COUNT(*) FROM demo_user.client_b_load_status\nWHERE status = 'COMPLETE' AND processed = 0, parameters: None","logger":"airflow.task.hooks.airflow.providers.oracle.hooks.oracle.OracleHook","filename":"sql.py","lineno":861}
{"timestamp":"2026-07-08T12:39:25.379508Z","level":"info","event":"Rows affected: 0","logger":"airflow.task.hooks.airflow.providers.oracle.hooks.oracle.OracleHook","filename":"sql.py","lineno":879}
{"timestamp":"2026-07-08T12:39:35.427985Z","level":"info","event":"Poking: SELECT COUNT(*) FROM demo_user.client_b_load_status\nWHERE status = 'COMPLETE' AND processed = 0 (with parameters None)","logger":"airflow.task.operators.airflow.providers.common.sql.sensors.sql.SqlSensor","filename":"sql.py","lineno":100}
{"timestamp":"2026-07-08T12:39:35.553036Z","level":"info","event":"Running statement: SELECT COUNT(*) FROM demo_user.client_b_load_status\nWHERE status = 'COMPLETE' AND processed = 0, parameters: None","logger":"airflow.task.hooks.airflow.providers.oracle.hooks.oracle.OracleHook","filename":"sql.py","lineno":861}
{"timestamp":"2026-07-08T12:39:35.555123Z","level":"info","event":"Rows affected: 0","logger":"airflow.task.hooks.airflow.providers.oracle.hooks.oracle.OracleHook","filename":"sql.py","lineno":879}
{"timestamp":"2026-07-08T12:39:45.597443Z","level":"info","event":"Poking: SELECT COUNT(*) FROM demo_user.client_b_load_status\nWHERE status = 'COMPLETE' AND processed = 0 (with parameters None)","logger":"airflow.task.operators.airflow.providers.common.sql.sensors.sql.SqlSensor","filename":"sql.py","lineno":100}
{"timestamp":"2026-07-08T12:39:45.652039Z","level":"info","event":"Running statement: SELECT COUNT(*) FROM demo_user.client_b_load_status\nWHERE status = 'COMPLETE' AND processed = 0, parameters: None","logger":"airflow.task.hooks.airflow.providers.oracle.hooks.oracle.OracleHook","filename":"sql.py","lineno":861}
{"timestamp":"2026-07-08T12:39:45.653668Z","level":"info","event":"Rows affected: 0","logger":"airflow.task.hooks.airflow.providers.oracle.hooks.oracle.OracleHook","filename":"sql.py","lineno":879}
{"timestamp":"2026-07-08T12:39:55.698978Z","level":"info","event":"Poking: SELECT COUNT(*) FROM demo_user.client_b_load_status\nWHERE status = 'COMPLETE' AND processed = 0 (with parameters None)","logger":"airflow.task.operators.airflow.providers.common.sql.sensors.sql.SqlSensor","filename":"sql.py","lineno":100}
{"timestamp":"2026-07-08T12:39:55.762738Z","level":"info","event":"Running statement: SELECT COUNT(*) FROM demo_user.client_b_load_status\nWHERE status = 'COMPLETE' AND processed = 0, parameters: None","logger":"airflow.task.hooks.airflow.providers.oracle.hooks.oracle.OracleHook","filename":"sql.py","lineno":861}
{"timestamp":"2026-07-08T12:39:55.763935Z","level":"info","event":"Rows affected: 0","logger":"airflow.task.hooks.airflow.providers.oracle.hooks.oracle.OracleHook","filename":"sql.py","lineno":879}
{"timestamp":"2026-07-08T12:40:05.791796Z","level":"info","event":"Poking: SELECT COUNT(*) FROM demo_user.client_b_load_status\nWHERE status = 'COMPLETE' AND processed = 0 (with parameters None)","logger":"airflow.task.operators.airflow.providers.common.sql.sensors.sql.SqlSensor","filename":"sql.py","lineno":100}
{"timestamp":"2026-07-08T12:40:05.853092Z","level":"info","event":"Running statement: SELECT COUNT(*) FROM demo_user.client_b_load_status\nWHERE status = 'COMPLETE' AND processed = 0, parameters: None","logger":"airflow.task.hooks.airflow.providers.oracle.hooks.oracle.OracleHook","filename":"sql.py","lineno":861}
{"timestamp":"2026-07-08T12:40:05.855539Z","level":"info","event":"Rows affected: 0","logger":"airflow.task.hooks.airflow.providers.oracle.hooks.oracle.OracleHook","filename":"sql.py","lineno":879}
{"timestamp":"2026-07-08T12:40:15.902895Z","level":"info","event":"Poking: SELECT COUNT(*) FROM demo_user.client_b_load_status\nWHERE status = 'COMPLETE' AND processed = 0 (with parameters None)","logger":"airflow.task.operators.airflow.providers.common.sql.sensors.sql.SqlSensor","filename":"sql.py","lineno":100}
{"timestamp":"2026-07-08T12:40:15.993990Z","level":"info","event":"Running statement: SELECT COUNT(*) FROM demo_user.client_b_load_status\nWHERE status = 'COMPLETE' AND processed = 0, parameters: None","logger":"airflow.task.hooks.airflow.providers.oracle.hooks.oracle.OracleHook","filename":"sql.py","lineno":861}
{"timestamp":"2026-07-08T12:40:15.995614Z","level":"info","event":"Rows affected: 0","logger":"airflow.task.hooks.airflow.providers.oracle.hooks.oracle.OracleHook","filename":"sql.py","lineno":879}
{"timestamp":"2026-07-08T12:40:26.040878Z","level":"info","event":"Poking: SELECT COUNT(*) FROM demo_user.client_b_load_status\nWHERE status = 'COMPLETE' AND processed = 0 (with parameters None)","logger":"airflow.task.operators.airflow.providers.common.sql.sensors.sql.SqlSensor","filename":"sql.py","lineno":100}
{"timestamp":"2026-07-08T12:40:26.180142Z","level":"info","event":"Running statement: SELECT COUNT(*) FROM demo_user.client_b_load_status\nWHERE status = 'COMPLETE' AND processed = 0, parameters: None","logger":"airflow.task.hooks.airflow.providers.oracle.hooks.oracle.OracleHook","filename":"sql.py","lineno":861}
{"timestamp":"2026-07-08T12:40:26.181718Z","level":"info","event":"Rows affected: 0","logger":"airflow.task.hooks.airflow.providers.oracle.hooks.oracle.OracleHook","filename":"sql.py","lineno":879}
{"timestamp":"2026-07-08T12:40:36.222688Z","level":"info","event":"Poking: SELECT COUNT(*) FROM demo_user.client_b_load_status\nWHERE status = 'COMPLETE' AND processed = 0 (with parameters None)","logger":"airflow.task.operators.airflow.providers.common.sql.sensors.sql.SqlSensor","filename":"sql.py","lineno":100}
{"timestamp":"2026-07-08T12:40:36.286240Z","level":"info","event":"Running statement: SELECT COUNT(*) FROM demo_user.client_b_load_status\nWHERE status = 'COMPLETE' AND processed = 0, parameters: None","logger":"airflow.task.hooks.airflow.providers.oracle.hooks.oracle.OracleHook","filename":"sql.py","lineno":861}
{"timestamp":"2026-07-08T12:40:36.287950Z","level":"info","event":"Rows affected: 0","logger":"airflow.task.hooks.airflow.providers.oracle.hooks.oracle.OracleHook","filename":"sql.py","lineno":879}
{"timestamp":"2026-07-08T12:40:46.325853Z","level":"info","event":"Poking: SELECT COUNT(*) FROM demo_user.client_b_load_status\nWHERE status = 'COMPLETE' AND processed = 0 (with parameters None)","logger":"airflow.task.operators.airflow.providers.common.sql.sensors.sql.SqlSensor","filename":"sql.py","lineno":100}
{"timestamp":"2026-07-08T12:40:46.391971Z","level":"info","event":"Running statement: SELECT COUNT(*) FROM demo_user.client_b_load_status\nWHERE status = 'COMPLETE' AND processed = 0, parameters: None","logger":"airflow.task.hooks.airflow.providers.oracle.hooks.oracle.OracleHook","filename":"sql.py","lineno":861}
{"timestamp":"2026-07-08T12:40:46.393409Z","level":"info","event":"Rows affected: 0","logger":"airflow.task.hooks.airflow.providers.oracle.hooks.oracle.OracleHook","filename":"sql.py","lineno":879}
{"timestamp":"2026-07-08T12:40:56.430199Z","level":"info","event":"Poking: SELECT COUNT(*) FROM demo_user.client_b_load_status\nWHERE status = 'COMPLETE' AND processed = 0 (with parameters None)","logger":"airflow.task.operators.airflow.providers.common.sql.sensors.sql.SqlSensor","filename":"sql.py","lineno":100}
{"timestamp":"2026-07-08T12:40:56.486553Z","level":"info","event":"Running statement: SELECT COUNT(*) FROM demo_user.client_b_load_status\nWHERE status = 'COMPLETE' AND processed = 0, parameters: None","logger":"airflow.task.hooks.airflow.providers.oracle.hooks.oracle.OracleHook","filename":"sql.py","lineno":861}
{"timestamp":"2026-07-08T12:40:56.488021Z","level":"info","event":"Rows affected: 0","logger":"airflow.task.hooks.airflow.providers.oracle.hooks.oracle.OracleHook","filename":"sql.py","lineno":879}
{"timestamp":"2026-07-08T12:41:06.520310Z","level":"info","event":"Poking: SELECT COUNT(*) FROM demo_user.client_b_load_status\nWHERE status = 'COMPLETE' AND processed = 0 (with parameters None)","logger":"airflow.task.operators.airflow.providers.common.sql.sensors.sql.SqlSensor","filename":"sql.py","lineno":100}
{"timestamp":"2026-07-08T12:41:06.586596Z","level":"info","event":"Running statement: SELECT COUNT(*) FROM demo_user.client_b_load_status\nWHERE status = 'COMPLETE' AND processed = 0, parameters: None","logger":"airflow.task.hooks.airflow.providers.oracle.hooks.oracle.OracleHook","filename":"sql.py","lineno":861}
{"timestamp":"2026-07-08T12:41:06.588090Z","level":"info","event":"Rows affected: 0","logger":"airflow.task.hooks.airflow.providers.oracle.hooks.oracle.OracleHook","filename":"sql.py","lineno":879}
{"timestamp":"2026-07-08T12:41:16.625556Z","level":"info","event":"Poking: SELECT COUNT(*) FROM demo_user.client_b_load_status\nWHERE status = 'COMPLETE' AND processed = 0 (with parameters None)","logger":"airflow.task.operators.airflow.providers.common.sql.sensors.sql.SqlSensor","filename":"sql.py","lineno":100}
{"timestamp":"2026-07-08T12:41:16.692690Z","level":"info","event":"Running statement: SELECT COUNT(*) FROM demo_user.client_b_load_status\nWHERE status = 'COMPLETE' AND processed = 0, parameters: None","logger":"airflow.task.hooks.airflow.providers.oracle.hooks.oracle.OracleHook","filename":"sql.py","lineno":861}
{"timestamp":"2026-07-08T12:41:16.694231Z","level":"info","event":"Rows affected: 0","logger":"airflow.task.hooks.airflow.providers.oracle.hooks.oracle.OracleHook","filename":"sql.py","lineno":879}
{"timestamp":"2026-07-08T12:41:26.738829Z","level":"info","event":"Poking: SELECT COUNT(*) FROM demo_user.client_b_load_status\nWHERE status = 'COMPLETE' AND processed = 0 (with parameters None)","logger":"airflow.task.operators.airflow.providers.common.sql.sensors.sql.SqlSensor","filename":"sql.py","lineno":100}
{"timestamp":"2026-07-08T12:41:26.810092Z","level":"info","event":"Running statement: SELECT COUNT(*) FROM demo_user.client_b_load_status\nWHERE status = 'COMPLETE' AND processed = 0, parameters: None","logger":"airflow.task.hooks.airflow.providers.oracle.hooks.oracle.OracleHook","filename":"sql.py","lineno":861}
{"timestamp":"2026-07-08T12:41:26.811899Z","level":"info","event":"Rows affected: 0","logger":"airflow.task.hooks.airflow.providers.oracle.hooks.oracle.OracleHook","filename":"sql.py","lineno":879}
{"timestamp":"2026-07-08T12:41:36.858072Z","level":"info","event":"Poking: SELECT COUNT(*) FROM demo_user.client_b_load_status\nWHERE status = 'COMPLETE' AND processed = 0 (with parameters None)","logger":"airflow.task.operators.airflow.providers.common.sql.sensors.sql.SqlSensor","filename":"sql.py","lineno":100}
{"timestamp":"2026-07-08T12:41:36.926801Z","level":"info","event":"Running statement: SELECT COUNT(*) FROM demo_user.client_b_load_status\nWHERE status = 'COMPLETE' AND processed = 0, parameters: None","logger":"airflow.task.hooks.airflow.providers.oracle.hooks.oracle.OracleHook","filename":"sql.py","lineno":861}
{"timestamp":"2026-07-08T12:41:36.928425Z","level":"info","event":"Rows affected: 0","logger":"airflow.task.hooks.airflow.providers.oracle.hooks.oracle.OracleHook","filename":"sql.py","lineno":879}
{"timestamp":"2026-07-08T12:41:46.973904Z","level":"info","event":"Poking: SELECT COUNT(*) FROM demo_user.client_b_load_status\nWHERE status = 'COMPLETE' AND processed = 0 (with parameters None)","logger":"airflow.task.operators.airflow.providers.common.sql.sensors.sql.SqlSensor","filename":"sql.py","lineno":100}
{"timestamp":"2026-07-08T12:41:47.038075Z","level":"info","event":"Running statement: SELECT COUNT(*) FROM demo_user.client_b_load_status\nWHERE status = 'COMPLETE' AND processed = 0, parameters: None","logger":"airflow.task.hooks.airflow.providers.oracle.hooks.oracle.OracleHook","filename":"sql.py","lineno":861}
{"timestamp":"2026-07-08T12:41:47.039582Z","level":"info","event":"Rows affected: 0","logger":"airflow.task.hooks.airflow.providers.oracle.hooks.oracle.OracleHook","filename":"sql.py","lineno":879}
{"timestamp":"2026-07-08T12:41:57.082444Z","level":"info","event":"Poking: SELECT COUNT(*) FROM demo_user.client_b_load_status\nWHERE status = 'COMPLETE' AND processed = 0 (with parameters None)","logger":"airflow.task.operators.airflow.providers.common.sql.sensors.sql.SqlSensor","filename":"sql.py","lineno":100}
{"timestamp":"2026-07-08T12:41:57.158235Z","level":"info","event":"Running statement: SELECT COUNT(*) FROM demo_user.client_b_load_status\nWHERE status = 'COMPLETE' AND processed = 0, parameters: None","logger":"airflow.task.hooks.airflow.providers.oracle.hooks.oracle.OracleHook","filename":"sql.py","lineno":861}
{"timestamp":"2026-07-08T12:41:57.159601Z","level":"info","event":"Rows affected: 0","logger":"airflow.task.hooks.airflow.providers.oracle.hooks.oracle.OracleHook","filename":"sql.py","lineno":879}
{"timestamp":"2026-07-08T12:42:07.208326Z","level":"info","event":"Poking: SELECT COUNT(*) FROM demo_user.client_b_load_status\nWHERE status = 'COMPLETE' AND processed = 0 (with parameters None)","logger":"airflow.task.operators.airflow.providers.common.sql.sensors.sql.SqlSensor","filename":"sql.py","lineno":100}
{"timestamp":"2026-07-08T12:42:07.269890Z","level":"info","event":"Running statement: SELECT COUNT(*) FROM demo_user.client_b_load_status\nWHERE status = 'COMPLETE' AND processed = 0, parameters: None","logger":"airflow.task.hooks.airflow.providers.oracle.hooks.oracle.OracleHook","filename":"sql.py","lineno":861}
{"timestamp":"2026-07-08T12:42:07.271019Z","level":"info","event":"Rows affected: 0","logger":"airflow.task.hooks.airflow.providers.oracle.hooks.oracle.OracleHook","filename":"sql.py","lineno":879}
{"timestamp":"2026-07-08T12:42:17.313360Z","level":"info","event":"Poking: SELECT COUNT(*) FROM demo_user.client_b_load_status\nWHERE status = 'COMPLETE' AND processed = 0 (with parameters None)","logger":"airflow.task.operators.airflow.providers.common.sql.sensors.sql.SqlSensor","filename":"sql.py","lineno":100}
{"timestamp":"2026-07-08T12:42:17.379949Z","level":"info","event":"Running statement: SELECT COUNT(*) FROM demo_user.client_b_load_status\nWHERE status = 'COMPLETE' AND processed = 0, parameters: None","logger":"airflow.task.hooks.airflow.providers.oracle.hooks.oracle.OracleHook","filename":"sql.py","lineno":861}
{"timestamp":"2026-07-08T12:42:17.381751Z","level":"info","event":"Rows affected: 0","logger":"airflow.task.hooks.airflow.providers.oracle.hooks.oracle.OracleHook","filename":"sql.py","lineno":879}
{"timestamp":"2026-07-08T12:42:27.444264Z","level":"info","event":"Poking: SELECT COUNT(*) FROM demo_user.client_b_load_status\nWHERE status = 'COMPLETE' AND processed = 0 (with parameters None)","logger":"airflow.task.operators.airflow.providers.common.sql.sensors.sql.SqlSensor","filename":"sql.py","lineno":100}
{"timestamp":"2026-07-08T12:42:27.515977Z","level":"info","event":"Running statement: SELECT COUNT(*) FROM demo_user.client_b_load_status\nWHERE status = 'COMPLETE' AND processed = 0, parameters: None","logger":"airflow.task.hooks.airflow.providers.oracle.hooks.oracle.OracleHook","filename":"sql.py","lineno":861}
{"timestamp":"2026-07-08T12:42:27.518393Z","level":"info","event":"Rows affected: 0","logger":"airflow.task.hooks.airflow.providers.oracle.hooks.oracle.OracleHook","filename":"sql.py","lineno":879}
{"timestamp":"2026-07-08T12:42:37.578098Z","level":"info","event":"Poking: SELECT COUNT(*) FROM demo_user.client_b_load_status\nWHERE status = 'COMPLETE' AND processed = 0 (with parameters None)","logger":"airflow.task.operators.airflow.providers.common.sql.sensors.sql.SqlSensor","filename":"sql.py","lineno":100}
{"timestamp":"2026-07-08T12:42:37.694779Z","level":"info","event":"Running statement: SELECT COUNT(*) FROM demo_user.client_b_load_status\nWHERE status = 'COMPLETE' AND processed = 0, parameters: None","logger":"airflow.task.hooks.airflow.providers.oracle.hooks.oracle.OracleHook","filename":"sql.py","lineno":861}
{"timestamp":"2026-07-08T12:42:37.696540Z","level":"info","event":"Rows affected: 0","logger":"airflow.task.hooks.airflow.providers.oracle.hooks.oracle.OracleHook","filename":"sql.py","lineno":879}
{"timestamp":"2026-07-08T12:42:47.741651Z","level":"info","event":"Poking: SELECT COUNT(*) FROM demo_user.client_b_load_status\nWHERE status = 'COMPLETE' AND processed = 0 (with parameters None)","logger":"airflow.task.operators.airflow.providers.common.sql.sensors.sql.SqlSensor","filename":"sql.py","lineno":100}
{"timestamp":"2026-07-08T12:42:47.806511Z","level":"info","event":"Running statement: SELECT COUNT(*) FROM demo_user.client_b_load_status\nWHERE status = 'COMPLETE' AND processed = 0, parameters: None","logger":"airflow.task.hooks.airflow.providers.oracle.hooks.oracle.OracleHook","filename":"sql.py","lineno":861}
{"timestamp":"2026-07-08T12:42:47.807788Z","level":"info","event":"Rows affected: 0","logger":"airflow.task.hooks.airflow.providers.oracle.hooks.oracle.OracleHook","filename":"sql.py","lineno":879}
{"timestamp":"2026-07-08T12:42:57.847207Z","level":"info","event":"Poking: SELECT COUNT(*) FROM demo_user.client_b_load_status\nWHERE status = 'COMPLETE' AND processed = 0 (with parameters None)","logger":"airflow.task.operators.airflow.providers.common.sql.sensors.sql.SqlSensor","filename":"sql.py","lineno":100}
{"timestamp":"2026-07-08T12:42:57.966606Z","level":"info","event":"Running statement: SELECT COUNT(*) FROM demo_user.client_b_load_status\nWHERE status = 'COMPLETE' AND processed = 0, parameters: None","logger":"airflow.task.hooks.airflow.providers.oracle.hooks.oracle.OracleHook","filename":"sql.py","lineno":861}
{"timestamp":"2026-07-08T12:42:57.970170Z","level":"info","event":"Rows affected: 0","logger":"airflow.task.hooks.airflow.providers.oracle.hooks.oracle.OracleHook","filename":"sql.py","lineno":879}
{"timestamp":"2026-07-08T12:43:08.018822Z","level":"info","event":"Poking: SELECT COUNT(*) FROM demo_user.client_b_load_status\nWHERE status = 'COMPLETE' AND processed = 0 (with parameters None)","logger":"airflow.task.operators.airflow.providers.common.sql.sensors.sql.SqlSensor","filename":"sql.py","lineno":100}
{"timestamp":"2026-07-08T12:43:08.085449Z","level":"info","event":"Running statement: SELECT COUNT(*) FROM demo_user.client_b_load_status\nWHERE status = 'COMPLETE' AND processed = 0, parameters: None","logger":"airflow.task.hooks.airflow.providers.oracle.hooks.oracle.OracleHook","filename":"sql.py","lineno":861}
{"timestamp":"2026-07-08T12:43:08.086392Z","level":"info","event":"Rows affected: 0","logger":"airflow.task.hooks.airflow.providers.oracle.hooks.oracle.OracleHook","filename":"sql.py","lineno":879}
{"timestamp":"2026-07-08T12:43:18.127292Z","level":"info","event":"Poking: SELECT COUNT(*) FROM demo_user.client_b_load_status\nWHERE status = 'COMPLETE' AND processed = 0 (with parameters None)","logger":"airflow.task.operators.airflow.providers.common.sql.sensors.sql.SqlSensor","filename":"sql.py","lineno":100}
{"timestamp":"2026-07-08T12:43:18.183355Z","level":"info","event":"Running statement: SELECT COUNT(*) FROM demo_user.client_b_load_status\nWHERE status = 'COMPLETE' AND processed = 0, parameters: None","logger":"airflow.task.hooks.airflow.providers.oracle.hooks.oracle.OracleHook","filename":"sql.py","lineno":861}
{"timestamp":"2026-07-08T12:43:18.184509Z","level":"info","event":"Rows affected: 0","logger":"airflow.task.hooks.airflow.providers.oracle.hooks.oracle.OracleHook","filename":"sql.py","lineno":879}
{"timestamp":"2026-07-08T12:43:28.254556Z","level":"info","event":"Poking: SELECT COUNT(*) FROM demo_user.client_b_load_status\nWHERE status = 'COMPLETE' AND processed = 0 (with parameters None)","logger":"airflow.task.operators.airflow.providers.common.sql.sensors.sql.SqlSensor","filename":"sql.py","lineno":100}
{"timestamp":"2026-07-08T12:43:28.338329Z","level":"info","event":"Running statement: SELECT COUNT(*) FROM demo_user.client_b_load_status\nWHERE status = 'COMPLETE' AND processed = 0, parameters: None","logger":"airflow.task.hooks.airflow.providers.oracle.hooks.oracle.OracleHook","filename":"sql.py","lineno":861}
{"timestamp":"2026-07-08T12:43:28.340072Z","level":"info","event":"Rows affected: 0","logger":"airflow.task.hooks.airflow.providers.oracle.hooks.oracle.OracleHook","filename":"sql.py","lineno":879}
{"timestamp":"2026-07-08T12:43:38.374597Z","level":"info","event":"Poking: SELECT COUNT(*) FROM demo_user.client_b_load_status\nWHERE status = 'COMPLETE' AND processed = 0 (with parameters None)","logger":"airflow.task.operators.airflow.providers.common.sql.sensors.sql.SqlSensor","filename":"sql.py","lineno":100}
{"timestamp":"2026-07-08T12:43:38.422087Z","level":"info","event":"Running statement: SELECT COUNT(*) FROM demo_user.client_b_load_status\nWHERE status = 'COMPLETE' AND processed = 0, parameters: None","logger":"airflow.task.hooks.airflow.providers.oracle.hooks.oracle.OracleHook","filename":"sql.py","lineno":861}
{"timestamp":"2026-07-08T12:43:38.423093Z","level":"info","event":"Rows affected: 0","logger":"airflow.task.hooks.airflow.providers.oracle.hooks.oracle.OracleHook","filename":"sql.py","lineno":879}
{"timestamp":"2026-07-08T12:43:48.466097Z","level":"info","event":"Poking: SELECT COUNT(*) FROM demo_user.client_b_load_status\nWHERE status = 'COMPLETE' AND processed = 0 (with parameters None)","logger":"airflow.task.operators.airflow.providers.common.sql.sensors.sql.SqlSensor","filename":"sql.py","lineno":100}
{"timestamp":"2026-07-08T12:43:48.529698Z","level":"info","event":"Running statement: SELECT COUNT(*) FROM demo_user.client_b_load_status\nWHERE status = 'COMPLETE' AND processed = 0, parameters: None","logger":"airflow.task.hooks.airflow.providers.oracle.hooks.oracle.OracleHook","filename":"sql.py","lineno":861}
{"timestamp":"2026-07-08T12:43:48.530899Z","level":"info","event":"Rows affected: 0","logger":"airflow.task.hooks.airflow.providers.oracle.hooks.oracle.OracleHook","filename":"sql.py","lineno":879}
{"timestamp":"2026-07-08T12:43:58.562069Z","level":"info","event":"Poking: SELECT COUNT(*) FROM demo_user.client_b_load_status\nWHERE status = 'COMPLETE' AND processed = 0 (with parameters None)","logger":"airflow.task.operators.airflow.providers.common.sql.sensors.sql.SqlSensor","filename":"sql.py","lineno":100}
{"timestamp":"2026-07-08T12:43:58.627714Z","level":"info","event":"Running statement: SELECT COUNT(*) FROM demo_user.client_b_load_status\nWHERE status = 'COMPLETE' AND processed = 0, parameters: None","logger":"airflow.task.hooks.airflow.providers.oracle.hooks.oracle.OracleHook","filename":"sql.py","lineno":861}
{"timestamp":"2026-07-08T12:43:58.628742Z","level":"info","event":"Rows affected: 0","logger":"airflow.task.hooks.airflow.providers.oracle.hooks.oracle.OracleHook","filename":"sql.py","lineno":879}
{"timestamp":"2026-07-08T12:44:08.700559Z","level":"info","event":"Poking: SELECT COUNT(*) FROM demo_user.client_b_load_status\nWHERE status = 'COMPLETE' AND processed = 0 (with parameters None)","logger":"airflow.task.operators.airflow.providers.common.sql.sensors.sql.SqlSensor","filename":"sql.py","lineno":100}
{"timestamp":"2026-07-08T12:44:08.787323Z","level":"info","event":"Running statement: SELECT COUNT(*) FROM demo_user.client_b_load_status\nWHERE status = 'COMPLETE' AND processed = 0, parameters: None","logger":"airflow.task.hooks.airflow.providers.oracle.hooks.oracle.OracleHook","filename":"sql.py","lineno":861}
{"timestamp":"2026-07-08T12:44:08.788743Z","level":"info","event":"Rows affected: 0","logger":"airflow.task.hooks.airflow.providers.oracle.hooks.oracle.OracleHook","filename":"sql.py","lineno":879}
{"timestamp":"2026-07-08T12:44:18.815119Z","level":"info","event":"Poking: SELECT COUNT(*) FROM demo_user.client_b_load_status\nWHERE status = 'COMPLETE' AND processed = 0 (with parameters None)","logger":"airflow.task.operators.airflow.providers.common.sql.sensors.sql.SqlSensor","filename":"sql.py","lineno":100}
{"timestamp":"2026-07-08T12:44:18.871692Z","level":"info","event":"Running statement: SELECT COUNT(*) FROM demo_user.client_b_load_status\nWHERE status = 'COMPLETE' AND processed = 0, parameters: None","logger":"airflow.task.hooks.airflow.providers.oracle.hooks.oracle.OracleHook","filename":"sql.py","lineno":861}
{"timestamp":"2026-07-08T12:44:18.873194Z","level":"info","event":"Rows affected: 0","logger":"airflow.task.hooks.airflow.providers.oracle.hooks.oracle.OracleHook","filename":"sql.py","lineno":879}
{"timestamp":"2026-07-08T12:44:28.897176Z","level":"info","event":"Poking: SELECT COUNT(*) FROM demo_user.client_b_load_status\nWHERE status = 'COMPLETE' AND processed = 0 (with parameters None)","logger":"airflow.task.operators.airflow.providers.common.sql.sensors.sql.SqlSensor","filename":"sql.py","lineno":100}
{"timestamp":"2026-07-08T12:44:28.951977Z","level":"info","event":"Running statement: SELECT COUNT(*) FROM demo_user.client_b_load_status\nWHERE status = 'COMPLETE' AND processed = 0, parameters: None","logger":"airflow.task.hooks.airflow.providers.oracle.hooks.oracle.OracleHook","filename":"sql.py","lineno":861}
{"timestamp":"2026-07-08T12:44:28.953289Z","level":"info","event":"Rows affected: 0","logger":"airflow.task.hooks.airflow.providers.oracle.hooks.oracle.OracleHook","filename":"sql.py","lineno":879}
{"timestamp":"2026-07-08T12:44:38.987294Z","level":"info","event":"Poking: SELECT COUNT(*) FROM demo_user.client_b_load_status\nWHERE status = 'COMPLETE' AND processed = 0 (with parameters None)","logger":"airflow.task.operators.airflow.providers.common.sql.sensors.sql.SqlSensor","filename":"sql.py","lineno":100}
{"timestamp":"2026-07-08T12:44:39.060657Z","level":"info","event":"Running statement: SELECT COUNT(*) FROM demo_user.client_b_load_status\nWHERE status = 'COMPLETE' AND processed = 0, parameters: None","logger":"airflow.task.hooks.airflow.providers.oracle.hooks.oracle.OracleHook","filename":"sql.py","lineno":861}
{"timestamp":"2026-07-08T12:44:39.062388Z","level":"info","event":"Rows affected: 0","logger":"airflow.task.hooks.airflow.providers.oracle.hooks.oracle.OracleHook","filename":"sql.py","lineno":879}
{"timestamp":"2026-07-08T12:44:49.111796Z","level":"info","event":"Poking: SELECT COUNT(*) FROM demo_user.client_b_load_status\nWHERE status = 'COMPLETE' AND processed = 0 (with parameters None)","logger":"airflow.task.operators.airflow.providers.common.sql.sensors.sql.SqlSensor","filename":"sql.py","lineno":100}
{"timestamp":"2026-07-08T12:44:49.173367Z","level":"info","event":"Running statement: SELECT COUNT(*) FROM demo_user.client_b_load_status\nWHERE status = 'COMPLETE' AND processed = 0, parameters: None","logger":"airflow.task.hooks.airflow.providers.oracle.hooks.oracle.OracleHook","filename":"sql.py","lineno":861}
{"timestamp":"2026-07-08T12:44:49.174970Z","level":"info","event":"Rows affected: 0","logger":"airflow.task.hooks.airflow.providers.oracle.hooks.oracle.OracleHook","filename":"sql.py","lineno":879}
{"timestamp":"2026-07-08T12:44:59.218225Z","level":"info","event":"Poking: SELECT COUNT(*) FROM demo_user.client_b_load_status\nWHERE status = 'COMPLETE' AND processed = 0 (with parameters None)","logger":"airflow.task.operators.airflow.providers.common.sql.sensors.sql.SqlSensor","filename":"sql.py","lineno":100}
{"timestamp":"2026-07-08T12:44:59.273856Z","level":"info","event":"Running statement: SELECT COUNT(*) FROM demo_user.client_b_load_status\nWHERE status = 'COMPLETE' AND processed = 0, parameters: None","logger":"airflow.task.hooks.airflow.providers.oracle.hooks.oracle.OracleHook","filename":"sql.py","lineno":861}
{"timestamp":"2026-07-08T12:44:59.274857Z","level":"info","event":"Rows affected: 0","logger":"airflow.task.hooks.airflow.providers.oracle.hooks.oracle.OracleHook","filename":"sql.py","lineno":879}
{"timestamp":"2026-07-08T12:45:09.319417Z","level":"info","event":"Poking: SELECT COUNT(*) FROM demo_user.client_b_load_status\nWHERE status = 'COMPLETE' AND processed = 0 (with parameters None)","logger":"airflow.task.operators.airflow.providers.common.sql.sensors.sql.SqlSensor","filename":"sql.py","lineno":100}
{"timestamp":"2026-07-08T12:45:09.385121Z","level":"info","event":"Running statement: SELECT COUNT(*) FROM demo_user.client_b_load_status\nWHERE status = 'COMPLETE' AND processed = 0, parameters: None","logger":"airflow.task.hooks.airflow.providers.oracle.hooks.oracle.OracleHook","filename":"sql.py","lineno":861}
{"timestamp":"2026-07-08T12:45:09.386136Z","level":"info","event":"Rows affected: 0","logger":"airflow.task.hooks.airflow.providers.oracle.hooks.oracle.OracleHook","filename":"sql.py","lineno":879}
{"timestamp":"2026-07-08T12:45:19.428444Z","level":"info","event":"Poking: SELECT COUNT(*) FROM demo_user.client_b_load_status\nWHERE status = 'COMPLETE' AND processed = 0 (with parameters None)","logger":"airflow.task.operators.airflow.providers.common.sql.sensors.sql.SqlSensor","filename":"sql.py","lineno":100}
{"timestamp":"2026-07-08T12:45:19.502702Z","level":"info","event":"Running statement: SELECT COUNT(*) FROM demo_user.client_b_load_status\nWHERE status = 'COMPLETE' AND processed = 0, parameters: None","logger":"airflow.task.hooks.airflow.providers.oracle.hooks.oracle.OracleHook","filename":"sql.py","lineno":861}
{"timestamp":"2026-07-08T12:45:19.504042Z","level":"info","event":"Rows affected: 0","logger":"airflow.task.hooks.airflow.providers.oracle.hooks.oracle.OracleHook","filename":"sql.py","lineno":879}
{"timestamp":"2026-07-08T12:45:29.534601Z","level":"info","event":"Poking: SELECT COUNT(*) FROM demo_user.client_b_load_status\nWHERE status = 'COMPLETE' AND processed = 0 (with parameters None)","logger":"airflow.task.operators.airflow.providers.common.sql.sensors.sql.SqlSensor","filename":"sql.py","lineno":100}
{"timestamp":"2026-07-08T12:45:29.586513Z","level":"info","event":"Running statement: SELECT COUNT(*) FROM demo_user.client_b_load_status\nWHERE status = 'COMPLETE' AND processed = 0, parameters: None","logger":"airflow.task.hooks.airflow.providers.oracle.hooks.oracle.OracleHook","filename":"sql.py","lineno":861}
{"timestamp":"2026-07-08T12:45:29.587692Z","level":"info","event":"Rows affected: 0","logger":"airflow.task.hooks.airflow.providers.oracle.hooks.oracle.OracleHook","filename":"sql.py","lineno":879}
{"timestamp":"2026-07-08T12:45:39.640758Z","level":"info","event":"Poking: SELECT COUNT(*) FROM demo_user.client_b_load_status\nWHERE status = 'COMPLETE' AND processed = 0 (with parameters None)","logger":"airflow.task.operators.airflow.providers.common.sql.sensors.sql.SqlSensor","filename":"sql.py","lineno":100}
{"timestamp":"2026-07-08T12:45:39.716373Z","level":"info","event":"Running statement: SELECT COUNT(*) FROM demo_user.client_b_load_status\nWHERE status = 'COMPLETE' AND processed = 0, parameters: None","logger":"airflow.task.hooks.airflow.providers.oracle.hooks.oracle.OracleHook","filename":"sql.py","lineno":861}
{"timestamp":"2026-07-08T12:45:39.717591Z","level":"info","event":"Rows affected: 0","logger":"airflow.task.hooks.airflow.providers.oracle.hooks.oracle.OracleHook","filename":"sql.py","lineno":879}
{"timestamp":"2026-07-08T12:45:49.759801Z","level":"info","event":"Poking: SELECT COUNT(*) FROM demo_user.client_b_load_status\nWHERE status = 'COMPLETE' AND processed = 0 (with parameters None)","logger":"airflow.task.operators.airflow.providers.common.sql.sensors.sql.SqlSensor","filename":"sql.py","lineno":100}
{"timestamp":"2026-07-08T12:45:49.816991Z","level":"info","event":"Running statement: SELECT COUNT(*) FROM demo_user.client_b_load_status\nWHERE status = 'COMPLETE' AND processed = 0, parameters: None","logger":"airflow.task.hooks.airflow.providers.oracle.hooks.oracle.OracleHook","filename":"sql.py","lineno":861}
{"timestamp":"2026-07-08T12:45:49.818053Z","level":"info","event":"Rows affected: 0","logger":"airflow.task.hooks.airflow.providers.oracle.hooks.oracle.OracleHook","filename":"sql.py","lineno":879}
{"timestamp":"2026-07-08T12:45:59.877749Z","level":"info","event":"Poking: SELECT COUNT(*) FROM demo_user.client_b_load_status\nWHERE status = 'COMPLETE' AND processed = 0 (with parameters None)","logger":"airflow.task.operators.airflow.providers.common.sql.sensors.sql.SqlSensor","filename":"sql.py","lineno":100}
{"timestamp":"2026-07-08T12:45:59.980470Z","level":"info","event":"Running statement: SELECT COUNT(*) FROM demo_user.client_b_load_status\nWHERE status = 'COMPLETE' AND processed = 0, parameters: None","logger":"airflow.task.hooks.airflow.providers.oracle.hooks.oracle.OracleHook","filename":"sql.py","lineno":861}
{"timestamp":"2026-07-08T12:45:59.982134Z","level":"info","event":"Rows affected: 0","logger":"airflow.task.hooks.airflow.providers.oracle.hooks.oracle.OracleHook","filename":"sql.py","lineno":879}
{"timestamp":"2026-07-08T12:46:10.019950Z","level":"info","event":"Poking: SELECT COUNT(*) FROM demo_user.client_b_load_status\nWHERE status = 'COMPLETE' AND processed = 0 (with parameters None)","logger":"airflow.task.operators.airflow.providers.common.sql.sensors.sql.SqlSensor","filename":"sql.py","lineno":100}
{"timestamp":"2026-07-08T12:46:10.100686Z","level":"info","event":"Running statement: SELECT COUNT(*) FROM demo_user.client_b_load_status\nWHERE status = 'COMPLETE' AND processed = 0, parameters: None","logger":"airflow.task.hooks.airflow.providers.oracle.hooks.oracle.OracleHook","filename":"sql.py","lineno":861}
{"timestamp":"2026-07-08T12:46:10.102927Z","level":"info","event":"Rows affected: 0","logger":"airflow.task.hooks.airflow.providers.oracle.hooks.oracle.OracleHook","filename":"sql.py","lineno":879}
{"timestamp":"2026-07-08T12:46:20.135904Z","level":"info","event":"Poking: SELECT COUNT(*) FROM demo_user.client_b_load_status\nWHERE status = 'COMPLETE' AND processed = 0 (with parameters None)","logger":"airflow.task.operators.airflow.providers.common.sql.sensors.sql.SqlSensor","filename":"sql.py","lineno":100}
{"timestamp":"2026-07-08T12:46:20.196492Z","level":"info","event":"Running statement: SELECT COUNT(*) FROM demo_user.client_b_load_status\nWHERE status = 'COMPLETE' AND processed = 0, parameters: None","logger":"airflow.task.hooks.airflow.providers.oracle.hooks.oracle.OracleHook","filename":"sql.py","lineno":861}
{"timestamp":"2026-07-08T12:46:20.197908Z","level":"info","event":"Rows affected: 0","logger":"airflow.task.hooks.airflow.providers.oracle.hooks.oracle.OracleHook","filename":"sql.py","lineno":879}
{"timestamp":"2026-07-08T12:46:30.238029Z","level":"info","event":"Poking: SELECT COUNT(*) FROM demo_user.client_b_load_status\nWHERE status = 'COMPLETE' AND processed = 0 (with parameters None)","logger":"airflow.task.operators.airflow.providers.common.sql.sensors.sql.SqlSensor","filename":"sql.py","lineno":100}
{"timestamp":"2026-07-08T12:46:30.288359Z","level":"info","event":"Running statement: SELECT COUNT(*) FROM demo_user.client_b_load_status\nWHERE status = 'COMPLETE' AND processed = 0, parameters: None","logger":"airflow.task.hooks.airflow.providers.oracle.hooks.oracle.OracleHook","filename":"sql.py","lineno":861}
{"timestamp":"2026-07-08T12:46:30.289309Z","level":"info","event":"Rows affected: 0","logger":"airflow.task.hooks.airflow.providers.oracle.hooks.oracle.OracleHook","filename":"sql.py","lineno":879}
{"timestamp":"2026-07-08T12:46:40.321700Z","level":"info","event":"Poking: SELECT COUNT(*) FROM demo_user.client_b_load_status\nWHERE status = 'COMPLETE' AND processed = 0 (with parameters None)","logger":"airflow.task.operators.airflow.providers.common.sql.sensors.sql.SqlSensor","filename":"sql.py","lineno":100}
{"timestamp":"2026-07-08T12:46:40.369236Z","level":"info","event":"Running statement: SELECT COUNT(*) FROM demo_user.client_b_load_status\nWHERE status = 'COMPLETE' AND processed = 0, parameters: None","logger":"airflow.task.hooks.airflow.providers.oracle.hooks.oracle.OracleHook","filename":"sql.py","lineno":861}
{"timestamp":"2026-07-08T12:46:40.370166Z","level":"info","event":"Rows affected: 0","logger":"airflow.task.hooks.airflow.providers.oracle.hooks.oracle.OracleHook","filename":"sql.py","lineno":879}
{"timestamp":"2026-07-08T12:46:50.405467Z","level":"info","event":"Poking: SELECT COUNT(*) FROM demo_user.client_b_load_status\nWHERE status = 'COMPLETE' AND processed = 0 (with parameters None)","logger":"airflow.task.operators.airflow.providers.common.sql.sensors.sql.SqlSensor","filename":"sql.py","lineno":100}
{"timestamp":"2026-07-08T12:46:50.464671Z","level":"info","event":"Running statement: SELECT COUNT(*) FROM demo_user.client_b_load_status\nWHERE status = 'COMPLETE' AND processed = 0, parameters: None","logger":"airflow.task.hooks.airflow.providers.oracle.hooks.oracle.OracleHook","filename":"sql.py","lineno":861}
{"timestamp":"2026-07-08T12:46:50.466238Z","level":"info","event":"Rows affected: 0","logger":"airflow.task.hooks.airflow.providers.oracle.hooks.oracle.OracleHook","filename":"sql.py","lineno":879}
{"timestamp":"2026-07-08T12:47:00.503571Z","level":"info","event":"Poking: SELECT COUNT(*) FROM demo_user.client_b_load_status\nWHERE status = 'COMPLETE' AND processed = 0 (with parameters None)","logger":"airflow.task.operators.airflow.providers.common.sql.sensors.sql.SqlSensor","filename":"sql.py","lineno":100}
{"timestamp":"2026-07-08T12:47:00.562947Z","level":"info","event":"Running statement: SELECT COUNT(*) FROM demo_user.client_b_load_status\nWHERE status = 'COMPLETE' AND processed = 0, parameters: None","logger":"airflow.task.hooks.airflow.providers.oracle.hooks.oracle.OracleHook","filename":"sql.py","lineno":861}
{"timestamp":"2026-07-08T12:47:00.564227Z","level":"info","event":"Rows affected: 0","logger":"airflow.task.hooks.airflow.providers.oracle.hooks.oracle.OracleHook","filename":"sql.py","lineno":879}
{"timestamp":"2026-07-08T12:47:10.594072Z","level":"info","event":"Poking: SELECT COUNT(*) FROM demo_user.client_b_load_status\nWHERE status = 'COMPLETE' AND processed = 0 (with parameters None)","logger":"airflow.task.operators.airflow.providers.common.sql.sensors.sql.SqlSensor","filename":"sql.py","lineno":100}
{"timestamp":"2026-07-08T12:47:10.659559Z","level":"info","event":"Running statement: SELECT COUNT(*) FROM demo_user.client_b_load_status\nWHERE status = 'COMPLETE' AND processed = 0, parameters: None","logger":"airflow.task.hooks.airflow.providers.oracle.hooks.oracle.OracleHook","filename":"sql.py","lineno":861}
{"timestamp":"2026-07-08T12:47:10.661294Z","level":"info","event":"Rows affected: 0","logger":"airflow.task.hooks.airflow.providers.oracle.hooks.oracle.OracleHook","filename":"sql.py","lineno":879}
{"timestamp":"2026-07-08T12:47:20.704856Z","level":"info","event":"Poking: SELECT COUNT(*) FROM demo_user.client_b_load_status\nWHERE status = 'COMPLETE' AND processed = 0 (with parameters None)","logger":"airflow.task.operators.airflow.providers.common.sql.sensors.sql.SqlSensor","filename":"sql.py","lineno":100}
{"timestamp":"2026-07-08T12:47:20.770722Z","level":"info","event":"Running statement: SELECT COUNT(*) FROM demo_user.client_b_load_status\nWHERE status = 'COMPLETE' AND processed = 0, parameters: None","logger":"airflow.task.hooks.airflow.providers.oracle.hooks.oracle.OracleHook","filename":"sql.py","lineno":861}
{"timestamp":"2026-07-08T12:47:20.772153Z","level":"info","event":"Rows affected: 0","logger":"airflow.task.hooks.airflow.providers.oracle.hooks.oracle.OracleHook","filename":"sql.py","lineno":879}
{"timestamp":"2026-07-08T12:47:30.815391Z","level":"info","event":"Poking: SELECT COUNT(*) FROM demo_user.client_b_load_status\nWHERE status = 'COMPLETE' AND processed = 0 (with parameters None)","logger":"airflow.task.operators.airflow.providers.common.sql.sensors.sql.SqlSensor","filename":"sql.py","lineno":100}
{"timestamp":"2026-07-08T12:47:30.890569Z","level":"info","event":"Running statement: SELECT COUNT(*) FROM demo_user.client_b_load_status\nWHERE status = 'COMPLETE' AND processed = 0, parameters: None","logger":"airflow.task.hooks.airflow.providers.oracle.hooks.oracle.OracleHook","filename":"sql.py","lineno":861}
{"timestamp":"2026-07-08T12:47:30.892266Z","level":"info","event":"Rows affected: 0","logger":"airflow.task.hooks.airflow.providers.oracle.hooks.oracle.OracleHook","filename":"sql.py","lineno":879}
{"timestamp":"2026-07-08T12:47:40.935699Z","level":"info","event":"Poking: SELECT COUNT(*) FROM demo_user.client_b_load_status\nWHERE status = 'COMPLETE' AND processed = 0 (with parameters None)","logger":"airflow.task.operators.airflow.providers.common.sql.sensors.sql.SqlSensor","filename":"sql.py","lineno":100}
{"timestamp":"2026-07-08T12:47:40.997695Z","level":"info","event":"Running statement: SELECT COUNT(*) FROM demo_user.client_b_load_status\nWHERE status = 'COMPLETE' AND processed = 0, parameters: None","logger":"airflow.task.hooks.airflow.providers.oracle.hooks.oracle.OracleHook","filename":"sql.py","lineno":861}
{"timestamp":"2026-07-08T12:47:40.998616Z","level":"info","event":"Rows affected: 0","logger":"airflow.task.hooks.airflow.providers.oracle.hooks.oracle.OracleHook","filename":"sql.py","lineno":879}
{"timestamp":"2026-07-08T12:47:51.035427Z","level":"info","event":"Poking: SELECT COUNT(*) FROM demo_user.client_b_load_status\nWHERE status = 'COMPLETE' AND processed = 0 (with parameters None)","logger":"airflow.task.operators.airflow.providers.common.sql.sensors.sql.SqlSensor","filename":"sql.py","lineno":100}
{"timestamp":"2026-07-08T12:47:51.100521Z","level":"info","event":"Running statement: SELECT COUNT(*) FROM demo_user.client_b_load_status\nWHERE status = 'COMPLETE' AND processed = 0, parameters: None","logger":"airflow.task.hooks.airflow.providers.oracle.hooks.oracle.OracleHook","filename":"sql.py","lineno":861}
{"timestamp":"2026-07-08T12:47:51.101707Z","level":"info","event":"Rows affected: 0","logger":"airflow.task.hooks.airflow.providers.oracle.hooks.oracle.OracleHook","filename":"sql.py","lineno":879}
{"timestamp":"2026-07-08T12:48:01.141948Z","level":"info","event":"Poking: SELECT COUNT(*) FROM demo_user.client_b_load_status\nWHERE status = 'COMPLETE' AND processed = 0 (with parameters None)","logger":"airflow.task.operators.airflow.providers.common.sql.sensors.sql.SqlSensor","filename":"sql.py","lineno":100}
{"timestamp":"2026-07-08T12:48:01.203041Z","level":"info","event":"Running statement: SELECT COUNT(*) FROM demo_user.client_b_load_status\nWHERE status = 'COMPLETE' AND processed = 0, parameters: None","logger":"airflow.task.hooks.airflow.providers.oracle.hooks.oracle.OracleHook","filename":"sql.py","lineno":861}
{"timestamp":"2026-07-08T12:48:01.204336Z","level":"info","event":"Rows affected: 0","logger":"airflow.task.hooks.airflow.providers.oracle.hooks.oracle.OracleHook","filename":"sql.py","lineno":879}
{"timestamp":"2026-07-08T12:48:11.240945Z","level":"info","event":"Poking: SELECT COUNT(*) FROM demo_user.client_b_load_status\nWHERE status = 'COMPLETE' AND processed = 0 (with parameters None)","logger":"airflow.task.operators.airflow.providers.common.sql.sensors.sql.SqlSensor","filename":"sql.py","lineno":100}
{"timestamp":"2026-07-08T12:48:11.299451Z","level":"info","event":"Running statement: SELECT COUNT(*) FROM demo_user.client_b_load_status\nWHERE status = 'COMPLETE' AND processed = 0, parameters: None","logger":"airflow.task.hooks.airflow.providers.oracle.hooks.oracle.OracleHook","filename":"sql.py","lineno":861}
{"timestamp":"2026-07-08T12:48:11.300652Z","level":"info","event":"Rows affected: 0","logger":"airflow.task.hooks.airflow.providers.oracle.hooks.oracle.OracleHook","filename":"sql.py","lineno":879}
{"timestamp":"2026-07-08T12:48:21.330918Z","level":"info","event":"Poking: SELECT COUNT(*) FROM demo_user.client_b_load_status\nWHERE status = 'COMPLETE' AND processed = 0 (with parameters None)","logger":"airflow.task.operators.airflow.providers.common.sql.sensors.sql.SqlSensor","filename":"sql.py","lineno":100}
{"timestamp":"2026-07-08T12:48:21.386216Z","level":"info","event":"Running statement: SELECT COUNT(*) FROM demo_user.client_b_load_status\nWHERE status = 'COMPLETE' AND processed = 0, parameters: None","logger":"airflow.task.hooks.airflow.providers.oracle.hooks.oracle.OracleHook","filename":"sql.py","lineno":861}
{"timestamp":"2026-07-08T12:48:21.387409Z","level":"info","event":"Rows affected: 0","logger":"airflow.task.hooks.airflow.providers.oracle.hooks.oracle.OracleHook","filename":"sql.py","lineno":879}
{"timestamp":"2026-07-08T12:48:31.429901Z","level":"info","event":"Poking: SELECT COUNT(*) FROM demo_user.client_b_load_status\nWHERE status = 'COMPLETE' AND processed = 0 (with parameters None)","logger":"airflow.task.operators.airflow.providers.common.sql.sensors.sql.SqlSensor","filename":"sql.py","lineno":100}
{"timestamp":"2026-07-08T12:48:31.486180Z","level":"info","event":"Running statement: SELECT COUNT(*) FROM demo_user.client_b_load_status\nWHERE status = 'COMPLETE' AND processed = 0, parameters: None","logger":"airflow.task.hooks.airflow.providers.oracle.hooks.oracle.OracleHook","filename":"sql.py","lineno":861}
{"timestamp":"2026-07-08T12:48:31.487263Z","level":"info","event":"Rows affected: 0","logger":"airflow.task.hooks.airflow.providers.oracle.hooks.oracle.OracleHook","filename":"sql.py","lineno":879}
{"timestamp":"2026-07-08T12:48:41.531021Z","level":"info","event":"Poking: SELECT COUNT(*) FROM demo_user.client_b_load_status\nWHERE status = 'COMPLETE' AND processed = 0 (with parameters None)","logger":"airflow.task.operators.airflow.providers.common.sql.sensors.sql.SqlSensor","filename":"sql.py","lineno":100}
{"timestamp":"2026-07-08T12:48:41.603401Z","level":"info","event":"Running statement: SELECT COUNT(*) FROM demo_user.client_b_load_status\nWHERE status = 'COMPLETE' AND processed = 0, parameters: None","logger":"airflow.task.hooks.airflow.providers.oracle.hooks.oracle.OracleHook","filename":"sql.py","lineno":861}
{"timestamp":"2026-07-08T12:48:41.605113Z","level":"info","event":"Rows affected: 0","logger":"airflow.task.hooks.airflow.providers.oracle.hooks.oracle.OracleHook","filename":"sql.py","lineno":879}
{"timestamp":"2026-07-08T12:48:51.640252Z","level":"info","event":"Poking: SELECT COUNT(*) FROM demo_user.client_b_load_status\nWHERE status = 'COMPLETE' AND processed = 0 (with parameters None)","logger":"airflow.task.operators.airflow.providers.common.sql.sensors.sql.SqlSensor","filename":"sql.py","lineno":100}
{"timestamp":"2026-07-08T12:48:51.693521Z","level":"info","event":"Running statement: SELECT COUNT(*) FROM demo_user.client_b_load_status\nWHERE status = 'COMPLETE' AND processed = 0, parameters: None","logger":"airflow.task.hooks.airflow.providers.oracle.hooks.oracle.OracleHook","filename":"sql.py","lineno":861}
{"timestamp":"2026-07-08T12:48:51.694577Z","level":"info","event":"Rows affected: 0","logger":"airflow.task.hooks.airflow.providers.oracle.hooks.oracle.OracleHook","filename":"sql.py","lineno":879}
{"timestamp":"2026-07-08T12:49:01.727221Z","level":"info","event":"Poking: SELECT COUNT(*) FROM demo_user.client_b_load_status\nWHERE status = 'COMPLETE' AND processed = 0 (with parameters None)","logger":"airflow.task.operators.airflow.providers.common.sql.sensors.sql.SqlSensor","filename":"sql.py","lineno":100}
{"timestamp":"2026-07-08T12:49:01.786572Z","level":"info","event":"Running statement: SELECT COUNT(*) FROM demo_user.client_b_load_status\nWHERE status = 'COMPLETE' AND processed = 0, parameters: None","logger":"airflow.task.hooks.airflow.providers.oracle.hooks.oracle.OracleHook","filename":"sql.py","lineno":861}
{"timestamp":"2026-07-08T12:49:01.787623Z","level":"info","event":"Rows affected: 0","logger":"airflow.task.hooks.airflow.providers.oracle.hooks.oracle.OracleHook","filename":"sql.py","lineno":879}
{"timestamp":"2026-07-08T12:49:11.832855Z","level":"info","event":"Poking: SELECT COUNT(*) FROM demo_user.client_b_load_status\nWHERE status = 'COMPLETE' AND processed = 0 (with parameters None)","logger":"airflow.task.operators.airflow.providers.common.sql.sensors.sql.SqlSensor","filename":"sql.py","lineno":100}
{"timestamp":"2026-07-08T12:49:11.903971Z","level":"info","event":"Running statement: SELECT COUNT(*) FROM demo_user.client_b_load_status\nWHERE status = 'COMPLETE' AND processed = 0, parameters: None","logger":"airflow.task.hooks.airflow.providers.oracle.hooks.oracle.OracleHook","filename":"sql.py","lineno":861}
{"timestamp":"2026-07-08T12:49:11.905451Z","level":"info","event":"Rows affected: 0","logger":"airflow.task.hooks.airflow.providers.oracle.hooks.oracle.OracleHook","filename":"sql.py","lineno":879}
{"timestamp":"2026-07-08T12:49:21.944610Z","level":"info","event":"Poking: SELECT COUNT(*) FROM demo_user.client_b_load_status\nWHERE status = 'COMPLETE' AND processed = 0 (with parameters None)","logger":"airflow.task.operators.airflow.providers.common.sql.sensors.sql.SqlSensor","filename":"sql.py","lineno":100}
{"timestamp":"2026-07-08T12:49:22.010287Z","level":"info","event":"Running statement: SELECT COUNT(*) FROM demo_user.client_b_load_status\nWHERE status = 'COMPLETE' AND processed = 0, parameters: None","logger":"airflow.task.hooks.airflow.providers.oracle.hooks.oracle.OracleHook","filename":"sql.py","lineno":861}
{"timestamp":"2026-07-08T12:49:22.012397Z","level":"info","event":"Rows affected: 0","logger":"airflow.task.hooks.airflow.providers.oracle.hooks.oracle.OracleHook","filename":"sql.py","lineno":879}
{"timestamp":"2026-07-08T12:49:32.042321Z","level":"info","event":"Poking: SELECT COUNT(*) FROM demo_user.client_b_load_status\nWHERE status = 'COMPLETE' AND processed = 0 (with parameters None)","logger":"airflow.task.operators.airflow.providers.common.sql.sensors.sql.SqlSensor","filename":"sql.py","lineno":100}
{"timestamp":"2026-07-08T12:49:32.097596Z","level":"info","event":"Running statement: SELECT COUNT(*) FROM demo_user.client_b_load_status\nWHERE status = 'COMPLETE' AND processed = 0, parameters: None","logger":"airflow.task.hooks.airflow.providers.oracle.hooks.oracle.OracleHook","filename":"sql.py","lineno":861}
{"timestamp":"2026-07-08T12:49:32.098817Z","level":"info","event":"Rows affected: 0","logger":"airflow.task.hooks.airflow.providers.oracle.hooks.oracle.OracleHook","filename":"sql.py","lineno":879}
{"timestamp":"2026-07-08T12:49:42.139919Z","level":"info","event":"Poking: SELECT COUNT(*) FROM demo_user.client_b_load_status\nWHERE status = 'COMPLETE' AND processed = 0 (with parameters None)","logger":"airflow.task.operators.airflow.providers.common.sql.sensors.sql.SqlSensor","filename":"sql.py","lineno":100}
{"timestamp":"2026-07-08T12:49:42.212377Z","level":"info","event":"Running statement: SELECT COUNT(*) FROM demo_user.client_b_load_status\nWHERE status = 'COMPLETE' AND processed = 0, parameters: None","logger":"airflow.task.hooks.airflow.providers.oracle.hooks.oracle.OracleHook","filename":"sql.py","lineno":861}
{"timestamp":"2026-07-08T12:49:42.214181Z","level":"info","event":"Rows affected: 0","logger":"airflow.task.hooks.airflow.providers.oracle.hooks.oracle.OracleHook","filename":"sql.py","lineno":879}
{"timestamp":"2026-07-08T12:49:52.255894Z","level":"info","event":"Poking: SELECT COUNT(*) FROM demo_user.client_b_load_status\nWHERE status = 'COMPLETE' AND processed = 0 (with parameters None)","logger":"airflow.task.operators.airflow.providers.common.sql.sensors.sql.SqlSensor","filename":"sql.py","lineno":100}
{"timestamp":"2026-07-08T12:49:52.321827Z","level":"info","event":"Running statement: SELECT COUNT(*) FROM demo_user.client_b_load_status\nWHERE status = 'COMPLETE' AND processed = 0, parameters: None","logger":"airflow.task.hooks.airflow.providers.oracle.hooks.oracle.OracleHook","filename":"sql.py","lineno":861}
{"timestamp":"2026-07-08T12:49:52.323355Z","level":"info","event":"Rows affected: 0","logger":"airflow.task.hooks.airflow.providers.oracle.hooks.oracle.OracleHook","filename":"sql.py","lineno":879}
{"timestamp":"2026-07-08T12:50:02.365296Z","level":"info","event":"Poking: SELECT COUNT(*) FROM demo_user.client_b_load_status\nWHERE status = 'COMPLETE' AND processed = 0 (with parameters None)","logger":"airflow.task.operators.airflow.providers.common.sql.sensors.sql.SqlSensor","filename":"sql.py","lineno":100}
{"timestamp":"2026-07-08T12:50:02.436517Z","level":"info","event":"Running statement: SELECT COUNT(*) FROM demo_user.client_b_load_status\nWHERE status = 'COMPLETE' AND processed = 0, parameters: None","logger":"airflow.task.hooks.airflow.providers.oracle.hooks.oracle.OracleHook","filename":"sql.py","lineno":861}
{"timestamp":"2026-07-08T12:50:02.438057Z","level":"info","event":"Rows affected: 0","logger":"airflow.task.hooks.airflow.providers.oracle.hooks.oracle.OracleHook","filename":"sql.py","lineno":879}
{"timestamp":"2026-07-08T12:50:12.483371Z","level":"info","event":"Poking: SELECT COUNT(*) FROM demo_user.client_b_load_status\nWHERE status = 'COMPLETE' AND processed = 0 (with parameters None)","logger":"airflow.task.operators.airflow.providers.common.sql.sensors.sql.SqlSensor","filename":"sql.py","lineno":100}
{"timestamp":"2026-07-08T12:50:12.561934Z","level":"info","event":"Running statement: SELECT COUNT(*) FROM demo_user.client_b_load_status\nWHERE status = 'COMPLETE' AND processed = 0, parameters: None","logger":"airflow.task.hooks.airflow.providers.oracle.hooks.oracle.OracleHook","filename":"sql.py","lineno":861}
{"timestamp":"2026-07-08T12:50:12.563563Z","level":"info","event":"Rows affected: 0","logger":"airflow.task.hooks.airflow.providers.oracle.hooks.oracle.OracleHook","filename":"sql.py","lineno":879}
{"timestamp":"2026-07-08T12:50:22.610996Z","level":"info","event":"Poking: SELECT COUNT(*) FROM demo_user.client_b_load_status\nWHERE status = 'COMPLETE' AND processed = 0 (with parameters None)","logger":"airflow.task.operators.airflow.providers.common.sql.sensors.sql.SqlSensor","filename":"sql.py","lineno":100}
{"timestamp":"2026-07-08T12:50:22.683400Z","level":"info","event":"Running statement: SELECT COUNT(*) FROM demo_user.client_b_load_status\nWHERE status = 'COMPLETE' AND processed = 0, parameters: None","logger":"airflow.task.hooks.airflow.providers.oracle.hooks.oracle.OracleHook","filename":"sql.py","lineno":861}
{"timestamp":"2026-07-08T12:50:22.684759Z","level":"info","event":"Rows affected: 0","logger":"airflow.task.hooks.airflow.providers.oracle.hooks.oracle.OracleHook","filename":"sql.py","lineno":879}
{"timestamp":"2026-07-08T12:50:32.724935Z","level":"info","event":"Poking: SELECT COUNT(*) FROM demo_user.client_b_load_status\nWHERE status = 'COMPLETE' AND processed = 0 (with parameters None)","logger":"airflow.task.operators.airflow.providers.common.sql.sensors.sql.SqlSensor","filename":"sql.py","lineno":100}
{"timestamp":"2026-07-08T12:50:32.781588Z","level":"info","event":"Running statement: SELECT COUNT(*) FROM demo_user.client_b_load_status\nWHERE status = 'COMPLETE' AND processed = 0, parameters: None","logger":"airflow.task.hooks.airflow.providers.oracle.hooks.oracle.OracleHook","filename":"sql.py","lineno":861}
{"timestamp":"2026-07-08T12:50:32.782537Z","level":"info","event":"Rows affected: 0","logger":"airflow.task.hooks.airflow.providers.oracle.hooks.oracle.OracleHook","filename":"sql.py","lineno":879}
{"timestamp":"2026-07-08T12:50:42.824112Z","level":"info","event":"Poking: SELECT COUNT(*) FROM demo_user.client_b_load_status\nWHERE status = 'COMPLETE' AND processed = 0 (with parameters None)","logger":"airflow.task.operators.airflow.providers.common.sql.sensors.sql.SqlSensor","filename":"sql.py","lineno":100}
{"timestamp":"2026-07-08T12:50:42.884765Z","level":"info","event":"Running statement: SELECT COUNT(*) FROM demo_user.client_b_load_status\nWHERE status = 'COMPLETE' AND processed = 0, parameters: None","logger":"airflow.task.hooks.airflow.providers.oracle.hooks.oracle.OracleHook","filename":"sql.py","lineno":861}
{"timestamp":"2026-07-08T12:50:42.885917Z","level":"info","event":"Rows affected: 0","logger":"airflow.task.hooks.airflow.providers.oracle.hooks.oracle.OracleHook","filename":"sql.py","lineno":879}
{"timestamp":"2026-07-08T12:50:52.929738Z","level":"info","event":"Poking: SELECT COUNT(*) FROM demo_user.client_b_load_status\nWHERE status = 'COMPLETE' AND processed = 0 (with parameters None)","logger":"airflow.task.operators.airflow.providers.common.sql.sensors.sql.SqlSensor","filename":"sql.py","lineno":100}
{"timestamp":"2026-07-08T12:50:52.996130Z","level":"info","event":"Running statement: SELECT COUNT(*) FROM demo_user.client_b_load_status\nWHERE status = 'COMPLETE' AND processed = 0, parameters: None","logger":"airflow.task.hooks.airflow.providers.oracle.hooks.oracle.OracleHook","filename":"sql.py","lineno":861}
{"timestamp":"2026-07-08T12:50:52.997472Z","level":"info","event":"Rows affected: 0","logger":"airflow.task.hooks.airflow.providers.oracle.hooks.oracle.OracleHook","filename":"sql.py","lineno":879}
{"timestamp":"2026-07-08T12:51:03.040555Z","level":"info","event":"Poking: SELECT COUNT(*) FROM demo_user.client_b_load_status\nWHERE status = 'COMPLETE' AND processed = 0 (with parameters None)","logger":"airflow.task.operators.airflow.providers.common.sql.sensors.sql.SqlSensor","filename":"sql.py","lineno":100}
{"timestamp":"2026-07-08T12:51:03.104328Z","level":"info","event":"Running statement: SELECT COUNT(*) FROM demo_user.client_b_load_status\nWHERE status = 'COMPLETE' AND processed = 0, parameters: None","logger":"airflow.task.hooks.airflow.providers.oracle.hooks.oracle.OracleHook","filename":"sql.py","lineno":861}
{"timestamp":"2026-07-08T12:51:03.106378Z","level":"info","event":"Rows affected: 0","logger":"airflow.task.hooks.airflow.providers.oracle.hooks.oracle.OracleHook","filename":"sql.py","lineno":879}
{"timestamp":"2026-07-08T12:51:13.163541Z","level":"info","event":"Poking: SELECT COUNT(*) FROM demo_user.client_b_load_status\nWHERE status = 'COMPLETE' AND processed = 0 (with parameters None)","logger":"airflow.task.operators.airflow.providers.common.sql.sensors.sql.SqlSensor","filename":"sql.py","lineno":100}
{"timestamp":"2026-07-08T12:51:13.306503Z","level":"info","event":"Running statement: SELECT COUNT(*) FROM demo_user.client_b_load_status\nWHERE status = 'COMPLETE' AND processed = 0, parameters: None","logger":"airflow.task.hooks.airflow.providers.oracle.hooks.oracle.OracleHook","filename":"sql.py","lineno":861}
{"timestamp":"2026-07-08T12:51:13.308334Z","level":"info","event":"Rows affected: 0","logger":"airflow.task.hooks.airflow.providers.oracle.hooks.oracle.OracleHook","filename":"sql.py","lineno":879}
{"timestamp":"2026-07-08T12:51:23.348626Z","level":"info","event":"Poking: SELECT COUNT(*) FROM demo_user.client_b_load_status\nWHERE status = 'COMPLETE' AND processed = 0 (with parameters None)","logger":"airflow.task.operators.airflow.providers.common.sql.sensors.sql.SqlSensor","filename":"sql.py","lineno":100}
{"timestamp":"2026-07-08T12:51:23.403408Z","level":"info","event":"Running statement: SELECT COUNT(*) FROM demo_user.client_b_load_status\nWHERE status = 'COMPLETE' AND processed = 0, parameters: None","logger":"airflow.task.hooks.airflow.providers.oracle.hooks.oracle.OracleHook","filename":"sql.py","lineno":861}
{"timestamp":"2026-07-08T12:51:23.404471Z","level":"info","event":"Rows affected: 0","logger":"airflow.task.hooks.airflow.providers.oracle.hooks.oracle.OracleHook","filename":"sql.py","lineno":879}
{"timestamp":"2026-07-08T12:51:33.437104Z","level":"info","event":"Poking: SELECT COUNT(*) FROM demo_user.client_b_load_status\nWHERE status = 'COMPLETE' AND processed = 0 (with parameters None)","logger":"airflow.task.operators.airflow.providers.common.sql.sensors.sql.SqlSensor","filename":"sql.py","lineno":100}
{"timestamp":"2026-07-08T12:51:33.486847Z","level":"info","event":"Running statement: SELECT COUNT(*) FROM demo_user.client_b_load_status\nWHERE status = 'COMPLETE' AND processed = 0, parameters: None","logger":"airflow.task.hooks.airflow.providers.oracle.hooks.oracle.OracleHook","filename":"sql.py","lineno":861}
{"timestamp":"2026-07-08T12:51:33.487799Z","level":"info","event":"Rows affected: 0","logger":"airflow.task.hooks.airflow.providers.oracle.hooks.oracle.OracleHook","filename":"sql.py","lineno":879}
{"timestamp":"2026-07-08T12:51:43.527989Z","level":"info","event":"Poking: SELECT COUNT(*) FROM demo_user.client_b_load_status\nWHERE status = 'COMPLETE' AND processed = 0 (with parameters None)","logger":"airflow.task.operators.airflow.providers.common.sql.sensors.sql.SqlSensor","filename":"sql.py","lineno":100}
{"timestamp":"2026-07-08T12:51:43.592182Z","level":"info","event":"Running statement: SELECT COUNT(*) FROM demo_user.client_b_load_status\nWHERE status = 'COMPLETE' AND processed = 0, parameters: None","logger":"airflow.task.hooks.airflow.providers.oracle.hooks.oracle.OracleHook","filename":"sql.py","lineno":861}
{"timestamp":"2026-07-08T12:51:43.593657Z","level":"info","event":"Rows affected: 0","logger":"airflow.task.hooks.airflow.providers.oracle.hooks.oracle.OracleHook","filename":"sql.py","lineno":879}
{"timestamp":"2026-07-08T12:51:53.638493Z","level":"info","event":"Poking: SELECT COUNT(*) FROM demo_user.client_b_load_status\nWHERE status = 'COMPLETE' AND processed = 0 (with parameters None)","logger":"airflow.task.operators.airflow.providers.common.sql.sensors.sql.SqlSensor","filename":"sql.py","lineno":100}
{"timestamp":"2026-07-08T12:51:53.702904Z","level":"info","event":"Running statement: SELECT COUNT(*) FROM demo_user.client_b_load_status\nWHERE status = 'COMPLETE' AND processed = 0, parameters: None","logger":"airflow.task.hooks.airflow.providers.oracle.hooks.oracle.OracleHook","filename":"sql.py","lineno":861}
{"timestamp":"2026-07-08T12:51:53.703924Z","level":"info","event":"Rows affected: 0","logger":"airflow.task.hooks.airflow.providers.oracle.hooks.oracle.OracleHook","filename":"sql.py","lineno":879}
{"timestamp":"2026-07-08T12:52:03.773484Z","level":"info","event":"Poking: SELECT COUNT(*) FROM demo_user.client_b_load_status\nWHERE status = 'COMPLETE' AND processed = 0 (with parameters None)","logger":"airflow.task.operators.airflow.providers.common.sql.sensors.sql.SqlSensor","filename":"sql.py","lineno":100}
{"timestamp":"2026-07-08T12:52:03.869633Z","level":"info","event":"Running statement: SELECT COUNT(*) FROM demo_user.client_b_load_status\nWHERE status = 'COMPLETE' AND processed = 0, parameters: None","logger":"airflow.task.hooks.airflow.providers.oracle.hooks.oracle.OracleHook","filename":"sql.py","lineno":861}
{"timestamp":"2026-07-08T12:52:03.870747Z","level":"info","event":"Rows affected: 0","logger":"airflow.task.hooks.airflow.providers.oracle.hooks.oracle.OracleHook","filename":"sql.py","lineno":879}
{"timestamp":"2026-07-08T12:52:13.915281Z","level":"info","event":"Poking: SELECT COUNT(*) FROM demo_user.client_b_load_status\nWHERE status = 'COMPLETE' AND processed = 0 (with parameters None)","logger":"airflow.task.operators.airflow.providers.common.sql.sensors.sql.SqlSensor","filename":"sql.py","lineno":100}
{"timestamp":"2026-07-08T12:52:13.993884Z","level":"info","event":"Running statement: SELECT COUNT(*) FROM demo_user.client_b_load_status\nWHERE status = 'COMPLETE' AND processed = 0, parameters: None","logger":"airflow.task.hooks.airflow.providers.oracle.hooks.oracle.OracleHook","filename":"sql.py","lineno":861}
{"timestamp":"2026-07-08T12:52:13.996178Z","level":"info","event":"Rows affected: 0","logger":"airflow.task.hooks.airflow.providers.oracle.hooks.oracle.OracleHook","filename":"sql.py","lineno":879}
{"timestamp":"2026-07-08T12:52:24.043235Z","level":"info","event":"Poking: SELECT COUNT(*) FROM demo_user.client_b_load_status\nWHERE status = 'COMPLETE' AND processed = 0 (with parameters None)","logger":"airflow.task.operators.airflow.providers.common.sql.sensors.sql.SqlSensor","filename":"sql.py","lineno":100}
{"timestamp":"2026-07-08T12:52:24.111464Z","level":"info","event":"Running statement: SELECT COUNT(*) FROM demo_user.client_b_load_status\nWHERE status = 'COMPLETE' AND processed = 0, parameters: None","logger":"airflow.task.hooks.airflow.providers.oracle.hooks.oracle.OracleHook","filename":"sql.py","lineno":861}
{"timestamp":"2026-07-08T12:52:24.112882Z","level":"info","event":"Rows affected: 0","logger":"airflow.task.hooks.airflow.providers.oracle.hooks.oracle.OracleHook","filename":"sql.py","lineno":879}
{"timestamp":"2026-07-08T12:52:34.210882Z","level":"info","event":"Poking: SELECT COUNT(*) FROM demo_user.client_b_load_status\nWHERE status = 'COMPLETE' AND processed = 0 (with parameters None)","logger":"airflow.task.operators.airflow.providers.common.sql.sensors.sql.SqlSensor","filename":"sql.py","lineno":100}
{"timestamp":"2026-07-08T12:52:34.328816Z","level":"info","event":"Running statement: SELECT COUNT(*) FROM demo_user.client_b_load_status\nWHERE status = 'COMPLETE' AND processed = 0, parameters: None","logger":"airflow.task.hooks.airflow.providers.oracle.hooks.oracle.OracleHook","filename":"sql.py","lineno":861}
{"timestamp":"2026-07-08T12:52:34.331411Z","level":"info","event":"Rows affected: 0","logger":"airflow.task.hooks.airflow.providers.oracle.hooks.oracle.OracleHook","filename":"sql.py","lineno":879}
{"timestamp":"2026-07-08T12:52:44.376506Z","level":"info","event":"Poking: SELECT COUNT(*) FROM demo_user.client_b_load_status\nWHERE status = 'COMPLETE' AND processed = 0 (with parameters None)","logger":"airflow.task.operators.airflow.providers.common.sql.sensors.sql.SqlSensor","filename":"sql.py","lineno":100}
{"timestamp":"2026-07-08T12:52:44.447178Z","level":"info","event":"Running statement: SELECT COUNT(*) FROM demo_user.client_b_load_status\nWHERE status = 'COMPLETE' AND processed = 0, parameters: None","logger":"airflow.task.hooks.airflow.providers.oracle.hooks.oracle.OracleHook","filename":"sql.py","lineno":861}
{"timestamp":"2026-07-08T12:52:44.449306Z","level":"info","event":"Rows affected: 0","logger":"airflow.task.hooks.airflow.providers.oracle.hooks.oracle.OracleHook","filename":"sql.py","lineno":879}
{"timestamp":"2026-07-08T12:52:54.494462Z","level":"info","event":"Poking: SELECT COUNT(*) FROM demo_user.client_b_load_status\nWHERE status = 'COMPLETE' AND processed = 0 (with parameters None)","logger":"airflow.task.operators.airflow.providers.common.sql.sensors.sql.SqlSensor","filename":"sql.py","lineno":100}
{"timestamp":"2026-07-08T12:52:54.591548Z","level":"info","event":"Running statement: SELECT COUNT(*) FROM demo_user.client_b_load_status\nWHERE status = 'COMPLETE' AND processed = 0, parameters: None","logger":"airflow.task.hooks.airflow.providers.oracle.hooks.oracle.OracleHook","filename":"sql.py","lineno":861}
{"timestamp":"2026-07-08T12:52:54.593356Z","level":"info","event":"Rows affected: 0","logger":"airflow.task.hooks.airflow.providers.oracle.hooks.oracle.OracleHook","filename":"sql.py","lineno":879}
{"timestamp":"2026-07-08T12:53:04.634203Z","level":"info","event":"Poking: SELECT COUNT(*) FROM demo_user.client_b_load_status\nWHERE status = 'COMPLETE' AND processed = 0 (with parameters None)","logger":"airflow.task.operators.airflow.providers.common.sql.sensors.sql.SqlSensor","filename":"sql.py","lineno":100}
{"timestamp":"2026-07-08T12:53:04.716149Z","level":"info","event":"Running statement: SELECT COUNT(*) FROM demo_user.client_b_load_status\nWHERE status = 'COMPLETE' AND processed = 0, parameters: None","logger":"airflow.task.hooks.airflow.providers.oracle.hooks.oracle.OracleHook","filename":"sql.py","lineno":861}
{"timestamp":"2026-07-08T12:53:04.718338Z","level":"info","event":"Rows affected: 0","logger":"airflow.task.hooks.airflow.providers.oracle.hooks.oracle.OracleHook","filename":"sql.py","lineno":879}
{"timestamp":"2026-07-08T12:53:14.759663Z","level":"info","event":"Poking: SELECT COUNT(*) FROM demo_user.client_b_load_status\nWHERE status = 'COMPLETE' AND processed = 0 (with parameters None)","logger":"airflow.task.operators.airflow.providers.common.sql.sensors.sql.SqlSensor","filename":"sql.py","lineno":100}
{"timestamp":"2026-07-08T12:53:14.814428Z","level":"info","event":"Running statement: SELECT COUNT(*) FROM demo_user.client_b_load_status\nWHERE status = 'COMPLETE' AND processed = 0, parameters: None","logger":"airflow.task.hooks.airflow.providers.oracle.hooks.oracle.OracleHook","filename":"sql.py","lineno":861}
{"timestamp":"2026-07-08T12:53:14.815955Z","level":"info","event":"Rows affected: 0","logger":"airflow.task.hooks.airflow.providers.oracle.hooks.oracle.OracleHook","filename":"sql.py","lineno":879}
{"timestamp":"2026-07-08T12:53:24.853185Z","level":"info","event":"Poking: SELECT COUNT(*) FROM demo_user.client_b_load_status\nWHERE status = 'COMPLETE' AND processed = 0 (with parameters None)","logger":"airflow.task.operators.airflow.providers.common.sql.sensors.sql.SqlSensor","filename":"sql.py","lineno":100}
{"timestamp":"2026-07-08T12:53:24.916504Z","level":"info","event":"Running statement: SELECT COUNT(*) FROM demo_user.client_b_load_status\nWHERE status = 'COMPLETE' AND processed = 0, parameters: None","logger":"airflow.task.hooks.airflow.providers.oracle.hooks.oracle.OracleHook","filename":"sql.py","lineno":861}
{"timestamp":"2026-07-08T12:53:24.918101Z","level":"info","event":"Rows affected: 0","logger":"airflow.task.hooks.airflow.providers.oracle.hooks.oracle.OracleHook","filename":"sql.py","lineno":879}
{"timestamp":"2026-07-08T12:53:34.948904Z","level":"info","event":"Poking: SELECT COUNT(*) FROM demo_user.client_b_load_status\nWHERE status = 'COMPLETE' AND processed = 0 (with parameters None)","logger":"airflow.task.operators.airflow.providers.common.sql.sensors.sql.SqlSensor","filename":"sql.py","lineno":100}
{"timestamp":"2026-07-08T12:53:35.000366Z","level":"info","event":"Running statement: SELECT COUNT(*) FROM demo_user.client_b_load_status\nWHERE status = 'COMPLETE' AND processed = 0, parameters: None","logger":"airflow.task.hooks.airflow.providers.oracle.hooks.oracle.OracleHook","filename":"sql.py","lineno":861}
{"timestamp":"2026-07-08T12:53:35.001487Z","level":"info","event":"Rows affected: 0","logger":"airflow.task.hooks.airflow.providers.oracle.hooks.oracle.OracleHook","filename":"sql.py","lineno":879}
{"timestamp":"2026-07-08T12:53:45.038394Z","level":"info","event":"Poking: SELECT COUNT(*) FROM demo_user.client_b_load_status\nWHERE status = 'COMPLETE' AND processed = 0 (with parameters None)","logger":"airflow.task.operators.airflow.providers.common.sql.sensors.sql.SqlSensor","filename":"sql.py","lineno":100}
{"timestamp":"2026-07-08T12:53:45.091182Z","level":"info","event":"Running statement: SELECT COUNT(*) FROM demo_user.client_b_load_status\nWHERE status = 'COMPLETE' AND processed = 0, parameters: None","logger":"airflow.task.hooks.airflow.providers.oracle.hooks.oracle.OracleHook","filename":"sql.py","lineno":861}
{"timestamp":"2026-07-08T12:53:45.092067Z","level":"info","event":"Rows affected: 0","logger":"airflow.task.hooks.airflow.providers.oracle.hooks.oracle.OracleHook","filename":"sql.py","lineno":879}
{"timestamp":"2026-07-08T12:53:55.141355Z","level":"info","event":"Poking: SELECT COUNT(*) FROM demo_user.client_b_load_status\nWHERE status = 'COMPLETE' AND processed = 0 (with parameters None)","logger":"airflow.task.operators.airflow.providers.common.sql.sensors.sql.SqlSensor","filename":"sql.py","lineno":100}
{"timestamp":"2026-07-08T12:53:55.198778Z","level":"info","event":"Running statement: SELECT COUNT(*) FROM demo_user.client_b_load_status\nWHERE status = 'COMPLETE' AND processed = 0, parameters: None","logger":"airflow.task.hooks.airflow.providers.oracle.hooks.oracle.OracleHook","filename":"sql.py","lineno":861}
{"timestamp":"2026-07-08T12:53:55.199791Z","level":"info","event":"Rows affected: 0","logger":"airflow.task.hooks.airflow.providers.oracle.hooks.oracle.OracleHook","filename":"sql.py","lineno":879}
{"timestamp":"2026-07-08T12:54:05.243850Z","level":"info","event":"Poking: SELECT COUNT(*) FROM demo_user.client_b_load_status\nWHERE status = 'COMPLETE' AND processed = 0 (with parameters None)","logger":"airflow.task.operators.airflow.providers.common.sql.sensors.sql.SqlSensor","filename":"sql.py","lineno":100}
{"timestamp":"2026-07-08T12:54:05.336585Z","level":"info","event":"Running statement: SELECT COUNT(*) FROM demo_user.client_b_load_status\nWHERE status = 'COMPLETE' AND processed = 0, parameters: None","logger":"airflow.task.hooks.airflow.providers.oracle.hooks.oracle.OracleHook","filename":"sql.py","lineno":861}
{"timestamp":"2026-07-08T12:54:05.338582Z","level":"info","event":"Rows affected: 0","logger":"airflow.task.hooks.airflow.providers.oracle.hooks.oracle.OracleHook","filename":"sql.py","lineno":879}
{"timestamp":"2026-07-08T12:54:15.381702Z","level":"info","event":"Poking: SELECT COUNT(*) FROM demo_user.client_b_load_status\nWHERE status = 'COMPLETE' AND processed = 0 (with parameters None)","logger":"airflow.task.operators.airflow.providers.common.sql.sensors.sql.SqlSensor","filename":"sql.py","lineno":100}
{"timestamp":"2026-07-08T12:54:15.483626Z","level":"info","event":"Running statement: SELECT COUNT(*) FROM demo_user.client_b_load_status\nWHERE status = 'COMPLETE' AND processed = 0, parameters: None","logger":"airflow.task.hooks.airflow.providers.oracle.hooks.oracle.OracleHook","filename":"sql.py","lineno":861}
{"timestamp":"2026-07-08T12:54:15.485450Z","level":"info","event":"Rows affected: 0","logger":"airflow.task.hooks.airflow.providers.oracle.hooks.oracle.OracleHook","filename":"sql.py","lineno":879}
{"timestamp":"2026-07-08T12:54:25.539355Z","level":"info","event":"Poking: SELECT COUNT(*) FROM demo_user.client_b_load_status\nWHERE status = 'COMPLETE' AND processed = 0 (with parameters None)","logger":"airflow.task.operators.airflow.providers.common.sql.sensors.sql.SqlSensor","filename":"sql.py","lineno":100}
{"timestamp":"2026-07-08T12:54:25.626358Z","level":"info","event":"Running statement: SELECT COUNT(*) FROM demo_user.client_b_load_status\nWHERE status = 'COMPLETE' AND processed = 0, parameters: None","logger":"airflow.task.hooks.airflow.providers.oracle.hooks.oracle.OracleHook","filename":"sql.py","lineno":861}
{"timestamp":"2026-07-08T12:54:25.627734Z","level":"info","event":"Rows affected: 0","logger":"airflow.task.hooks.airflow.providers.oracle.hooks.oracle.OracleHook","filename":"sql.py","lineno":879}
{"timestamp":"2026-07-08T12:54:35.671460Z","level":"info","event":"Poking: SELECT COUNT(*) FROM demo_user.client_b_load_status\nWHERE status = 'COMPLETE' AND processed = 0 (with parameters None)","logger":"airflow.task.operators.airflow.providers.common.sql.sensors.sql.SqlSensor","filename":"sql.py","lineno":100}
{"timestamp":"2026-07-08T12:54:35.737776Z","level":"info","event":"Running statement: SELECT COUNT(*) FROM demo_user.client_b_load_status\nWHERE status = 'COMPLETE' AND processed = 0, parameters: None","logger":"airflow.task.hooks.airflow.providers.oracle.hooks.oracle.OracleHook","filename":"sql.py","lineno":861}
{"timestamp":"2026-07-08T12:54:35.739571Z","level":"info","event":"Rows affected: 0","logger":"airflow.task.hooks.airflow.providers.oracle.hooks.oracle.OracleHook","filename":"sql.py","lineno":879}
{"timestamp":"2026-07-08T12:54:45.778330Z","level":"info","event":"Poking: SELECT COUNT(*) FROM demo_user.client_b_load_status\nWHERE status = 'COMPLETE' AND processed = 0 (with parameters None)","logger":"airflow.task.operators.airflow.providers.common.sql.sensors.sql.SqlSensor","filename":"sql.py","lineno":100}
{"timestamp":"2026-07-08T12:54:45.840794Z","level":"info","event":"Running statement: SELECT COUNT(*) FROM demo_user.client_b_load_status\nWHERE status = 'COMPLETE' AND processed = 0, parameters: None","logger":"airflow.task.hooks.airflow.providers.oracle.hooks.oracle.OracleHook","filename":"sql.py","lineno":861}
{"timestamp":"2026-07-08T12:54:45.841827Z","level":"info","event":"Rows affected: 0","logger":"airflow.task.hooks.airflow.providers.oracle.hooks.oracle.OracleHook","filename":"sql.py","lineno":879}
{"timestamp":"2026-07-08T12:54:55.877387Z","level":"info","event":"Poking: SELECT COUNT(*) FROM demo_user.client_b_load_status\nWHERE status = 'COMPLETE' AND processed = 0 (with parameters None)","logger":"airflow.task.operators.airflow.providers.common.sql.sensors.sql.SqlSensor","filename":"sql.py","lineno":100}
{"timestamp":"2026-07-08T12:54:55.943703Z","level":"info","event":"Running statement: SELECT COUNT(*) FROM demo_user.client_b_load_status\nWHERE status = 'COMPLETE' AND processed = 0, parameters: None","logger":"airflow.task.hooks.airflow.providers.oracle.hooks.oracle.OracleHook","filename":"sql.py","lineno":861}
{"timestamp":"2026-07-08T12:54:55.944821Z","level":"info","event":"Rows affected: 0","logger":"airflow.task.hooks.airflow.providers.oracle.hooks.oracle.OracleHook","filename":"sql.py","lineno":879}
{"timestamp":"2026-07-08T12:55:05.983014Z","level":"info","event":"Poking: SELECT COUNT(*) FROM demo_user.client_b_load_status\nWHERE status = 'COMPLETE' AND processed = 0 (with parameters None)","logger":"airflow.task.operators.airflow.providers.common.sql.sensors.sql.SqlSensor","filename":"sql.py","lineno":100}
{"timestamp":"2026-07-08T12:55:06.051824Z","level":"info","event":"Running statement: SELECT COUNT(*) FROM demo_user.client_b_load_status\nWHERE status = 'COMPLETE' AND processed = 0, parameters: None","logger":"airflow.task.hooks.airflow.providers.oracle.hooks.oracle.OracleHook","filename":"sql.py","lineno":861}
{"timestamp":"2026-07-08T12:55:06.053687Z","level":"info","event":"Rows affected: 0","logger":"airflow.task.hooks.airflow.providers.oracle.hooks.oracle.OracleHook","filename":"sql.py","lineno":879}
{"timestamp":"2026-07-08T12:55:16.116705Z","level":"info","event":"Poking: SELECT COUNT(*) FROM demo_user.client_b_load_status\nWHERE status = 'COMPLETE' AND processed = 0 (with parameters None)","logger":"airflow.task.operators.airflow.providers.common.sql.sensors.sql.SqlSensor","filename":"sql.py","lineno":100}
{"timestamp":"2026-07-08T12:55:16.233563Z","level":"info","event":"Running statement: SELECT COUNT(*) FROM demo_user.client_b_load_status\nWHERE status = 'COMPLETE' AND processed = 0, parameters: None","logger":"airflow.task.hooks.airflow.providers.oracle.hooks.oracle.OracleHook","filename":"sql.py","lineno":861}
{"timestamp":"2026-07-08T12:55:16.235639Z","level":"info","event":"Rows affected: 0","logger":"airflow.task.hooks.airflow.providers.oracle.hooks.oracle.OracleHook","filename":"sql.py","lineno":879}
{"timestamp":"2026-07-08T12:55:26.293338Z","level":"info","event":"Poking: SELECT COUNT(*) FROM demo_user.client_b_load_status\nWHERE status = 'COMPLETE' AND processed = 0 (with parameters None)","logger":"airflow.task.operators.airflow.providers.common.sql.sensors.sql.SqlSensor","filename":"sql.py","lineno":100}
{"timestamp":"2026-07-08T12:55:26.385834Z","level":"info","event":"Running statement: SELECT COUNT(*) FROM demo_user.client_b_load_status\nWHERE status = 'COMPLETE' AND processed = 0, parameters: None","logger":"airflow.task.hooks.airflow.providers.oracle.hooks.oracle.OracleHook","filename":"sql.py","lineno":861}
{"timestamp":"2026-07-08T12:55:26.387758Z","level":"info","event":"Rows affected: 0","logger":"airflow.task.hooks.airflow.providers.oracle.hooks.oracle.OracleHook","filename":"sql.py","lineno":879}
{"timestamp":"2026-07-08T12:55:36.440684Z","level":"info","event":"Poking: SELECT COUNT(*) FROM demo_user.client_b_load_status\nWHERE status = 'COMPLETE' AND processed = 0 (with parameters None)","logger":"airflow.task.operators.airflow.providers.common.sql.sensors.sql.SqlSensor","filename":"sql.py","lineno":100}
{"timestamp":"2026-07-08T12:55:36.520638Z","level":"info","event":"Running statement: SELECT COUNT(*) FROM demo_user.client_b_load_status\nWHERE status = 'COMPLETE' AND processed = 0, parameters: None","logger":"airflow.task.hooks.airflow.providers.oracle.hooks.oracle.OracleHook","filename":"sql.py","lineno":861}
{"timestamp":"2026-07-08T12:55:36.522082Z","level":"info","event":"Rows affected: 0","logger":"airflow.task.hooks.airflow.providers.oracle.hooks.oracle.OracleHook","filename":"sql.py","lineno":879}
{"timestamp":"2026-07-08T12:55:46.560682Z","level":"info","event":"Poking: SELECT COUNT(*) FROM demo_user.client_b_load_status\nWHERE status = 'COMPLETE' AND processed = 0 (with parameters None)","logger":"airflow.task.operators.airflow.providers.common.sql.sensors.sql.SqlSensor","filename":"sql.py","lineno":100}
{"timestamp":"2026-07-08T12:55:46.634646Z","level":"info","event":"Running statement: SELECT COUNT(*) FROM demo_user.client_b_load_status\nWHERE status = 'COMPLETE' AND processed = 0, parameters: None","logger":"airflow.task.hooks.airflow.providers.oracle.hooks.oracle.OracleHook","filename":"sql.py","lineno":861}
{"timestamp":"2026-07-08T12:55:46.636560Z","level":"info","event":"Rows affected: 0","logger":"airflow.task.hooks.airflow.providers.oracle.hooks.oracle.OracleHook","filename":"sql.py","lineno":879}
{"timestamp":"2026-07-08T12:55:56.680496Z","level":"info","event":"Poking: SELECT COUNT(*) FROM demo_user.client_b_load_status\nWHERE status = 'COMPLETE' AND processed = 0 (with parameters None)","logger":"airflow.task.operators.airflow.providers.common.sql.sensors.sql.SqlSensor","filename":"sql.py","lineno":100}
{"timestamp":"2026-07-08T12:55:56.741445Z","level":"info","event":"Running statement: SELECT COUNT(*) FROM demo_user.client_b_load_status\nWHERE status = 'COMPLETE' AND processed = 0, parameters: None","logger":"airflow.task.hooks.airflow.providers.oracle.hooks.oracle.OracleHook","filename":"sql.py","lineno":861}
{"timestamp":"2026-07-08T12:55:56.742827Z","level":"info","event":"Rows affected: 0","logger":"airflow.task.hooks.airflow.providers.oracle.hooks.oracle.OracleHook","filename":"sql.py","lineno":879}
{"timestamp":"2026-07-08T12:56:06.778319Z","level":"info","event":"Poking: SELECT COUNT(*) FROM demo_user.client_b_load_status\nWHERE status = 'COMPLETE' AND processed = 0 (with parameters None)","logger":"airflow.task.operators.airflow.providers.common.sql.sensors.sql.SqlSensor","filename":"sql.py","lineno":100}
{"timestamp":"2026-07-08T12:56:06.836620Z","level":"info","event":"Running statement: SELECT COUNT(*) FROM demo_user.client_b_load_status\nWHERE status = 'COMPLETE' AND processed = 0, parameters: None","logger":"airflow.task.hooks.airflow.providers.oracle.hooks.oracle.OracleHook","filename":"sql.py","lineno":861}
{"timestamp":"2026-07-08T12:56:06.837794Z","level":"info","event":"Rows affected: 0","logger":"airflow.task.hooks.airflow.providers.oracle.hooks.oracle.OracleHook","filename":"sql.py","lineno":879}
{"timestamp":"2026-07-08T12:56:16.867106Z","level":"info","event":"Poking: SELECT COUNT(*) FROM demo_user.client_b_load_status\nWHERE status = 'COMPLETE' AND processed = 0 (with parameters None)","logger":"airflow.task.operators.airflow.providers.common.sql.sensors.sql.SqlSensor","filename":"sql.py","lineno":100}
{"timestamp":"2026-07-08T12:56:16.922039Z","level":"info","event":"Running statement: SELECT COUNT(*) FROM demo_user.client_b_load_status\nWHERE status = 'COMPLETE' AND processed = 0, parameters: None","logger":"airflow.task.hooks.airflow.providers.oracle.hooks.oracle.OracleHook","filename":"sql.py","lineno":861}
{"timestamp":"2026-07-08T12:56:16.923116Z","level":"info","event":"Rows affected: 0","logger":"airflow.task.hooks.airflow.providers.oracle.hooks.oracle.OracleHook","filename":"sql.py","lineno":879}
{"timestamp":"2026-07-08T12:56:26.961689Z","level":"info","event":"Poking: SELECT COUNT(*) FROM demo_user.client_b_load_status\nWHERE status = 'COMPLETE' AND processed = 0 (with parameters None)","logger":"airflow.task.operators.airflow.providers.common.sql.sensors.sql.SqlSensor","filename":"sql.py","lineno":100}
{"timestamp":"2026-07-08T12:56:27.015491Z","level":"info","event":"Running statement: SELECT COUNT(*) FROM demo_user.client_b_load_status\nWHERE status = 'COMPLETE' AND processed = 0, parameters: None","logger":"airflow.task.hooks.airflow.providers.oracle.hooks.oracle.OracleHook","filename":"sql.py","lineno":861}
{"timestamp":"2026-07-08T12:56:27.016613Z","level":"info","event":"Rows affected: 0","logger":"airflow.task.hooks.airflow.providers.oracle.hooks.oracle.OracleHook","filename":"sql.py","lineno":879}
{"timestamp":"2026-07-08T12:56:37.050325Z","level":"info","event":"Poking: SELECT COUNT(*) FROM demo_user.client_b_load_status\nWHERE status = 'COMPLETE' AND processed = 0 (with parameters None)","logger":"airflow.task.operators.airflow.providers.common.sql.sensors.sql.SqlSensor","filename":"sql.py","lineno":100}
{"timestamp":"2026-07-08T12:56:37.107852Z","level":"info","event":"Running statement: SELECT COUNT(*) FROM demo_user.client_b_load_status\nWHERE status = 'COMPLETE' AND processed = 0, parameters: None","logger":"airflow.task.hooks.airflow.providers.oracle.hooks.oracle.OracleHook","filename":"sql.py","lineno":861}
{"timestamp":"2026-07-08T12:56:37.109524Z","level":"info","event":"Rows affected: 0","logger":"airflow.task.hooks.airflow.providers.oracle.hooks.oracle.OracleHook","filename":"sql.py","lineno":879}
{"timestamp":"2026-07-08T12:56:47.142695Z","level":"info","event":"Poking: SELECT COUNT(*) FROM demo_user.client_b_load_status\nWHERE status = 'COMPLETE' AND processed = 0 (with parameters None)","logger":"airflow.task.operators.airflow.providers.common.sql.sensors.sql.SqlSensor","filename":"sql.py","lineno":100}
{"timestamp":"2026-07-08T12:56:47.197639Z","level":"info","event":"Running statement: SELECT COUNT(*) FROM demo_user.client_b_load_status\nWHERE status = 'COMPLETE' AND processed = 0, parameters: None","logger":"airflow.task.hooks.airflow.providers.oracle.hooks.oracle.OracleHook","filename":"sql.py","lineno":861}
{"timestamp":"2026-07-08T12:56:47.198745Z","level":"info","event":"Rows affected: 0","logger":"airflow.task.hooks.airflow.providers.oracle.hooks.oracle.OracleHook","filename":"sql.py","lineno":879}
{"timestamp":"2026-07-08T12:56:57.240268Z","level":"info","event":"Poking: SELECT COUNT(*) FROM demo_user.client_b_load_status\nWHERE status = 'COMPLETE' AND processed = 0 (with parameters None)","logger":"airflow.task.operators.airflow.providers.common.sql.sensors.sql.SqlSensor","filename":"sql.py","lineno":100}
{"timestamp":"2026-07-08T12:56:57.299048Z","level":"info","event":"Running statement: SELECT COUNT(*) FROM demo_user.client_b_load_status\nWHERE status = 'COMPLETE' AND processed = 0, parameters: None","logger":"airflow.task.hooks.airflow.providers.oracle.hooks.oracle.OracleHook","filename":"sql.py","lineno":861}
{"timestamp":"2026-07-08T12:56:57.299943Z","level":"info","event":"Rows affected: 0","logger":"airflow.task.hooks.airflow.providers.oracle.hooks.oracle.OracleHook","filename":"sql.py","lineno":879}
{"timestamp":"2026-07-08T12:57:07.340298Z","level":"info","event":"Poking: SELECT COUNT(*) FROM demo_user.client_b_load_status\nWHERE status = 'COMPLETE' AND processed = 0 (with parameters None)","logger":"airflow.task.operators.airflow.providers.common.sql.sensors.sql.SqlSensor","filename":"sql.py","lineno":100}
{"timestamp":"2026-07-08T12:57:07.401185Z","level":"info","event":"Running statement: SELECT COUNT(*) FROM demo_user.client_b_load_status\nWHERE status = 'COMPLETE' AND processed = 0, parameters: None","logger":"airflow.task.hooks.airflow.providers.oracle.hooks.oracle.OracleHook","filename":"sql.py","lineno":861}
{"timestamp":"2026-07-08T12:57:07.402541Z","level":"info","event":"Rows affected: 0","logger":"airflow.task.hooks.airflow.providers.oracle.hooks.oracle.OracleHook","filename":"sql.py","lineno":879}
{"timestamp":"2026-07-08T12:57:17.469110Z","level":"info","event":"Poking: SELECT COUNT(*) FROM demo_user.client_b_load_status\nWHERE status = 'COMPLETE' AND processed = 0 (with parameters None)","logger":"airflow.task.operators.airflow.providers.common.sql.sensors.sql.SqlSensor","filename":"sql.py","lineno":100}
{"timestamp":"2026-07-08T12:57:17.564805Z","level":"info","event":"Running statement: SELECT COUNT(*) FROM demo_user.client_b_load_status\nWHERE status = 'COMPLETE' AND processed = 0, parameters: None","logger":"airflow.task.hooks.airflow.providers.oracle.hooks.oracle.OracleHook","filename":"sql.py","lineno":861}
{"timestamp":"2026-07-08T12:57:17.566619Z","level":"info","event":"Rows affected: 0","logger":"airflow.task.hooks.airflow.providers.oracle.hooks.oracle.OracleHook","filename":"sql.py","lineno":879}
{"timestamp":"2026-07-08T12:57:27.612261Z","level":"info","event":"Poking: SELECT COUNT(*) FROM demo_user.client_b_load_status\nWHERE status = 'COMPLETE' AND processed = 0 (with parameters None)","logger":"airflow.task.operators.airflow.providers.common.sql.sensors.sql.SqlSensor","filename":"sql.py","lineno":100}
{"timestamp":"2026-07-08T12:57:27.681545Z","level":"info","event":"Running statement: SELECT COUNT(*) FROM demo_user.client_b_load_status\nWHERE status = 'COMPLETE' AND processed = 0, parameters: None","logger":"airflow.task.hooks.airflow.providers.oracle.hooks.oracle.OracleHook","filename":"sql.py","lineno":861}
{"timestamp":"2026-07-08T12:57:27.683226Z","level":"info","event":"Rows affected: 0","logger":"airflow.task.hooks.airflow.providers.oracle.hooks.oracle.OracleHook","filename":"sql.py","lineno":879}
{"timestamp":"2026-07-08T12:57:37.725015Z","level":"info","event":"Poking: SELECT COUNT(*) FROM demo_user.client_b_load_status\nWHERE status = 'COMPLETE' AND processed = 0 (with parameters None)","logger":"airflow.task.operators.airflow.providers.common.sql.sensors.sql.SqlSensor","filename":"sql.py","lineno":100}
{"timestamp":"2026-07-08T12:57:37.789154Z","level":"info","event":"Running statement: SELECT COUNT(*) FROM demo_user.client_b_load_status\nWHERE status = 'COMPLETE' AND processed = 0, parameters: None","logger":"airflow.task.hooks.airflow.providers.oracle.hooks.oracle.OracleHook","filename":"sql.py","lineno":861}
{"timestamp":"2026-07-08T12:57:37.791055Z","level":"info","event":"Rows affected: 0","logger":"airflow.task.hooks.airflow.providers.oracle.hooks.oracle.OracleHook","filename":"sql.py","lineno":879}
{"timestamp":"2026-07-08T12:57:47.834723Z","level":"info","event":"Poking: SELECT COUNT(*) FROM demo_user.client_b_load_status\nWHERE status = 'COMPLETE' AND processed = 0 (with parameters None)","logger":"airflow.task.operators.airflow.providers.common.sql.sensors.sql.SqlSensor","filename":"sql.py","lineno":100}
{"timestamp":"2026-07-08T12:57:47.904972Z","level":"info","event":"Running statement: SELECT COUNT(*) FROM demo_user.client_b_load_status\nWHERE status = 'COMPLETE' AND processed = 0, parameters: None","logger":"airflow.task.hooks.airflow.providers.oracle.hooks.oracle.OracleHook","filename":"sql.py","lineno":861}
{"timestamp":"2026-07-08T12:57:47.906224Z","level":"info","event":"Rows affected: 0","logger":"airflow.task.hooks.airflow.providers.oracle.hooks.oracle.OracleHook","filename":"sql.py","lineno":879}
{"timestamp":"2026-07-08T12:57:57.944103Z","level":"info","event":"Poking: SELECT COUNT(*) FROM demo_user.client_b_load_status\nWHERE status = 'COMPLETE' AND processed = 0 (with parameters None)","logger":"airflow.task.operators.airflow.providers.common.sql.sensors.sql.SqlSensor","filename":"sql.py","lineno":100}
{"timestamp":"2026-07-08T12:57:58.035908Z","level":"info","event":"Running statement: SELECT COUNT(*) FROM demo_user.client_b_load_status\nWHERE status = 'COMPLETE' AND processed = 0, parameters: None","logger":"airflow.task.hooks.airflow.providers.oracle.hooks.oracle.OracleHook","filename":"sql.py","lineno":861}
{"timestamp":"2026-07-08T12:57:58.037379Z","level":"info","event":"Rows affected: 0","logger":"airflow.task.hooks.airflow.providers.oracle.hooks.oracle.OracleHook","filename":"sql.py","lineno":879}
{"timestamp":"2026-07-08T12:58:08.110857Z","level":"info","event":"Poking: SELECT COUNT(*) FROM demo_user.client_b_load_status\nWHERE status = 'COMPLETE' AND processed = 0 (with parameters None)","logger":"airflow.task.operators.airflow.providers.common.sql.sensors.sql.SqlSensor","filename":"sql.py","lineno":100}
{"timestamp":"2026-07-08T12:58:08.241269Z","level":"info","event":"Running statement: SELECT COUNT(*) FROM demo_user.client_b_load_status\nWHERE status = 'COMPLETE' AND processed = 0, parameters: None","logger":"airflow.task.hooks.airflow.providers.oracle.hooks.oracle.OracleHook","filename":"sql.py","lineno":861}
{"timestamp":"2026-07-08T12:58:08.243670Z","level":"info","event":"Rows affected: 0","logger":"airflow.task.hooks.airflow.providers.oracle.hooks.oracle.OracleHook","filename":"sql.py","lineno":879}
{"timestamp":"2026-07-08T12:58:18.286029Z","level":"info","event":"Poking: SELECT COUNT(*) FROM demo_user.client_b_load_status\nWHERE status = 'COMPLETE' AND processed = 0 (with parameters None)","logger":"airflow.task.operators.airflow.providers.common.sql.sensors.sql.SqlSensor","filename":"sql.py","lineno":100}
{"timestamp":"2026-07-08T12:58:18.364497Z","level":"info","event":"Running statement: SELECT COUNT(*) FROM demo_user.client_b_load_status\nWHERE status = 'COMPLETE' AND processed = 0, parameters: None","logger":"airflow.task.hooks.airflow.providers.oracle.hooks.oracle.OracleHook","filename":"sql.py","lineno":861}
{"timestamp":"2026-07-08T12:58:18.365847Z","level":"info","event":"Rows affected: 0","logger":"airflow.task.hooks.airflow.providers.oracle.hooks.oracle.OracleHook","filename":"sql.py","lineno":879}
{"timestamp":"2026-07-08T12:58:28.406274Z","level":"info","event":"Poking: SELECT COUNT(*) FROM demo_user.client_b_load_status\nWHERE status = 'COMPLETE' AND processed = 0 (with parameters None)","logger":"airflow.task.operators.airflow.providers.common.sql.sensors.sql.SqlSensor","filename":"sql.py","lineno":100}
{"timestamp":"2026-07-08T12:58:28.468327Z","level":"info","event":"Running statement: SELECT COUNT(*) FROM demo_user.client_b_load_status\nWHERE status = 'COMPLETE' AND processed = 0, parameters: None","logger":"airflow.task.hooks.airflow.providers.oracle.hooks.oracle.OracleHook","filename":"sql.py","lineno":861}
{"timestamp":"2026-07-08T12:58:28.469593Z","level":"info","event":"Rows affected: 0","logger":"airflow.task.hooks.airflow.providers.oracle.hooks.oracle.OracleHook","filename":"sql.py","lineno":879}
{"timestamp":"2026-07-08T12:58:38.513965Z","level":"info","event":"Poking: SELECT COUNT(*) FROM demo_user.client_b_load_status\nWHERE status = 'COMPLETE' AND processed = 0 (with parameters None)","logger":"airflow.task.operators.airflow.providers.common.sql.sensors.sql.SqlSensor","filename":"sql.py","lineno":100}
{"timestamp":"2026-07-08T12:58:38.592884Z","level":"info","event":"Running statement: SELECT COUNT(*) FROM demo_user.client_b_load_status\nWHERE status = 'COMPLETE' AND processed = 0, parameters: None","logger":"airflow.task.hooks.airflow.providers.oracle.hooks.oracle.OracleHook","filename":"sql.py","lineno":861}
{"timestamp":"2026-07-08T12:58:38.594634Z","level":"info","event":"Rows affected: 0","logger":"airflow.task.hooks.airflow.providers.oracle.hooks.oracle.OracleHook","filename":"sql.py","lineno":879}
{"timestamp":"2026-07-08T12:58:48.642618Z","level":"info","event":"Poking: SELECT COUNT(*) FROM demo_user.client_b_load_status\nWHERE status = 'COMPLETE' AND processed = 0 (with parameters None)","logger":"airflow.task.operators.airflow.providers.common.sql.sensors.sql.SqlSensor","filename":"sql.py","lineno":100}
{"timestamp":"2026-07-08T12:58:48.724561Z","level":"info","event":"Running statement: SELECT COUNT(*) FROM demo_user.client_b_load_status\nWHERE status = 'COMPLETE' AND processed = 0, parameters: None","logger":"airflow.task.hooks.airflow.providers.oracle.hooks.oracle.OracleHook","filename":"sql.py","lineno":861}
{"timestamp":"2026-07-08T12:58:48.725770Z","level":"info","event":"Rows affected: 0","logger":"airflow.task.hooks.airflow.providers.oracle.hooks.oracle.OracleHook","filename":"sql.py","lineno":879}
{"timestamp":"2026-07-08T12:58:58.763931Z","level":"info","event":"Poking: SELECT COUNT(*) FROM demo_user.client_b_load_status\nWHERE status = 'COMPLETE' AND processed = 0 (with parameters None)","logger":"airflow.task.operators.airflow.providers.common.sql.sensors.sql.SqlSensor","filename":"sql.py","lineno":100}
{"timestamp":"2026-07-08T12:58:58.828340Z","level":"info","event":"Running statement: SELECT COUNT(*) FROM demo_user.client_b_load_status\nWHERE status = 'COMPLETE' AND processed = 0, parameters: None","logger":"airflow.task.hooks.airflow.providers.oracle.hooks.oracle.OracleHook","filename":"sql.py","lineno":861}
{"timestamp":"2026-07-08T12:58:58.829473Z","level":"info","event":"Rows affected: 0","logger":"airflow.task.hooks.airflow.providers.oracle.hooks.oracle.OracleHook","filename":"sql.py","lineno":879}
{"timestamp":"2026-07-08T12:59:08.867720Z","level":"info","event":"Poking: SELECT COUNT(*) FROM demo_user.client_b_load_status\nWHERE status = 'COMPLETE' AND processed = 0 (with parameters None)","logger":"airflow.task.operators.airflow.providers.common.sql.sensors.sql.SqlSensor","filename":"sql.py","lineno":100}
{"timestamp":"2026-07-08T12:59:08.940751Z","level":"info","event":"Running statement: SELECT COUNT(*) FROM demo_user.client_b_load_status\nWHERE status = 'COMPLETE' AND processed = 0, parameters: None","logger":"airflow.task.hooks.airflow.providers.oracle.hooks.oracle.OracleHook","filename":"sql.py","lineno":861}
{"timestamp":"2026-07-08T12:59:08.944618Z","level":"info","event":"Rows affected: 0","logger":"airflow.task.hooks.airflow.providers.oracle.hooks.oracle.OracleHook","filename":"sql.py","lineno":879}
{"timestamp":"2026-07-08T12:59:18.988462Z","level":"info","event":"Poking: SELECT COUNT(*) FROM demo_user.client_b_load_status\nWHERE status = 'COMPLETE' AND processed = 0 (with parameters None)","logger":"airflow.task.operators.airflow.providers.common.sql.sensors.sql.SqlSensor","filename":"sql.py","lineno":100}
{"timestamp":"2026-07-08T12:59:19.048754Z","level":"info","event":"Running statement: SELECT COUNT(*) FROM demo_user.client_b_load_status\nWHERE status = 'COMPLETE' AND processed = 0, parameters: None","logger":"airflow.task.hooks.airflow.providers.oracle.hooks.oracle.OracleHook","filename":"sql.py","lineno":861}
{"timestamp":"2026-07-08T12:59:19.050321Z","level":"info","event":"Rows affected: 0","logger":"airflow.task.hooks.airflow.providers.oracle.hooks.oracle.OracleHook","filename":"sql.py","lineno":879}
{"timestamp":"2026-07-08T12:59:29.086571Z","level":"info","event":"Poking: SELECT COUNT(*) FROM demo_user.client_b_load_status\nWHERE status = 'COMPLETE' AND processed = 0 (with parameters None)","logger":"airflow.task.operators.airflow.providers.common.sql.sensors.sql.SqlSensor","filename":"sql.py","lineno":100}
{"timestamp":"2026-07-08T12:59:29.141440Z","level":"info","event":"Running statement: SELECT COUNT(*) FROM demo_user.client_b_load_status\nWHERE status = 'COMPLETE' AND processed = 0, parameters: None","logger":"airflow.task.hooks.airflow.providers.oracle.hooks.oracle.OracleHook","filename":"sql.py","lineno":861}
{"timestamp":"2026-07-08T12:59:29.142563Z","level":"info","event":"Rows affected: 0","logger":"airflow.task.hooks.airflow.providers.oracle.hooks.oracle.OracleHook","filename":"sql.py","lineno":879}
{"timestamp":"2026-07-08T12:59:39.188402Z","level":"info","event":"Poking: SELECT COUNT(*) FROM demo_user.client_b_load_status\nWHERE status = 'COMPLETE' AND processed = 0 (with parameters None)","logger":"airflow.task.operators.airflow.providers.common.sql.sensors.sql.SqlSensor","filename":"sql.py","lineno":100}
{"timestamp":"2026-07-08T12:59:39.254304Z","level":"info","event":"Running statement: SELECT COUNT(*) FROM demo_user.client_b_load_status\nWHERE status = 'COMPLETE' AND processed = 0, parameters: None","logger":"airflow.task.hooks.airflow.providers.oracle.hooks.oracle.OracleHook","filename":"sql.py","lineno":861}
{"timestamp":"2026-07-08T12:59:39.255926Z","level":"info","event":"Rows affected: 0","logger":"airflow.task.hooks.airflow.providers.oracle.hooks.oracle.OracleHook","filename":"sql.py","lineno":879}
{"timestamp":"2026-07-08T12:59:49.298791Z","level":"info","event":"Poking: SELECT COUNT(*) FROM demo_user.client_b_load_status\nWHERE status = 'COMPLETE' AND processed = 0 (with parameters None)","logger":"airflow.task.operators.airflow.providers.common.sql.sensors.sql.SqlSensor","filename":"sql.py","lineno":100}
{"timestamp":"2026-07-08T12:59:49.371246Z","level":"info","event":"Running statement: SELECT COUNT(*) FROM demo_user.client_b_load_status\nWHERE status = 'COMPLETE' AND processed = 0, parameters: None","logger":"airflow.task.hooks.airflow.providers.oracle.hooks.oracle.OracleHook","filename":"sql.py","lineno":861}
{"timestamp":"2026-07-08T12:59:49.373585Z","level":"info","event":"Rows affected: 0","logger":"airflow.task.hooks.airflow.providers.oracle.hooks.oracle.OracleHook","filename":"sql.py","lineno":879}
{"timestamp":"2026-07-08T12:59:59.409534Z","level":"info","event":"Poking: SELECT COUNT(*) FROM demo_user.client_b_load_status\nWHERE status = 'COMPLETE' AND processed = 0 (with parameters None)","logger":"airflow.task.operators.airflow.providers.common.sql.sensors.sql.SqlSensor","filename":"sql.py","lineno":100}
{"timestamp":"2026-07-08T12:59:59.461758Z","level":"info","event":"Running statement: SELECT COUNT(*) FROM demo_user.client_b_load_status\nWHERE status = 'COMPLETE' AND processed = 0, parameters: None","logger":"airflow.task.hooks.airflow.providers.oracle.hooks.oracle.OracleHook","filename":"sql.py","lineno":861}
{"timestamp":"2026-07-08T12:59:59.462656Z","level":"info","event":"Rows affected: 0","logger":"airflow.task.hooks.airflow.providers.oracle.hooks.oracle.OracleHook","filename":"sql.py","lineno":879}
{"timestamp":"2026-07-08T13:00:09.514978Z","level":"info","event":"Poking: SELECT COUNT(*) FROM demo_user.client_b_load_status\nWHERE status = 'COMPLETE' AND processed = 0 (with parameters None)","logger":"airflow.task.operators.airflow.providers.common.sql.sensors.sql.SqlSensor","filename":"sql.py","lineno":100}
{"timestamp":"2026-07-08T13:00:09.578779Z","level":"info","event":"Running statement: SELECT COUNT(*) FROM demo_user.client_b_load_status\nWHERE status = 'COMPLETE' AND processed = 0, parameters: None","logger":"airflow.task.hooks.airflow.providers.oracle.hooks.oracle.OracleHook","filename":"sql.py","lineno":861}
{"timestamp":"2026-07-08T13:00:09.579917Z","level":"info","event":"Rows affected: 0","logger":"airflow.task.hooks.airflow.providers.oracle.hooks.oracle.OracleHook","filename":"sql.py","lineno":879}
{"timestamp":"2026-07-08T13:00:19.622441Z","level":"info","event":"Poking: SELECT COUNT(*) FROM demo_user.client_b_load_status\nWHERE status = 'COMPLETE' AND processed = 0 (with parameters None)","logger":"airflow.task.operators.airflow.providers.common.sql.sensors.sql.SqlSensor","filename":"sql.py","lineno":100}
{"timestamp":"2026-07-08T13:00:19.702426Z","level":"info","event":"Running statement: SELECT COUNT(*) FROM demo_user.client_b_load_status\nWHERE status = 'COMPLETE' AND processed = 0, parameters: None","logger":"airflow.task.hooks.airflow.providers.oracle.hooks.oracle.OracleHook","filename":"sql.py","lineno":861}
{"timestamp":"2026-07-08T13:00:19.703890Z","level":"info","event":"Rows affected: 0","logger":"airflow.task.hooks.airflow.providers.oracle.hooks.oracle.OracleHook","filename":"sql.py","lineno":879}
{"timestamp":"2026-07-08T13:00:29.743831Z","level":"info","event":"Poking: SELECT COUNT(*) FROM demo_user.client_b_load_status\nWHERE status = 'COMPLETE' AND processed = 0 (with parameters None)","logger":"airflow.task.operators.airflow.providers.common.sql.sensors.sql.SqlSensor","filename":"sql.py","lineno":100}
{"timestamp":"2026-07-08T13:00:29.803921Z","level":"info","event":"Running statement: SELECT COUNT(*) FROM demo_user.client_b_load_status\nWHERE status = 'COMPLETE' AND processed = 0, parameters: None","logger":"airflow.task.hooks.airflow.providers.oracle.hooks.oracle.OracleHook","filename":"sql.py","lineno":861}
{"timestamp":"2026-07-08T13:00:29.804970Z","level":"info","event":"Rows affected: 0","logger":"airflow.task.hooks.airflow.providers.oracle.hooks.oracle.OracleHook","filename":"sql.py","lineno":879}
{"timestamp":"2026-07-08T13:00:39.839310Z","level":"info","event":"Poking: SELECT COUNT(*) FROM demo_user.client_b_load_status\nWHERE status = 'COMPLETE' AND processed = 0 (with parameters None)","logger":"airflow.task.operators.airflow.providers.common.sql.sensors.sql.SqlSensor","filename":"sql.py","lineno":100}
{"timestamp":"2026-07-08T13:00:39.895869Z","level":"info","event":"Running statement: SELECT COUNT(*) FROM demo_user.client_b_load_status\nWHERE status = 'COMPLETE' AND processed = 0, parameters: None","logger":"airflow.task.hooks.airflow.providers.oracle.hooks.oracle.OracleHook","filename":"sql.py","lineno":861}
{"timestamp":"2026-07-08T13:00:39.896791Z","level":"info","event":"Rows affected: 0","logger":"airflow.task.hooks.airflow.providers.oracle.hooks.oracle.OracleHook","filename":"sql.py","lineno":879}
{"timestamp":"2026-07-08T13:00:49.942785Z","level":"info","event":"Poking: SELECT COUNT(*) FROM demo_user.client_b_load_status\nWHERE status = 'COMPLETE' AND processed = 0 (with parameters None)","logger":"airflow.task.operators.airflow.providers.common.sql.sensors.sql.SqlSensor","filename":"sql.py","lineno":100}
{"timestamp":"2026-07-08T13:00:50.003517Z","level":"info","event":"Running statement: SELECT COUNT(*) FROM demo_user.client_b_load_status\nWHERE status = 'COMPLETE' AND processed = 0, parameters: None","logger":"airflow.task.hooks.airflow.providers.oracle.hooks.oracle.OracleHook","filename":"sql.py","lineno":861}
{"timestamp":"2026-07-08T13:00:50.004442Z","level":"info","event":"Rows affected: 0","logger":"airflow.task.hooks.airflow.providers.oracle.hooks.oracle.OracleHook","filename":"sql.py","lineno":879}
{"timestamp":"2026-07-08T13:01:00.059294Z","level":"info","event":"Poking: SELECT COUNT(*) FROM demo_user.client_b_load_status\nWHERE status = 'COMPLETE' AND processed = 0 (with parameters None)","logger":"airflow.task.operators.airflow.providers.common.sql.sensors.sql.SqlSensor","filename":"sql.py","lineno":100}
{"timestamp":"2026-07-08T13:01:00.136269Z","level":"info","event":"Running statement: SELECT COUNT(*) FROM demo_user.client_b_load_status\nWHERE status = 'COMPLETE' AND processed = 0, parameters: None","logger":"airflow.task.hooks.airflow.providers.oracle.hooks.oracle.OracleHook","filename":"sql.py","lineno":861}
{"timestamp":"2026-07-08T13:01:00.138209Z","level":"info","event":"Rows affected: 0","logger":"airflow.task.hooks.airflow.providers.oracle.hooks.oracle.OracleHook","filename":"sql.py","lineno":879}
{"timestamp":"2026-07-08T13:01:10.172319Z","level":"info","event":"Poking: SELECT COUNT(*) FROM demo_user.client_b_load_status\nWHERE status = 'COMPLETE' AND processed = 0 (with parameters None)","logger":"airflow.task.operators.airflow.providers.common.sql.sensors.sql.SqlSensor","filename":"sql.py","lineno":100}
{"timestamp":"2026-07-08T13:01:10.230558Z","level":"info","event":"Running statement: SELECT COUNT(*) FROM demo_user.client_b_load_status\nWHERE status = 'COMPLETE' AND processed = 0, parameters: None","logger":"airflow.task.hooks.airflow.providers.oracle.hooks.oracle.OracleHook","filename":"sql.py","lineno":861}
{"timestamp":"2026-07-08T13:01:10.231573Z","level":"info","event":"Rows affected: 0","logger":"airflow.task.hooks.airflow.providers.oracle.hooks.oracle.OracleHook","filename":"sql.py","lineno":879}
{"timestamp":"2026-07-08T13:01:20.272108Z","level":"info","event":"Poking: SELECT COUNT(*) FROM demo_user.client_b_load_status\nWHERE status = 'COMPLETE' AND processed = 0 (with parameters None)","logger":"airflow.task.operators.airflow.providers.common.sql.sensors.sql.SqlSensor","filename":"sql.py","lineno":100}
{"timestamp":"2026-07-08T13:01:20.327841Z","level":"info","event":"Running statement: SELECT COUNT(*) FROM demo_user.client_b_load_status\nWHERE status = 'COMPLETE' AND processed = 0, parameters: None","logger":"airflow.task.hooks.airflow.providers.oracle.hooks.oracle.OracleHook","filename":"sql.py","lineno":861}
{"timestamp":"2026-07-08T13:01:20.328873Z","level":"info","event":"Rows affected: 0","logger":"airflow.task.hooks.airflow.providers.oracle.hooks.oracle.OracleHook","filename":"sql.py","lineno":879}
{"timestamp":"2026-07-08T13:01:30.369500Z","level":"info","event":"Poking: SELECT COUNT(*) FROM demo_user.client_b_load_status\nWHERE status = 'COMPLETE' AND processed = 0 (with parameters None)","logger":"airflow.task.operators.airflow.providers.common.sql.sensors.sql.SqlSensor","filename":"sql.py","lineno":100}
{"timestamp":"2026-07-08T13:01:30.434171Z","level":"info","event":"Running statement: SELECT COUNT(*) FROM demo_user.client_b_load_status\nWHERE status = 'COMPLETE' AND processed = 0, parameters: None","logger":"airflow.task.hooks.airflow.providers.oracle.hooks.oracle.OracleHook","filename":"sql.py","lineno":861}
{"timestamp":"2026-07-08T13:01:30.435531Z","level":"info","event":"Rows affected: 0","logger":"airflow.task.hooks.airflow.providers.oracle.hooks.oracle.OracleHook","filename":"sql.py","lineno":879}
{"timestamp":"2026-07-08T13:01:40.477049Z","level":"info","event":"Poking: SELECT COUNT(*) FROM demo_user.client_b_load_status\nWHERE status = 'COMPLETE' AND processed = 0 (with parameters None)","logger":"airflow.task.operators.airflow.providers.common.sql.sensors.sql.SqlSensor","filename":"sql.py","lineno":100}
{"timestamp":"2026-07-08T13:01:40.540530Z","level":"info","event":"Running statement: SELECT COUNT(*) FROM demo_user.client_b_load_status\nWHERE status = 'COMPLETE' AND processed = 0, parameters: None","logger":"airflow.task.hooks.airflow.providers.oracle.hooks.oracle.OracleHook","filename":"sql.py","lineno":861}
{"timestamp":"2026-07-08T13:01:40.541790Z","level":"info","event":"Rows affected: 0","logger":"airflow.task.hooks.airflow.providers.oracle.hooks.oracle.OracleHook","filename":"sql.py","lineno":879}
{"timestamp":"2026-07-08T13:01:50.582266Z","level":"info","event":"Poking: SELECT COUNT(*) FROM demo_user.client_b_load_status\nWHERE status = 'COMPLETE' AND processed = 0 (with parameters None)","logger":"airflow.task.operators.airflow.providers.common.sql.sensors.sql.SqlSensor","filename":"sql.py","lineno":100}
{"timestamp":"2026-07-08T13:01:50.644215Z","level":"info","event":"Running statement: SELECT COUNT(*) FROM demo_user.client_b_load_status\nWHERE status = 'COMPLETE' AND processed = 0, parameters: None","logger":"airflow.task.hooks.airflow.providers.oracle.hooks.oracle.OracleHook","filename":"sql.py","lineno":861}
{"timestamp":"2026-07-08T13:01:50.645308Z","level":"info","event":"Rows affected: 0","logger":"airflow.task.hooks.airflow.providers.oracle.hooks.oracle.OracleHook","filename":"sql.py","lineno":879}
{"timestamp":"2026-07-08T13:02:00.676821Z","level":"info","event":"Poking: SELECT COUNT(*) FROM demo_user.client_b_load_status\nWHERE status = 'COMPLETE' AND processed = 0 (with parameters None)","logger":"airflow.task.operators.airflow.providers.common.sql.sensors.sql.SqlSensor","filename":"sql.py","lineno":100}
{"timestamp":"2026-07-08T13:02:00.734603Z","level":"info","event":"Running statement: SELECT COUNT(*) FROM demo_user.client_b_load_status\nWHERE status = 'COMPLETE' AND processed = 0, parameters: None","logger":"airflow.task.hooks.airflow.providers.oracle.hooks.oracle.OracleHook","filename":"sql.py","lineno":861}
{"timestamp":"2026-07-08T13:02:00.736068Z","level":"info","event":"Rows affected: 0","logger":"airflow.task.hooks.airflow.providers.oracle.hooks.oracle.OracleHook","filename":"sql.py","lineno":879}
{"timestamp":"2026-07-08T13:02:10.770374Z","level":"info","event":"Poking: SELECT COUNT(*) FROM demo_user.client_b_load_status\nWHERE status = 'COMPLETE' AND processed = 0 (with parameters None)","logger":"airflow.task.operators.airflow.providers.common.sql.sensors.sql.SqlSensor","filename":"sql.py","lineno":100}
{"timestamp":"2026-07-08T13:02:10.822802Z","level":"info","event":"Running statement: SELECT COUNT(*) FROM demo_user.client_b_load_status\nWHERE status = 'COMPLETE' AND processed = 0, parameters: None","logger":"airflow.task.hooks.airflow.providers.oracle.hooks.oracle.OracleHook","filename":"sql.py","lineno":861}
{"timestamp":"2026-07-08T13:02:10.823986Z","level":"info","event":"Rows affected: 0","logger":"airflow.task.hooks.airflow.providers.oracle.hooks.oracle.OracleHook","filename":"sql.py","lineno":879}
{"timestamp":"2026-07-08T13:02:20.872005Z","level":"info","event":"Poking: SELECT COUNT(*) FROM demo_user.client_b_load_status\nWHERE status = 'COMPLETE' AND processed = 0 (with parameters None)","logger":"airflow.task.operators.airflow.providers.common.sql.sensors.sql.SqlSensor","filename":"sql.py","lineno":100}
{"timestamp":"2026-07-08T13:02:20.931004Z","level":"info","event":"Running statement: SELECT COUNT(*) FROM demo_user.client_b_load_status\nWHERE status = 'COMPLETE' AND processed = 0, parameters: None","logger":"airflow.task.hooks.airflow.providers.oracle.hooks.oracle.OracleHook","filename":"sql.py","lineno":861}
{"timestamp":"2026-07-08T13:02:20.931965Z","level":"info","event":"Rows affected: 0","logger":"airflow.task.hooks.airflow.providers.oracle.hooks.oracle.OracleHook","filename":"sql.py","lineno":879}
{"timestamp":"2026-07-08T13:02:30.968302Z","level":"info","event":"Poking: SELECT COUNT(*) FROM demo_user.client_b_load_status\nWHERE status = 'COMPLETE' AND processed = 0 (with parameters None)","logger":"airflow.task.operators.airflow.providers.common.sql.sensors.sql.SqlSensor","filename":"sql.py","lineno":100}
{"timestamp":"2026-07-08T13:02:31.035971Z","level":"info","event":"Running statement: SELECT COUNT(*) FROM demo_user.client_b_load_status\nWHERE status = 'COMPLETE' AND processed = 0, parameters: None","logger":"airflow.task.hooks.airflow.providers.oracle.hooks.oracle.OracleHook","filename":"sql.py","lineno":861}
{"timestamp":"2026-07-08T13:02:31.037106Z","level":"info","event":"Rows affected: 0","logger":"airflow.task.hooks.airflow.providers.oracle.hooks.oracle.OracleHook","filename":"sql.py","lineno":879}
{"timestamp":"2026-07-08T13:02:41.078477Z","level":"info","event":"Poking: SELECT COUNT(*) FROM demo_user.client_b_load_status\nWHERE status = 'COMPLETE' AND processed = 0 (with parameters None)","logger":"airflow.task.operators.airflow.providers.common.sql.sensors.sql.SqlSensor","filename":"sql.py","lineno":100}
{"timestamp":"2026-07-08T13:02:41.155400Z","level":"info","event":"Running statement: SELECT COUNT(*) FROM demo_user.client_b_load_status\nWHERE status = 'COMPLETE' AND processed = 0, parameters: None","logger":"airflow.task.hooks.airflow.providers.oracle.hooks.oracle.OracleHook","filename":"sql.py","lineno":861}
{"timestamp":"2026-07-08T13:02:41.157269Z","level":"info","event":"Rows affected: 0","logger":"airflow.task.hooks.airflow.providers.oracle.hooks.oracle.OracleHook","filename":"sql.py","lineno":879}
{"timestamp":"2026-07-08T13:02:51.225647Z","level":"info","event":"Poking: SELECT COUNT(*) FROM demo_user.client_b_load_status\nWHERE status = 'COMPLETE' AND processed = 0 (with parameters None)","logger":"airflow.task.operators.airflow.providers.common.sql.sensors.sql.SqlSensor","filename":"sql.py","lineno":100}
{"timestamp":"2026-07-08T13:02:51.411516Z","level":"info","event":"Running statement: SELECT COUNT(*) FROM demo_user.client_b_load_status\nWHERE status = 'COMPLETE' AND processed = 0, parameters: None","logger":"airflow.task.hooks.airflow.providers.oracle.hooks.oracle.OracleHook","filename":"sql.py","lineno":861}
{"timestamp":"2026-07-08T13:02:51.415971Z","level":"info","event":"Rows affected: 0","logger":"airflow.task.hooks.airflow.providers.oracle.hooks.oracle.OracleHook","filename":"sql.py","lineno":879}
{"timestamp":"2026-07-08T13:03:01.462864Z","level":"info","event":"Poking: SELECT COUNT(*) FROM demo_user.client_b_load_status\nWHERE status = 'COMPLETE' AND processed = 0 (with parameters None)","logger":"airflow.task.operators.airflow.providers.common.sql.sensors.sql.SqlSensor","filename":"sql.py","lineno":100}
{"timestamp":"2026-07-08T13:03:01.521779Z","level":"info","event":"Running statement: SELECT COUNT(*) FROM demo_user.client_b_load_status\nWHERE status = 'COMPLETE' AND processed = 0, parameters: None","logger":"airflow.task.hooks.airflow.providers.oracle.hooks.oracle.OracleHook","filename":"sql.py","lineno":861}
{"timestamp":"2026-07-08T13:03:01.522987Z","level":"info","event":"Rows affected: 0","logger":"airflow.task.hooks.airflow.providers.oracle.hooks.oracle.OracleHook","filename":"sql.py","lineno":879}
{"timestamp":"2026-07-08T13:03:11.625362Z","level":"info","event":"Poking: SELECT COUNT(*) FROM demo_user.client_b_load_status\nWHERE status = 'COMPLETE' AND processed = 0 (with parameters None)","logger":"airflow.task.operators.airflow.providers.common.sql.sensors.sql.SqlSensor","filename":"sql.py","lineno":100}
{"timestamp":"2026-07-08T13:03:11.773772Z","level":"info","event":"Running statement: SELECT COUNT(*) FROM demo_user.client_b_load_status\nWHERE status = 'COMPLETE' AND processed = 0, parameters: None","logger":"airflow.task.hooks.airflow.providers.oracle.hooks.oracle.OracleHook","filename":"sql.py","lineno":861}
{"timestamp":"2026-07-08T13:03:11.776601Z","level":"info","event":"Rows affected: 0","logger":"airflow.task.hooks.airflow.providers.oracle.hooks.oracle.OracleHook","filename":"sql.py","lineno":879}
{"timestamp":"2026-07-08T13:03:21.815036Z","level":"info","event":"Poking: SELECT COUNT(*) FROM demo_user.client_b_load_status\nWHERE status = 'COMPLETE' AND processed = 0 (with parameters None)","logger":"airflow.task.operators.airflow.providers.common.sql.sensors.sql.SqlSensor","filename":"sql.py","lineno":100}
{"timestamp":"2026-07-08T13:03:21.872482Z","level":"info","event":"Running statement: SELECT COUNT(*) FROM demo_user.client_b_load_status\nWHERE status = 'COMPLETE' AND processed = 0, parameters: None","logger":"airflow.task.hooks.airflow.providers.oracle.hooks.oracle.OracleHook","filename":"sql.py","lineno":861}
{"timestamp":"2026-07-08T13:03:21.873589Z","level":"info","event":"Rows affected: 0","logger":"airflow.task.hooks.airflow.providers.oracle.hooks.oracle.OracleHook","filename":"sql.py","lineno":879}
{"timestamp":"2026-07-08T13:03:31.908224Z","level":"info","event":"Poking: SELECT COUNT(*) FROM demo_user.client_b_load_status\nWHERE status = 'COMPLETE' AND processed = 0 (with parameters None)","logger":"airflow.task.operators.airflow.providers.common.sql.sensors.sql.SqlSensor","filename":"sql.py","lineno":100}
{"timestamp":"2026-07-08T13:03:31.959361Z","level":"info","event":"Running statement: SELECT COUNT(*) FROM demo_user.client_b_load_status\nWHERE status = 'COMPLETE' AND processed = 0, parameters: None","logger":"airflow.task.hooks.airflow.providers.oracle.hooks.oracle.OracleHook","filename":"sql.py","lineno":861}
{"timestamp":"2026-07-08T13:03:31.960464Z","level":"info","event":"Rows affected: 0","logger":"airflow.task.hooks.airflow.providers.oracle.hooks.oracle.OracleHook","filename":"sql.py","lineno":879}
{"timestamp":"2026-07-08T13:03:41.996343Z","level":"info","event":"Poking: SELECT COUNT(*) FROM demo_user.client_b_load_status\nWHERE status = 'COMPLETE' AND processed = 0 (with parameters None)","logger":"airflow.task.operators.airflow.providers.common.sql.sensors.sql.SqlSensor","filename":"sql.py","lineno":100}
{"timestamp":"2026-07-08T13:03:42.106814Z","level":"info","event":"Running statement: SELECT COUNT(*) FROM demo_user.client_b_load_status\nWHERE status = 'COMPLETE' AND processed = 0, parameters: None","logger":"airflow.task.hooks.airflow.providers.oracle.hooks.oracle.OracleHook","filename":"sql.py","lineno":861}
{"timestamp":"2026-07-08T13:03:42.108450Z","level":"info","event":"Rows affected: 0","logger":"airflow.task.hooks.airflow.providers.oracle.hooks.oracle.OracleHook","filename":"sql.py","lineno":879}
{"timestamp":"2026-07-08T13:03:52.148371Z","level":"info","event":"Poking: SELECT COUNT(*) FROM demo_user.client_b_load_status\nWHERE status = 'COMPLETE' AND processed = 0 (with parameters None)","logger":"airflow.task.operators.airflow.providers.common.sql.sensors.sql.SqlSensor","filename":"sql.py","lineno":100}
{"timestamp":"2026-07-08T13:03:52.218734Z","level":"info","event":"Running statement: SELECT COUNT(*) FROM demo_user.client_b_load_status\nWHERE status = 'COMPLETE' AND processed = 0, parameters: None","logger":"airflow.task.hooks.airflow.providers.oracle.hooks.oracle.OracleHook","filename":"sql.py","lineno":861}
{"timestamp":"2026-07-08T13:03:52.219995Z","level":"info","event":"Rows affected: 0","logger":"airflow.task.hooks.airflow.providers.oracle.hooks.oracle.OracleHook","filename":"sql.py","lineno":879}
{"timestamp":"2026-07-08T13:04:02.253951Z","level":"info","event":"Poking: SELECT COUNT(*) FROM demo_user.client_b_load_status\nWHERE status = 'COMPLETE' AND processed = 0 (with parameters None)","logger":"airflow.task.operators.airflow.providers.common.sql.sensors.sql.SqlSensor","filename":"sql.py","lineno":100}
{"timestamp":"2026-07-08T13:04:02.311088Z","level":"info","event":"Running statement: SELECT COUNT(*) FROM demo_user.client_b_load_status\nWHERE status = 'COMPLETE' AND processed = 0, parameters: None","logger":"airflow.task.hooks.airflow.providers.oracle.hooks.oracle.OracleHook","filename":"sql.py","lineno":861}
{"timestamp":"2026-07-08T13:04:02.312303Z","level":"info","event":"Rows affected: 0","logger":"airflow.task.hooks.airflow.providers.oracle.hooks.oracle.OracleHook","filename":"sql.py","lineno":879}
{"timestamp":"2026-07-08T13:04:12.352819Z","level":"info","event":"Poking: SELECT COUNT(*) FROM demo_user.client_b_load_status\nWHERE status = 'COMPLETE' AND processed = 0 (with parameters None)","logger":"airflow.task.operators.airflow.providers.common.sql.sensors.sql.SqlSensor","filename":"sql.py","lineno":100}
{"timestamp":"2026-07-08T13:04:12.407849Z","level":"info","event":"Running statement: SELECT COUNT(*) FROM demo_user.client_b_load_status\nWHERE status = 'COMPLETE' AND processed = 0, parameters: None","logger":"airflow.task.hooks.airflow.providers.oracle.hooks.oracle.OracleHook","filename":"sql.py","lineno":861}
{"timestamp":"2026-07-08T13:04:12.408967Z","level":"info","event":"Rows affected: 0","logger":"airflow.task.hooks.airflow.providers.oracle.hooks.oracle.OracleHook","filename":"sql.py","lineno":879}
{"timestamp":"2026-07-08T13:04:22.448289Z","level":"info","event":"Poking: SELECT COUNT(*) FROM demo_user.client_b_load_status\nWHERE status = 'COMPLETE' AND processed = 0 (with parameters None)","logger":"airflow.task.operators.airflow.providers.common.sql.sensors.sql.SqlSensor","filename":"sql.py","lineno":100}
{"timestamp":"2026-07-08T13:04:22.501347Z","level":"info","event":"Running statement: SELECT COUNT(*) FROM demo_user.client_b_load_status\nWHERE status = 'COMPLETE' AND processed = 0, parameters: None","logger":"airflow.task.hooks.airflow.providers.oracle.hooks.oracle.OracleHook","filename":"sql.py","lineno":861}
{"timestamp":"2026-07-08T13:04:22.502390Z","level":"info","event":"Rows affected: 0","logger":"airflow.task.hooks.airflow.providers.oracle.hooks.oracle.OracleHook","filename":"sql.py","lineno":879}
{"timestamp":"2026-07-08T13:04:32.532903Z","level":"info","event":"Poking: SELECT COUNT(*) FROM demo_user.client_b_load_status\nWHERE status = 'COMPLETE' AND processed = 0 (with parameters None)","logger":"airflow.task.operators.airflow.providers.common.sql.sensors.sql.SqlSensor","filename":"sql.py","lineno":100}
{"timestamp":"2026-07-08T13:04:32.592030Z","level":"info","event":"Running statement: SELECT COUNT(*) FROM demo_user.client_b_load_status\nWHERE status = 'COMPLETE' AND processed = 0, parameters: None","logger":"airflow.task.hooks.airflow.providers.oracle.hooks.oracle.OracleHook","filename":"sql.py","lineno":861}
{"timestamp":"2026-07-08T13:04:32.593316Z","level":"info","event":"Rows affected: 0","logger":"airflow.task.hooks.airflow.providers.oracle.hooks.oracle.OracleHook","filename":"sql.py","lineno":879}
{"timestamp":"2026-07-08T13:04:42.672192Z","level":"info","event":"Poking: SELECT COUNT(*) FROM demo_user.client_b_load_status\nWHERE status = 'COMPLETE' AND processed = 0 (with parameters None)","logger":"airflow.task.operators.airflow.providers.common.sql.sensors.sql.SqlSensor","filename":"sql.py","lineno":100}
{"timestamp":"2026-07-08T13:04:42.740852Z","level":"info","event":"Running statement: SELECT COUNT(*) FROM demo_user.client_b_load_status\nWHERE status = 'COMPLETE' AND processed = 0, parameters: None","logger":"airflow.task.hooks.airflow.providers.oracle.hooks.oracle.OracleHook","filename":"sql.py","lineno":861}
{"timestamp":"2026-07-08T13:04:42.741916Z","level":"info","event":"Rows affected: 0","logger":"airflow.task.hooks.airflow.providers.oracle.hooks.oracle.OracleHook","filename":"sql.py","lineno":879}
{"timestamp":"2026-07-08T13:04:52.774647Z","level":"info","event":"Poking: SELECT COUNT(*) FROM demo_user.client_b_load_status\nWHERE status = 'COMPLETE' AND processed = 0 (with parameters None)","logger":"airflow.task.operators.airflow.providers.common.sql.sensors.sql.SqlSensor","filename":"sql.py","lineno":100}
{"timestamp":"2026-07-08T13:04:52.841529Z","level":"info","event":"Running statement: SELECT COUNT(*) FROM demo_user.client_b_load_status\nWHERE status = 'COMPLETE' AND processed = 0, parameters: None","logger":"airflow.task.hooks.airflow.providers.oracle.hooks.oracle.OracleHook","filename":"sql.py","lineno":861}
{"timestamp":"2026-07-08T13:04:52.842641Z","level":"info","event":"Rows affected: 0","logger":"airflow.task.hooks.airflow.providers.oracle.hooks.oracle.OracleHook","filename":"sql.py","lineno":879}
{"timestamp":"2026-07-08T13:05:02.876212Z","level":"info","event":"Poking: SELECT COUNT(*) FROM demo_user.client_b_load_status\nWHERE status = 'COMPLETE' AND processed = 0 (with parameters None)","logger":"airflow.task.operators.airflow.providers.common.sql.sensors.sql.SqlSensor","filename":"sql.py","lineno":100}
{"timestamp":"2026-07-08T13:05:02.932758Z","level":"info","event":"Running statement: SELECT COUNT(*) FROM demo_user.client_b_load_status\nWHERE status = 'COMPLETE' AND processed = 0, parameters: None","logger":"airflow.task.hooks.airflow.providers.oracle.hooks.oracle.OracleHook","filename":"sql.py","lineno":861}
{"timestamp":"2026-07-08T13:05:02.933991Z","level":"info","event":"Rows affected: 0","logger":"airflow.task.hooks.airflow.providers.oracle.hooks.oracle.OracleHook","filename":"sql.py","lineno":879}
{"timestamp":"2026-07-08T13:05:12.966176Z","level":"info","event":"Poking: SELECT COUNT(*) FROM demo_user.client_b_load_status\nWHERE status = 'COMPLETE' AND processed = 0 (with parameters None)","logger":"airflow.task.operators.airflow.providers.common.sql.sensors.sql.SqlSensor","filename":"sql.py","lineno":100}
{"timestamp":"2026-07-08T13:05:13.017527Z","level":"info","event":"Running statement: SELECT COUNT(*) FROM demo_user.client_b_load_status\nWHERE status = 'COMPLETE' AND processed = 0, parameters: None","logger":"airflow.task.hooks.airflow.providers.oracle.hooks.oracle.OracleHook","filename":"sql.py","lineno":861}
{"timestamp":"2026-07-08T13:05:13.018482Z","level":"info","event":"Rows affected: 0","logger":"airflow.task.hooks.airflow.providers.oracle.hooks.oracle.OracleHook","filename":"sql.py","lineno":879}
{"timestamp":"2026-07-08T13:05:23.049540Z","level":"info","event":"Poking: SELECT COUNT(*) FROM demo_user.client_b_load_status\nWHERE status = 'COMPLETE' AND processed = 0 (with parameters None)","logger":"airflow.task.operators.airflow.providers.common.sql.sensors.sql.SqlSensor","filename":"sql.py","lineno":100}
{"timestamp":"2026-07-08T13:05:23.114350Z","level":"info","event":"Running statement: SELECT COUNT(*) FROM demo_user.client_b_load_status\nWHERE status = 'COMPLETE' AND processed = 0, parameters: None","logger":"airflow.task.hooks.airflow.providers.oracle.hooks.oracle.OracleHook","filename":"sql.py","lineno":861}
{"timestamp":"2026-07-08T13:05:23.115888Z","level":"info","event":"Rows affected: 0","logger":"airflow.task.hooks.airflow.providers.oracle.hooks.oracle.OracleHook","filename":"sql.py","lineno":879}
{"timestamp":"2026-07-08T13:05:33.153538Z","level":"info","event":"Poking: SELECT COUNT(*) FROM demo_user.client_b_load_status\nWHERE status = 'COMPLETE' AND processed = 0 (with parameters None)","logger":"airflow.task.operators.airflow.providers.common.sql.sensors.sql.SqlSensor","filename":"sql.py","lineno":100}
{"timestamp":"2026-07-08T13:05:33.209547Z","level":"info","event":"Running statement: SELECT COUNT(*) FROM demo_user.client_b_load_status\nWHERE status = 'COMPLETE' AND processed = 0, parameters: None","logger":"airflow.task.hooks.airflow.providers.oracle.hooks.oracle.OracleHook","filename":"sql.py","lineno":861}
{"timestamp":"2026-07-08T13:05:33.210680Z","level":"info","event":"Rows affected: 0","logger":"airflow.task.hooks.airflow.providers.oracle.hooks.oracle.OracleHook","filename":"sql.py","lineno":879}
{"timestamp":"2026-07-08T13:05:43.241021Z","level":"info","event":"Poking: SELECT COUNT(*) FROM demo_user.client_b_load_status\nWHERE status = 'COMPLETE' AND processed = 0 (with parameters None)","logger":"airflow.task.operators.airflow.providers.common.sql.sensors.sql.SqlSensor","filename":"sql.py","lineno":100}
{"timestamp":"2026-07-08T13:05:43.291251Z","level":"info","event":"Running statement: SELECT COUNT(*) FROM demo_user.client_b_load_status\nWHERE status = 'COMPLETE' AND processed = 0, parameters: None","logger":"airflow.task.hooks.airflow.providers.oracle.hooks.oracle.OracleHook","filename":"sql.py","lineno":861}
{"timestamp":"2026-07-08T13:05:43.292188Z","level":"info","event":"Rows affected: 0","logger":"airflow.task.hooks.airflow.providers.oracle.hooks.oracle.OracleHook","filename":"sql.py","lineno":879}
{"timestamp":"2026-07-08T13:05:53.320581Z","level":"info","event":"Poking: SELECT COUNT(*) FROM demo_user.client_b_load_status\nWHERE status = 'COMPLETE' AND processed = 0 (with parameters None)","logger":"airflow.task.operators.airflow.providers.common.sql.sensors.sql.SqlSensor","filename":"sql.py","lineno":100}
{"timestamp":"2026-07-08T13:05:53.372451Z","level":"info","event":"Running statement: SELECT COUNT(*) FROM demo_user.client_b_load_status\nWHERE status = 'COMPLETE' AND processed = 0, parameters: None","logger":"airflow.task.hooks.airflow.providers.oracle.hooks.oracle.OracleHook","filename":"sql.py","lineno":861}
{"timestamp":"2026-07-08T13:05:53.373384Z","level":"info","event":"Rows affected: 0","logger":"airflow.task.hooks.airflow.providers.oracle.hooks.oracle.OracleHook","filename":"sql.py","lineno":879}
{"timestamp":"2026-07-08T13:06:03.396307Z","level":"info","event":"Poking: SELECT COUNT(*) FROM demo_user.client_b_load_status\nWHERE status = 'COMPLETE' AND processed = 0 (with parameters None)","logger":"airflow.task.operators.airflow.providers.common.sql.sensors.sql.SqlSensor","filename":"sql.py","lineno":100}
{"timestamp":"2026-07-08T13:06:03.450034Z","level":"info","event":"Running statement: SELECT COUNT(*) FROM demo_user.client_b_load_status\nWHERE status = 'COMPLETE' AND processed = 0, parameters: None","logger":"airflow.task.hooks.airflow.providers.oracle.hooks.oracle.OracleHook","filename":"sql.py","lineno":861}
{"timestamp":"2026-07-08T13:06:03.450873Z","level":"info","event":"Rows affected: 0","logger":"airflow.task.hooks.airflow.providers.oracle.hooks.oracle.OracleHook","filename":"sql.py","lineno":879}
{"timestamp":"2026-07-08T13:06:13.472733Z","level":"info","event":"Poking: SELECT COUNT(*) FROM demo_user.client_b_load_status\nWHERE status = 'COMPLETE' AND processed = 0 (with parameters None)","logger":"airflow.task.operators.airflow.providers.common.sql.sensors.sql.SqlSensor","filename":"sql.py","lineno":100}
{"timestamp":"2026-07-08T13:06:13.517868Z","level":"info","event":"Running statement: SELECT COUNT(*) FROM demo_user.client_b_load_status\nWHERE status = 'COMPLETE' AND processed = 0, parameters: None","logger":"airflow.task.hooks.airflow.providers.oracle.hooks.oracle.OracleHook","filename":"sql.py","lineno":861}
{"timestamp":"2026-07-08T13:06:13.518713Z","level":"info","event":"Rows affected: 0","logger":"airflow.task.hooks.airflow.providers.oracle.hooks.oracle.OracleHook","filename":"sql.py","lineno":879}
{"timestamp":"2026-07-08T13:06:23.553488Z","level":"info","event":"Poking: SELECT COUNT(*) FROM demo_user.client_b_load_status\nWHERE status = 'COMPLETE' AND processed = 0 (with parameters None)","logger":"airflow.task.operators.airflow.providers.common.sql.sensors.sql.SqlSensor","filename":"sql.py","lineno":100}
{"timestamp":"2026-07-08T13:06:23.650941Z","level":"info","event":"Running statement: SELECT COUNT(*) FROM demo_user.client_b_load_status\nWHERE status = 'COMPLETE' AND processed = 0, parameters: None","logger":"airflow.task.hooks.airflow.providers.oracle.hooks.oracle.OracleHook","filename":"sql.py","lineno":861}
{"timestamp":"2026-07-08T13:06:23.652561Z","level":"info","event":"Rows affected: 0","logger":"airflow.task.hooks.airflow.providers.oracle.hooks.oracle.OracleHook","filename":"sql.py","lineno":879}
{"timestamp":"2026-07-08T13:06:33.688825Z","level":"info","event":"Poking: SELECT COUNT(*) FROM demo_user.client_b_load_status\nWHERE status = 'COMPLETE' AND processed = 0 (with parameters None)","logger":"airflow.task.operators.airflow.providers.common.sql.sensors.sql.SqlSensor","filename":"sql.py","lineno":100}
{"timestamp":"2026-07-08T13:06:33.748621Z","level":"info","event":"Running statement: SELECT COUNT(*) FROM demo_user.client_b_load_status\nWHERE status = 'COMPLETE' AND processed = 0, parameters: None","logger":"airflow.task.hooks.airflow.providers.oracle.hooks.oracle.OracleHook","filename":"sql.py","lineno":861}
{"timestamp":"2026-07-08T13:06:33.749631Z","level":"info","event":"Rows affected: 0","logger":"airflow.task.hooks.airflow.providers.oracle.hooks.oracle.OracleHook","filename":"sql.py","lineno":879}
{"timestamp":"2026-07-08T13:06:43.761004Z","level":"info","event":"Poking: SELECT COUNT(*) FROM demo_user.client_b_load_status\nWHERE status = 'COMPLETE' AND processed = 0 (with parameters None)","logger":"airflow.task.operators.airflow.providers.common.sql.sensors.sql.SqlSensor","filename":"sql.py","lineno":100}
{"timestamp":"2026-07-08T13:06:43.847690Z","level":"info","event":"Running statement: SELECT COUNT(*) FROM demo_user.client_b_load_status\nWHERE status = 'COMPLETE' AND processed = 0, parameters: None","logger":"airflow.task.hooks.airflow.providers.oracle.hooks.oracle.OracleHook","filename":"sql.py","lineno":861}
{"timestamp":"2026-07-08T13:06:43.849087Z","level":"info","event":"Rows affected: 0","logger":"airflow.task.hooks.airflow.providers.oracle.hooks.oracle.OracleHook","filename":"sql.py","lineno":879}
{"timestamp":"2026-07-08T13:06:53.877677Z","level":"info","event":"Poking: SELECT COUNT(*) FROM demo_user.client_b_load_status\nWHERE status = 'COMPLETE' AND processed = 0 (with parameters None)","logger":"airflow.task.operators.airflow.providers.common.sql.sensors.sql.SqlSensor","filename":"sql.py","lineno":100}
{"timestamp":"2026-07-08T13:06:53.928632Z","level":"info","event":"Running statement: SELECT COUNT(*) FROM demo_user.client_b_load_status\nWHERE status = 'COMPLETE' AND processed = 0, parameters: None","logger":"airflow.task.hooks.airflow.providers.oracle.hooks.oracle.OracleHook","filename":"sql.py","lineno":861}
{"timestamp":"2026-07-08T13:06:53.929525Z","level":"info","event":"Rows affected: 0","logger":"airflow.task.hooks.airflow.providers.oracle.hooks.oracle.OracleHook","filename":"sql.py","lineno":879}
{"timestamp":"2026-07-08T13:07:03.954771Z","level":"info","event":"Poking: SELECT COUNT(*) FROM demo_user.client_b_load_status\nWHERE status = 'COMPLETE' AND processed = 0 (with parameters None)","logger":"airflow.task.operators.airflow.providers.common.sql.sensors.sql.SqlSensor","filename":"sql.py","lineno":100}
{"timestamp":"2026-07-08T13:07:04.004971Z","level":"info","event":"Running statement: SELECT COUNT(*) FROM demo_user.client_b_load_status\nWHERE status = 'COMPLETE' AND processed = 0, parameters: None","logger":"airflow.task.hooks.airflow.providers.oracle.hooks.oracle.OracleHook","filename":"sql.py","lineno":861}
{"timestamp":"2026-07-08T13:07:04.005976Z","level":"info","event":"Rows affected: 0","logger":"airflow.task.hooks.airflow.providers.oracle.hooks.oracle.OracleHook","filename":"sql.py","lineno":879}
{"timestamp":"2026-07-08T13:07:14.035014Z","level":"info","event":"Poking: SELECT COUNT(*) FROM demo_user.client_b_load_status\nWHERE status = 'COMPLETE' AND processed = 0 (with parameters None)","logger":"airflow.task.operators.airflow.providers.common.sql.sensors.sql.SqlSensor","filename":"sql.py","lineno":100}
{"timestamp":"2026-07-08T13:07:14.081931Z","level":"info","event":"Running statement: SELECT COUNT(*) FROM demo_user.client_b_load_status\nWHERE status = 'COMPLETE' AND processed = 0, parameters: None","logger":"airflow.task.hooks.airflow.providers.oracle.hooks.oracle.OracleHook","filename":"sql.py","lineno":861}
{"timestamp":"2026-07-08T13:07:14.082822Z","level":"info","event":"Rows affected: 0","logger":"airflow.task.hooks.airflow.providers.oracle.hooks.oracle.OracleHook","filename":"sql.py","lineno":879}
{"timestamp":"2026-07-08T13:07:24.117701Z","level":"info","event":"Poking: SELECT COUNT(*) FROM demo_user.client_b_load_status\nWHERE status = 'COMPLETE' AND processed = 0 (with parameters None)","logger":"airflow.task.operators.airflow.providers.common.sql.sensors.sql.SqlSensor","filename":"sql.py","lineno":100}
{"timestamp":"2026-07-08T13:07:24.172707Z","level":"info","event":"Running statement: SELECT COUNT(*) FROM demo_user.client_b_load_status\nWHERE status = 'COMPLETE' AND processed = 0, parameters: None","logger":"airflow.task.hooks.airflow.providers.oracle.hooks.oracle.OracleHook","filename":"sql.py","lineno":861}
{"timestamp":"2026-07-08T13:07:24.173948Z","level":"info","event":"Rows affected: 0","logger":"airflow.task.hooks.airflow.providers.oracle.hooks.oracle.OracleHook","filename":"sql.py","lineno":879}
{"timestamp":"2026-07-08T13:07:34.199431Z","level":"info","event":"Poking: SELECT COUNT(*) FROM demo_user.client_b_load_status\nWHERE status = 'COMPLETE' AND processed = 0 (with parameters None)","logger":"airflow.task.operators.airflow.providers.common.sql.sensors.sql.SqlSensor","filename":"sql.py","lineno":100}
{"timestamp":"2026-07-08T13:07:34.249131Z","level":"info","event":"Running statement: SELECT COUNT(*) FROM demo_user.client_b_load_status\nWHERE status = 'COMPLETE' AND processed = 0, parameters: None","logger":"airflow.task.hooks.airflow.providers.oracle.hooks.oracle.OracleHook","filename":"sql.py","lineno":861}
{"timestamp":"2026-07-08T13:07:34.250008Z","level":"info","event":"Rows affected: 0","logger":"airflow.task.hooks.airflow.providers.oracle.hooks.oracle.OracleHook","filename":"sql.py","lineno":879}
{"timestamp":"2026-07-08T13:07:44.277823Z","level":"info","event":"Poking: SELECT COUNT(*) FROM demo_user.client_b_load_status\nWHERE status = 'COMPLETE' AND processed = 0 (with parameters None)","logger":"airflow.task.operators.airflow.providers.common.sql.sensors.sql.SqlSensor","filename":"sql.py","lineno":100}
{"timestamp":"2026-07-08T13:07:44.359155Z","level":"info","event":"Running statement: SELECT COUNT(*) FROM demo_user.client_b_load_status\nWHERE status = 'COMPLETE' AND processed = 0, parameters: None","logger":"airflow.task.hooks.airflow.providers.oracle.hooks.oracle.OracleHook","filename":"sql.py","lineno":861}
{"timestamp":"2026-07-08T13:07:44.360215Z","level":"info","event":"Rows affected: 0","logger":"airflow.task.hooks.airflow.providers.oracle.hooks.oracle.OracleHook","filename":"sql.py","lineno":879}
{"timestamp":"2026-07-08T13:07:54.399023Z","level":"info","event":"Poking: SELECT COUNT(*) FROM demo_user.client_b_load_status\nWHERE status = 'COMPLETE' AND processed = 0 (with parameters None)","logger":"airflow.task.operators.airflow.providers.common.sql.sensors.sql.SqlSensor","filename":"sql.py","lineno":100}
{"timestamp":"2026-07-08T13:07:54.454483Z","level":"info","event":"Running statement: SELECT COUNT(*) FROM demo_user.client_b_load_status\nWHERE status = 'COMPLETE' AND processed = 0, parameters: None","logger":"airflow.task.hooks.airflow.providers.oracle.hooks.oracle.OracleHook","filename":"sql.py","lineno":861}
{"timestamp":"2026-07-08T13:07:54.455757Z","level":"info","event":"Rows affected: 0","logger":"airflow.task.hooks.airflow.providers.oracle.hooks.oracle.OracleHook","filename":"sql.py","lineno":879}
{"timestamp":"2026-07-08T13:08:04.478886Z","level":"info","event":"Poking: SELECT COUNT(*) FROM demo_user.client_b_load_status\nWHERE status = 'COMPLETE' AND processed = 0 (with parameters None)","logger":"airflow.task.operators.airflow.providers.common.sql.sensors.sql.SqlSensor","filename":"sql.py","lineno":100}
{"timestamp":"2026-07-08T13:08:04.530835Z","level":"info","event":"Running statement: SELECT COUNT(*) FROM demo_user.client_b_load_status\nWHERE status = 'COMPLETE' AND processed = 0, parameters: None","logger":"airflow.task.hooks.airflow.providers.oracle.hooks.oracle.OracleHook","filename":"sql.py","lineno":861}
{"timestamp":"2026-07-08T13:08:04.531868Z","level":"info","event":"Rows affected: 0","logger":"airflow.task.hooks.airflow.providers.oracle.hooks.oracle.OracleHook","filename":"sql.py","lineno":879}
{"timestamp":"2026-07-08T13:08:14.562099Z","level":"info","event":"Poking: SELECT COUNT(*) FROM demo_user.client_b_load_status\nWHERE status = 'COMPLETE' AND processed = 0 (with parameters None)","logger":"airflow.task.operators.airflow.providers.common.sql.sensors.sql.SqlSensor","filename":"sql.py","lineno":100}
{"timestamp":"2026-07-08T13:08:14.625833Z","level":"info","event":"Running statement: SELECT COUNT(*) FROM demo_user.client_b_load_status\nWHERE status = 'COMPLETE' AND processed = 0, parameters: None","logger":"airflow.task.hooks.airflow.providers.oracle.hooks.oracle.OracleHook","filename":"sql.py","lineno":861}
{"timestamp":"2026-07-08T13:08:14.626847Z","level":"info","event":"Rows affected: 0","logger":"airflow.task.hooks.airflow.providers.oracle.hooks.oracle.OracleHook","filename":"sql.py","lineno":879}
{"timestamp":"2026-07-08T13:08:24.653308Z","level":"info","event":"Poking: SELECT COUNT(*) FROM demo_user.client_b_load_status\nWHERE status = 'COMPLETE' AND processed = 0 (with parameters None)","logger":"airflow.task.operators.airflow.providers.common.sql.sensors.sql.SqlSensor","filename":"sql.py","lineno":100}
{"timestamp":"2026-07-08T13:08:24.711643Z","level":"info","event":"Running statement: SELECT COUNT(*) FROM demo_user.client_b_load_status\nWHERE status = 'COMPLETE' AND processed = 0, parameters: None","logger":"airflow.task.hooks.airflow.providers.oracle.hooks.oracle.OracleHook","filename":"sql.py","lineno":861}
{"timestamp":"2026-07-08T13:08:24.713216Z","level":"info","event":"Rows affected: 0","logger":"airflow.task.hooks.airflow.providers.oracle.hooks.oracle.OracleHook","filename":"sql.py","lineno":879}
{"timestamp":"2026-07-08T13:08:34.738737Z","level":"info","event":"Poking: SELECT COUNT(*) FROM demo_user.client_b_load_status\nWHERE status = 'COMPLETE' AND processed = 0 (with parameters None)","logger":"airflow.task.operators.airflow.providers.common.sql.sensors.sql.SqlSensor","filename":"sql.py","lineno":100}
{"timestamp":"2026-07-08T13:08:34.787193Z","level":"info","event":"Running statement: SELECT COUNT(*) FROM demo_user.client_b_load_status\nWHERE status = 'COMPLETE' AND processed = 0, parameters: None","logger":"airflow.task.hooks.airflow.providers.oracle.hooks.oracle.OracleHook","filename":"sql.py","lineno":861}
{"timestamp":"2026-07-08T13:08:34.788636Z","level":"info","event":"Rows affected: 0","logger":"airflow.task.hooks.airflow.providers.oracle.hooks.oracle.OracleHook","filename":"sql.py","lineno":879}
{"timestamp":"2026-07-08T13:08:44.820089Z","level":"info","event":"Poking: SELECT COUNT(*) FROM demo_user.client_b_load_status\nWHERE status = 'COMPLETE' AND processed = 0 (with parameters None)","logger":"airflow.task.operators.airflow.providers.common.sql.sensors.sql.SqlSensor","filename":"sql.py","lineno":100}
{"timestamp":"2026-07-08T13:08:44.866889Z","level":"info","event":"Running statement: SELECT COUNT(*) FROM demo_user.client_b_load_status\nWHERE status = 'COMPLETE' AND processed = 0, parameters: None","logger":"airflow.task.hooks.airflow.providers.oracle.hooks.oracle.OracleHook","filename":"sql.py","lineno":861}
{"timestamp":"2026-07-08T13:08:44.868105Z","level":"info","event":"Rows affected: 0","logger":"airflow.task.hooks.airflow.providers.oracle.hooks.oracle.OracleHook","filename":"sql.py","lineno":879}
{"timestamp":"2026-07-08T13:08:54.915419Z","level":"info","event":"Poking: SELECT COUNT(*) FROM demo_user.client_b_load_status\nWHERE status = 'COMPLETE' AND processed = 0 (with parameters None)","logger":"airflow.task.operators.airflow.providers.common.sql.sensors.sql.SqlSensor","filename":"sql.py","lineno":100}
{"timestamp":"2026-07-08T13:08:55.017114Z","level":"info","event":"Running statement: SELECT COUNT(*) FROM demo_user.client_b_load_status\nWHERE status = 'COMPLETE' AND processed = 0, parameters: None","logger":"airflow.task.hooks.airflow.providers.oracle.hooks.oracle.OracleHook","filename":"sql.py","lineno":861}
{"timestamp":"2026-07-08T13:08:55.019418Z","level":"info","event":"Rows affected: 0","logger":"airflow.task.hooks.airflow.providers.oracle.hooks.oracle.OracleHook","filename":"sql.py","lineno":879}
{"timestamp":"2026-07-08T13:09:05.056335Z","level":"info","event":"Poking: SELECT COUNT(*) FROM demo_user.client_b_load_status\nWHERE status = 'COMPLETE' AND processed = 0 (with parameters None)","logger":"airflow.task.operators.airflow.providers.common.sql.sensors.sql.SqlSensor","filename":"sql.py","lineno":100}
{"timestamp":"2026-07-08T13:09:05.106022Z","level":"info","event":"Running statement: SELECT COUNT(*) FROM demo_user.client_b_load_status\nWHERE status = 'COMPLETE' AND processed = 0, parameters: None","logger":"airflow.task.hooks.airflow.providers.oracle.hooks.oracle.OracleHook","filename":"sql.py","lineno":861}
{"timestamp":"2026-07-08T13:09:05.107055Z","level":"info","event":"Rows affected: 0","logger":"airflow.task.hooks.airflow.providers.oracle.hooks.oracle.OracleHook","filename":"sql.py","lineno":879}
{"timestamp":"2026-07-08T13:09:15.147913Z","level":"info","event":"Poking: SELECT COUNT(*) FROM demo_user.client_b_load_status\nWHERE status = 'COMPLETE' AND processed = 0 (with parameters None)","logger":"airflow.task.operators.airflow.providers.common.sql.sensors.sql.SqlSensor","filename":"sql.py","lineno":100}
{"timestamp":"2026-07-08T13:09:15.204620Z","level":"info","event":"Running statement: SELECT COUNT(*) FROM demo_user.client_b_load_status\nWHERE status = 'COMPLETE' AND processed = 0, parameters: None","logger":"airflow.task.hooks.airflow.providers.oracle.hooks.oracle.OracleHook","filename":"sql.py","lineno":861}
{"timestamp":"2026-07-08T13:09:15.205723Z","level":"info","event":"Rows affected: 0","logger":"airflow.task.hooks.airflow.providers.oracle.hooks.oracle.OracleHook","filename":"sql.py","lineno":879}
{"timestamp":"2026-07-08T13:09:25.248597Z","level":"info","event":"Poking: SELECT COUNT(*) FROM demo_user.client_b_load_status\nWHERE status = 'COMPLETE' AND processed = 0 (with parameters None)","logger":"airflow.task.operators.airflow.providers.common.sql.sensors.sql.SqlSensor","filename":"sql.py","lineno":100}
{"timestamp":"2026-07-08T13:09:25.313402Z","level":"info","event":"Running statement: SELECT COUNT(*) FROM demo_user.client_b_load_status\nWHERE status = 'COMPLETE' AND processed = 0, parameters: None","logger":"airflow.task.hooks.airflow.providers.oracle.hooks.oracle.OracleHook","filename":"sql.py","lineno":861}
{"timestamp":"2026-07-08T13:09:25.315187Z","level":"info","event":"Rows affected: 0","logger":"airflow.task.hooks.airflow.providers.oracle.hooks.oracle.OracleHook","filename":"sql.py","lineno":879}
{"timestamp":"2026-07-08T13:09:35.347116Z","level":"info","event":"Poking: SELECT COUNT(*) FROM demo_user.client_b_load_status\nWHERE status = 'COMPLETE' AND processed = 0 (with parameters None)","logger":"airflow.task.operators.airflow.providers.common.sql.sensors.sql.SqlSensor","filename":"sql.py","lineno":100}
{"timestamp":"2026-07-08T13:09:35.421219Z","level":"info","event":"Running statement: SELECT COUNT(*) FROM demo_user.client_b_load_status\nWHERE status = 'COMPLETE' AND processed = 0, parameters: None","logger":"airflow.task.hooks.airflow.providers.oracle.hooks.oracle.OracleHook","filename":"sql.py","lineno":861}
{"timestamp":"2026-07-08T13:09:35.423893Z","level":"info","event":"Rows affected: 0","logger":"airflow.task.hooks.airflow.providers.oracle.hooks.oracle.OracleHook","filename":"sql.py","lineno":879}
{"timestamp":"2026-07-08T13:09:45.473710Z","level":"info","event":"Poking: SELECT COUNT(*) FROM demo_user.client_b_load_status\nWHERE status = 'COMPLETE' AND processed = 0 (with parameters None)","logger":"airflow.task.operators.airflow.providers.common.sql.sensors.sql.SqlSensor","filename":"sql.py","lineno":100}
{"timestamp":"2026-07-08T13:09:45.566402Z","level":"info","event":"Running statement: SELECT COUNT(*) FROM demo_user.client_b_load_status\nWHERE status = 'COMPLETE' AND processed = 0, parameters: None","logger":"airflow.task.hooks.airflow.providers.oracle.hooks.oracle.OracleHook","filename":"sql.py","lineno":861}
{"timestamp":"2026-07-08T13:09:45.568937Z","level":"info","event":"Rows affected: 0","logger":"airflow.task.hooks.airflow.providers.oracle.hooks.oracle.OracleHook","filename":"sql.py","lineno":879}
{"timestamp":"2026-07-08T13:09:55.602627Z","level":"info","event":"Poking: SELECT COUNT(*) FROM demo_user.client_b_load_status\nWHERE status = 'COMPLETE' AND processed = 0 (with parameters None)","logger":"airflow.task.operators.airflow.providers.common.sql.sensors.sql.SqlSensor","filename":"sql.py","lineno":100}
{"timestamp":"2026-07-08T13:09:55.672716Z","level":"info","event":"Running statement: SELECT COUNT(*) FROM demo_user.client_b_load_status\nWHERE status = 'COMPLETE' AND processed = 0, parameters: None","logger":"airflow.task.hooks.airflow.providers.oracle.hooks.oracle.OracleHook","filename":"sql.py","lineno":861}
{"timestamp":"2026-07-08T13:09:55.674337Z","level":"info","event":"Rows affected: 0","logger":"airflow.task.hooks.airflow.providers.oracle.hooks.oracle.OracleHook","filename":"sql.py","lineno":879}
{"timestamp":"2026-07-08T13:10:05.717124Z","level":"info","event":"Poking: SELECT COUNT(*) FROM demo_user.client_b_load_status\nWHERE status = 'COMPLETE' AND processed = 0 (with parameters None)","logger":"airflow.task.operators.airflow.providers.common.sql.sensors.sql.SqlSensor","filename":"sql.py","lineno":100}
{"timestamp":"2026-07-08T13:10:05.797608Z","level":"info","event":"Running statement: SELECT COUNT(*) FROM demo_user.client_b_load_status\nWHERE status = 'COMPLETE' AND processed = 0, parameters: None","logger":"airflow.task.hooks.airflow.providers.oracle.hooks.oracle.OracleHook","filename":"sql.py","lineno":861}
{"timestamp":"2026-07-08T13:10:05.798792Z","level":"info","event":"Rows affected: 0","logger":"airflow.task.hooks.airflow.providers.oracle.hooks.oracle.OracleHook","filename":"sql.py","lineno":879}
{"timestamp":"2026-07-08T13:10:15.838997Z","level":"info","event":"Poking: SELECT COUNT(*) FROM demo_user.client_b_load_status\nWHERE status = 'COMPLETE' AND processed = 0 (with parameters None)","logger":"airflow.task.operators.airflow.providers.common.sql.sensors.sql.SqlSensor","filename":"sql.py","lineno":100}
{"timestamp":"2026-07-08T13:10:15.903849Z","level":"info","event":"Running statement: SELECT COUNT(*) FROM demo_user.client_b_load_status\nWHERE status = 'COMPLETE' AND processed = 0, parameters: None","logger":"airflow.task.hooks.airflow.providers.oracle.hooks.oracle.OracleHook","filename":"sql.py","lineno":861}
{"timestamp":"2026-07-08T13:10:15.905154Z","level":"info","event":"Rows affected: 0","logger":"airflow.task.hooks.airflow.providers.oracle.hooks.oracle.OracleHook","filename":"sql.py","lineno":879}
{"timestamp":"2026-07-08T13:10:25.941956Z","level":"info","event":"Poking: SELECT COUNT(*) FROM demo_user.client_b_load_status\nWHERE status = 'COMPLETE' AND processed = 0 (with parameters None)","logger":"airflow.task.operators.airflow.providers.common.sql.sensors.sql.SqlSensor","filename":"sql.py","lineno":100}
{"timestamp":"2026-07-08T13:10:25.998840Z","level":"info","event":"Running statement: SELECT COUNT(*) FROM demo_user.client_b_load_status\nWHERE status = 'COMPLETE' AND processed = 0, parameters: None","logger":"airflow.task.hooks.airflow.providers.oracle.hooks.oracle.OracleHook","filename":"sql.py","lineno":861}
{"timestamp":"2026-07-08T13:10:25.999761Z","level":"info","event":"Rows affected: 0","logger":"airflow.task.hooks.airflow.providers.oracle.hooks.oracle.OracleHook","filename":"sql.py","lineno":879}
{"timestamp":"2026-07-08T13:10:36.035232Z","level":"info","event":"Poking: SELECT COUNT(*) FROM demo_user.client_b_load_status\nWHERE status = 'COMPLETE' AND processed = 0 (with parameters None)","logger":"airflow.task.operators.airflow.providers.common.sql.sensors.sql.SqlSensor","filename":"sql.py","lineno":100}
{"timestamp":"2026-07-08T13:10:36.113859Z","level":"info","event":"Running statement: SELECT COUNT(*) FROM demo_user.client_b_load_status\nWHERE status = 'COMPLETE' AND processed = 0, parameters: None","logger":"airflow.task.hooks.airflow.providers.oracle.hooks.oracle.OracleHook","filename":"sql.py","lineno":861}
{"timestamp":"2026-07-08T13:10:36.115599Z","level":"info","event":"Rows affected: 0","logger":"airflow.task.hooks.airflow.providers.oracle.hooks.oracle.OracleHook","filename":"sql.py","lineno":879}
{"timestamp":"2026-07-08T13:10:46.152709Z","level":"info","event":"Poking: SELECT COUNT(*) FROM demo_user.client_b_load_status\nWHERE status = 'COMPLETE' AND processed = 0 (with parameters None)","logger":"airflow.task.operators.airflow.providers.common.sql.sensors.sql.SqlSensor","filename":"sql.py","lineno":100}
{"timestamp":"2026-07-08T13:10:46.226331Z","level":"info","event":"Running statement: SELECT COUNT(*) FROM demo_user.client_b_load_status\nWHERE status = 'COMPLETE' AND processed = 0, parameters: None","logger":"airflow.task.hooks.airflow.providers.oracle.hooks.oracle.OracleHook","filename":"sql.py","lineno":861}
{"timestamp":"2026-07-08T13:10:46.227636Z","level":"info","event":"Rows affected: 0","logger":"airflow.task.hooks.airflow.providers.oracle.hooks.oracle.OracleHook","filename":"sql.py","lineno":879}
{"timestamp":"2026-07-08T13:10:56.260027Z","level":"info","event":"Poking: SELECT COUNT(*) FROM demo_user.client_b_load_status\nWHERE status = 'COMPLETE' AND processed = 0 (with parameters None)","logger":"airflow.task.operators.airflow.providers.common.sql.sensors.sql.SqlSensor","filename":"sql.py","lineno":100}
{"timestamp":"2026-07-08T13:10:56.321461Z","level":"info","event":"Running statement: SELECT COUNT(*) FROM demo_user.client_b_load_status\nWHERE status = 'COMPLETE' AND processed = 0, parameters: None","logger":"airflow.task.hooks.airflow.providers.oracle.hooks.oracle.OracleHook","filename":"sql.py","lineno":861}
{"timestamp":"2026-07-08T13:10:56.322928Z","level":"info","event":"Rows affected: 0","logger":"airflow.task.hooks.airflow.providers.oracle.hooks.oracle.OracleHook","filename":"sql.py","lineno":879}
{"timestamp":"2026-07-08T13:11:06.362023Z","level":"info","event":"Poking: SELECT COUNT(*) FROM demo_user.client_b_load_status\nWHERE status = 'COMPLETE' AND processed = 0 (with parameters None)","logger":"airflow.task.operators.airflow.providers.common.sql.sensors.sql.SqlSensor","filename":"sql.py","lineno":100}
{"timestamp":"2026-07-08T13:11:06.427533Z","level":"info","event":"Running statement: SELECT COUNT(*) FROM demo_user.client_b_load_status\nWHERE status = 'COMPLETE' AND processed = 0, parameters: None","logger":"airflow.task.hooks.airflow.providers.oracle.hooks.oracle.OracleHook","filename":"sql.py","lineno":861}
{"timestamp":"2026-07-08T13:11:06.428660Z","level":"info","event":"Rows affected: 0","logger":"airflow.task.hooks.airflow.providers.oracle.hooks.oracle.OracleHook","filename":"sql.py","lineno":879}
{"timestamp":"2026-07-08T13:11:16.468861Z","level":"info","event":"Poking: SELECT COUNT(*) FROM demo_user.client_b_load_status\nWHERE status = 'COMPLETE' AND processed = 0 (with parameters None)","logger":"airflow.task.operators.airflow.providers.common.sql.sensors.sql.SqlSensor","filename":"sql.py","lineno":100}
{"timestamp":"2026-07-08T13:11:16.534217Z","level":"info","event":"Running statement: SELECT COUNT(*) FROM demo_user.client_b_load_status\nWHERE status = 'COMPLETE' AND processed = 0, parameters: None","logger":"airflow.task.hooks.airflow.providers.oracle.hooks.oracle.OracleHook","filename":"sql.py","lineno":861}
{"timestamp":"2026-07-08T13:11:16.535754Z","level":"info","event":"Rows affected: 0","logger":"airflow.task.hooks.airflow.providers.oracle.hooks.oracle.OracleHook","filename":"sql.py","lineno":879}
{"timestamp":"2026-07-08T13:11:26.565936Z","level":"info","event":"Poking: SELECT COUNT(*) FROM demo_user.client_b_load_status\nWHERE status = 'COMPLETE' AND processed = 0 (with parameters None)","logger":"airflow.task.operators.airflow.providers.common.sql.sensors.sql.SqlSensor","filename":"sql.py","lineno":100}
{"timestamp":"2026-07-08T13:11:26.623556Z","level":"info","event":"Running statement: SELECT COUNT(*) FROM demo_user.client_b_load_status\nWHERE status = 'COMPLETE' AND processed = 0, parameters: None","logger":"airflow.task.hooks.airflow.providers.oracle.hooks.oracle.OracleHook","filename":"sql.py","lineno":861}
{"timestamp":"2026-07-08T13:11:26.624758Z","level":"info","event":"Rows affected: 0","logger":"airflow.task.hooks.airflow.providers.oracle.hooks.oracle.OracleHook","filename":"sql.py","lineno":879}
{"timestamp":"2026-07-08T13:11:36.662685Z","level":"info","event":"Poking: SELECT COUNT(*) FROM demo_user.client_b_load_status\nWHERE status = 'COMPLETE' AND processed = 0 (with parameters None)","logger":"airflow.task.operators.airflow.providers.common.sql.sensors.sql.SqlSensor","filename":"sql.py","lineno":100}
{"timestamp":"2026-07-08T13:11:36.719576Z","level":"info","event":"Running statement: SELECT COUNT(*) FROM demo_user.client_b_load_status\nWHERE status = 'COMPLETE' AND processed = 0, parameters: None","logger":"airflow.task.hooks.airflow.providers.oracle.hooks.oracle.OracleHook","filename":"sql.py","lineno":861}
{"timestamp":"2026-07-08T13:11:36.720602Z","level":"info","event":"Rows affected: 0","logger":"airflow.task.hooks.airflow.providers.oracle.hooks.oracle.OracleHook","filename":"sql.py","lineno":879}
{"timestamp":"2026-07-08T13:11:46.764995Z","level":"info","event":"Poking: SELECT COUNT(*) FROM demo_user.client_b_load_status\nWHERE status = 'COMPLETE' AND processed = 0 (with parameters None)","logger":"airflow.task.operators.airflow.providers.common.sql.sensors.sql.SqlSensor","filename":"sql.py","lineno":100}
{"timestamp":"2026-07-08T13:11:46.837010Z","level":"info","event":"Running statement: SELECT COUNT(*) FROM demo_user.client_b_load_status\nWHERE status = 'COMPLETE' AND processed = 0, parameters: None","logger":"airflow.task.hooks.airflow.providers.oracle.hooks.oracle.OracleHook","filename":"sql.py","lineno":861}
{"timestamp":"2026-07-08T13:11:46.839530Z","level":"info","event":"Rows affected: 0","logger":"airflow.task.hooks.airflow.providers.oracle.hooks.oracle.OracleHook","filename":"sql.py","lineno":879}
{"timestamp":"2026-07-08T13:11:56.884856Z","level":"info","event":"Poking: SELECT COUNT(*) FROM demo_user.client_b_load_status\nWHERE status = 'COMPLETE' AND processed = 0 (with parameters None)","logger":"airflow.task.operators.airflow.providers.common.sql.sensors.sql.SqlSensor","filename":"sql.py","lineno":100}
{"timestamp":"2026-07-08T13:11:56.951214Z","level":"info","event":"Running statement: SELECT COUNT(*) FROM demo_user.client_b_load_status\nWHERE status = 'COMPLETE' AND processed = 0, parameters: None","logger":"airflow.task.hooks.airflow.providers.oracle.hooks.oracle.OracleHook","filename":"sql.py","lineno":861}
{"timestamp":"2026-07-08T13:11:56.952625Z","level":"info","event":"Rows affected: 0","logger":"airflow.task.hooks.airflow.providers.oracle.hooks.oracle.OracleHook","filename":"sql.py","lineno":879}
{"timestamp":"2026-07-08T13:12:06.993919Z","level":"info","event":"Poking: SELECT COUNT(*) FROM demo_user.client_b_load_status\nWHERE status = 'COMPLETE' AND processed = 0 (with parameters None)","logger":"airflow.task.operators.airflow.providers.common.sql.sensors.sql.SqlSensor","filename":"sql.py","lineno":100}
{"timestamp":"2026-07-08T13:12:07.060843Z","level":"info","event":"Running statement: SELECT COUNT(*) FROM demo_user.client_b_load_status\nWHERE status = 'COMPLETE' AND processed = 0, parameters: None","logger":"airflow.task.hooks.airflow.providers.oracle.hooks.oracle.OracleHook","filename":"sql.py","lineno":861}
{"timestamp":"2026-07-08T13:12:07.062063Z","level":"info","event":"Rows affected: 0","logger":"airflow.task.hooks.airflow.providers.oracle.hooks.oracle.OracleHook","filename":"sql.py","lineno":879}
{"timestamp":"2026-07-08T13:12:17.096263Z","level":"info","event":"Poking: SELECT COUNT(*) FROM demo_user.client_b_load_status\nWHERE status = 'COMPLETE' AND processed = 0 (with parameters None)","logger":"airflow.task.operators.airflow.providers.common.sql.sensors.sql.SqlSensor","filename":"sql.py","lineno":100}
{"timestamp":"2026-07-08T13:12:17.151794Z","level":"info","event":"Running statement: SELECT COUNT(*) FROM demo_user.client_b_load_status\nWHERE status = 'COMPLETE' AND processed = 0, parameters: None","logger":"airflow.task.hooks.airflow.providers.oracle.hooks.oracle.OracleHook","filename":"sql.py","lineno":861}
{"timestamp":"2026-07-08T13:12:17.153045Z","level":"info","event":"Rows affected: 0","logger":"airflow.task.hooks.airflow.providers.oracle.hooks.oracle.OracleHook","filename":"sql.py","lineno":879}
{"timestamp":"2026-07-08T13:12:27.194085Z","level":"info","event":"Poking: SELECT COUNT(*) FROM demo_user.client_b_load_status\nWHERE status = 'COMPLETE' AND processed = 0 (with parameters None)","logger":"airflow.task.operators.airflow.providers.common.sql.sensors.sql.SqlSensor","filename":"sql.py","lineno":100}
{"timestamp":"2026-07-08T13:12:27.250782Z","level":"info","event":"Running statement: SELECT COUNT(*) FROM demo_user.client_b_load_status\nWHERE status = 'COMPLETE' AND processed = 0, parameters: None","logger":"airflow.task.hooks.airflow.providers.oracle.hooks.oracle.OracleHook","filename":"sql.py","lineno":861}
{"timestamp":"2026-07-08T13:12:27.251830Z","level":"info","event":"Rows affected: 0","logger":"airflow.task.hooks.airflow.providers.oracle.hooks.oracle.OracleHook","filename":"sql.py","lineno":879}
{"timestamp":"2026-07-08T13:12:37.280578Z","level":"info","event":"Poking: SELECT COUNT(*) FROM demo_user.client_b_load_status\nWHERE status = 'COMPLETE' AND processed = 0 (with parameters None)","logger":"airflow.task.operators.airflow.providers.common.sql.sensors.sql.SqlSensor","filename":"sql.py","lineno":100}
{"timestamp":"2026-07-08T13:12:37.333462Z","level":"info","event":"Running statement: SELECT COUNT(*) FROM demo_user.client_b_load_status\nWHERE status = 'COMPLETE' AND processed = 0, parameters: None","logger":"airflow.task.hooks.airflow.providers.oracle.hooks.oracle.OracleHook","filename":"sql.py","lineno":861}
{"timestamp":"2026-07-08T13:12:37.334804Z","level":"info","event":"Rows affected: 0","logger":"airflow.task.hooks.airflow.providers.oracle.hooks.oracle.OracleHook","filename":"sql.py","lineno":879}
{"timestamp":"2026-07-08T13:12:47.371013Z","level":"info","event":"Poking: SELECT COUNT(*) FROM demo_user.client_b_load_status\nWHERE status = 'COMPLETE' AND processed = 0 (with parameters None)","logger":"airflow.task.operators.airflow.providers.common.sql.sensors.sql.SqlSensor","filename":"sql.py","lineno":100}
{"timestamp":"2026-07-08T13:12:47.422962Z","level":"info","event":"Running statement: SELECT COUNT(*) FROM demo_user.client_b_load_status\nWHERE status = 'COMPLETE' AND processed = 0, parameters: None","logger":"airflow.task.hooks.airflow.providers.oracle.hooks.oracle.OracleHook","filename":"sql.py","lineno":861}
{"timestamp":"2026-07-08T13:12:47.424174Z","level":"info","event":"Rows affected: 0","logger":"airflow.task.hooks.airflow.providers.oracle.hooks.oracle.OracleHook","filename":"sql.py","lineno":879}
{"timestamp":"2026-07-08T13:12:57.477645Z","level":"info","event":"Poking: SELECT COUNT(*) FROM demo_user.client_b_load_status\nWHERE status = 'COMPLETE' AND processed = 0 (with parameters None)","logger":"airflow.task.operators.airflow.providers.common.sql.sensors.sql.SqlSensor","filename":"sql.py","lineno":100}
{"timestamp":"2026-07-08T13:12:57.561540Z","level":"info","event":"Running statement: SELECT COUNT(*) FROM demo_user.client_b_load_status\nWHERE status = 'COMPLETE' AND processed = 0, parameters: None","logger":"airflow.task.hooks.airflow.providers.oracle.hooks.oracle.OracleHook","filename":"sql.py","lineno":861}
{"timestamp":"2026-07-08T13:12:57.563261Z","level":"info","event":"Rows affected: 0","logger":"airflow.task.hooks.airflow.providers.oracle.hooks.oracle.OracleHook","filename":"sql.py","lineno":879}
{"timestamp":"2026-07-08T13:13:07.601100Z","level":"info","event":"Poking: SELECT COUNT(*) FROM demo_user.client_b_load_status\nWHERE status = 'COMPLETE' AND processed = 0 (with parameters None)","logger":"airflow.task.operators.airflow.providers.common.sql.sensors.sql.SqlSensor","filename":"sql.py","lineno":100}
{"timestamp":"2026-07-08T13:13:07.725827Z","level":"info","event":"Running statement: SELECT COUNT(*) FROM demo_user.client_b_load_status\nWHERE status = 'COMPLETE' AND processed = 0, parameters: None","logger":"airflow.task.hooks.airflow.providers.oracle.hooks.oracle.OracleHook","filename":"sql.py","lineno":861}
{"timestamp":"2026-07-08T13:13:07.728075Z","level":"info","event":"Rows affected: 0","logger":"airflow.task.hooks.airflow.providers.oracle.hooks.oracle.OracleHook","filename":"sql.py","lineno":879}
{"timestamp":"2026-07-08T13:13:17.807742Z","level":"info","event":"Poking: SELECT COUNT(*) FROM demo_user.client_b_load_status\nWHERE status = 'COMPLETE' AND processed = 0 (with parameters None)","logger":"airflow.task.operators.airflow.providers.common.sql.sensors.sql.SqlSensor","filename":"sql.py","lineno":100}
{"timestamp":"2026-07-08T13:13:17.924807Z","level":"info","event":"Running statement: SELECT COUNT(*) FROM demo_user.client_b_load_status\nWHERE status = 'COMPLETE' AND processed = 0, parameters: None","logger":"airflow.task.hooks.airflow.providers.oracle.hooks.oracle.OracleHook","filename":"sql.py","lineno":861}
{"timestamp":"2026-07-08T13:13:17.926441Z","level":"info","event":"Rows affected: 0","logger":"airflow.task.hooks.airflow.providers.oracle.hooks.oracle.OracleHook","filename":"sql.py","lineno":879}
{"timestamp":"2026-07-08T13:13:27.966293Z","level":"info","event":"Poking: SELECT COUNT(*) FROM demo_user.client_b_load_status\nWHERE status = 'COMPLETE' AND processed = 0 (with parameters None)","logger":"airflow.task.operators.airflow.providers.common.sql.sensors.sql.SqlSensor","filename":"sql.py","lineno":100}
{"timestamp":"2026-07-08T13:13:28.033058Z","level":"info","event":"Running statement: SELECT COUNT(*) FROM demo_user.client_b_load_status\nWHERE status = 'COMPLETE' AND processed = 0, parameters: None","logger":"airflow.task.hooks.airflow.providers.oracle.hooks.oracle.OracleHook","filename":"sql.py","lineno":861}
{"timestamp":"2026-07-08T13:13:28.034535Z","level":"info","event":"Rows affected: 0","logger":"airflow.task.hooks.airflow.providers.oracle.hooks.oracle.OracleHook","filename":"sql.py","lineno":879}
{"timestamp":"2026-07-08T13:13:38.075958Z","level":"info","event":"Poking: SELECT COUNT(*) FROM demo_user.client_b_load_status\nWHERE status = 'COMPLETE' AND processed = 0 (with parameters None)","logger":"airflow.task.operators.airflow.providers.common.sql.sensors.sql.SqlSensor","filename":"sql.py","lineno":100}
{"timestamp":"2026-07-08T13:13:38.151909Z","level":"info","event":"Running statement: SELECT COUNT(*) FROM demo_user.client_b_load_status\nWHERE status = 'COMPLETE' AND processed = 0, parameters: None","logger":"airflow.task.hooks.airflow.providers.oracle.hooks.oracle.OracleHook","filename":"sql.py","lineno":861}
{"timestamp":"2026-07-08T13:13:38.153746Z","level":"info","event":"Rows affected: 0","logger":"airflow.task.hooks.airflow.providers.oracle.hooks.oracle.OracleHook","filename":"sql.py","lineno":879}
{"timestamp":"2026-07-08T13:13:48.199078Z","level":"info","event":"Poking: SELECT COUNT(*) FROM demo_user.client_b_load_status\nWHERE status = 'COMPLETE' AND processed = 0 (with parameters None)","logger":"airflow.task.operators.airflow.providers.common.sql.sensors.sql.SqlSensor","filename":"sql.py","lineno":100}
{"timestamp":"2026-07-08T13:13:48.260412Z","level":"info","event":"Running statement: SELECT COUNT(*) FROM demo_user.client_b_load_status\nWHERE status = 'COMPLETE' AND processed = 0, parameters: None","logger":"airflow.task.hooks.airflow.providers.oracle.hooks.oracle.OracleHook","filename":"sql.py","lineno":861}
{"timestamp":"2026-07-08T13:13:48.261668Z","level":"info","event":"Rows affected: 0","logger":"airflow.task.hooks.airflow.providers.oracle.hooks.oracle.OracleHook","filename":"sql.py","lineno":879}
{"timestamp":"2026-07-08T13:13:58.304749Z","level":"info","event":"Poking: SELECT COUNT(*) FROM demo_user.client_b_load_status\nWHERE status = 'COMPLETE' AND processed = 0 (with parameters None)","logger":"airflow.task.operators.airflow.providers.common.sql.sensors.sql.SqlSensor","filename":"sql.py","lineno":100}
{"timestamp":"2026-07-08T13:13:58.365403Z","level":"info","event":"Running statement: SELECT COUNT(*) FROM demo_user.client_b_load_status\nWHERE status = 'COMPLETE' AND processed = 0, parameters: None","logger":"airflow.task.hooks.airflow.providers.oracle.hooks.oracle.OracleHook","filename":"sql.py","lineno":861}
{"timestamp":"2026-07-08T13:13:58.366768Z","level":"info","event":"Rows affected: 0","logger":"airflow.task.hooks.airflow.providers.oracle.hooks.oracle.OracleHook","filename":"sql.py","lineno":879}
{"timestamp":"2026-07-08T13:14:08.409971Z","level":"info","event":"Poking: SELECT COUNT(*) FROM demo_user.client_b_load_status\nWHERE status = 'COMPLETE' AND processed = 0 (with parameters None)","logger":"airflow.task.operators.airflow.providers.common.sql.sensors.sql.SqlSensor","filename":"sql.py","lineno":100}
{"timestamp":"2026-07-08T13:14:08.479419Z","level":"info","event":"Running statement: SELECT COUNT(*) FROM demo_user.client_b_load_status\nWHERE status = 'COMPLETE' AND processed = 0, parameters: None","logger":"airflow.task.hooks.airflow.providers.oracle.hooks.oracle.OracleHook","filename":"sql.py","lineno":861}
{"timestamp":"2026-07-08T13:14:08.480656Z","level":"info","event":"Rows affected: 0","logger":"airflow.task.hooks.airflow.providers.oracle.hooks.oracle.OracleHook","filename":"sql.py","lineno":879}
{"timestamp":"2026-07-08T13:14:18.524888Z","level":"info","event":"Poking: SELECT COUNT(*) FROM demo_user.client_b_load_status\nWHERE status = 'COMPLETE' AND processed = 0 (with parameters None)","logger":"airflow.task.operators.airflow.providers.common.sql.sensors.sql.SqlSensor","filename":"sql.py","lineno":100}
{"timestamp":"2026-07-08T13:14:18.591615Z","level":"info","event":"Running statement: SELECT COUNT(*) FROM demo_user.client_b_load_status\nWHERE status = 'COMPLETE' AND processed = 0, parameters: None","logger":"airflow.task.hooks.airflow.providers.oracle.hooks.oracle.OracleHook","filename":"sql.py","lineno":861}
{"timestamp":"2026-07-08T13:14:18.593844Z","level":"info","event":"Rows affected: 0","logger":"airflow.task.hooks.airflow.providers.oracle.hooks.oracle.OracleHook","filename":"sql.py","lineno":879}
{"timestamp":"2026-07-08T13:14:28.647768Z","level":"info","event":"Poking: SELECT COUNT(*) FROM demo_user.client_b_load_status\nWHERE status = 'COMPLETE' AND processed = 0 (with parameters None)","logger":"airflow.task.operators.airflow.providers.common.sql.sensors.sql.SqlSensor","filename":"sql.py","lineno":100}
{"timestamp":"2026-07-08T13:14:28.755071Z","level":"info","event":"Running statement: SELECT COUNT(*) FROM demo_user.client_b_load_status\nWHERE status = 'COMPLETE' AND processed = 0, parameters: None","logger":"airflow.task.hooks.airflow.providers.oracle.hooks.oracle.OracleHook","filename":"sql.py","lineno":861}
{"timestamp":"2026-07-08T13:14:28.757192Z","level":"info","event":"Rows affected: 0","logger":"airflow.task.hooks.airflow.providers.oracle.hooks.oracle.OracleHook","filename":"sql.py","lineno":879}
{"timestamp":"2026-07-08T13:14:38.787212Z","level":"info","event":"Poking: SELECT COUNT(*) FROM demo_user.client_b_load_status\nWHERE status = 'COMPLETE' AND processed = 0 (with parameters None)","logger":"airflow.task.operators.airflow.providers.common.sql.sensors.sql.SqlSensor","filename":"sql.py","lineno":100}
{"timestamp":"2026-07-08T13:14:38.840450Z","level":"info","event":"Running statement: SELECT COUNT(*) FROM demo_user.client_b_load_status\nWHERE status = 'COMPLETE' AND processed = 0, parameters: None","logger":"airflow.task.hooks.airflow.providers.oracle.hooks.oracle.OracleHook","filename":"sql.py","lineno":861}
{"timestamp":"2026-07-08T13:14:38.841572Z","level":"info","event":"Rows affected: 0","logger":"airflow.task.hooks.airflow.providers.oracle.hooks.oracle.OracleHook","filename":"sql.py","lineno":879}
{"timestamp":"2026-07-08T13:14:48.885092Z","level":"info","event":"Poking: SELECT COUNT(*) FROM demo_user.client_b_load_status\nWHERE status = 'COMPLETE' AND processed = 0 (with parameters None)","logger":"airflow.task.operators.airflow.providers.common.sql.sensors.sql.SqlSensor","filename":"sql.py","lineno":100}
{"timestamp":"2026-07-08T13:14:48.946667Z","level":"info","event":"Running statement: SELECT COUNT(*) FROM demo_user.client_b_load_status\nWHERE status = 'COMPLETE' AND processed = 0, parameters: None","logger":"airflow.task.hooks.airflow.providers.oracle.hooks.oracle.OracleHook","filename":"sql.py","lineno":861}
{"timestamp":"2026-07-08T13:14:48.948133Z","level":"info","event":"Rows affected: 0","logger":"airflow.task.hooks.airflow.providers.oracle.hooks.oracle.OracleHook","filename":"sql.py","lineno":879}
{"timestamp":"2026-07-08T13:14:58.981543Z","level":"info","event":"Poking: SELECT COUNT(*) FROM demo_user.client_b_load_status\nWHERE status = 'COMPLETE' AND processed = 0 (with parameters None)","logger":"airflow.task.operators.airflow.providers.common.sql.sensors.sql.SqlSensor","filename":"sql.py","lineno":100}
{"timestamp":"2026-07-08T13:14:59.044831Z","level":"info","event":"Running statement: SELECT COUNT(*) FROM demo_user.client_b_load_status\nWHERE status = 'COMPLETE' AND processed = 0, parameters: None","logger":"airflow.task.hooks.airflow.providers.oracle.hooks.oracle.OracleHook","filename":"sql.py","lineno":861}
{"timestamp":"2026-07-08T13:14:59.046282Z","level":"info","event":"Rows affected: 0","logger":"airflow.task.hooks.airflow.providers.oracle.hooks.oracle.OracleHook","filename":"sql.py","lineno":879}
{"timestamp":"2026-07-08T13:15:09.097372Z","level":"info","event":"Poking: SELECT COUNT(*) FROM demo_user.client_b_load_status\nWHERE status = 'COMPLETE' AND processed = 0 (with parameters None)","logger":"airflow.task.operators.airflow.providers.common.sql.sensors.sql.SqlSensor","filename":"sql.py","lineno":100}
{"timestamp":"2026-07-08T13:15:09.177974Z","level":"info","event":"Running statement: SELECT COUNT(*) FROM demo_user.client_b_load_status\nWHERE status = 'COMPLETE' AND processed = 0, parameters: None","logger":"airflow.task.hooks.airflow.providers.oracle.hooks.oracle.OracleHook","filename":"sql.py","lineno":861}
{"timestamp":"2026-07-08T13:15:09.179624Z","level":"info","event":"Rows affected: 0","logger":"airflow.task.hooks.airflow.providers.oracle.hooks.oracle.OracleHook","filename":"sql.py","lineno":879}
{"timestamp":"2026-07-08T13:15:19.220724Z","level":"info","event":"Poking: SELECT COUNT(*) FROM demo_user.client_b_load_status\nWHERE status = 'COMPLETE' AND processed = 0 (with parameters None)","logger":"airflow.task.operators.airflow.providers.common.sql.sensors.sql.SqlSensor","filename":"sql.py","lineno":100}
{"timestamp":"2026-07-08T13:15:19.279974Z","level":"info","event":"Running statement: SELECT COUNT(*) FROM demo_user.client_b_load_status\nWHERE status = 'COMPLETE' AND processed = 0, parameters: None","logger":"airflow.task.hooks.airflow.providers.oracle.hooks.oracle.OracleHook","filename":"sql.py","lineno":861}
{"timestamp":"2026-07-08T13:15:19.281187Z","level":"info","event":"Rows affected: 0","logger":"airflow.task.hooks.airflow.providers.oracle.hooks.oracle.OracleHook","filename":"sql.py","lineno":879}
{"timestamp":"2026-07-08T13:15:29.314839Z","level":"info","event":"Poking: SELECT COUNT(*) FROM demo_user.client_b_load_status\nWHERE status = 'COMPLETE' AND processed = 0 (with parameters None)","logger":"airflow.task.operators.airflow.providers.common.sql.sensors.sql.SqlSensor","filename":"sql.py","lineno":100}
{"timestamp":"2026-07-08T13:15:29.374552Z","level":"info","event":"Running statement: SELECT COUNT(*) FROM demo_user.client_b_load_status\nWHERE status = 'COMPLETE' AND processed = 0, parameters: None","logger":"airflow.task.hooks.airflow.providers.oracle.hooks.oracle.OracleHook","filename":"sql.py","lineno":861}
{"timestamp":"2026-07-08T13:15:29.375702Z","level":"info","event":"Rows affected: 0","logger":"airflow.task.hooks.airflow.providers.oracle.hooks.oracle.OracleHook","filename":"sql.py","lineno":879}
{"timestamp":"2026-07-08T13:15:39.511161Z","level":"info","event":"Poking: SELECT COUNT(*) FROM demo_user.client_b_load_status\nWHERE status = 'COMPLETE' AND processed = 0 (with parameters None)","logger":"airflow.task.operators.airflow.providers.common.sql.sensors.sql.SqlSensor","filename":"sql.py","lineno":100}
{"timestamp":"2026-07-08T13:15:39.568688Z","level":"info","event":"Running statement: SELECT COUNT(*) FROM demo_user.client_b_load_status\nWHERE status = 'COMPLETE' AND processed = 0, parameters: None","logger":"airflow.task.hooks.airflow.providers.oracle.hooks.oracle.OracleHook","filename":"sql.py","lineno":861}
{"timestamp":"2026-07-08T13:15:39.569614Z","level":"info","event":"Rows affected: 0","logger":"airflow.task.hooks.airflow.providers.oracle.hooks.oracle.OracleHook","filename":"sql.py","lineno":879}
{"timestamp":"2026-07-08T13:15:49.613499Z","level":"info","event":"Poking: SELECT COUNT(*) FROM demo_user.client_b_load_status\nWHERE status = 'COMPLETE' AND processed = 0 (with parameters None)","logger":"airflow.task.operators.airflow.providers.common.sql.sensors.sql.SqlSensor","filename":"sql.py","lineno":100}
{"timestamp":"2026-07-08T13:15:49.685495Z","level":"info","event":"Running statement: SELECT COUNT(*) FROM demo_user.client_b_load_status\nWHERE status = 'COMPLETE' AND processed = 0, parameters: None","logger":"airflow.task.hooks.airflow.providers.oracle.hooks.oracle.OracleHook","filename":"sql.py","lineno":861}
{"timestamp":"2026-07-08T13:15:49.687775Z","level":"info","event":"Rows affected: 0","logger":"airflow.task.hooks.airflow.providers.oracle.hooks.oracle.OracleHook","filename":"sql.py","lineno":879}
{"timestamp":"2026-07-08T13:15:59.723130Z","level":"info","event":"Poking: SELECT COUNT(*) FROM demo_user.client_b_load_status\nWHERE status = 'COMPLETE' AND processed = 0 (with parameters None)","logger":"airflow.task.operators.airflow.providers.common.sql.sensors.sql.SqlSensor","filename":"sql.py","lineno":100}
{"timestamp":"2026-07-08T13:15:59.779275Z","level":"info","event":"Running statement: SELECT COUNT(*) FROM demo_user.client_b_load_status\nWHERE status = 'COMPLETE' AND processed = 0, parameters: None","logger":"airflow.task.hooks.airflow.providers.oracle.hooks.oracle.OracleHook","filename":"sql.py","lineno":861}
{"timestamp":"2026-07-08T13:15:59.781067Z","level":"info","event":"Rows affected: 0","logger":"airflow.task.hooks.airflow.providers.oracle.hooks.oracle.OracleHook","filename":"sql.py","lineno":879}
{"timestamp":"2026-07-08T13:16:09.825357Z","level":"info","event":"Poking: SELECT COUNT(*) FROM demo_user.client_b_load_status\nWHERE status = 'COMPLETE' AND processed = 0 (with parameters None)","logger":"airflow.task.operators.airflow.providers.common.sql.sensors.sql.SqlSensor","filename":"sql.py","lineno":100}
{"timestamp":"2026-07-08T13:16:09.912057Z","level":"info","event":"Running statement: SELECT COUNT(*) FROM demo_user.client_b_load_status\nWHERE status = 'COMPLETE' AND processed = 0, parameters: None","logger":"airflow.task.hooks.airflow.providers.oracle.hooks.oracle.OracleHook","filename":"sql.py","lineno":861}
{"timestamp":"2026-07-08T13:16:09.915765Z","level":"info","event":"Rows affected: 0","logger":"airflow.task.hooks.airflow.providers.oracle.hooks.oracle.OracleHook","filename":"sql.py","lineno":879}
{"timestamp":"2026-07-08T13:16:19.955831Z","level":"info","event":"Poking: SELECT COUNT(*) FROM demo_user.client_b_load_status\nWHERE status = 'COMPLETE' AND processed = 0 (with parameters None)","logger":"airflow.task.operators.airflow.providers.common.sql.sensors.sql.SqlSensor","filename":"sql.py","lineno":100}
{"timestamp":"2026-07-08T13:16:20.012783Z","level":"info","event":"Running statement: SELECT COUNT(*) FROM demo_user.client_b_load_status\nWHERE status = 'COMPLETE' AND processed = 0, parameters: None","logger":"airflow.task.hooks.airflow.providers.oracle.hooks.oracle.OracleHook","filename":"sql.py","lineno":861}
{"timestamp":"2026-07-08T13:16:20.014256Z","level":"info","event":"Rows affected: 0","logger":"airflow.task.hooks.airflow.providers.oracle.hooks.oracle.OracleHook","filename":"sql.py","lineno":879}
{"timestamp":"2026-07-08T13:16:30.029597Z","level":"info","event":"Poking: SELECT COUNT(*) FROM demo_user.client_b_load_status\nWHERE status = 'COMPLETE' AND processed = 0 (with parameters None)","logger":"airflow.task.operators.airflow.providers.common.sql.sensors.sql.SqlSensor","filename":"sql.py","lineno":100}
{"timestamp":"2026-07-08T13:16:30.117568Z","level":"info","event":"Running statement: SELECT COUNT(*) FROM demo_user.client_b_load_status\nWHERE status = 'COMPLETE' AND processed = 0, parameters: None","logger":"airflow.task.hooks.airflow.providers.oracle.hooks.oracle.OracleHook","filename":"sql.py","lineno":861}
{"timestamp":"2026-07-08T13:16:30.118938Z","level":"info","event":"Rows affected: 0","logger":"airflow.task.hooks.airflow.providers.oracle.hooks.oracle.OracleHook","filename":"sql.py","lineno":879}
{"timestamp":"2026-07-08T13:16:40.145774Z","level":"info","event":"Poking: SELECT COUNT(*) FROM demo_user.client_b_load_status\nWHERE status = 'COMPLETE' AND processed = 0 (with parameters None)","logger":"airflow.task.operators.airflow.providers.common.sql.sensors.sql.SqlSensor","filename":"sql.py","lineno":100}
{"timestamp":"2026-07-08T13:16:40.198995Z","level":"info","event":"Running statement: SELECT COUNT(*) FROM demo_user.client_b_load_status\nWHERE status = 'COMPLETE' AND processed = 0, parameters: None","logger":"airflow.task.hooks.airflow.providers.oracle.hooks.oracle.OracleHook","filename":"sql.py","lineno":861}
{"timestamp":"2026-07-08T13:16:40.200407Z","level":"info","event":"Rows affected: 0","logger":"airflow.task.hooks.airflow.providers.oracle.hooks.oracle.OracleHook","filename":"sql.py","lineno":879}
{"timestamp":"2026-07-08T13:16:50.245522Z","level":"info","event":"Poking: SELECT COUNT(*) FROM demo_user.client_b_load_status\nWHERE status = 'COMPLETE' AND processed = 0 (with parameters None)","logger":"airflow.task.operators.airflow.providers.common.sql.sensors.sql.SqlSensor","filename":"sql.py","lineno":100}
{"timestamp":"2026-07-08T13:16:50.328218Z","level":"info","event":"Running statement: SELECT COUNT(*) FROM demo_user.client_b_load_status\nWHERE status = 'COMPLETE' AND processed = 0, parameters: None","logger":"airflow.task.hooks.airflow.providers.oracle.hooks.oracle.OracleHook","filename":"sql.py","lineno":861}
{"timestamp":"2026-07-08T13:16:50.330112Z","level":"info","event":"Rows affected: 0","logger":"airflow.task.hooks.airflow.providers.oracle.hooks.oracle.OracleHook","filename":"sql.py","lineno":879}
{"timestamp":"2026-07-08T13:17:00.366287Z","level":"info","event":"Poking: SELECT COUNT(*) FROM demo_user.client_b_load_status\nWHERE status = 'COMPLETE' AND processed = 0 (with parameters None)","logger":"airflow.task.operators.airflow.providers.common.sql.sensors.sql.SqlSensor","filename":"sql.py","lineno":100}
{"timestamp":"2026-07-08T13:17:00.428870Z","level":"info","event":"Running statement: SELECT COUNT(*) FROM demo_user.client_b_load_status\nWHERE status = 'COMPLETE' AND processed = 0, parameters: None","logger":"airflow.task.hooks.airflow.providers.oracle.hooks.oracle.OracleHook","filename":"sql.py","lineno":861}
{"timestamp":"2026-07-08T13:17:00.430109Z","level":"info","event":"Rows affected: 0","logger":"airflow.task.hooks.airflow.providers.oracle.hooks.oracle.OracleHook","filename":"sql.py","lineno":879}
{"timestamp":"2026-07-08T13:17:10.463192Z","level":"info","event":"Poking: SELECT COUNT(*) FROM demo_user.client_b_load_status\nWHERE status = 'COMPLETE' AND processed = 0 (with parameters None)","logger":"airflow.task.operators.airflow.providers.common.sql.sensors.sql.SqlSensor","filename":"sql.py","lineno":100}
{"timestamp":"2026-07-08T13:17:10.524039Z","level":"info","event":"Running statement: SELECT COUNT(*) FROM demo_user.client_b_load_status\nWHERE status = 'COMPLETE' AND processed = 0, parameters: None","logger":"airflow.task.hooks.airflow.providers.oracle.hooks.oracle.OracleHook","filename":"sql.py","lineno":861}
{"timestamp":"2026-07-08T13:17:10.525089Z","level":"info","event":"Rows affected: 0","logger":"airflow.task.hooks.airflow.providers.oracle.hooks.oracle.OracleHook","filename":"sql.py","lineno":879}
{"timestamp":"2026-07-08T13:17:20.570114Z","level":"info","event":"Poking: SELECT COUNT(*) FROM demo_user.client_b_load_status\nWHERE status = 'COMPLETE' AND processed = 0 (with parameters None)","logger":"airflow.task.operators.airflow.providers.common.sql.sensors.sql.SqlSensor","filename":"sql.py","lineno":100}
{"timestamp":"2026-07-08T13:17:20.637879Z","level":"info","event":"Running statement: SELECT COUNT(*) FROM demo_user.client_b_load_status\nWHERE status = 'COMPLETE' AND processed = 0, parameters: None","logger":"airflow.task.hooks.airflow.providers.oracle.hooks.oracle.OracleHook","filename":"sql.py","lineno":861}
{"timestamp":"2026-07-08T13:17:20.639369Z","level":"info","event":"Rows affected: 0","logger":"airflow.task.hooks.airflow.providers.oracle.hooks.oracle.OracleHook","filename":"sql.py","lineno":879}
{"timestamp":"2026-07-08T13:17:30.684225Z","level":"info","event":"Poking: SELECT COUNT(*) FROM demo_user.client_b_load_status\nWHERE status = 'COMPLETE' AND processed = 0 (with parameters None)","logger":"airflow.task.operators.airflow.providers.common.sql.sensors.sql.SqlSensor","filename":"sql.py","lineno":100}
{"timestamp":"2026-07-08T13:17:30.761553Z","level":"info","event":"Running statement: SELECT COUNT(*) FROM demo_user.client_b_load_status\nWHERE status = 'COMPLETE' AND processed = 0, parameters: None","logger":"airflow.task.hooks.airflow.providers.oracle.hooks.oracle.OracleHook","filename":"sql.py","lineno":861}
{"timestamp":"2026-07-08T13:17:30.762896Z","level":"info","event":"Rows affected: 0","logger":"airflow.task.hooks.airflow.providers.oracle.hooks.oracle.OracleHook","filename":"sql.py","lineno":879}
{"timestamp":"2026-07-08T13:17:40.813365Z","level":"info","event":"Poking: SELECT COUNT(*) FROM demo_user.client_b_load_status\nWHERE status = 'COMPLETE' AND processed = 0 (with parameters None)","logger":"airflow.task.operators.airflow.providers.common.sql.sensors.sql.SqlSensor","filename":"sql.py","lineno":100}
{"timestamp":"2026-07-08T13:17:40.926486Z","level":"info","event":"Running statement: SELECT COUNT(*) FROM demo_user.client_b_load_status\nWHERE status = 'COMPLETE' AND processed = 0, parameters: None","logger":"airflow.task.hooks.airflow.providers.oracle.hooks.oracle.OracleHook","filename":"sql.py","lineno":861}
{"timestamp":"2026-07-08T13:17:40.928206Z","level":"info","event":"Rows affected: 0","logger":"airflow.task.hooks.airflow.providers.oracle.hooks.oracle.OracleHook","filename":"sql.py","lineno":879}
{"timestamp":"2026-07-08T13:17:50.978110Z","level":"info","event":"Poking: SELECT COUNT(*) FROM demo_user.client_b_load_status\nWHERE status = 'COMPLETE' AND processed = 0 (with parameters None)","logger":"airflow.task.operators.airflow.providers.common.sql.sensors.sql.SqlSensor","filename":"sql.py","lineno":100}
{"timestamp":"2026-07-08T13:17:51.057021Z","level":"info","event":"Running statement: SELECT COUNT(*) FROM demo_user.client_b_load_status\nWHERE status = 'COMPLETE' AND processed = 0, parameters: None","logger":"airflow.task.hooks.airflow.providers.oracle.hooks.oracle.OracleHook","filename":"sql.py","lineno":861}
{"timestamp":"2026-07-08T13:17:51.061142Z","level":"info","event":"Rows affected: 0","logger":"airflow.task.hooks.airflow.providers.oracle.hooks.oracle.OracleHook","filename":"sql.py","lineno":879}
{"timestamp":"2026-07-08T13:18:01.104141Z","level":"info","event":"Poking: SELECT COUNT(*) FROM demo_user.client_b_load_status\nWHERE status = 'COMPLETE' AND processed = 0 (with parameters None)","logger":"airflow.task.operators.airflow.providers.common.sql.sensors.sql.SqlSensor","filename":"sql.py","lineno":100}
{"timestamp":"2026-07-08T13:18:01.167361Z","level":"info","event":"Running statement: SELECT COUNT(*) FROM demo_user.client_b_load_status\nWHERE status = 'COMPLETE' AND processed = 0, parameters: None","logger":"airflow.task.hooks.airflow.providers.oracle.hooks.oracle.OracleHook","filename":"sql.py","lineno":861}
{"timestamp":"2026-07-08T13:18:01.168587Z","level":"info","event":"Rows affected: 0","logger":"airflow.task.hooks.airflow.providers.oracle.hooks.oracle.OracleHook","filename":"sql.py","lineno":879}
{"timestamp":"2026-07-08T13:18:11.211996Z","level":"info","event":"Poking: SELECT COUNT(*) FROM demo_user.client_b_load_status\nWHERE status = 'COMPLETE' AND processed = 0 (with parameters None)","logger":"airflow.task.operators.airflow.providers.common.sql.sensors.sql.SqlSensor","filename":"sql.py","lineno":100}
{"timestamp":"2026-07-08T13:18:11.285901Z","level":"info","event":"Running statement: SELECT COUNT(*) FROM demo_user.client_b_load_status\nWHERE status = 'COMPLETE' AND processed = 0, parameters: None","logger":"airflow.task.hooks.airflow.providers.oracle.hooks.oracle.OracleHook","filename":"sql.py","lineno":861}
{"timestamp":"2026-07-08T13:18:11.287668Z","level":"info","event":"Rows affected: 0","logger":"airflow.task.hooks.airflow.providers.oracle.hooks.oracle.OracleHook","filename":"sql.py","lineno":879}
{"timestamp":"2026-07-08T13:18:21.331854Z","level":"info","event":"Poking: SELECT COUNT(*) FROM demo_user.client_b_load_status\nWHERE status = 'COMPLETE' AND processed = 0 (with parameters None)","logger":"airflow.task.operators.airflow.providers.common.sql.sensors.sql.SqlSensor","filename":"sql.py","lineno":100}
{"timestamp":"2026-07-08T13:18:21.412108Z","level":"info","event":"Running statement: SELECT COUNT(*) FROM demo_user.client_b_load_status\nWHERE status = 'COMPLETE' AND processed = 0, parameters: None","logger":"airflow.task.hooks.airflow.providers.oracle.hooks.oracle.OracleHook","filename":"sql.py","lineno":861}
{"timestamp":"2026-07-08T13:18:21.414783Z","level":"info","event":"Rows affected: 0","logger":"airflow.task.hooks.airflow.providers.oracle.hooks.oracle.OracleHook","filename":"sql.py","lineno":879}
{"timestamp":"2026-07-08T13:18:31.450987Z","level":"info","event":"Poking: SELECT COUNT(*) FROM demo_user.client_b_load_status\nWHERE status = 'COMPLETE' AND processed = 0 (with parameters None)","logger":"airflow.task.operators.airflow.providers.common.sql.sensors.sql.SqlSensor","filename":"sql.py","lineno":100}
{"timestamp":"2026-07-08T13:18:31.516176Z","level":"info","event":"Running statement: SELECT COUNT(*) FROM demo_user.client_b_load_status\nWHERE status = 'COMPLETE' AND processed = 0, parameters: None","logger":"airflow.task.hooks.airflow.providers.oracle.hooks.oracle.OracleHook","filename":"sql.py","lineno":861}
{"timestamp":"2026-07-08T13:18:31.517297Z","level":"info","event":"Rows affected: 0","logger":"airflow.task.hooks.airflow.providers.oracle.hooks.oracle.OracleHook","filename":"sql.py","lineno":879}
{"timestamp":"2026-07-08T13:18:41.554840Z","level":"info","event":"Poking: SELECT COUNT(*) FROM demo_user.client_b_load_status\nWHERE status = 'COMPLETE' AND processed = 0 (with parameters None)","logger":"airflow.task.operators.airflow.providers.common.sql.sensors.sql.SqlSensor","filename":"sql.py","lineno":100}
{"timestamp":"2026-07-08T13:18:41.615784Z","level":"info","event":"Running statement: SELECT COUNT(*) FROM demo_user.client_b_load_status\nWHERE status = 'COMPLETE' AND processed = 0, parameters: None","logger":"airflow.task.hooks.airflow.providers.oracle.hooks.oracle.OracleHook","filename":"sql.py","lineno":861}
{"timestamp":"2026-07-08T13:18:41.617049Z","level":"info","event":"Rows affected: 0","logger":"airflow.task.hooks.airflow.providers.oracle.hooks.oracle.OracleHook","filename":"sql.py","lineno":879}
{"timestamp":"2026-07-08T13:18:51.662859Z","level":"info","event":"Poking: SELECT COUNT(*) FROM demo_user.client_b_load_status\nWHERE status = 'COMPLETE' AND processed = 0 (with parameters None)","logger":"airflow.task.operators.airflow.providers.common.sql.sensors.sql.SqlSensor","filename":"sql.py","lineno":100}
{"timestamp":"2026-07-08T13:18:51.774611Z","level":"info","event":"Running statement: SELECT COUNT(*) FROM demo_user.client_b_load_status\nWHERE status = 'COMPLETE' AND processed = 0, parameters: None","logger":"airflow.task.hooks.airflow.providers.oracle.hooks.oracle.OracleHook","filename":"sql.py","lineno":861}
{"timestamp":"2026-07-08T13:18:51.777578Z","level":"info","event":"Rows affected: 0","logger":"airflow.task.hooks.airflow.providers.oracle.hooks.oracle.OracleHook","filename":"sql.py","lineno":879}
{"timestamp":"2026-07-08T13:19:01.819164Z","level":"info","event":"Poking: SELECT COUNT(*) FROM demo_user.client_b_load_status\nWHERE status = 'COMPLETE' AND processed = 0 (with parameters None)","logger":"airflow.task.operators.airflow.providers.common.sql.sensors.sql.SqlSensor","filename":"sql.py","lineno":100}
{"timestamp":"2026-07-08T13:19:01.879205Z","level":"info","event":"Running statement: SELECT COUNT(*) FROM demo_user.client_b_load_status\nWHERE status = 'COMPLETE' AND processed = 0, parameters: None","logger":"airflow.task.hooks.airflow.providers.oracle.hooks.oracle.OracleHook","filename":"sql.py","lineno":861}
{"timestamp":"2026-07-08T13:19:01.880355Z","level":"info","event":"Rows affected: 0","logger":"airflow.task.hooks.airflow.providers.oracle.hooks.oracle.OracleHook","filename":"sql.py","lineno":879}
{"timestamp":"2026-07-08T13:19:11.939438Z","level":"info","event":"Poking: SELECT COUNT(*) FROM demo_user.client_b_load_status\nWHERE status = 'COMPLETE' AND processed = 0 (with parameters None)","logger":"airflow.task.operators.airflow.providers.common.sql.sensors.sql.SqlSensor","filename":"sql.py","lineno":100}
{"timestamp":"2026-07-08T13:19:12.012317Z","level":"info","event":"Running statement: SELECT COUNT(*) FROM demo_user.client_b_load_status\nWHERE status = 'COMPLETE' AND processed = 0, parameters: None","logger":"airflow.task.hooks.airflow.providers.oracle.hooks.oracle.OracleHook","filename":"sql.py","lineno":861}
{"timestamp":"2026-07-08T13:19:12.013763Z","level":"info","event":"Rows affected: 0","logger":"airflow.task.hooks.airflow.providers.oracle.hooks.oracle.OracleHook","filename":"sql.py","lineno":879}
{"timestamp":"2026-07-08T13:19:22.062869Z","level":"info","event":"Poking: SELECT COUNT(*) FROM demo_user.client_b_load_status\nWHERE status = 'COMPLETE' AND processed = 0 (with parameters None)","logger":"airflow.task.operators.airflow.providers.common.sql.sensors.sql.SqlSensor","filename":"sql.py","lineno":100}
{"timestamp":"2026-07-08T13:19:22.138127Z","level":"info","event":"Running statement: SELECT COUNT(*) FROM demo_user.client_b_load_status\nWHERE status = 'COMPLETE' AND processed = 0, parameters: None","logger":"airflow.task.hooks.airflow.providers.oracle.hooks.oracle.OracleHook","filename":"sql.py","lineno":861}
{"timestamp":"2026-07-08T13:19:22.139733Z","level":"info","event":"Rows affected: 0","logger":"airflow.task.hooks.airflow.providers.oracle.hooks.oracle.OracleHook","filename":"sql.py","lineno":879}
{"timestamp":"2026-07-08T13:19:32.172828Z","level":"info","event":"Poking: SELECT COUNT(*) FROM demo_user.client_b_load_status\nWHERE status = 'COMPLETE' AND processed = 0 (with parameters None)","logger":"airflow.task.operators.airflow.providers.common.sql.sensors.sql.SqlSensor","filename":"sql.py","lineno":100}
{"timestamp":"2026-07-08T13:19:32.232270Z","level":"info","event":"Running statement: SELECT COUNT(*) FROM demo_user.client_b_load_status\nWHERE status = 'COMPLETE' AND processed = 0, parameters: None","logger":"airflow.task.hooks.airflow.providers.oracle.hooks.oracle.OracleHook","filename":"sql.py","lineno":861}
{"timestamp":"2026-07-08T13:19:32.233398Z","level":"info","event":"Rows affected: 0","logger":"airflow.task.hooks.airflow.providers.oracle.hooks.oracle.OracleHook","filename":"sql.py","lineno":879}
{"timestamp":"2026-07-08T13:19:42.278825Z","level":"info","event":"Poking: SELECT COUNT(*) FROM demo_user.client_b_load_status\nWHERE status = 'COMPLETE' AND processed = 0 (with parameters None)","logger":"airflow.task.operators.airflow.providers.common.sql.sensors.sql.SqlSensor","filename":"sql.py","lineno":100}
{"timestamp":"2026-07-08T13:19:42.340699Z","level":"info","event":"Running statement: SELECT COUNT(*) FROM demo_user.client_b_load_status\nWHERE status = 'COMPLETE' AND processed = 0, parameters: None","logger":"airflow.task.hooks.airflow.providers.oracle.hooks.oracle.OracleHook","filename":"sql.py","lineno":861}
{"timestamp":"2026-07-08T13:19:42.341678Z","level":"info","event":"Rows affected: 0","logger":"airflow.task.hooks.airflow.providers.oracle.hooks.oracle.OracleHook","filename":"sql.py","lineno":879}
{"timestamp":"2026-07-08T13:19:52.381480Z","level":"info","event":"Poking: SELECT COUNT(*) FROM demo_user.client_b_load_status\nWHERE status = 'COMPLETE' AND processed = 0 (with parameters None)","logger":"airflow.task.operators.airflow.providers.common.sql.sensors.sql.SqlSensor","filename":"sql.py","lineno":100}
{"timestamp":"2026-07-08T13:19:52.459756Z","level":"info","event":"Running statement: SELECT COUNT(*) FROM demo_user.client_b_load_status\nWHERE status = 'COMPLETE' AND processed = 0, parameters: None","logger":"airflow.task.hooks.airflow.providers.oracle.hooks.oracle.OracleHook","filename":"sql.py","lineno":861}
{"timestamp":"2026-07-08T13:19:52.461018Z","level":"info","event":"Rows affected: 0","logger":"airflow.task.hooks.airflow.providers.oracle.hooks.oracle.OracleHook","filename":"sql.py","lineno":879}
