{"timestamp":"2026-07-06T19:25:06.597829Z","level":"info","event":"DAG bundles loaded: dags-folder","logger":"airflow.dag_processing.bundles.manager.DagBundlesManager","filename":"manager.py","lineno":209}
{"timestamp":"2026-07-06T19:25:06.601215Z","level":"info","event":"Filling up the DagBag from /opt/airflow/dags/oracle_dlt_dbt_dag.py","logger":"airflow.dag_processing.dagbag.BundleDagBag","filename":"dagbag.py","lineno":469}
{"timestamp":"2026-07-06T19:25:06.672488Z","level":"error","event":"Failed to import: /opt/airflow/dags/oracle_dlt_dbt_dag.py","logger":"airflow.dag_processing.importers.python_importer","filename":"python_importer.py","lineno":244,"error_detail":[{"exc_type":"ModuleNotFoundError","exc_value":"No module named 'dlt'","exc_notes":[],"syntax_error":null,"is_cause":false,"frames":[{"filename":"/home/airflow/.local/lib/python3.13/site-packages/airflow/dag_processing/importers/python_importer.py","lineno":238,"name":"parse"},{"filename":"<frozen importlib._bootstrap_external>","lineno":1023,"name":"exec_module"},{"filename":"<frozen importlib._bootstrap>","lineno":488,"name":"_call_with_frames_removed"},{"filename":"/opt/airflow/dags/oracle_dlt_dbt_dag.py","lineno":33,"name":"<module>"},{"filename":"/opt/airflow/dlt_pipelines/oracle_to_staging.py","lineno":6,"name":"<module>"}],"is_group":false,"exceptions":[]}]}
{"timestamp":"2026-07-06T19:25:06.688745Z","level":"error","event":"Error loading DAG from oracle_dlt_dbt_dag.py: No module named 'dlt'","logger":"airflow.dag_processing.dagbag.BundleDagBag","filename":"dagbag.py","lineno":327}
{"timestamp":"2026-07-06T19:25:06.689110Z","level":"error","event":"Dag not found during start up","dag_id":"oracle_dlt_dbt_warehouse","bundle":"BundleInfo(name='dags-folder', version=None)","path":"oracle_dlt_dbt_dag.py","logger":"task","filename":"task_runner.py","lineno":788}
{"timestamp":"2026-07-06T19:25:06.689537Z","level":"warning","event":"Rescheduling task during startup, marking task as UP_FOR_RESCHEDULE","logger":"task","filename":"task_runner.py","lineno":1862}
{"timestamp":"2026-07-07T09:37:22.430277Z","level":"info","event":"DAG bundles loaded: dags-folder","logger":"airflow.dag_processing.bundles.manager.DagBundlesManager","filename":"manager.py","lineno":209}
{"timestamp":"2026-07-07T09:37:22.438619Z","level":"info","event":"Filling up the DagBag from /opt/airflow/dags/oracle_dlt_dbt_dag.py","logger":"airflow.dag_processing.dagbag.BundleDagBag","filename":"dagbag.py","lineno":469}
{"timestamp":"2026-07-07T09:37:23.801684Z","level":"info","event":"Poking for file /mnt/snapshots/READY_FLAG_20260706","logger":"airflow.task.operators.airflow.providers.standard.sensors.filesystem.FileSensor","filename":"filesystem.py","lineno":108}
{"timestamp":"2026-07-07T09:37:33.803402Z","level":"info","event":"Poking for file /mnt/snapshots/READY_FLAG_20260706","logger":"airflow.task.operators.airflow.providers.standard.sensors.filesystem.FileSensor","filename":"filesystem.py","lineno":108}
{"timestamp":"2026-07-07T09:37:43.802260Z","level":"info","event":"Poking for file /mnt/snapshots/READY_FLAG_20260706","logger":"airflow.task.operators.airflow.providers.standard.sensors.filesystem.FileSensor","filename":"filesystem.py","lineno":108}
{"timestamp":"2026-07-07T09:37:53.804811Z","level":"info","event":"Poking for file /mnt/snapshots/READY_FLAG_20260706","logger":"airflow.task.operators.airflow.providers.standard.sensors.filesystem.FileSensor","filename":"filesystem.py","lineno":108}
{"timestamp":"2026-07-07T09:38:03.807302Z","level":"info","event":"Poking for file /mnt/snapshots/READY_FLAG_20260706","logger":"airflow.task.operators.airflow.providers.standard.sensors.filesystem.FileSensor","filename":"filesystem.py","lineno":108}
{"timestamp":"2026-07-07T09:38:13.806945Z","level":"info","event":"Poking for file /mnt/snapshots/READY_FLAG_20260706","logger":"airflow.task.operators.airflow.providers.standard.sensors.filesystem.FileSensor","filename":"filesystem.py","lineno":108}
{"timestamp":"2026-07-07T09:38:23.808830Z","level":"info","event":"Poking for file /mnt/snapshots/READY_FLAG_20260706","logger":"airflow.task.operators.airflow.providers.standard.sensors.filesystem.FileSensor","filename":"filesystem.py","lineno":108}
{"timestamp":"2026-07-07T09:38:33.814180Z","level":"info","event":"Poking for file /mnt/snapshots/READY_FLAG_20260706","logger":"airflow.task.operators.airflow.providers.standard.sensors.filesystem.FileSensor","filename":"filesystem.py","lineno":108}
{"timestamp":"2026-07-07T09:38:43.812213Z","level":"info","event":"Poking for file /mnt/snapshots/READY_FLAG_20260706","logger":"airflow.task.operators.airflow.providers.standard.sensors.filesystem.FileSensor","filename":"filesystem.py","lineno":108}
{"timestamp":"2026-07-07T09:38:53.813894Z","level":"info","event":"Poking for file /mnt/snapshots/READY_FLAG_20260706","logger":"airflow.task.operators.airflow.providers.standard.sensors.filesystem.FileSensor","filename":"filesystem.py","lineno":108}
{"timestamp":"2026-07-07T09:39:03.815760Z","level":"info","event":"Poking for file /mnt/snapshots/READY_FLAG_20260706","logger":"airflow.task.operators.airflow.providers.standard.sensors.filesystem.FileSensor","filename":"filesystem.py","lineno":108}
{"timestamp":"2026-07-07T09:39:13.815317Z","level":"info","event":"Poking for file /mnt/snapshots/READY_FLAG_20260706","logger":"airflow.task.operators.airflow.providers.standard.sensors.filesystem.FileSensor","filename":"filesystem.py","lineno":108}
{"timestamp":"2026-07-07T09:39:23.817972Z","level":"info","event":"Poking for file /mnt/snapshots/READY_FLAG_20260706","logger":"airflow.task.operators.airflow.providers.standard.sensors.filesystem.FileSensor","filename":"filesystem.py","lineno":108}
{"timestamp":"2026-07-07T09:39:33.823028Z","level":"info","event":"Poking for file /mnt/snapshots/READY_FLAG_20260706","logger":"airflow.task.operators.airflow.providers.standard.sensors.filesystem.FileSensor","filename":"filesystem.py","lineno":108}
{"timestamp":"2026-07-07T09:39:43.821870Z","level":"info","event":"Poking for file /mnt/snapshots/READY_FLAG_20260706","logger":"airflow.task.operators.airflow.providers.standard.sensors.filesystem.FileSensor","filename":"filesystem.py","lineno":108}
{"timestamp":"2026-07-07T09:39:53.825132Z","level":"info","event":"Poking for file /mnt/snapshots/READY_FLAG_20260706","logger":"airflow.task.operators.airflow.providers.standard.sensors.filesystem.FileSensor","filename":"filesystem.py","lineno":108}
{"timestamp":"2026-07-07T09:40:03.827190Z","level":"info","event":"Poking for file /mnt/snapshots/READY_FLAG_20260706","logger":"airflow.task.operators.airflow.providers.standard.sensors.filesystem.FileSensor","filename":"filesystem.py","lineno":108}
{"timestamp":"2026-07-07T09:40:13.825550Z","level":"info","event":"Poking for file /mnt/snapshots/READY_FLAG_20260706","logger":"airflow.task.operators.airflow.providers.standard.sensors.filesystem.FileSensor","filename":"filesystem.py","lineno":108}
{"timestamp":"2026-07-07T09:40:23.826957Z","level":"info","event":"Poking for file /mnt/snapshots/READY_FLAG_20260706","logger":"airflow.task.operators.airflow.providers.standard.sensors.filesystem.FileSensor","filename":"filesystem.py","lineno":108}
{"timestamp":"2026-07-07T09:40:33.828350Z","level":"info","event":"Poking for file /mnt/snapshots/READY_FLAG_20260706","logger":"airflow.task.operators.airflow.providers.standard.sensors.filesystem.FileSensor","filename":"filesystem.py","lineno":108}
{"timestamp":"2026-07-07T09:40:43.827674Z","level":"info","event":"Poking for file /mnt/snapshots/READY_FLAG_20260706","logger":"airflow.task.operators.airflow.providers.standard.sensors.filesystem.FileSensor","filename":"filesystem.py","lineno":108}
{"timestamp":"2026-07-07T09:40:53.829168Z","level":"info","event":"Poking for file /mnt/snapshots/READY_FLAG_20260706","logger":"airflow.task.operators.airflow.providers.standard.sensors.filesystem.FileSensor","filename":"filesystem.py","lineno":108}
{"timestamp":"2026-07-07T09:41:03.831671Z","level":"info","event":"Poking for file /mnt/snapshots/READY_FLAG_20260706","logger":"airflow.task.operators.airflow.providers.standard.sensors.filesystem.FileSensor","filename":"filesystem.py","lineno":108}
{"timestamp":"2026-07-07T09:41:13.840948Z","level":"info","event":"Poking for file /mnt/snapshots/READY_FLAG_20260706","logger":"airflow.task.operators.airflow.providers.standard.sensors.filesystem.FileSensor","filename":"filesystem.py","lineno":108}
{"timestamp":"2026-07-07T09:41:23.842279Z","level":"info","event":"Poking for file /mnt/snapshots/READY_FLAG_20260706","logger":"airflow.task.operators.airflow.providers.standard.sensors.filesystem.FileSensor","filename":"filesystem.py","lineno":108}
{"timestamp":"2026-07-07T09:41:33.843751Z","level":"info","event":"Poking for file /mnt/snapshots/READY_FLAG_20260706","logger":"airflow.task.operators.airflow.providers.standard.sensors.filesystem.FileSensor","filename":"filesystem.py","lineno":108}
{"timestamp":"2026-07-07T09:41:43.842412Z","level":"info","event":"Poking for file /mnt/snapshots/READY_FLAG_20260706","logger":"airflow.task.operators.airflow.providers.standard.sensors.filesystem.FileSensor","filename":"filesystem.py","lineno":108}
{"timestamp":"2026-07-07T09:41:53.843991Z","level":"info","event":"Poking for file /mnt/snapshots/READY_FLAG_20260706","logger":"airflow.task.operators.airflow.providers.standard.sensors.filesystem.FileSensor","filename":"filesystem.py","lineno":108}
{"timestamp":"2026-07-07T09:42:03.846795Z","level":"info","event":"Poking for file /mnt/snapshots/READY_FLAG_20260706","logger":"airflow.task.operators.airflow.providers.standard.sensors.filesystem.FileSensor","filename":"filesystem.py","lineno":108}
{"timestamp":"2026-07-07T09:42:13.847633Z","level":"info","event":"Poking for file /mnt/snapshots/READY_FLAG_20260706","logger":"airflow.task.operators.airflow.providers.standard.sensors.filesystem.FileSensor","filename":"filesystem.py","lineno":108}
{"timestamp":"2026-07-07T09:42:23.849637Z","level":"info","event":"Poking for file /mnt/snapshots/READY_FLAG_20260706","logger":"airflow.task.operators.airflow.providers.standard.sensors.filesystem.FileSensor","filename":"filesystem.py","lineno":108}
{"timestamp":"2026-07-07T09:42:33.851165Z","level":"info","event":"Poking for file /mnt/snapshots/READY_FLAG_20260706","logger":"airflow.task.operators.airflow.providers.standard.sensors.filesystem.FileSensor","filename":"filesystem.py","lineno":108}
{"timestamp":"2026-07-07T09:42:43.849858Z","level":"info","event":"Poking for file /mnt/snapshots/READY_FLAG_20260706","logger":"airflow.task.operators.airflow.providers.standard.sensors.filesystem.FileSensor","filename":"filesystem.py","lineno":108}
{"timestamp":"2026-07-07T09:42:53.851883Z","level":"info","event":"Poking for file /mnt/snapshots/READY_FLAG_20260706","logger":"airflow.task.operators.airflow.providers.standard.sensors.filesystem.FileSensor","filename":"filesystem.py","lineno":108}
{"timestamp":"2026-07-07T09:43:03.856538Z","level":"info","event":"Poking for file /mnt/snapshots/READY_FLAG_20260706","logger":"airflow.task.operators.airflow.providers.standard.sensors.filesystem.FileSensor","filename":"filesystem.py","lineno":108}
{"timestamp":"2026-07-07T09:43:13.855959Z","level":"info","event":"Poking for file /mnt/snapshots/READY_FLAG_20260706","logger":"airflow.task.operators.airflow.providers.standard.sensors.filesystem.FileSensor","filename":"filesystem.py","lineno":108}
{"timestamp":"2026-07-07T09:43:23.858847Z","level":"info","event":"Poking for file /mnt/snapshots/READY_FLAG_20260706","logger":"airflow.task.operators.airflow.providers.standard.sensors.filesystem.FileSensor","filename":"filesystem.py","lineno":108}
{"timestamp":"2026-07-07T09:43:33.862906Z","level":"info","event":"Poking for file /mnt/snapshots/READY_FLAG_20260706","logger":"airflow.task.operators.airflow.providers.standard.sensors.filesystem.FileSensor","filename":"filesystem.py","lineno":108}
{"timestamp":"2026-07-07T09:43:43.862336Z","level":"info","event":"Poking for file /mnt/snapshots/READY_FLAG_20260706","logger":"airflow.task.operators.airflow.providers.standard.sensors.filesystem.FileSensor","filename":"filesystem.py","lineno":108}
{"timestamp":"2026-07-07T09:43:53.864533Z","level":"info","event":"Poking for file /mnt/snapshots/READY_FLAG_20260706","logger":"airflow.task.operators.airflow.providers.standard.sensors.filesystem.FileSensor","filename":"filesystem.py","lineno":108}
{"timestamp":"2026-07-07T09:44:03.867175Z","level":"info","event":"Poking for file /mnt/snapshots/READY_FLAG_20260706","logger":"airflow.task.operators.airflow.providers.standard.sensors.filesystem.FileSensor","filename":"filesystem.py","lineno":108}
{"timestamp":"2026-07-07T09:44:13.865471Z","level":"info","event":"Poking for file /mnt/snapshots/READY_FLAG_20260706","logger":"airflow.task.operators.airflow.providers.standard.sensors.filesystem.FileSensor","filename":"filesystem.py","lineno":108}
{"timestamp":"2026-07-07T09:44:23.872290Z","level":"info","event":"Poking for file /mnt/snapshots/READY_FLAG_20260706","logger":"airflow.task.operators.airflow.providers.standard.sensors.filesystem.FileSensor","filename":"filesystem.py","lineno":108}
{"timestamp":"2026-07-07T09:44:33.873650Z","level":"info","event":"Poking for file /mnt/snapshots/READY_FLAG_20260706","logger":"airflow.task.operators.airflow.providers.standard.sensors.filesystem.FileSensor","filename":"filesystem.py","lineno":108}
{"timestamp":"2026-07-07T09:44:43.873167Z","level":"info","event":"Poking for file /mnt/snapshots/READY_FLAG_20260706","logger":"airflow.task.operators.airflow.providers.standard.sensors.filesystem.FileSensor","filename":"filesystem.py","lineno":108}
{"timestamp":"2026-07-07T09:44:53.874179Z","level":"info","event":"Poking for file /mnt/snapshots/READY_FLAG_20260706","logger":"airflow.task.operators.airflow.providers.standard.sensors.filesystem.FileSensor","filename":"filesystem.py","lineno":108}
{"timestamp":"2026-07-07T09:45:03.875103Z","level":"info","event":"Poking for file /mnt/snapshots/READY_FLAG_20260706","logger":"airflow.task.operators.airflow.providers.standard.sensors.filesystem.FileSensor","filename":"filesystem.py","lineno":108}
{"timestamp":"2026-07-07T09:45:13.873983Z","level":"info","event":"Poking for file /mnt/snapshots/READY_FLAG_20260706","logger":"airflow.task.operators.airflow.providers.standard.sensors.filesystem.FileSensor","filename":"filesystem.py","lineno":108}
{"timestamp":"2026-07-07T09:45:23.875256Z","level":"info","event":"Poking for file /mnt/snapshots/READY_FLAG_20260706","logger":"airflow.task.operators.airflow.providers.standard.sensors.filesystem.FileSensor","filename":"filesystem.py","lineno":108}
{"timestamp":"2026-07-07T09:45:33.876471Z","level":"info","event":"Poking for file /mnt/snapshots/READY_FLAG_20260706","logger":"airflow.task.operators.airflow.providers.standard.sensors.filesystem.FileSensor","filename":"filesystem.py","lineno":108}
{"timestamp":"2026-07-07T09:45:43.874951Z","level":"info","event":"Poking for file /mnt/snapshots/READY_FLAG_20260706","logger":"airflow.task.operators.airflow.providers.standard.sensors.filesystem.FileSensor","filename":"filesystem.py","lineno":108}
{"timestamp":"2026-07-07T09:45:53.877282Z","level":"info","event":"Poking for file /mnt/snapshots/READY_FLAG_20260706","logger":"airflow.task.operators.airflow.providers.standard.sensors.filesystem.FileSensor","filename":"filesystem.py","lineno":108}
{"timestamp":"2026-07-07T09:46:03.880881Z","level":"info","event":"Poking for file /mnt/snapshots/READY_FLAG_20260706","logger":"airflow.task.operators.airflow.providers.standard.sensors.filesystem.FileSensor","filename":"filesystem.py","lineno":108}
{"timestamp":"2026-07-07T09:46:13.879291Z","level":"info","event":"Poking for file /mnt/snapshots/READY_FLAG_20260706","logger":"airflow.task.operators.airflow.providers.standard.sensors.filesystem.FileSensor","filename":"filesystem.py","lineno":108}
{"timestamp":"2026-07-07T09:46:23.881071Z","level":"info","event":"Poking for file /mnt/snapshots/READY_FLAG_20260706","logger":"airflow.task.operators.airflow.providers.standard.sensors.filesystem.FileSensor","filename":"filesystem.py","lineno":108}
{"timestamp":"2026-07-07T09:46:33.883090Z","level":"info","event":"Poking for file /mnt/snapshots/READY_FLAG_20260706","logger":"airflow.task.operators.airflow.providers.standard.sensors.filesystem.FileSensor","filename":"filesystem.py","lineno":108}
{"timestamp":"2026-07-07T09:46:43.881796Z","level":"info","event":"Poking for file /mnt/snapshots/READY_FLAG_20260706","logger":"airflow.task.operators.airflow.providers.standard.sensors.filesystem.FileSensor","filename":"filesystem.py","lineno":108}
{"timestamp":"2026-07-07T09:46:53.882865Z","level":"info","event":"Poking for file /mnt/snapshots/READY_FLAG_20260706","logger":"airflow.task.operators.airflow.providers.standard.sensors.filesystem.FileSensor","filename":"filesystem.py","lineno":108}
{"timestamp":"2026-07-07T09:47:03.884535Z","level":"info","event":"Poking for file /mnt/snapshots/READY_FLAG_20260706","logger":"airflow.task.operators.airflow.providers.standard.sensors.filesystem.FileSensor","filename":"filesystem.py","lineno":108}
{"timestamp":"2026-07-07T09:47:13.883565Z","level":"info","event":"Poking for file /mnt/snapshots/READY_FLAG_20260706","logger":"airflow.task.operators.airflow.providers.standard.sensors.filesystem.FileSensor","filename":"filesystem.py","lineno":108}
{"timestamp":"2026-07-07T09:47:23.885257Z","level":"info","event":"Poking for file /mnt/snapshots/READY_FLAG_20260706","logger":"airflow.task.operators.airflow.providers.standard.sensors.filesystem.FileSensor","filename":"filesystem.py","lineno":108}
{"timestamp":"2026-07-07T09:47:33.887015Z","level":"info","event":"Poking for file /mnt/snapshots/READY_FLAG_20260706","logger":"airflow.task.operators.airflow.providers.standard.sensors.filesystem.FileSensor","filename":"filesystem.py","lineno":108}
{"timestamp":"2026-07-07T09:47:43.885615Z","level":"info","event":"Poking for file /mnt/snapshots/READY_FLAG_20260706","logger":"airflow.task.operators.airflow.providers.standard.sensors.filesystem.FileSensor","filename":"filesystem.py","lineno":108}
{"timestamp":"2026-07-07T09:47:53.887253Z","level":"info","event":"Poking for file /mnt/snapshots/READY_FLAG_20260706","logger":"airflow.task.operators.airflow.providers.standard.sensors.filesystem.FileSensor","filename":"filesystem.py","lineno":108}
{"timestamp":"2026-07-07T09:48:03.888874Z","level":"info","event":"Poking for file /mnt/snapshots/READY_FLAG_20260706","logger":"airflow.task.operators.airflow.providers.standard.sensors.filesystem.FileSensor","filename":"filesystem.py","lineno":108}
{"timestamp":"2026-07-07T09:48:13.887955Z","level":"info","event":"Poking for file /mnt/snapshots/READY_FLAG_20260706","logger":"airflow.task.operators.airflow.providers.standard.sensors.filesystem.FileSensor","filename":"filesystem.py","lineno":108}
{"timestamp":"2026-07-07T09:48:23.891075Z","level":"info","event":"Poking for file /mnt/snapshots/READY_FLAG_20260706","logger":"airflow.task.operators.airflow.providers.standard.sensors.filesystem.FileSensor","filename":"filesystem.py","lineno":108}
{"timestamp":"2026-07-07T09:48:33.892952Z","level":"info","event":"Poking for file /mnt/snapshots/READY_FLAG_20260706","logger":"airflow.task.operators.airflow.providers.standard.sensors.filesystem.FileSensor","filename":"filesystem.py","lineno":108}
{"timestamp":"2026-07-07T09:48:43.892058Z","level":"info","event":"Poking for file /mnt/snapshots/READY_FLAG_20260706","logger":"airflow.task.operators.airflow.providers.standard.sensors.filesystem.FileSensor","filename":"filesystem.py","lineno":108}
{"timestamp":"2026-07-07T09:48:53.893729Z","level":"info","event":"Poking for file /mnt/snapshots/READY_FLAG_20260706","logger":"airflow.task.operators.airflow.providers.standard.sensors.filesystem.FileSensor","filename":"filesystem.py","lineno":108}
{"timestamp":"2026-07-07T09:49:03.895014Z","level":"info","event":"Poking for file /mnt/snapshots/READY_FLAG_20260706","logger":"airflow.task.operators.airflow.providers.standard.sensors.filesystem.FileSensor","filename":"filesystem.py","lineno":108}
{"timestamp":"2026-07-07T09:49:13.893821Z","level":"info","event":"Poking for file /mnt/snapshots/READY_FLAG_20260706","logger":"airflow.task.operators.airflow.providers.standard.sensors.filesystem.FileSensor","filename":"filesystem.py","lineno":108}
{"timestamp":"2026-07-07T09:49:23.895475Z","level":"info","event":"Poking for file /mnt/snapshots/READY_FLAG_20260706","logger":"airflow.task.operators.airflow.providers.standard.sensors.filesystem.FileSensor","filename":"filesystem.py","lineno":108}
{"timestamp":"2026-07-07T09:49:33.896628Z","level":"info","event":"Poking for file /mnt/snapshots/READY_FLAG_20260706","logger":"airflow.task.operators.airflow.providers.standard.sensors.filesystem.FileSensor","filename":"filesystem.py","lineno":108}
{"timestamp":"2026-07-07T09:49:43.897796Z","level":"info","event":"Poking for file /mnt/snapshots/READY_FLAG_20260706","logger":"airflow.task.operators.airflow.providers.standard.sensors.filesystem.FileSensor","filename":"filesystem.py","lineno":108}
{"timestamp":"2026-07-07T09:49:53.901980Z","level":"info","event":"Poking for file /mnt/snapshots/READY_FLAG_20260706","logger":"airflow.task.operators.airflow.providers.standard.sensors.filesystem.FileSensor","filename":"filesystem.py","lineno":108}
{"timestamp":"2026-07-07T09:50:03.904442Z","level":"info","event":"Poking for file /mnt/snapshots/READY_FLAG_20260706","logger":"airflow.task.operators.airflow.providers.standard.sensors.filesystem.FileSensor","filename":"filesystem.py","lineno":108}
{"timestamp":"2026-07-07T09:50:13.903338Z","level":"info","event":"Poking for file /mnt/snapshots/READY_FLAG_20260706","logger":"airflow.task.operators.airflow.providers.standard.sensors.filesystem.FileSensor","filename":"filesystem.py","lineno":108}
{"timestamp":"2026-07-07T09:50:23.904314Z","level":"info","event":"Poking for file /mnt/snapshots/READY_FLAG_20260706","logger":"airflow.task.operators.airflow.providers.standard.sensors.filesystem.FileSensor","filename":"filesystem.py","lineno":108}
{"timestamp":"2026-07-07T09:50:33.905832Z","level":"info","event":"Poking for file /mnt/snapshots/READY_FLAG_20260706","logger":"airflow.task.operators.airflow.providers.standard.sensors.filesystem.FileSensor","filename":"filesystem.py","lineno":108}
{"timestamp":"2026-07-07T09:50:43.904689Z","level":"info","event":"Poking for file /mnt/snapshots/READY_FLAG_20260706","logger":"airflow.task.operators.airflow.providers.standard.sensors.filesystem.FileSensor","filename":"filesystem.py","lineno":108}
{"timestamp":"2026-07-07T09:50:53.905677Z","level":"info","event":"Poking for file /mnt/snapshots/READY_FLAG_20260706","logger":"airflow.task.operators.airflow.providers.standard.sensors.filesystem.FileSensor","filename":"filesystem.py","lineno":108}
{"timestamp":"2026-07-07T09:51:03.907173Z","level":"info","event":"Poking for file /mnt/snapshots/READY_FLAG_20260706","logger":"airflow.task.operators.airflow.providers.standard.sensors.filesystem.FileSensor","filename":"filesystem.py","lineno":108}
{"timestamp":"2026-07-07T09:51:13.906409Z","level":"info","event":"Poking for file /mnt/snapshots/READY_FLAG_20260706","logger":"airflow.task.operators.airflow.providers.standard.sensors.filesystem.FileSensor","filename":"filesystem.py","lineno":108}
{"timestamp":"2026-07-07T09:51:23.908158Z","level":"info","event":"Poking for file /mnt/snapshots/READY_FLAG_20260706","logger":"airflow.task.operators.airflow.providers.standard.sensors.filesystem.FileSensor","filename":"filesystem.py","lineno":108}
{"timestamp":"2026-07-07T09:51:33.909981Z","level":"info","event":"Poking for file /mnt/snapshots/READY_FLAG_20260706","logger":"airflow.task.operators.airflow.providers.standard.sensors.filesystem.FileSensor","filename":"filesystem.py","lineno":108}
{"timestamp":"2026-07-07T09:51:43.909269Z","level":"info","event":"Poking for file /mnt/snapshots/READY_FLAG_20260706","logger":"airflow.task.operators.airflow.providers.standard.sensors.filesystem.FileSensor","filename":"filesystem.py","lineno":108}
{"timestamp":"2026-07-07T09:51:53.912462Z","level":"info","event":"Poking for file /mnt/snapshots/READY_FLAG_20260706","logger":"airflow.task.operators.airflow.providers.standard.sensors.filesystem.FileSensor","filename":"filesystem.py","lineno":108}
{"timestamp":"2026-07-07T09:52:03.914815Z","level":"info","event":"Poking for file /mnt/snapshots/READY_FLAG_20260706","logger":"airflow.task.operators.airflow.providers.standard.sensors.filesystem.FileSensor","filename":"filesystem.py","lineno":108}
{"timestamp":"2026-07-07T09:52:13.913499Z","level":"info","event":"Poking for file /mnt/snapshots/READY_FLAG_20260706","logger":"airflow.task.operators.airflow.providers.standard.sensors.filesystem.FileSensor","filename":"filesystem.py","lineno":108}
{"timestamp":"2026-07-07T09:52:23.916168Z","level":"info","event":"Poking for file /mnt/snapshots/READY_FLAG_20260706","logger":"airflow.task.operators.airflow.providers.standard.sensors.filesystem.FileSensor","filename":"filesystem.py","lineno":108}
{"timestamp":"2026-07-07T09:52:33.917530Z","level":"info","event":"Poking for file /mnt/snapshots/READY_FLAG_20260706","logger":"airflow.task.operators.airflow.providers.standard.sensors.filesystem.FileSensor","filename":"filesystem.py","lineno":108}
{"timestamp":"2026-07-07T09:52:43.915690Z","level":"info","event":"Poking for file /mnt/snapshots/READY_FLAG_20260706","logger":"airflow.task.operators.airflow.providers.standard.sensors.filesystem.FileSensor","filename":"filesystem.py","lineno":108}
{"timestamp":"2026-07-07T09:52:53.917079Z","level":"info","event":"Poking for file /mnt/snapshots/READY_FLAG_20260706","logger":"airflow.task.operators.airflow.providers.standard.sensors.filesystem.FileSensor","filename":"filesystem.py","lineno":108}
{"timestamp":"2026-07-07T09:53:03.919174Z","level":"info","event":"Poking for file /mnt/snapshots/READY_FLAG_20260706","logger":"airflow.task.operators.airflow.providers.standard.sensors.filesystem.FileSensor","filename":"filesystem.py","lineno":108}
{"timestamp":"2026-07-07T09:53:13.919239Z","level":"info","event":"Poking for file /mnt/snapshots/READY_FLAG_20260706","logger":"airflow.task.operators.airflow.providers.standard.sensors.filesystem.FileSensor","filename":"filesystem.py","lineno":108}
{"timestamp":"2026-07-07T09:53:23.920929Z","level":"info","event":"Poking for file /mnt/snapshots/READY_FLAG_20260706","logger":"airflow.task.operators.airflow.providers.standard.sensors.filesystem.FileSensor","filename":"filesystem.py","lineno":108}
{"timestamp":"2026-07-07T09:53:33.931429Z","level":"info","event":"Poking for file /mnt/snapshots/READY_FLAG_20260706","logger":"airflow.task.operators.airflow.providers.standard.sensors.filesystem.FileSensor","filename":"filesystem.py","lineno":108}
{"timestamp":"2026-07-07T09:53:43.931811Z","level":"info","event":"Poking for file /mnt/snapshots/READY_FLAG_20260706","logger":"airflow.task.operators.airflow.providers.standard.sensors.filesystem.FileSensor","filename":"filesystem.py","lineno":108}
{"timestamp":"2026-07-07T09:53:53.933490Z","level":"info","event":"Poking for file /mnt/snapshots/READY_FLAG_20260706","logger":"airflow.task.operators.airflow.providers.standard.sensors.filesystem.FileSensor","filename":"filesystem.py","lineno":108}
{"timestamp":"2026-07-07T09:54:03.936660Z","level":"info","event":"Poking for file /mnt/snapshots/READY_FLAG_20260706","logger":"airflow.task.operators.airflow.providers.standard.sensors.filesystem.FileSensor","filename":"filesystem.py","lineno":108}
{"timestamp":"2026-07-07T09:54:13.939152Z","level":"info","event":"Poking for file /mnt/snapshots/READY_FLAG_20260706","logger":"airflow.task.operators.airflow.providers.standard.sensors.filesystem.FileSensor","filename":"filesystem.py","lineno":108}
{"timestamp":"2026-07-07T09:54:23.941832Z","level":"info","event":"Poking for file /mnt/snapshots/READY_FLAG_20260706","logger":"airflow.task.operators.airflow.providers.standard.sensors.filesystem.FileSensor","filename":"filesystem.py","lineno":108}
{"timestamp":"2026-07-07T09:54:33.943188Z","level":"info","event":"Poking for file /mnt/snapshots/READY_FLAG_20260706","logger":"airflow.task.operators.airflow.providers.standard.sensors.filesystem.FileSensor","filename":"filesystem.py","lineno":108}
{"timestamp":"2026-07-07T09:54:43.940427Z","level":"info","event":"Poking for file /mnt/snapshots/READY_FLAG_20260706","logger":"airflow.task.operators.airflow.providers.standard.sensors.filesystem.FileSensor","filename":"filesystem.py","lineno":108}
{"timestamp":"2026-07-07T09:54:53.943407Z","level":"info","event":"Poking for file /mnt/snapshots/READY_FLAG_20260706","logger":"airflow.task.operators.airflow.providers.standard.sensors.filesystem.FileSensor","filename":"filesystem.py","lineno":108}
{"timestamp":"2026-07-07T09:55:03.947299Z","level":"info","event":"Poking for file /mnt/snapshots/READY_FLAG_20260706","logger":"airflow.task.operators.airflow.providers.standard.sensors.filesystem.FileSensor","filename":"filesystem.py","lineno":108}
{"timestamp":"2026-07-07T09:55:13.947982Z","level":"info","event":"Poking for file /mnt/snapshots/READY_FLAG_20260706","logger":"airflow.task.operators.airflow.providers.standard.sensors.filesystem.FileSensor","filename":"filesystem.py","lineno":108}
{"timestamp":"2026-07-07T09:55:23.950938Z","level":"info","event":"Poking for file /mnt/snapshots/READY_FLAG_20260706","logger":"airflow.task.operators.airflow.providers.standard.sensors.filesystem.FileSensor","filename":"filesystem.py","lineno":108}
{"timestamp":"2026-07-07T09:55:33.953011Z","level":"info","event":"Poking for file /mnt/snapshots/READY_FLAG_20260706","logger":"airflow.task.operators.airflow.providers.standard.sensors.filesystem.FileSensor","filename":"filesystem.py","lineno":108}
{"timestamp":"2026-07-07T09:55:43.952147Z","level":"info","event":"Poking for file /mnt/snapshots/READY_FLAG_20260706","logger":"airflow.task.operators.airflow.providers.standard.sensors.filesystem.FileSensor","filename":"filesystem.py","lineno":108}
{"timestamp":"2026-07-07T09:55:53.953437Z","level":"info","event":"Poking for file /mnt/snapshots/READY_FLAG_20260706","logger":"airflow.task.operators.airflow.providers.standard.sensors.filesystem.FileSensor","filename":"filesystem.py","lineno":108}
{"timestamp":"2026-07-07T09:56:03.954891Z","level":"info","event":"Poking for file /mnt/snapshots/READY_FLAG_20260706","logger":"airflow.task.operators.airflow.providers.standard.sensors.filesystem.FileSensor","filename":"filesystem.py","lineno":108}
{"timestamp":"2026-07-07T09:56:13.954980Z","level":"info","event":"Poking for file /mnt/snapshots/READY_FLAG_20260706","logger":"airflow.task.operators.airflow.providers.standard.sensors.filesystem.FileSensor","filename":"filesystem.py","lineno":108}
{"timestamp":"2026-07-07T09:56:23.958621Z","level":"info","event":"Poking for file /mnt/snapshots/READY_FLAG_20260706","logger":"airflow.task.operators.airflow.providers.standard.sensors.filesystem.FileSensor","filename":"filesystem.py","lineno":108}
{"timestamp":"2026-07-07T09:56:33.960922Z","level":"info","event":"Poking for file /mnt/snapshots/READY_FLAG_20260706","logger":"airflow.task.operators.airflow.providers.standard.sensors.filesystem.FileSensor","filename":"filesystem.py","lineno":108}
{"timestamp":"2026-07-07T09:56:43.960506Z","level":"info","event":"Poking for file /mnt/snapshots/READY_FLAG_20260706","logger":"airflow.task.operators.airflow.providers.standard.sensors.filesystem.FileSensor","filename":"filesystem.py","lineno":108}
{"timestamp":"2026-07-07T09:56:53.962250Z","level":"info","event":"Poking for file /mnt/snapshots/READY_FLAG_20260706","logger":"airflow.task.operators.airflow.providers.standard.sensors.filesystem.FileSensor","filename":"filesystem.py","lineno":108}
{"timestamp":"2026-07-07T09:57:03.964662Z","level":"info","event":"Poking for file /mnt/snapshots/READY_FLAG_20260706","logger":"airflow.task.operators.airflow.providers.standard.sensors.filesystem.FileSensor","filename":"filesystem.py","lineno":108}
{"timestamp":"2026-07-07T09:57:13.964821Z","level":"info","event":"Poking for file /mnt/snapshots/READY_FLAG_20260706","logger":"airflow.task.operators.airflow.providers.standard.sensors.filesystem.FileSensor","filename":"filesystem.py","lineno":108}
{"timestamp":"2026-07-07T09:57:23.967032Z","level":"info","event":"Poking for file /mnt/snapshots/READY_FLAG_20260706","logger":"airflow.task.operators.airflow.providers.standard.sensors.filesystem.FileSensor","filename":"filesystem.py","lineno":108}
{"timestamp":"2026-07-07T09:57:33.968790Z","level":"info","event":"Poking for file /mnt/snapshots/READY_FLAG_20260706","logger":"airflow.task.operators.airflow.providers.standard.sensors.filesystem.FileSensor","filename":"filesystem.py","lineno":108}
{"timestamp":"2026-07-07T09:57:43.966174Z","level":"info","event":"Poking for file /mnt/snapshots/READY_FLAG_20260706","logger":"airflow.task.operators.airflow.providers.standard.sensors.filesystem.FileSensor","filename":"filesystem.py","lineno":108}
{"timestamp":"2026-07-07T09:57:53.968001Z","level":"info","event":"Poking for file /mnt/snapshots/READY_FLAG_20260706","logger":"airflow.task.operators.airflow.providers.standard.sensors.filesystem.FileSensor","filename":"filesystem.py","lineno":108}
{"timestamp":"2026-07-07T09:58:03.969753Z","level":"info","event":"Poking for file /mnt/snapshots/READY_FLAG_20260706","logger":"airflow.task.operators.airflow.providers.standard.sensors.filesystem.FileSensor","filename":"filesystem.py","lineno":108}
{"timestamp":"2026-07-07T09:58:13.969406Z","level":"info","event":"Poking for file /mnt/snapshots/READY_FLAG_20260706","logger":"airflow.task.operators.airflow.providers.standard.sensors.filesystem.FileSensor","filename":"filesystem.py","lineno":108}
{"timestamp":"2026-07-07T09:58:23.970924Z","level":"info","event":"Poking for file /mnt/snapshots/READY_FLAG_20260706","logger":"airflow.task.operators.airflow.providers.standard.sensors.filesystem.FileSensor","filename":"filesystem.py","lineno":108}
{"timestamp":"2026-07-07T09:58:33.972711Z","level":"info","event":"Poking for file /mnt/snapshots/READY_FLAG_20260706","logger":"airflow.task.operators.airflow.providers.standard.sensors.filesystem.FileSensor","filename":"filesystem.py","lineno":108}
{"timestamp":"2026-07-07T09:58:43.971262Z","level":"info","event":"Poking for file /mnt/snapshots/READY_FLAG_20260706","logger":"airflow.task.operators.airflow.providers.standard.sensors.filesystem.FileSensor","filename":"filesystem.py","lineno":108}
{"timestamp":"2026-07-07T09:58:53.972342Z","level":"info","event":"Poking for file /mnt/snapshots/READY_FLAG_20260706","logger":"airflow.task.operators.airflow.providers.standard.sensors.filesystem.FileSensor","filename":"filesystem.py","lineno":108}
{"timestamp":"2026-07-07T09:59:03.973156Z","level":"info","event":"Poking for file /mnt/snapshots/READY_FLAG_20260706","logger":"airflow.task.operators.airflow.providers.standard.sensors.filesystem.FileSensor","filename":"filesystem.py","lineno":108}
{"timestamp":"2026-07-07T09:59:13.972049Z","level":"info","event":"Poking for file /mnt/snapshots/READY_FLAG_20260706","logger":"airflow.task.operators.airflow.providers.standard.sensors.filesystem.FileSensor","filename":"filesystem.py","lineno":108}
{"timestamp":"2026-07-07T09:59:23.973388Z","level":"info","event":"Poking for file /mnt/snapshots/READY_FLAG_20260706","logger":"airflow.task.operators.airflow.providers.standard.sensors.filesystem.FileSensor","filename":"filesystem.py","lineno":108}
{"timestamp":"2026-07-07T09:59:33.974894Z","level":"info","event":"Poking for file /mnt/snapshots/READY_FLAG_20260706","logger":"airflow.task.operators.airflow.providers.standard.sensors.filesystem.FileSensor","filename":"filesystem.py","lineno":108}
{"timestamp":"2026-07-07T09:59:43.972619Z","level":"info","event":"Poking for file /mnt/snapshots/READY_FLAG_20260706","logger":"airflow.task.operators.airflow.providers.standard.sensors.filesystem.FileSensor","filename":"filesystem.py","lineno":108}
{"timestamp":"2026-07-07T09:59:53.974110Z","level":"info","event":"Poking for file /mnt/snapshots/READY_FLAG_20260706","logger":"airflow.task.operators.airflow.providers.standard.sensors.filesystem.FileSensor","filename":"filesystem.py","lineno":108}
{"timestamp":"2026-07-07T10:00:03.975800Z","level":"info","event":"Poking for file /mnt/snapshots/READY_FLAG_20260706","logger":"airflow.task.operators.airflow.providers.standard.sensors.filesystem.FileSensor","filename":"filesystem.py","lineno":108}
{"timestamp":"2026-07-07T10:00:13.973250Z","level":"info","event":"Poking for file /mnt/snapshots/READY_FLAG_20260706","logger":"airflow.task.operators.airflow.providers.standard.sensors.filesystem.FileSensor","filename":"filesystem.py","lineno":108}
{"timestamp":"2026-07-07T10:00:23.973924Z","level":"info","event":"Poking for file /mnt/snapshots/READY_FLAG_20260706","logger":"airflow.task.operators.airflow.providers.standard.sensors.filesystem.FileSensor","filename":"filesystem.py","lineno":108}
{"timestamp":"2026-07-07T10:00:33.975055Z","level":"info","event":"Poking for file /mnt/snapshots/READY_FLAG_20260706","logger":"airflow.task.operators.airflow.providers.standard.sensors.filesystem.FileSensor","filename":"filesystem.py","lineno":108}
{"timestamp":"2026-07-07T10:00:43.975258Z","level":"info","event":"Poking for file /mnt/snapshots/READY_FLAG_20260706","logger":"airflow.task.operators.airflow.providers.standard.sensors.filesystem.FileSensor","filename":"filesystem.py","lineno":108}
{"timestamp":"2026-07-07T10:00:53.977076Z","level":"info","event":"Poking for file /mnt/snapshots/READY_FLAG_20260706","logger":"airflow.task.operators.airflow.providers.standard.sensors.filesystem.FileSensor","filename":"filesystem.py","lineno":108}
{"timestamp":"2026-07-07T10:01:03.978811Z","level":"info","event":"Poking for file /mnt/snapshots/READY_FLAG_20260706","logger":"airflow.task.operators.airflow.providers.standard.sensors.filesystem.FileSensor","filename":"filesystem.py","lineno":108}
{"timestamp":"2026-07-07T10:01:13.977536Z","level":"info","event":"Poking for file /mnt/snapshots/READY_FLAG_20260706","logger":"airflow.task.operators.airflow.providers.standard.sensors.filesystem.FileSensor","filename":"filesystem.py","lineno":108}
{"timestamp":"2026-07-07T10:01:23.986661Z","level":"info","event":"Poking for file /mnt/snapshots/READY_FLAG_20260706","logger":"airflow.task.operators.airflow.providers.standard.sensors.filesystem.FileSensor","filename":"filesystem.py","lineno":108}
{"timestamp":"2026-07-07T10:01:33.988201Z","level":"info","event":"Poking for file /mnt/snapshots/READY_FLAG_20260706","logger":"airflow.task.operators.airflow.providers.standard.sensors.filesystem.FileSensor","filename":"filesystem.py","lineno":108}
{"timestamp":"2026-07-07T10:01:43.986215Z","level":"info","event":"Poking for file /mnt/snapshots/READY_FLAG_20260706","logger":"airflow.task.operators.airflow.providers.standard.sensors.filesystem.FileSensor","filename":"filesystem.py","lineno":108}
{"timestamp":"2026-07-07T10:01:53.988355Z","level":"info","event":"Poking for file /mnt/snapshots/READY_FLAG_20260706","logger":"airflow.task.operators.airflow.providers.standard.sensors.filesystem.FileSensor","filename":"filesystem.py","lineno":108}
{"timestamp":"2026-07-07T10:02:03.991062Z","level":"info","event":"Poking for file /mnt/snapshots/READY_FLAG_20260706","logger":"airflow.task.operators.airflow.providers.standard.sensors.filesystem.FileSensor","filename":"filesystem.py","lineno":108}
{"timestamp":"2026-07-07T10:02:13.989004Z","level":"info","event":"Poking for file /mnt/snapshots/READY_FLAG_20260706","logger":"airflow.task.operators.airflow.providers.standard.sensors.filesystem.FileSensor","filename":"filesystem.py","lineno":108}
{"timestamp":"2026-07-07T10:02:23.989879Z","level":"info","event":"Poking for file /mnt/snapshots/READY_FLAG_20260706","logger":"airflow.task.operators.airflow.providers.standard.sensors.filesystem.FileSensor","filename":"filesystem.py","lineno":108}
{"timestamp":"2026-07-07T10:02:33.991073Z","level":"info","event":"Poking for file /mnt/snapshots/READY_FLAG_20260706","logger":"airflow.task.operators.airflow.providers.standard.sensors.filesystem.FileSensor","filename":"filesystem.py","lineno":108}
{"timestamp":"2026-07-07T10:02:43.994872Z","level":"info","event":"Poking for file /mnt/snapshots/READY_FLAG_20260706","logger":"airflow.task.operators.airflow.providers.standard.sensors.filesystem.FileSensor","filename":"filesystem.py","lineno":108}
{"timestamp":"2026-07-07T10:02:53.996635Z","level":"info","event":"Poking for file /mnt/snapshots/READY_FLAG_20260706","logger":"airflow.task.operators.airflow.providers.standard.sensors.filesystem.FileSensor","filename":"filesystem.py","lineno":108}
{"timestamp":"2026-07-07T10:03:03.999162Z","level":"info","event":"Poking for file /mnt/snapshots/READY_FLAG_20260706","logger":"airflow.task.operators.airflow.providers.standard.sensors.filesystem.FileSensor","filename":"filesystem.py","lineno":108}
{"timestamp":"2026-07-07T10:03:13.998036Z","level":"info","event":"Poking for file /mnt/snapshots/READY_FLAG_20260706","logger":"airflow.task.operators.airflow.providers.standard.sensors.filesystem.FileSensor","filename":"filesystem.py","lineno":108}
{"timestamp":"2026-07-07T10:03:23.999888Z","level":"info","event":"Poking for file /mnt/snapshots/READY_FLAG_20260706","logger":"airflow.task.operators.airflow.providers.standard.sensors.filesystem.FileSensor","filename":"filesystem.py","lineno":108}
{"timestamp":"2026-07-07T10:03:34.001796Z","level":"info","event":"Poking for file /mnt/snapshots/READY_FLAG_20260706","logger":"airflow.task.operators.airflow.providers.standard.sensors.filesystem.FileSensor","filename":"filesystem.py","lineno":108}
{"timestamp":"2026-07-07T10:03:44.001160Z","level":"info","event":"Poking for file /mnt/snapshots/READY_FLAG_20260706","logger":"airflow.task.operators.airflow.providers.standard.sensors.filesystem.FileSensor","filename":"filesystem.py","lineno":108}
{"timestamp":"2026-07-07T10:03:54.003102Z","level":"info","event":"Poking for file /mnt/snapshots/READY_FLAG_20260706","logger":"airflow.task.operators.airflow.providers.standard.sensors.filesystem.FileSensor","filename":"filesystem.py","lineno":108}
{"timestamp":"2026-07-07T10:04:04.005263Z","level":"info","event":"Poking for file /mnt/snapshots/READY_FLAG_20260706","logger":"airflow.task.operators.airflow.providers.standard.sensors.filesystem.FileSensor","filename":"filesystem.py","lineno":108}
{"timestamp":"2026-07-07T10:04:14.003208Z","level":"info","event":"Poking for file /mnt/snapshots/READY_FLAG_20260706","logger":"airflow.task.operators.airflow.providers.standard.sensors.filesystem.FileSensor","filename":"filesystem.py","lineno":108}
{"timestamp":"2026-07-07T10:04:24.005051Z","level":"info","event":"Poking for file /mnt/snapshots/READY_FLAG_20260706","logger":"airflow.task.operators.airflow.providers.standard.sensors.filesystem.FileSensor","filename":"filesystem.py","lineno":108}
{"timestamp":"2026-07-07T10:04:34.007598Z","level":"info","event":"Poking for file /mnt/snapshots/READY_FLAG_20260706","logger":"airflow.task.operators.airflow.providers.standard.sensors.filesystem.FileSensor","filename":"filesystem.py","lineno":108}
{"timestamp":"2026-07-07T10:04:44.007955Z","level":"info","event":"Poking for file /mnt/snapshots/READY_FLAG_20260706","logger":"airflow.task.operators.airflow.providers.standard.sensors.filesystem.FileSensor","filename":"filesystem.py","lineno":108}
{"timestamp":"2026-07-07T10:04:54.011324Z","level":"info","event":"Poking for file /mnt/snapshots/READY_FLAG_20260706","logger":"airflow.task.operators.airflow.providers.standard.sensors.filesystem.FileSensor","filename":"filesystem.py","lineno":108}
{"timestamp":"2026-07-07T10:05:04.013013Z","level":"info","event":"Poking for file /mnt/snapshots/READY_FLAG_20260706","logger":"airflow.task.operators.airflow.providers.standard.sensors.filesystem.FileSensor","filename":"filesystem.py","lineno":108}
{"timestamp":"2026-07-07T10:05:14.011961Z","level":"info","event":"Poking for file /mnt/snapshots/READY_FLAG_20260706","logger":"airflow.task.operators.airflow.providers.standard.sensors.filesystem.FileSensor","filename":"filesystem.py","lineno":108}
{"timestamp":"2026-07-07T10:05:24.013402Z","level":"info","event":"Poking for file /mnt/snapshots/READY_FLAG_20260706","logger":"airflow.task.operators.airflow.providers.standard.sensors.filesystem.FileSensor","filename":"filesystem.py","lineno":108}
{"timestamp":"2026-07-07T10:05:34.015056Z","level":"info","event":"Poking for file /mnt/snapshots/READY_FLAG_20260706","logger":"airflow.task.operators.airflow.providers.standard.sensors.filesystem.FileSensor","filename":"filesystem.py","lineno":108}
{"timestamp":"2026-07-07T10:05:44.013085Z","level":"info","event":"Poking for file /mnt/snapshots/READY_FLAG_20260706","logger":"airflow.task.operators.airflow.providers.standard.sensors.filesystem.FileSensor","filename":"filesystem.py","lineno":108}
{"timestamp":"2026-07-07T10:05:54.015277Z","level":"info","event":"Poking for file /mnt/snapshots/READY_FLAG_20260706","logger":"airflow.task.operators.airflow.providers.standard.sensors.filesystem.FileSensor","filename":"filesystem.py","lineno":108}
{"timestamp":"2026-07-07T10:06:04.017592Z","level":"info","event":"Poking for file /mnt/snapshots/READY_FLAG_20260706","logger":"airflow.task.operators.airflow.providers.standard.sensors.filesystem.FileSensor","filename":"filesystem.py","lineno":108}
{"timestamp":"2026-07-07T10:06:14.017955Z","level":"info","event":"Poking for file /mnt/snapshots/READY_FLAG_20260706","logger":"airflow.task.operators.airflow.providers.standard.sensors.filesystem.FileSensor","filename":"filesystem.py","lineno":108}
{"timestamp":"2026-07-07T10:06:24.019961Z","level":"info","event":"Poking for file /mnt/snapshots/READY_FLAG_20260706","logger":"airflow.task.operators.airflow.providers.standard.sensors.filesystem.FileSensor","filename":"filesystem.py","lineno":108}
{"timestamp":"2026-07-07T10:06:34.021921Z","level":"info","event":"Poking for file /mnt/snapshots/READY_FLAG_20260706","logger":"airflow.task.operators.airflow.providers.standard.sensors.filesystem.FileSensor","filename":"filesystem.py","lineno":108}
{"timestamp":"2026-07-07T10:06:44.020839Z","level":"info","event":"Poking for file /mnt/snapshots/READY_FLAG_20260706","logger":"airflow.task.operators.airflow.providers.standard.sensors.filesystem.FileSensor","filename":"filesystem.py","lineno":108}
{"timestamp":"2026-07-07T10:06:54.022901Z","level":"info","event":"Poking for file /mnt/snapshots/READY_FLAG_20260706","logger":"airflow.task.operators.airflow.providers.standard.sensors.filesystem.FileSensor","filename":"filesystem.py","lineno":108}
{"timestamp":"2026-07-07T10:07:04.025278Z","level":"info","event":"Poking for file /mnt/snapshots/READY_FLAG_20260706","logger":"airflow.task.operators.airflow.providers.standard.sensors.filesystem.FileSensor","filename":"filesystem.py","lineno":108}
{"timestamp":"2026-07-07T10:07:14.023959Z","level":"info","event":"Poking for file /mnt/snapshots/READY_FLAG_20260706","logger":"airflow.task.operators.airflow.providers.standard.sensors.filesystem.FileSensor","filename":"filesystem.py","lineno":108}
{"timestamp":"2026-07-07T10:07:24.026116Z","level":"info","event":"Poking for file /mnt/snapshots/READY_FLAG_20260706","logger":"airflow.task.operators.airflow.providers.standard.sensors.filesystem.FileSensor","filename":"filesystem.py","lineno":108}
{"timestamp":"2026-07-07T10:07:34.029213Z","level":"info","event":"Poking for file /mnt/snapshots/READY_FLAG_20260706","logger":"airflow.task.operators.airflow.providers.standard.sensors.filesystem.FileSensor","filename":"filesystem.py","lineno":108}
{"timestamp":"2026-07-07T10:07:44.027914Z","level":"info","event":"Poking for file /mnt/snapshots/READY_FLAG_20260706","logger":"airflow.task.operators.airflow.providers.standard.sensors.filesystem.FileSensor","filename":"filesystem.py","lineno":108}
{"timestamp":"2026-07-07T10:07:54.030713Z","level":"info","event":"Poking for file /mnt/snapshots/READY_FLAG_20260706","logger":"airflow.task.operators.airflow.providers.standard.sensors.filesystem.FileSensor","filename":"filesystem.py","lineno":108}
{"timestamp":"2026-07-07T10:08:04.033107Z","level":"info","event":"Poking for file /mnt/snapshots/READY_FLAG_20260706","logger":"airflow.task.operators.airflow.providers.standard.sensors.filesystem.FileSensor","filename":"filesystem.py","lineno":108}
{"timestamp":"2026-07-07T10:08:14.031962Z","level":"info","event":"Poking for file /mnt/snapshots/READY_FLAG_20260706","logger":"airflow.task.operators.airflow.providers.standard.sensors.filesystem.FileSensor","filename":"filesystem.py","lineno":108}
{"timestamp":"2026-07-07T10:08:24.037359Z","level":"info","event":"Poking for file /mnt/snapshots/READY_FLAG_20260706","logger":"airflow.task.operators.airflow.providers.standard.sensors.filesystem.FileSensor","filename":"filesystem.py","lineno":108}
{"timestamp":"2026-07-07T10:08:34.038909Z","level":"info","event":"Poking for file /mnt/snapshots/READY_FLAG_20260706","logger":"airflow.task.operators.airflow.providers.standard.sensors.filesystem.FileSensor","filename":"filesystem.py","lineno":108}
{"timestamp":"2026-07-07T10:08:44.037816Z","level":"info","event":"Poking for file /mnt/snapshots/READY_FLAG_20260706","logger":"airflow.task.operators.airflow.providers.standard.sensors.filesystem.FileSensor","filename":"filesystem.py","lineno":108}
{"timestamp":"2026-07-07T10:08:54.040020Z","level":"info","event":"Poking for file /mnt/snapshots/READY_FLAG_20260706","logger":"airflow.task.operators.airflow.providers.standard.sensors.filesystem.FileSensor","filename":"filesystem.py","lineno":108}
{"timestamp":"2026-07-07T10:09:04.041733Z","level":"info","event":"Poking for file /mnt/snapshots/READY_FLAG_20260706","logger":"airflow.task.operators.airflow.providers.standard.sensors.filesystem.FileSensor","filename":"filesystem.py","lineno":108}
{"timestamp":"2026-07-07T10:09:14.040126Z","level":"info","event":"Poking for file /mnt/snapshots/READY_FLAG_20260706","logger":"airflow.task.operators.airflow.providers.standard.sensors.filesystem.FileSensor","filename":"filesystem.py","lineno":108}
{"timestamp":"2026-07-07T10:09:24.041621Z","level":"info","event":"Poking for file /mnt/snapshots/READY_FLAG_20260706","logger":"airflow.task.operators.airflow.providers.standard.sensors.filesystem.FileSensor","filename":"filesystem.py","lineno":108}
{"timestamp":"2026-07-07T10:09:34.043912Z","level":"info","event":"Poking for file /mnt/snapshots/READY_FLAG_20260706","logger":"airflow.task.operators.airflow.providers.standard.sensors.filesystem.FileSensor","filename":"filesystem.py","lineno":108}
{"timestamp":"2026-07-07T10:09:44.042400Z","level":"info","event":"Poking for file /mnt/snapshots/READY_FLAG_20260706","logger":"airflow.task.operators.airflow.providers.standard.sensors.filesystem.FileSensor","filename":"filesystem.py","lineno":108}
{"timestamp":"2026-07-07T10:09:54.043687Z","level":"info","event":"Poking for file /mnt/snapshots/READY_FLAG_20260706","logger":"airflow.task.operators.airflow.providers.standard.sensors.filesystem.FileSensor","filename":"filesystem.py","lineno":108}
{"timestamp":"2026-07-07T10:10:04.046572Z","level":"info","event":"Poking for file /mnt/snapshots/READY_FLAG_20260706","logger":"airflow.task.operators.airflow.providers.standard.sensors.filesystem.FileSensor","filename":"filesystem.py","lineno":108}
{"timestamp":"2026-07-07T10:10:14.045609Z","level":"info","event":"Poking for file /mnt/snapshots/READY_FLAG_20260706","logger":"airflow.task.operators.airflow.providers.standard.sensors.filesystem.FileSensor","filename":"filesystem.py","lineno":108}
{"timestamp":"2026-07-07T10:10:24.047573Z","level":"info","event":"Poking for file /mnt/snapshots/READY_FLAG_20260706","logger":"airflow.task.operators.airflow.providers.standard.sensors.filesystem.FileSensor","filename":"filesystem.py","lineno":108}
{"timestamp":"2026-07-07T10:10:34.051603Z","level":"info","event":"Poking for file /mnt/snapshots/READY_FLAG_20260706","logger":"airflow.task.operators.airflow.providers.standard.sensors.filesystem.FileSensor","filename":"filesystem.py","lineno":108}
{"timestamp":"2026-07-07T10:10:44.052014Z","level":"info","event":"Poking for file /mnt/snapshots/READY_FLAG_20260706","logger":"airflow.task.operators.airflow.providers.standard.sensors.filesystem.FileSensor","filename":"filesystem.py","lineno":108}
{"timestamp":"2026-07-07T10:10:54.053380Z","level":"info","event":"Poking for file /mnt/snapshots/READY_FLAG_20260706","logger":"airflow.task.operators.airflow.providers.standard.sensors.filesystem.FileSensor","filename":"filesystem.py","lineno":108}
{"timestamp":"2026-07-07T10:11:04.055656Z","level":"info","event":"Poking for file /mnt/snapshots/READY_FLAG_20260706","logger":"airflow.task.operators.airflow.providers.standard.sensors.filesystem.FileSensor","filename":"filesystem.py","lineno":108}
{"timestamp":"2026-07-07T10:11:14.053918Z","level":"info","event":"Poking for file /mnt/snapshots/READY_FLAG_20260706","logger":"airflow.task.operators.airflow.providers.standard.sensors.filesystem.FileSensor","filename":"filesystem.py","lineno":108}
{"timestamp":"2026-07-07T10:11:24.055847Z","level":"info","event":"Poking for file /mnt/snapshots/READY_FLAG_20260706","logger":"airflow.task.operators.airflow.providers.standard.sensors.filesystem.FileSensor","filename":"filesystem.py","lineno":108}
{"timestamp":"2026-07-07T10:11:34.057968Z","level":"info","event":"Poking for file /mnt/snapshots/READY_FLAG_20260706","logger":"airflow.task.operators.airflow.providers.standard.sensors.filesystem.FileSensor","filename":"filesystem.py","lineno":108}
{"timestamp":"2026-07-07T10:11:44.056852Z","level":"info","event":"Poking for file /mnt/snapshots/READY_FLAG_20260706","logger":"airflow.task.operators.airflow.providers.standard.sensors.filesystem.FileSensor","filename":"filesystem.py","lineno":108}
{"timestamp":"2026-07-07T10:11:54.060112Z","level":"info","event":"Poking for file /mnt/snapshots/READY_FLAG_20260706","logger":"airflow.task.operators.airflow.providers.standard.sensors.filesystem.FileSensor","filename":"filesystem.py","lineno":108}
{"timestamp":"2026-07-07T10:12:04.063130Z","level":"info","event":"Poking for file /mnt/snapshots/READY_FLAG_20260706","logger":"airflow.task.operators.airflow.providers.standard.sensors.filesystem.FileSensor","filename":"filesystem.py","lineno":108}
{"timestamp":"2026-07-07T10:12:14.062458Z","level":"info","event":"Poking for file /mnt/snapshots/READY_FLAG_20260706","logger":"airflow.task.operators.airflow.providers.standard.sensors.filesystem.FileSensor","filename":"filesystem.py","lineno":108}
{"timestamp":"2026-07-07T10:12:24.067743Z","level":"info","event":"Poking for file /mnt/snapshots/READY_FLAG_20260706","logger":"airflow.task.operators.airflow.providers.standard.sensors.filesystem.FileSensor","filename":"filesystem.py","lineno":108}
{"timestamp":"2026-07-07T10:12:34.072476Z","level":"info","event":"Poking for file /mnt/snapshots/READY_FLAG_20260706","logger":"airflow.task.operators.airflow.providers.standard.sensors.filesystem.FileSensor","filename":"filesystem.py","lineno":108}
{"timestamp":"2026-07-07T10:12:44.072865Z","level":"info","event":"Poking for file /mnt/snapshots/READY_FLAG_20260706","logger":"airflow.task.operators.airflow.providers.standard.sensors.filesystem.FileSensor","filename":"filesystem.py","lineno":108}
{"timestamp":"2026-07-07T10:12:54.075708Z","level":"info","event":"Poking for file /mnt/snapshots/READY_FLAG_20260706","logger":"airflow.task.operators.airflow.providers.standard.sensors.filesystem.FileSensor","filename":"filesystem.py","lineno":108}
{"timestamp":"2026-07-07T10:13:04.083232Z","level":"info","event":"Poking for file /mnt/snapshots/READY_FLAG_20260706","logger":"airflow.task.operators.airflow.providers.standard.sensors.filesystem.FileSensor","filename":"filesystem.py","lineno":108}
{"timestamp":"2026-07-07T10:13:14.081878Z","level":"info","event":"Poking for file /mnt/snapshots/READY_FLAG_20260706","logger":"airflow.task.operators.airflow.providers.standard.sensors.filesystem.FileSensor","filename":"filesystem.py","lineno":108}
{"timestamp":"2026-07-07T10:13:24.085957Z","level":"info","event":"Poking for file /mnt/snapshots/READY_FLAG_20260706","logger":"airflow.task.operators.airflow.providers.standard.sensors.filesystem.FileSensor","filename":"filesystem.py","lineno":108}
{"timestamp":"2026-07-07T10:13:34.090720Z","level":"info","event":"Poking for file /mnt/snapshots/READY_FLAG_20260706","logger":"airflow.task.operators.airflow.providers.standard.sensors.filesystem.FileSensor","filename":"filesystem.py","lineno":108}
{"timestamp":"2026-07-07T10:13:44.089998Z","level":"info","event":"Poking for file /mnt/snapshots/READY_FLAG_20260706","logger":"airflow.task.operators.airflow.providers.standard.sensors.filesystem.FileSensor","filename":"filesystem.py","lineno":108}
{"timestamp":"2026-07-07T10:13:54.092399Z","level":"info","event":"Poking for file /mnt/snapshots/READY_FLAG_20260706","logger":"airflow.task.operators.airflow.providers.standard.sensors.filesystem.FileSensor","filename":"filesystem.py","lineno":108}
{"timestamp":"2026-07-07T10:14:04.094817Z","level":"info","event":"Poking for file /mnt/snapshots/READY_FLAG_20260706","logger":"airflow.task.operators.airflow.providers.standard.sensors.filesystem.FileSensor","filename":"filesystem.py","lineno":108}
{"timestamp":"2026-07-07T10:14:14.093745Z","level":"info","event":"Poking for file /mnt/snapshots/READY_FLAG_20260706","logger":"airflow.task.operators.airflow.providers.standard.sensors.filesystem.FileSensor","filename":"filesystem.py","lineno":108}
{"timestamp":"2026-07-07T10:14:24.096713Z","level":"info","event":"Poking for file /mnt/snapshots/READY_FLAG_20260706","logger":"airflow.task.operators.airflow.providers.standard.sensors.filesystem.FileSensor","filename":"filesystem.py","lineno":108}
{"timestamp":"2026-07-07T10:14:34.100789Z","level":"info","event":"Poking for file /mnt/snapshots/READY_FLAG_20260706","logger":"airflow.task.operators.airflow.providers.standard.sensors.filesystem.FileSensor","filename":"filesystem.py","lineno":108}
{"timestamp":"2026-07-07T10:14:44.099057Z","level":"info","event":"Poking for file /mnt/snapshots/READY_FLAG_20260706","logger":"airflow.task.operators.airflow.providers.standard.sensors.filesystem.FileSensor","filename":"filesystem.py","lineno":108}
{"timestamp":"2026-07-07T10:14:54.100450Z","level":"info","event":"Poking for file /mnt/snapshots/READY_FLAG_20260706","logger":"airflow.task.operators.airflow.providers.standard.sensors.filesystem.FileSensor","filename":"filesystem.py","lineno":108}
{"timestamp":"2026-07-07T10:15:04.102217Z","level":"info","event":"Poking for file /mnt/snapshots/READY_FLAG_20260706","logger":"airflow.task.operators.airflow.providers.standard.sensors.filesystem.FileSensor","filename":"filesystem.py","lineno":108}
{"timestamp":"2026-07-07T10:15:14.100381Z","level":"info","event":"Poking for file /mnt/snapshots/READY_FLAG_20260706","logger":"airflow.task.operators.airflow.providers.standard.sensors.filesystem.FileSensor","filename":"filesystem.py","lineno":108}
{"timestamp":"2026-07-07T10:15:24.103884Z","level":"info","event":"Poking for file /mnt/snapshots/READY_FLAG_20260706","logger":"airflow.task.operators.airflow.providers.standard.sensors.filesystem.FileSensor","filename":"filesystem.py","lineno":108}
{"timestamp":"2026-07-07T10:15:34.105853Z","level":"info","event":"Poking for file /mnt/snapshots/READY_FLAG_20260706","logger":"airflow.task.operators.airflow.providers.standard.sensors.filesystem.FileSensor","filename":"filesystem.py","lineno":108}
{"timestamp":"2026-07-07T10:15:44.105150Z","level":"info","event":"Poking for file /mnt/snapshots/READY_FLAG_20260706","logger":"airflow.task.operators.airflow.providers.standard.sensors.filesystem.FileSensor","filename":"filesystem.py","lineno":108}
{"timestamp":"2026-07-07T10:15:54.107525Z","level":"info","event":"Poking for file /mnt/snapshots/READY_FLAG_20260706","logger":"airflow.task.operators.airflow.providers.standard.sensors.filesystem.FileSensor","filename":"filesystem.py","lineno":108}
{"timestamp":"2026-07-07T10:16:04.110733Z","level":"info","event":"Poking for file /mnt/snapshots/READY_FLAG_20260706","logger":"airflow.task.operators.airflow.providers.standard.sensors.filesystem.FileSensor","filename":"filesystem.py","lineno":108}
{"timestamp":"2026-07-07T10:16:14.109821Z","level":"info","event":"Poking for file /mnt/snapshots/READY_FLAG_20260706","logger":"airflow.task.operators.airflow.providers.standard.sensors.filesystem.FileSensor","filename":"filesystem.py","lineno":108}
{"timestamp":"2026-07-07T10:16:24.112334Z","level":"info","event":"Poking for file /mnt/snapshots/READY_FLAG_20260706","logger":"airflow.task.operators.airflow.providers.standard.sensors.filesystem.FileSensor","filename":"filesystem.py","lineno":108}
{"timestamp":"2026-07-07T10:16:34.114784Z","level":"info","event":"Poking for file /mnt/snapshots/READY_FLAG_20260706","logger":"airflow.task.operators.airflow.providers.standard.sensors.filesystem.FileSensor","filename":"filesystem.py","lineno":108}
{"timestamp":"2026-07-07T10:16:44.112924Z","level":"info","event":"Poking for file /mnt/snapshots/READY_FLAG_20260706","logger":"airflow.task.operators.airflow.providers.standard.sensors.filesystem.FileSensor","filename":"filesystem.py","lineno":108}
{"timestamp":"2026-07-07T10:16:54.114360Z","level":"info","event":"Poking for file /mnt/snapshots/READY_FLAG_20260706","logger":"airflow.task.operators.airflow.providers.standard.sensors.filesystem.FileSensor","filename":"filesystem.py","lineno":108}
{"timestamp":"2026-07-07T10:17:04.115833Z","level":"info","event":"Poking for file /mnt/snapshots/READY_FLAG_20260706","logger":"airflow.task.operators.airflow.providers.standard.sensors.filesystem.FileSensor","filename":"filesystem.py","lineno":108}
{"timestamp":"2026-07-07T10:17:14.111557Z","level":"info","event":"Poking for file /mnt/snapshots/READY_FLAG_20260706","logger":"airflow.task.operators.airflow.providers.standard.sensors.filesystem.FileSensor","filename":"filesystem.py","lineno":108}
{"timestamp":"2026-07-07T10:17:24.113192Z","level":"info","event":"Poking for file /mnt/snapshots/READY_FLAG_20260706","logger":"airflow.task.operators.airflow.providers.standard.sensors.filesystem.FileSensor","filename":"filesystem.py","lineno":108}
{"timestamp":"2026-07-07T10:17:34.115128Z","level":"info","event":"Poking for file /mnt/snapshots/READY_FLAG_20260706","logger":"airflow.task.operators.airflow.providers.standard.sensors.filesystem.FileSensor","filename":"filesystem.py","lineno":108}
{"timestamp":"2026-07-07T10:17:44.113158Z","level":"info","event":"Poking for file /mnt/snapshots/READY_FLAG_20260706","logger":"airflow.task.operators.airflow.providers.standard.sensors.filesystem.FileSensor","filename":"filesystem.py","lineno":108}
{"timestamp":"2026-07-07T10:17:54.115767Z","level":"info","event":"Poking for file /mnt/snapshots/READY_FLAG_20260706","logger":"airflow.task.operators.airflow.providers.standard.sensors.filesystem.FileSensor","filename":"filesystem.py","lineno":108}
{"timestamp":"2026-07-07T10:18:04.122365Z","level":"info","event":"Poking for file /mnt/snapshots/READY_FLAG_20260706","logger":"airflow.task.operators.airflow.providers.standard.sensors.filesystem.FileSensor","filename":"filesystem.py","lineno":108}
{"timestamp":"2026-07-07T10:18:14.120714Z","level":"info","event":"Poking for file /mnt/snapshots/READY_FLAG_20260706","logger":"airflow.task.operators.airflow.providers.standard.sensors.filesystem.FileSensor","filename":"filesystem.py","lineno":108}
{"timestamp":"2026-07-07T10:18:24.123509Z","level":"info","event":"Poking for file /mnt/snapshots/READY_FLAG_20260706","logger":"airflow.task.operators.airflow.providers.standard.sensors.filesystem.FileSensor","filename":"filesystem.py","lineno":108}
{"timestamp":"2026-07-07T10:18:34.124823Z","level":"info","event":"Poking for file /mnt/snapshots/READY_FLAG_20260706","logger":"airflow.task.operators.airflow.providers.standard.sensors.filesystem.FileSensor","filename":"filesystem.py","lineno":108}
{"timestamp":"2026-07-07T10:18:44.122801Z","level":"info","event":"Poking for file /mnt/snapshots/READY_FLAG_20260706","logger":"airflow.task.operators.airflow.providers.standard.sensors.filesystem.FileSensor","filename":"filesystem.py","lineno":108}
{"timestamp":"2026-07-07T10:18:54.125879Z","level":"info","event":"Poking for file /mnt/snapshots/READY_FLAG_20260706","logger":"airflow.task.operators.airflow.providers.standard.sensors.filesystem.FileSensor","filename":"filesystem.py","lineno":108}
{"timestamp":"2026-07-07T10:19:04.128525Z","level":"info","event":"Poking for file /mnt/snapshots/READY_FLAG_20260706","logger":"airflow.task.operators.airflow.providers.standard.sensors.filesystem.FileSensor","filename":"filesystem.py","lineno":108}
{"timestamp":"2026-07-07T10:19:14.127906Z","level":"info","event":"Poking for file /mnt/snapshots/READY_FLAG_20260706","logger":"airflow.task.operators.airflow.providers.standard.sensors.filesystem.FileSensor","filename":"filesystem.py","lineno":108}
{"timestamp":"2026-07-07T10:19:24.130979Z","level":"info","event":"Poking for file /mnt/snapshots/READY_FLAG_20260706","logger":"airflow.task.operators.airflow.providers.standard.sensors.filesystem.FileSensor","filename":"filesystem.py","lineno":108}
{"timestamp":"2026-07-07T10:19:34.131895Z","level":"info","event":"Poking for file /mnt/snapshots/READY_FLAG_20260706","logger":"airflow.task.operators.airflow.providers.standard.sensors.filesystem.FileSensor","filename":"filesystem.py","lineno":108}
{"timestamp":"2026-07-07T10:19:44.129195Z","level":"info","event":"Poking for file /mnt/snapshots/READY_FLAG_20260706","logger":"airflow.task.operators.airflow.providers.standard.sensors.filesystem.FileSensor","filename":"filesystem.py","lineno":108}
{"timestamp":"2026-07-07T10:19:54.131612Z","level":"info","event":"Poking for file /mnt/snapshots/READY_FLAG_20260706","logger":"airflow.task.operators.airflow.providers.standard.sensors.filesystem.FileSensor","filename":"filesystem.py","lineno":108}
{"timestamp":"2026-07-07T10:20:04.133790Z","level":"info","event":"Poking for file /mnt/snapshots/READY_FLAG_20260706","logger":"airflow.task.operators.airflow.providers.standard.sensors.filesystem.FileSensor","filename":"filesystem.py","lineno":108}
{"timestamp":"2026-07-07T10:20:14.135729Z","level":"info","event":"Poking for file /mnt/snapshots/READY_FLAG_20260706","logger":"airflow.task.operators.airflow.providers.standard.sensors.filesystem.FileSensor","filename":"filesystem.py","lineno":108}
{"timestamp":"2026-07-07T10:20:24.140551Z","level":"info","event":"Poking for file /mnt/snapshots/READY_FLAG_20260706","logger":"airflow.task.operators.airflow.providers.standard.sensors.filesystem.FileSensor","filename":"filesystem.py","lineno":108}
{"timestamp":"2026-07-07T10:20:34.143289Z","level":"info","event":"Poking for file /mnt/snapshots/READY_FLAG_20260706","logger":"airflow.task.operators.airflow.providers.standard.sensors.filesystem.FileSensor","filename":"filesystem.py","lineno":108}
{"timestamp":"2026-07-07T10:20:44.139885Z","level":"info","event":"Poking for file /mnt/snapshots/READY_FLAG_20260706","logger":"airflow.task.operators.airflow.providers.standard.sensors.filesystem.FileSensor","filename":"filesystem.py","lineno":108}
{"timestamp":"2026-07-07T10:20:54.142941Z","level":"info","event":"Poking for file /mnt/snapshots/READY_FLAG_20260706","logger":"airflow.task.operators.airflow.providers.standard.sensors.filesystem.FileSensor","filename":"filesystem.py","lineno":108}
{"timestamp":"2026-07-07T10:21:04.147084Z","level":"info","event":"Poking for file /mnt/snapshots/READY_FLAG_20260706","logger":"airflow.task.operators.airflow.providers.standard.sensors.filesystem.FileSensor","filename":"filesystem.py","lineno":108}
{"timestamp":"2026-07-07T10:21:14.145492Z","level":"info","event":"Poking for file /mnt/snapshots/READY_FLAG_20260706","logger":"airflow.task.operators.airflow.providers.standard.sensors.filesystem.FileSensor","filename":"filesystem.py","lineno":108}
{"timestamp":"2026-07-07T10:21:24.147138Z","level":"info","event":"Poking for file /mnt/snapshots/READY_FLAG_20260706","logger":"airflow.task.operators.airflow.providers.standard.sensors.filesystem.FileSensor","filename":"filesystem.py","lineno":108}
{"timestamp":"2026-07-07T10:21:34.148197Z","level":"info","event":"Poking for file /mnt/snapshots/READY_FLAG_20260706","logger":"airflow.task.operators.airflow.providers.standard.sensors.filesystem.FileSensor","filename":"filesystem.py","lineno":108}
{"timestamp":"2026-07-07T10:21:44.145885Z","level":"info","event":"Poking for file /mnt/snapshots/READY_FLAG_20260706","logger":"airflow.task.operators.airflow.providers.standard.sensors.filesystem.FileSensor","filename":"filesystem.py","lineno":108}
{"timestamp":"2026-07-07T10:21:54.149739Z","level":"info","event":"Poking for file /mnt/snapshots/READY_FLAG_20260706","logger":"airflow.task.operators.airflow.providers.standard.sensors.filesystem.FileSensor","filename":"filesystem.py","lineno":108}
{"timestamp":"2026-07-07T10:22:04.152424Z","level":"info","event":"Poking for file /mnt/snapshots/READY_FLAG_20260706","logger":"airflow.task.operators.airflow.providers.standard.sensors.filesystem.FileSensor","filename":"filesystem.py","lineno":108}
{"timestamp":"2026-07-07T10:22:14.153656Z","level":"info","event":"Poking for file /mnt/snapshots/READY_FLAG_20260706","logger":"airflow.task.operators.airflow.providers.standard.sensors.filesystem.FileSensor","filename":"filesystem.py","lineno":108}
{"timestamp":"2026-07-07T10:22:24.156599Z","level":"info","event":"Poking for file /mnt/snapshots/READY_FLAG_20260706","logger":"airflow.task.operators.airflow.providers.standard.sensors.filesystem.FileSensor","filename":"filesystem.py","lineno":108}
{"timestamp":"2026-07-07T10:22:34.159437Z","level":"info","event":"Poking for file /mnt/snapshots/READY_FLAG_20260706","logger":"airflow.task.operators.airflow.providers.standard.sensors.filesystem.FileSensor","filename":"filesystem.py","lineno":108}
{"timestamp":"2026-07-07T10:22:44.157738Z","level":"info","event":"Poking for file /mnt/snapshots/READY_FLAG_20260706","logger":"airflow.task.operators.airflow.providers.standard.sensors.filesystem.FileSensor","filename":"filesystem.py","lineno":108}
{"timestamp":"2026-07-07T10:22:54.162292Z","level":"info","event":"Poking for file /mnt/snapshots/READY_FLAG_20260706","logger":"airflow.task.operators.airflow.providers.standard.sensors.filesystem.FileSensor","filename":"filesystem.py","lineno":108}
{"timestamp":"2026-07-07T10:23:04.164147Z","level":"info","event":"Poking for file /mnt/snapshots/READY_FLAG_20260706","logger":"airflow.task.operators.airflow.providers.standard.sensors.filesystem.FileSensor","filename":"filesystem.py","lineno":108}
{"timestamp":"2026-07-07T10:23:14.163876Z","level":"info","event":"Poking for file /mnt/snapshots/READY_FLAG_20260706","logger":"airflow.task.operators.airflow.providers.standard.sensors.filesystem.FileSensor","filename":"filesystem.py","lineno":108}
{"timestamp":"2026-07-07T10:23:24.165692Z","level":"info","event":"Poking for file /mnt/snapshots/READY_FLAG_20260706","logger":"airflow.task.operators.airflow.providers.standard.sensors.filesystem.FileSensor","filename":"filesystem.py","lineno":108}
{"timestamp":"2026-07-07T10:23:34.167940Z","level":"info","event":"Poking for file /mnt/snapshots/READY_FLAG_20260706","logger":"airflow.task.operators.airflow.providers.standard.sensors.filesystem.FileSensor","filename":"filesystem.py","lineno":108}
{"timestamp":"2026-07-07T10:23:44.167167Z","level":"info","event":"Poking for file /mnt/snapshots/READY_FLAG_20260706","logger":"airflow.task.operators.airflow.providers.standard.sensors.filesystem.FileSensor","filename":"filesystem.py","lineno":108}
{"timestamp":"2026-07-07T10:23:54.172337Z","level":"info","event":"Poking for file /mnt/snapshots/READY_FLAG_20260706","logger":"airflow.task.operators.airflow.providers.standard.sensors.filesystem.FileSensor","filename":"filesystem.py","lineno":108}
{"timestamp":"2026-07-07T10:24:04.174994Z","level":"info","event":"Poking for file /mnt/snapshots/READY_FLAG_20260706","logger":"airflow.task.operators.airflow.providers.standard.sensors.filesystem.FileSensor","filename":"filesystem.py","lineno":108}
{"timestamp":"2026-07-07T10:24:14.172710Z","level":"info","event":"Poking for file /mnt/snapshots/READY_FLAG_20260706","logger":"airflow.task.operators.airflow.providers.standard.sensors.filesystem.FileSensor","filename":"filesystem.py","lineno":108}
{"timestamp":"2026-07-07T10:24:24.174556Z","level":"info","event":"Poking for file /mnt/snapshots/READY_FLAG_20260706","logger":"airflow.task.operators.airflow.providers.standard.sensors.filesystem.FileSensor","filename":"filesystem.py","lineno":108}
{"timestamp":"2026-07-07T10:24:34.175954Z","level":"info","event":"Poking for file /mnt/snapshots/READY_FLAG_20260706","logger":"airflow.task.operators.airflow.providers.standard.sensors.filesystem.FileSensor","filename":"filesystem.py","lineno":108}
{"timestamp":"2026-07-07T10:24:44.173951Z","level":"info","event":"Poking for file /mnt/snapshots/READY_FLAG_20260706","logger":"airflow.task.operators.airflow.providers.standard.sensors.filesystem.FileSensor","filename":"filesystem.py","lineno":108}
{"timestamp":"2026-07-07T10:24:54.177167Z","level":"info","event":"Poking for file /mnt/snapshots/READY_FLAG_20260706","logger":"airflow.task.operators.airflow.providers.standard.sensors.filesystem.FileSensor","filename":"filesystem.py","lineno":108}
{"timestamp":"2026-07-07T10:25:04.180276Z","level":"info","event":"Poking for file /mnt/snapshots/READY_FLAG_20260706","logger":"airflow.task.operators.airflow.providers.standard.sensors.filesystem.FileSensor","filename":"filesystem.py","lineno":108}
{"timestamp":"2026-07-07T10:25:14.180251Z","level":"info","event":"Poking for file /mnt/snapshots/READY_FLAG_20260706","logger":"airflow.task.operators.airflow.providers.standard.sensors.filesystem.FileSensor","filename":"filesystem.py","lineno":108}
{"timestamp":"2026-07-07T10:25:24.181917Z","level":"info","event":"Poking for file /mnt/snapshots/READY_FLAG_20260706","logger":"airflow.task.operators.airflow.providers.standard.sensors.filesystem.FileSensor","filename":"filesystem.py","lineno":108}
{"timestamp":"2026-07-07T10:25:34.189597Z","level":"info","event":"Poking for file /mnt/snapshots/READY_FLAG_20260706","logger":"airflow.task.operators.airflow.providers.standard.sensors.filesystem.FileSensor","filename":"filesystem.py","lineno":108}
{"timestamp":"2026-07-07T10:25:44.189923Z","level":"info","event":"Poking for file /mnt/snapshots/READY_FLAG_20260706","logger":"airflow.task.operators.airflow.providers.standard.sensors.filesystem.FileSensor","filename":"filesystem.py","lineno":108}
{"timestamp":"2026-07-07T10:25:54.193149Z","level":"info","event":"Poking for file /mnt/snapshots/READY_FLAG_20260706","logger":"airflow.task.operators.airflow.providers.standard.sensors.filesystem.FileSensor","filename":"filesystem.py","lineno":108}
{"timestamp":"2026-07-07T10:26:04.195314Z","level":"info","event":"Poking for file /mnt/snapshots/READY_FLAG_20260706","logger":"airflow.task.operators.airflow.providers.standard.sensors.filesystem.FileSensor","filename":"filesystem.py","lineno":108}
{"timestamp":"2026-07-07T10:26:14.194628Z","level":"info","event":"Poking for file /mnt/snapshots/READY_FLAG_20260706","logger":"airflow.task.operators.airflow.providers.standard.sensors.filesystem.FileSensor","filename":"filesystem.py","lineno":108}
{"timestamp":"2026-07-07T10:26:24.196633Z","level":"info","event":"Poking for file /mnt/snapshots/READY_FLAG_20260706","logger":"airflow.task.operators.airflow.providers.standard.sensors.filesystem.FileSensor","filename":"filesystem.py","lineno":108}
{"timestamp":"2026-07-07T10:26:34.198169Z","level":"info","event":"Poking for file /mnt/snapshots/READY_FLAG_20260706","logger":"airflow.task.operators.airflow.providers.standard.sensors.filesystem.FileSensor","filename":"filesystem.py","lineno":108}
{"timestamp":"2026-07-07T10:26:44.195953Z","level":"info","event":"Poking for file /mnt/snapshots/READY_FLAG_20260706","logger":"airflow.task.operators.airflow.providers.standard.sensors.filesystem.FileSensor","filename":"filesystem.py","lineno":108}
{"timestamp":"2026-07-07T10:26:54.198464Z","level":"info","event":"Poking for file /mnt/snapshots/READY_FLAG_20260706","logger":"airflow.task.operators.airflow.providers.standard.sensors.filesystem.FileSensor","filename":"filesystem.py","lineno":108}
{"timestamp":"2026-07-07T10:27:04.201627Z","level":"info","event":"Poking for file /mnt/snapshots/READY_FLAG_20260706","logger":"airflow.task.operators.airflow.providers.standard.sensors.filesystem.FileSensor","filename":"filesystem.py","lineno":108}
{"timestamp":"2026-07-07T10:27:14.201035Z","level":"info","event":"Poking for file /mnt/snapshots/READY_FLAG_20260706","logger":"airflow.task.operators.airflow.providers.standard.sensors.filesystem.FileSensor","filename":"filesystem.py","lineno":108}
{"timestamp":"2026-07-07T10:27:24.204716Z","level":"info","event":"Poking for file /mnt/snapshots/READY_FLAG_20260706","logger":"airflow.task.operators.airflow.providers.standard.sensors.filesystem.FileSensor","filename":"filesystem.py","lineno":108}
{"timestamp":"2026-07-07T10:27:34.207314Z","level":"info","event":"Poking for file /mnt/snapshots/READY_FLAG_20260706","logger":"airflow.task.operators.airflow.providers.standard.sensors.filesystem.FileSensor","filename":"filesystem.py","lineno":108}
{"timestamp":"2026-07-07T10:27:44.208538Z","level":"info","event":"Poking for file /mnt/snapshots/READY_FLAG_20260706","logger":"airflow.task.operators.airflow.providers.standard.sensors.filesystem.FileSensor","filename":"filesystem.py","lineno":108}
{"timestamp":"2026-07-07T10:27:54.211320Z","level":"info","event":"Poking for file /mnt/snapshots/READY_FLAG_20260706","logger":"airflow.task.operators.airflow.providers.standard.sensors.filesystem.FileSensor","filename":"filesystem.py","lineno":108}
{"timestamp":"2026-07-07T10:28:04.212828Z","level":"info","event":"Poking for file /mnt/snapshots/READY_FLAG_20260706","logger":"airflow.task.operators.airflow.providers.standard.sensors.filesystem.FileSensor","filename":"filesystem.py","lineno":108}
{"timestamp":"2026-07-07T10:28:14.212619Z","level":"info","event":"Poking for file /mnt/snapshots/READY_FLAG_20260706","logger":"airflow.task.operators.airflow.providers.standard.sensors.filesystem.FileSensor","filename":"filesystem.py","lineno":108}
{"timestamp":"2026-07-07T10:28:24.214562Z","level":"info","event":"Poking for file /mnt/snapshots/READY_FLAG_20260706","logger":"airflow.task.operators.airflow.providers.standard.sensors.filesystem.FileSensor","filename":"filesystem.py","lineno":108}
{"timestamp":"2026-07-07T10:28:34.217132Z","level":"info","event":"Poking for file /mnt/snapshots/READY_FLAG_20260706","logger":"airflow.task.operators.airflow.providers.standard.sensors.filesystem.FileSensor","filename":"filesystem.py","lineno":108}
{"timestamp":"2026-07-07T10:28:44.216490Z","level":"info","event":"Poking for file /mnt/snapshots/READY_FLAG_20260706","logger":"airflow.task.operators.airflow.providers.standard.sensors.filesystem.FileSensor","filename":"filesystem.py","lineno":108}
{"timestamp":"2026-07-07T10:28:54.218644Z","level":"info","event":"Poking for file /mnt/snapshots/READY_FLAG_20260706","logger":"airflow.task.operators.airflow.providers.standard.sensors.filesystem.FileSensor","filename":"filesystem.py","lineno":108}
{"timestamp":"2026-07-07T10:29:04.221076Z","level":"info","event":"Poking for file /mnt/snapshots/READY_FLAG_20260706","logger":"airflow.task.operators.airflow.providers.standard.sensors.filesystem.FileSensor","filename":"filesystem.py","lineno":108}
{"timestamp":"2026-07-07T10:29:14.219043Z","level":"info","event":"Poking for file /mnt/snapshots/READY_FLAG_20260706","logger":"airflow.task.operators.airflow.providers.standard.sensors.filesystem.FileSensor","filename":"filesystem.py","lineno":108}
{"timestamp":"2026-07-07T10:29:24.222941Z","level":"info","event":"Poking for file /mnt/snapshots/READY_FLAG_20260706","logger":"airflow.task.operators.airflow.providers.standard.sensors.filesystem.FileSensor","filename":"filesystem.py","lineno":108}
{"timestamp":"2026-07-07T10:29:34.225883Z","level":"info","event":"Poking for file /mnt/snapshots/READY_FLAG_20260706","logger":"airflow.task.operators.airflow.providers.standard.sensors.filesystem.FileSensor","filename":"filesystem.py","lineno":108}
{"timestamp":"2026-07-07T10:29:44.223911Z","level":"info","event":"Poking for file /mnt/snapshots/READY_FLAG_20260706","logger":"airflow.task.operators.airflow.providers.standard.sensors.filesystem.FileSensor","filename":"filesystem.py","lineno":108}
{"timestamp":"2026-07-07T10:29:54.226982Z","level":"info","event":"Poking for file /mnt/snapshots/READY_FLAG_20260706","logger":"airflow.task.operators.airflow.providers.standard.sensors.filesystem.FileSensor","filename":"filesystem.py","lineno":108}
{"timestamp":"2026-07-07T10:30:04.229477Z","level":"info","event":"Poking for file /mnt/snapshots/READY_FLAG_20260706","logger":"airflow.task.operators.airflow.providers.standard.sensors.filesystem.FileSensor","filename":"filesystem.py","lineno":108}
{"timestamp":"2026-07-07T10:30:14.229025Z","level":"info","event":"Poking for file /mnt/snapshots/READY_FLAG_20260706","logger":"airflow.task.operators.airflow.providers.standard.sensors.filesystem.FileSensor","filename":"filesystem.py","lineno":108}
{"timestamp":"2026-07-07T10:30:24.230611Z","level":"info","event":"Poking for file /mnt/snapshots/READY_FLAG_20260706","logger":"airflow.task.operators.airflow.providers.standard.sensors.filesystem.FileSensor","filename":"filesystem.py","lineno":108}
{"timestamp":"2026-07-07T10:30:34.234179Z","level":"info","event":"Poking for file /mnt/snapshots/READY_FLAG_20260706","logger":"airflow.task.operators.airflow.providers.standard.sensors.filesystem.FileSensor","filename":"filesystem.py","lineno":108}
{"timestamp":"2026-07-07T10:30:44.231594Z","level":"info","event":"Poking for file /mnt/snapshots/READY_FLAG_20260706","logger":"airflow.task.operators.airflow.providers.standard.sensors.filesystem.FileSensor","filename":"filesystem.py","lineno":108}
{"timestamp":"2026-07-07T10:30:54.236115Z","level":"info","event":"Poking for file /mnt/snapshots/READY_FLAG_20260706","logger":"airflow.task.operators.airflow.providers.standard.sensors.filesystem.FileSensor","filename":"filesystem.py","lineno":108}
{"timestamp":"2026-07-07T10:31:04.238748Z","level":"info","event":"Poking for file /mnt/snapshots/READY_FLAG_20260706","logger":"airflow.task.operators.airflow.providers.standard.sensors.filesystem.FileSensor","filename":"filesystem.py","lineno":108}
{"timestamp":"2026-07-07T10:31:14.239958Z","level":"info","event":"Poking for file /mnt/snapshots/READY_FLAG_20260706","logger":"airflow.task.operators.airflow.providers.standard.sensors.filesystem.FileSensor","filename":"filesystem.py","lineno":108}
{"timestamp":"2026-07-07T10:31:24.241481Z","level":"info","event":"Poking for file /mnt/snapshots/READY_FLAG_20260706","logger":"airflow.task.operators.airflow.providers.standard.sensors.filesystem.FileSensor","filename":"filesystem.py","lineno":108}
{"timestamp":"2026-07-07T10:31:34.243002Z","level":"info","event":"Poking for file /mnt/snapshots/READY_FLAG_20260706","logger":"airflow.task.operators.airflow.providers.standard.sensors.filesystem.FileSensor","filename":"filesystem.py","lineno":108}
{"timestamp":"2026-07-07T10:31:44.241503Z","level":"info","event":"Poking for file /mnt/snapshots/READY_FLAG_20260706","logger":"airflow.task.operators.airflow.providers.standard.sensors.filesystem.FileSensor","filename":"filesystem.py","lineno":108}
{"timestamp":"2026-07-07T10:31:54.243411Z","level":"info","event":"Poking for file /mnt/snapshots/READY_FLAG_20260706","logger":"airflow.task.operators.airflow.providers.standard.sensors.filesystem.FileSensor","filename":"filesystem.py","lineno":108}
{"timestamp":"2026-07-07T10:32:04.244972Z","level":"info","event":"Poking for file /mnt/snapshots/READY_FLAG_20260706","logger":"airflow.task.operators.airflow.providers.standard.sensors.filesystem.FileSensor","filename":"filesystem.py","lineno":108}
{"timestamp":"2026-07-07T10:32:14.240772Z","level":"info","event":"Poking for file /mnt/snapshots/READY_FLAG_20260706","logger":"airflow.task.operators.airflow.providers.standard.sensors.filesystem.FileSensor","filename":"filesystem.py","lineno":108}
{"timestamp":"2026-07-07T10:32:24.242606Z","level":"info","event":"Poking for file /mnt/snapshots/READY_FLAG_20260706","logger":"airflow.task.operators.airflow.providers.standard.sensors.filesystem.FileSensor","filename":"filesystem.py","lineno":108}
{"timestamp":"2026-07-07T10:32:34.244934Z","level":"info","event":"Poking for file /mnt/snapshots/READY_FLAG_20260706","logger":"airflow.task.operators.airflow.providers.standard.sensors.filesystem.FileSensor","filename":"filesystem.py","lineno":108}
{"timestamp":"2026-07-07T10:32:44.245811Z","level":"info","event":"Poking for file /mnt/snapshots/READY_FLAG_20260706","logger":"airflow.task.operators.airflow.providers.standard.sensors.filesystem.FileSensor","filename":"filesystem.py","lineno":108}
{"timestamp":"2026-07-07T10:32:54.249475Z","level":"info","event":"Poking for file /mnt/snapshots/READY_FLAG_20260706","logger":"airflow.task.operators.airflow.providers.standard.sensors.filesystem.FileSensor","filename":"filesystem.py","lineno":108}
{"timestamp":"2026-07-07T10:33:04.251780Z","level":"info","event":"Poking for file /mnt/snapshots/READY_FLAG_20260706","logger":"airflow.task.operators.airflow.providers.standard.sensors.filesystem.FileSensor","filename":"filesystem.py","lineno":108}
{"timestamp":"2026-07-07T10:33:14.251860Z","level":"info","event":"Poking for file /mnt/snapshots/READY_FLAG_20260706","logger":"airflow.task.operators.airflow.providers.standard.sensors.filesystem.FileSensor","filename":"filesystem.py","lineno":108}
{"timestamp":"2026-07-07T10:33:24.254495Z","level":"info","event":"Poking for file /mnt/snapshots/READY_FLAG_20260706","logger":"airflow.task.operators.airflow.providers.standard.sensors.filesystem.FileSensor","filename":"filesystem.py","lineno":108}
{"timestamp":"2026-07-07T10:33:34.257709Z","level":"info","event":"Poking for file /mnt/snapshots/READY_FLAG_20260706","logger":"airflow.task.operators.airflow.providers.standard.sensors.filesystem.FileSensor","filename":"filesystem.py","lineno":108}
{"timestamp":"2026-07-07T10:33:44.258460Z","level":"info","event":"Poking for file /mnt/snapshots/READY_FLAG_20260706","logger":"airflow.task.operators.airflow.providers.standard.sensors.filesystem.FileSensor","filename":"filesystem.py","lineno":108}
{"timestamp":"2026-07-07T10:33:54.261243Z","level":"info","event":"Poking for file /mnt/snapshots/READY_FLAG_20260706","logger":"airflow.task.operators.airflow.providers.standard.sensors.filesystem.FileSensor","filename":"filesystem.py","lineno":108}
{"timestamp":"2026-07-07T10:34:04.263517Z","level":"info","event":"Poking for file /mnt/snapshots/READY_FLAG_20260706","logger":"airflow.task.operators.airflow.providers.standard.sensors.filesystem.FileSensor","filename":"filesystem.py","lineno":108}
{"timestamp":"2026-07-07T10:34:14.261010Z","level":"info","event":"Poking for file /mnt/snapshots/READY_FLAG_20260706","logger":"airflow.task.operators.airflow.providers.standard.sensors.filesystem.FileSensor","filename":"filesystem.py","lineno":108}
{"timestamp":"2026-07-07T10:34:24.265209Z","level":"info","event":"Poking for file /mnt/snapshots/READY_FLAG_20260706","logger":"airflow.task.operators.airflow.providers.standard.sensors.filesystem.FileSensor","filename":"filesystem.py","lineno":108}
{"timestamp":"2026-07-07T10:34:34.267194Z","level":"info","event":"Poking for file /mnt/snapshots/READY_FLAG_20260706","logger":"airflow.task.operators.airflow.providers.standard.sensors.filesystem.FileSensor","filename":"filesystem.py","lineno":108}
{"timestamp":"2026-07-07T10:34:44.267286Z","level":"info","event":"Poking for file /mnt/snapshots/READY_FLAG_20260706","logger":"airflow.task.operators.airflow.providers.standard.sensors.filesystem.FileSensor","filename":"filesystem.py","lineno":108}
{"timestamp":"2026-07-07T10:34:54.270550Z","level":"info","event":"Poking for file /mnt/snapshots/READY_FLAG_20260706","logger":"airflow.task.operators.airflow.providers.standard.sensors.filesystem.FileSensor","filename":"filesystem.py","lineno":108}
{"timestamp":"2026-07-07T10:35:04.272404Z","level":"info","event":"Poking for file /mnt/snapshots/READY_FLAG_20260706","logger":"airflow.task.operators.airflow.providers.standard.sensors.filesystem.FileSensor","filename":"filesystem.py","lineno":108}
{"timestamp":"2026-07-07T10:35:14.272544Z","level":"info","event":"Poking for file /mnt/snapshots/READY_FLAG_20260706","logger":"airflow.task.operators.airflow.providers.standard.sensors.filesystem.FileSensor","filename":"filesystem.py","lineno":108}
{"timestamp":"2026-07-07T10:35:24.274210Z","level":"info","event":"Poking for file /mnt/snapshots/READY_FLAG_20260706","logger":"airflow.task.operators.airflow.providers.standard.sensors.filesystem.FileSensor","filename":"filesystem.py","lineno":108}
{"timestamp":"2026-07-07T10:35:34.277181Z","level":"info","event":"Poking for file /mnt/snapshots/READY_FLAG_20260706","logger":"airflow.task.operators.airflow.providers.standard.sensors.filesystem.FileSensor","filename":"filesystem.py","lineno":108}
{"timestamp":"2026-07-07T10:35:44.264966Z","level":"info","event":"Poking for file /mnt/snapshots/READY_FLAG_20260706","logger":"airflow.task.operators.airflow.providers.standard.sensors.filesystem.FileSensor","filename":"filesystem.py","lineno":108}
{"timestamp":"2026-07-07T10:35:54.267269Z","level":"info","event":"Poking for file /mnt/snapshots/READY_FLAG_20260706","logger":"airflow.task.operators.airflow.providers.standard.sensors.filesystem.FileSensor","filename":"filesystem.py","lineno":108}
{"timestamp":"2026-07-07T10:36:04.269252Z","level":"info","event":"Poking for file /mnt/snapshots/READY_FLAG_20260706","logger":"airflow.task.operators.airflow.providers.standard.sensors.filesystem.FileSensor","filename":"filesystem.py","lineno":108}
{"timestamp":"2026-07-07T10:36:14.279927Z","level":"info","event":"Poking for file /mnt/snapshots/READY_FLAG_20260706","logger":"airflow.task.operators.airflow.providers.standard.sensors.filesystem.FileSensor","filename":"filesystem.py","lineno":108}
{"timestamp":"2026-07-07T10:36:24.281739Z","level":"info","event":"Poking for file /mnt/snapshots/READY_FLAG_20260706","logger":"airflow.task.operators.airflow.providers.standard.sensors.filesystem.FileSensor","filename":"filesystem.py","lineno":108}
{"timestamp":"2026-07-07T10:36:34.283302Z","level":"info","event":"Poking for file /mnt/snapshots/READY_FLAG_20260706","logger":"airflow.task.operators.airflow.providers.standard.sensors.filesystem.FileSensor","filename":"filesystem.py","lineno":108}
{"timestamp":"2026-07-07T10:36:44.282073Z","level":"info","event":"Poking for file /mnt/snapshots/READY_FLAG_20260706","logger":"airflow.task.operators.airflow.providers.standard.sensors.filesystem.FileSensor","filename":"filesystem.py","lineno":108}
{"timestamp":"2026-07-07T10:36:54.284156Z","level":"info","event":"Poking for file /mnt/snapshots/READY_FLAG_20260706","logger":"airflow.task.operators.airflow.providers.standard.sensors.filesystem.FileSensor","filename":"filesystem.py","lineno":108}
{"timestamp":"2026-07-07T10:37:04.287966Z","level":"info","event":"Poking for file /mnt/snapshots/READY_FLAG_20260706","logger":"airflow.task.operators.airflow.providers.standard.sensors.filesystem.FileSensor","filename":"filesystem.py","lineno":108}
{"timestamp":"2026-07-07T10:37:14.284454Z","level":"info","event":"Poking for file /mnt/snapshots/READY_FLAG_20260706","logger":"airflow.task.operators.airflow.providers.standard.sensors.filesystem.FileSensor","filename":"filesystem.py","lineno":108}
{"timestamp":"2026-07-07T10:37:24.286041Z","level":"info","event":"Poking for file /mnt/snapshots/READY_FLAG_20260706","logger":"airflow.task.operators.airflow.providers.standard.sensors.filesystem.FileSensor","filename":"filesystem.py","lineno":108}
{"timestamp":"2026-07-07T10:37:34.288419Z","level":"info","event":"Poking for file /mnt/snapshots/READY_FLAG_20260706","logger":"airflow.task.operators.airflow.providers.standard.sensors.filesystem.FileSensor","filename":"filesystem.py","lineno":108}
{"timestamp":"2026-07-07T10:37:44.287769Z","level":"info","event":"Poking for file /mnt/snapshots/READY_FLAG_20260706","logger":"airflow.task.operators.airflow.providers.standard.sensors.filesystem.FileSensor","filename":"filesystem.py","lineno":108}
{"timestamp":"2026-07-07T10:37:54.289654Z","level":"info","event":"Poking for file /mnt/snapshots/READY_FLAG_20260706","logger":"airflow.task.operators.airflow.providers.standard.sensors.filesystem.FileSensor","filename":"filesystem.py","lineno":108}
{"timestamp":"2026-07-07T10:38:04.291846Z","level":"info","event":"Poking for file /mnt/snapshots/READY_FLAG_20260706","logger":"airflow.task.operators.airflow.providers.standard.sensors.filesystem.FileSensor","filename":"filesystem.py","lineno":108}
{"timestamp":"2026-07-07T10:38:14.289151Z","level":"info","event":"Poking for file /mnt/snapshots/READY_FLAG_20260706","logger":"airflow.task.operators.airflow.providers.standard.sensors.filesystem.FileSensor","filename":"filesystem.py","lineno":108}
{"timestamp":"2026-07-07T10:38:24.290666Z","level":"info","event":"Poking for file /mnt/snapshots/READY_FLAG_20260706","logger":"airflow.task.operators.airflow.providers.standard.sensors.filesystem.FileSensor","filename":"filesystem.py","lineno":108}
{"timestamp":"2026-07-07T10:38:34.292106Z","level":"info","event":"Poking for file /mnt/snapshots/READY_FLAG_20260706","logger":"airflow.task.operators.airflow.providers.standard.sensors.filesystem.FileSensor","filename":"filesystem.py","lineno":108}
{"timestamp":"2026-07-07T10:38:44.291888Z","level":"info","event":"Poking for file /mnt/snapshots/READY_FLAG_20260706","logger":"airflow.task.operators.airflow.providers.standard.sensors.filesystem.FileSensor","filename":"filesystem.py","lineno":108}
{"timestamp":"2026-07-07T10:38:54.295134Z","level":"info","event":"Poking for file /mnt/snapshots/READY_FLAG_20260706","logger":"airflow.task.operators.airflow.providers.standard.sensors.filesystem.FileSensor","filename":"filesystem.py","lineno":108}
{"timestamp":"2026-07-07T10:39:04.297266Z","level":"info","event":"Poking for file /mnt/snapshots/READY_FLAG_20260706","logger":"airflow.task.operators.airflow.providers.standard.sensors.filesystem.FileSensor","filename":"filesystem.py","lineno":108}
{"timestamp":"2026-07-07T10:39:14.296359Z","level":"info","event":"Poking for file /mnt/snapshots/READY_FLAG_20260706","logger":"airflow.task.operators.airflow.providers.standard.sensors.filesystem.FileSensor","filename":"filesystem.py","lineno":108}
{"timestamp":"2026-07-07T10:39:24.297687Z","level":"info","event":"Poking for file /mnt/snapshots/READY_FLAG_20260706","logger":"airflow.task.operators.airflow.providers.standard.sensors.filesystem.FileSensor","filename":"filesystem.py","lineno":108}
{"timestamp":"2026-07-07T10:39:34.298927Z","level":"info","event":"Poking for file /mnt/snapshots/READY_FLAG_20260706","logger":"airflow.task.operators.airflow.providers.standard.sensors.filesystem.FileSensor","filename":"filesystem.py","lineno":108}
{"timestamp":"2026-07-07T10:39:44.297330Z","level":"info","event":"Poking for file /mnt/snapshots/READY_FLAG_20260706","logger":"airflow.task.operators.airflow.providers.standard.sensors.filesystem.FileSensor","filename":"filesystem.py","lineno":108}
{"timestamp":"2026-07-07T10:39:54.298871Z","level":"info","event":"Poking for file /mnt/snapshots/READY_FLAG_20260706","logger":"airflow.task.operators.airflow.providers.standard.sensors.filesystem.FileSensor","filename":"filesystem.py","lineno":108}
{"timestamp":"2026-07-07T10:40:04.300629Z","level":"info","event":"Poking for file /mnt/snapshots/READY_FLAG_20260706","logger":"airflow.task.operators.airflow.providers.standard.sensors.filesystem.FileSensor","filename":"filesystem.py","lineno":108}
{"timestamp":"2026-07-07T10:40:14.298738Z","level":"info","event":"Poking for file /mnt/snapshots/READY_FLAG_20260706","logger":"airflow.task.operators.airflow.providers.standard.sensors.filesystem.FileSensor","filename":"filesystem.py","lineno":108}
{"timestamp":"2026-07-07T10:40:24.300770Z","level":"info","event":"Poking for file /mnt/snapshots/READY_FLAG_20260706","logger":"airflow.task.operators.airflow.providers.standard.sensors.filesystem.FileSensor","filename":"filesystem.py","lineno":108}
{"timestamp":"2026-07-07T10:40:34.302874Z","level":"info","event":"Poking for file /mnt/snapshots/READY_FLAG_20260706","logger":"airflow.task.operators.airflow.providers.standard.sensors.filesystem.FileSensor","filename":"filesystem.py","lineno":108}
{"timestamp":"2026-07-07T10:40:44.302034Z","level":"info","event":"Poking for file /mnt/snapshots/READY_FLAG_20260706","logger":"airflow.task.operators.airflow.providers.standard.sensors.filesystem.FileSensor","filename":"filesystem.py","lineno":108}
{"timestamp":"2026-07-07T10:40:54.304007Z","level":"info","event":"Poking for file /mnt/snapshots/READY_FLAG_20260706","logger":"airflow.task.operators.airflow.providers.standard.sensors.filesystem.FileSensor","filename":"filesystem.py","lineno":108}
{"timestamp":"2026-07-07T10:41:04.305623Z","level":"info","event":"Poking for file /mnt/snapshots/READY_FLAG_20260706","logger":"airflow.task.operators.airflow.providers.standard.sensors.filesystem.FileSensor","filename":"filesystem.py","lineno":108}
{"timestamp":"2026-07-07T10:41:14.304809Z","level":"info","event":"Poking for file /mnt/snapshots/READY_FLAG_20260706","logger":"airflow.task.operators.airflow.providers.standard.sensors.filesystem.FileSensor","filename":"filesystem.py","lineno":108}
{"timestamp":"2026-07-07T10:41:24.306421Z","level":"info","event":"Poking for file /mnt/snapshots/READY_FLAG_20260706","logger":"airflow.task.operators.airflow.providers.standard.sensors.filesystem.FileSensor","filename":"filesystem.py","lineno":108}
{"timestamp":"2026-07-07T10:41:34.308708Z","level":"info","event":"Poking for file /mnt/snapshots/READY_FLAG_20260706","logger":"airflow.task.operators.airflow.providers.standard.sensors.filesystem.FileSensor","filename":"filesystem.py","lineno":108}
{"timestamp":"2026-07-07T10:41:44.308202Z","level":"info","event":"Poking for file /mnt/snapshots/READY_FLAG_20260706","logger":"airflow.task.operators.airflow.providers.standard.sensors.filesystem.FileSensor","filename":"filesystem.py","lineno":108}
{"timestamp":"2026-07-07T10:41:54.310455Z","level":"info","event":"Poking for file /mnt/snapshots/READY_FLAG_20260706","logger":"airflow.task.operators.airflow.providers.standard.sensors.filesystem.FileSensor","filename":"filesystem.py","lineno":108}
{"timestamp":"2026-07-07T10:42:04.311893Z","level":"info","event":"Poking for file /mnt/snapshots/READY_FLAG_20260706","logger":"airflow.task.operators.airflow.providers.standard.sensors.filesystem.FileSensor","filename":"filesystem.py","lineno":108}
{"timestamp":"2026-07-07T10:42:14.311025Z","level":"info","event":"Poking for file /mnt/snapshots/READY_FLAG_20260706","logger":"airflow.task.operators.airflow.providers.standard.sensors.filesystem.FileSensor","filename":"filesystem.py","lineno":108}
{"timestamp":"2026-07-07T10:42:24.312435Z","level":"info","event":"Poking for file /mnt/snapshots/READY_FLAG_20260706","logger":"airflow.task.operators.airflow.providers.standard.sensors.filesystem.FileSensor","filename":"filesystem.py","lineno":108}
{"timestamp":"2026-07-07T10:42:34.314397Z","level":"info","event":"Poking for file /mnt/snapshots/READY_FLAG_20260706","logger":"airflow.task.operators.airflow.providers.standard.sensors.filesystem.FileSensor","filename":"filesystem.py","lineno":108}
{"timestamp":"2026-07-07T10:42:44.313413Z","level":"info","event":"Poking for file /mnt/snapshots/READY_FLAG_20260706","logger":"airflow.task.operators.airflow.providers.standard.sensors.filesystem.FileSensor","filename":"filesystem.py","lineno":108}
{"timestamp":"2026-07-07T10:42:54.315593Z","level":"info","event":"Poking for file /mnt/snapshots/READY_FLAG_20260706","logger":"airflow.task.operators.airflow.providers.standard.sensors.filesystem.FileSensor","filename":"filesystem.py","lineno":108}
{"timestamp":"2026-07-07T10:43:04.317100Z","level":"info","event":"Poking for file /mnt/snapshots/READY_FLAG_20260706","logger":"airflow.task.operators.airflow.providers.standard.sensors.filesystem.FileSensor","filename":"filesystem.py","lineno":108}
{"timestamp":"2026-07-07T10:43:14.317194Z","level":"info","event":"Poking for file /mnt/snapshots/READY_FLAG_20260706","logger":"airflow.task.operators.airflow.providers.standard.sensors.filesystem.FileSensor","filename":"filesystem.py","lineno":108}
{"timestamp":"2026-07-07T10:43:24.318406Z","level":"info","event":"Poking for file /mnt/snapshots/READY_FLAG_20260706","logger":"airflow.task.operators.airflow.providers.standard.sensors.filesystem.FileSensor","filename":"filesystem.py","lineno":108}
{"timestamp":"2026-07-07T10:43:34.319951Z","level":"info","event":"Poking for file /mnt/snapshots/READY_FLAG_20260706","logger":"airflow.task.operators.airflow.providers.standard.sensors.filesystem.FileSensor","filename":"filesystem.py","lineno":108}
{"timestamp":"2026-07-07T10:43:44.317292Z","level":"info","event":"Poking for file /mnt/snapshots/READY_FLAG_20260706","logger":"airflow.task.operators.airflow.providers.standard.sensors.filesystem.FileSensor","filename":"filesystem.py","lineno":108}
{"timestamp":"2026-07-07T10:43:54.319441Z","level":"info","event":"Poking for file /mnt/snapshots/READY_FLAG_20260706","logger":"airflow.task.operators.airflow.providers.standard.sensors.filesystem.FileSensor","filename":"filesystem.py","lineno":108}
{"timestamp":"2026-07-07T10:44:04.320841Z","level":"info","event":"Poking for file /mnt/snapshots/READY_FLAG_20260706","logger":"airflow.task.operators.airflow.providers.standard.sensors.filesystem.FileSensor","filename":"filesystem.py","lineno":108}
{"timestamp":"2026-07-07T10:44:14.320150Z","level":"info","event":"Poking for file /mnt/snapshots/READY_FLAG_20260706","logger":"airflow.task.operators.airflow.providers.standard.sensors.filesystem.FileSensor","filename":"filesystem.py","lineno":108}
{"timestamp":"2026-07-07T10:44:24.321381Z","level":"info","event":"Poking for file /mnt/snapshots/READY_FLAG_20260706","logger":"airflow.task.operators.airflow.providers.standard.sensors.filesystem.FileSensor","filename":"filesystem.py","lineno":108}
{"timestamp":"2026-07-07T10:44:34.324149Z","level":"info","event":"Poking for file /mnt/snapshots/READY_FLAG_20260706","logger":"airflow.task.operators.airflow.providers.standard.sensors.filesystem.FileSensor","filename":"filesystem.py","lineno":108}
{"timestamp":"2026-07-07T10:44:44.322568Z","level":"info","event":"Poking for file /mnt/snapshots/READY_FLAG_20260706","logger":"airflow.task.operators.airflow.providers.standard.sensors.filesystem.FileSensor","filename":"filesystem.py","lineno":108}
{"timestamp":"2026-07-07T10:44:54.324608Z","level":"info","event":"Poking for file /mnt/snapshots/READY_FLAG_20260706","logger":"airflow.task.operators.airflow.providers.standard.sensors.filesystem.FileSensor","filename":"filesystem.py","lineno":108}
{"timestamp":"2026-07-07T10:45:04.326261Z","level":"info","event":"Poking for file /mnt/snapshots/READY_FLAG_20260706","logger":"airflow.task.operators.airflow.providers.standard.sensors.filesystem.FileSensor","filename":"filesystem.py","lineno":108}
{"timestamp":"2026-07-07T10:45:14.326538Z","level":"info","event":"Poking for file /mnt/snapshots/READY_FLAG_20260706","logger":"airflow.task.operators.airflow.providers.standard.sensors.filesystem.FileSensor","filename":"filesystem.py","lineno":108}
{"timestamp":"2026-07-07T10:45:24.328064Z","level":"info","event":"Poking for file /mnt/snapshots/READY_FLAG_20260706","logger":"airflow.task.operators.airflow.providers.standard.sensors.filesystem.FileSensor","filename":"filesystem.py","lineno":108}
{"timestamp":"2026-07-07T10:45:34.329707Z","level":"info","event":"Poking for file /mnt/snapshots/READY_FLAG_20260706","logger":"airflow.task.operators.airflow.providers.standard.sensors.filesystem.FileSensor","filename":"filesystem.py","lineno":108}
{"timestamp":"2026-07-07T10:45:44.327293Z","level":"info","event":"Poking for file /mnt/snapshots/READY_FLAG_20260706","logger":"airflow.task.operators.airflow.providers.standard.sensors.filesystem.FileSensor","filename":"filesystem.py","lineno":108}
{"timestamp":"2026-07-07T10:45:54.329830Z","level":"info","event":"Poking for file /mnt/snapshots/READY_FLAG_20260706","logger":"airflow.task.operators.airflow.providers.standard.sensors.filesystem.FileSensor","filename":"filesystem.py","lineno":108}
{"timestamp":"2026-07-07T10:46:04.331304Z","level":"info","event":"Poking for file /mnt/snapshots/READY_FLAG_20260706","logger":"airflow.task.operators.airflow.providers.standard.sensors.filesystem.FileSensor","filename":"filesystem.py","lineno":108}
{"timestamp":"2026-07-07T10:46:14.330459Z","level":"info","event":"Poking for file /mnt/snapshots/READY_FLAG_20260706","logger":"airflow.task.operators.airflow.providers.standard.sensors.filesystem.FileSensor","filename":"filesystem.py","lineno":108}
{"timestamp":"2026-07-07T10:46:24.332015Z","level":"info","event":"Poking for file /mnt/snapshots/READY_FLAG_20260706","logger":"airflow.task.operators.airflow.providers.standard.sensors.filesystem.FileSensor","filename":"filesystem.py","lineno":108}
{"timestamp":"2026-07-07T10:46:34.334704Z","level":"info","event":"Poking for file /mnt/snapshots/READY_FLAG_20260706","logger":"airflow.task.operators.airflow.providers.standard.sensors.filesystem.FileSensor","filename":"filesystem.py","lineno":108}
{"timestamp":"2026-07-07T10:46:44.335908Z","level":"info","event":"Poking for file /mnt/snapshots/READY_FLAG_20260706","logger":"airflow.task.operators.airflow.providers.standard.sensors.filesystem.FileSensor","filename":"filesystem.py","lineno":108}
{"timestamp":"2026-07-07T10:46:54.337683Z","level":"info","event":"Poking for file /mnt/snapshots/READY_FLAG_20260706","logger":"airflow.task.operators.airflow.providers.standard.sensors.filesystem.FileSensor","filename":"filesystem.py","lineno":108}
{"timestamp":"2026-07-07T10:47:04.339726Z","level":"info","event":"Poking for file /mnt/snapshots/READY_FLAG_20260706","logger":"airflow.task.operators.airflow.providers.standard.sensors.filesystem.FileSensor","filename":"filesystem.py","lineno":108}
{"timestamp":"2026-07-07T10:47:14.338757Z","level":"info","event":"Poking for file /mnt/snapshots/READY_FLAG_20260706","logger":"airflow.task.operators.airflow.providers.standard.sensors.filesystem.FileSensor","filename":"filesystem.py","lineno":108}
{"timestamp":"2026-07-07T10:47:24.339984Z","level":"info","event":"Poking for file /mnt/snapshots/READY_FLAG_20260706","logger":"airflow.task.operators.airflow.providers.standard.sensors.filesystem.FileSensor","filename":"filesystem.py","lineno":108}
{"timestamp":"2026-07-07T10:47:34.343682Z","level":"info","event":"Poking for file /mnt/snapshots/READY_FLAG_20260706","logger":"airflow.task.operators.airflow.providers.standard.sensors.filesystem.FileSensor","filename":"filesystem.py","lineno":108}
{"timestamp":"2026-07-07T10:47:44.342063Z","level":"info","event":"Poking for file /mnt/snapshots/READY_FLAG_20260706","logger":"airflow.task.operators.airflow.providers.standard.sensors.filesystem.FileSensor","filename":"filesystem.py","lineno":108}
{"timestamp":"2026-07-07T10:47:54.343819Z","level":"info","event":"Poking for file /mnt/snapshots/READY_FLAG_20260706","logger":"airflow.task.operators.airflow.providers.standard.sensors.filesystem.FileSensor","filename":"filesystem.py","lineno":108}
{"timestamp":"2026-07-07T10:48:04.345507Z","level":"info","event":"Poking for file /mnt/snapshots/READY_FLAG_20260706","logger":"airflow.task.operators.airflow.providers.standard.sensors.filesystem.FileSensor","filename":"filesystem.py","lineno":108}
{"timestamp":"2026-07-07T10:48:14.344516Z","level":"info","event":"Poking for file /mnt/snapshots/READY_FLAG_20260706","logger":"airflow.task.operators.airflow.providers.standard.sensors.filesystem.FileSensor","filename":"filesystem.py","lineno":108}
{"timestamp":"2026-07-07T10:48:24.345795Z","level":"info","event":"Poking for file /mnt/snapshots/READY_FLAG_20260706","logger":"airflow.task.operators.airflow.providers.standard.sensors.filesystem.FileSensor","filename":"filesystem.py","lineno":108}
{"timestamp":"2026-07-07T10:48:34.347370Z","level":"info","event":"Poking for file /mnt/snapshots/READY_FLAG_20260706","logger":"airflow.task.operators.airflow.providers.standard.sensors.filesystem.FileSensor","filename":"filesystem.py","lineno":108}
{"timestamp":"2026-07-07T10:48:44.345832Z","level":"info","event":"Poking for file /mnt/snapshots/READY_FLAG_20260706","logger":"airflow.task.operators.airflow.providers.standard.sensors.filesystem.FileSensor","filename":"filesystem.py","lineno":108}
{"timestamp":"2026-07-07T10:48:54.346859Z","level":"info","event":"Poking for file /mnt/snapshots/READY_FLAG_20260706","logger":"airflow.task.operators.airflow.providers.standard.sensors.filesystem.FileSensor","filename":"filesystem.py","lineno":108}
{"timestamp":"2026-07-07T10:49:04.348956Z","level":"info","event":"Poking for file /mnt/snapshots/READY_FLAG_20260706","logger":"airflow.task.operators.airflow.providers.standard.sensors.filesystem.FileSensor","filename":"filesystem.py","lineno":108}
{"timestamp":"2026-07-07T10:49:14.347684Z","level":"info","event":"Poking for file /mnt/snapshots/READY_FLAG_20260706","logger":"airflow.task.operators.airflow.providers.standard.sensors.filesystem.FileSensor","filename":"filesystem.py","lineno":108}
{"timestamp":"2026-07-07T10:49:24.349951Z","level":"info","event":"Poking for file /mnt/snapshots/READY_FLAG_20260706","logger":"airflow.task.operators.airflow.providers.standard.sensors.filesystem.FileSensor","filename":"filesystem.py","lineno":108}
{"timestamp":"2026-07-07T10:49:34.351642Z","level":"info","event":"Poking for file /mnt/snapshots/READY_FLAG_20260706","logger":"airflow.task.operators.airflow.providers.standard.sensors.filesystem.FileSensor","filename":"filesystem.py","lineno":108}
{"timestamp":"2026-07-07T10:49:44.350718Z","level":"info","event":"Poking for file /mnt/snapshots/READY_FLAG_20260706","logger":"airflow.task.operators.airflow.providers.standard.sensors.filesystem.FileSensor","filename":"filesystem.py","lineno":108}
{"timestamp":"2026-07-07T10:49:54.353677Z","level":"info","event":"Poking for file /mnt/snapshots/READY_FLAG_20260706","logger":"airflow.task.operators.airflow.providers.standard.sensors.filesystem.FileSensor","filename":"filesystem.py","lineno":108}
{"timestamp":"2026-07-07T10:50:04.355625Z","level":"info","event":"Poking for file /mnt/snapshots/READY_FLAG_20260706","logger":"airflow.task.operators.airflow.providers.standard.sensors.filesystem.FileSensor","filename":"filesystem.py","lineno":108}
{"timestamp":"2026-07-07T10:50:14.353032Z","level":"info","event":"Poking for file /mnt/snapshots/READY_FLAG_20260706","logger":"airflow.task.operators.airflow.providers.standard.sensors.filesystem.FileSensor","filename":"filesystem.py","lineno":108}
{"timestamp":"2026-07-07T10:50:24.354647Z","level":"info","event":"Poking for file /mnt/snapshots/READY_FLAG_20260706","logger":"airflow.task.operators.airflow.providers.standard.sensors.filesystem.FileSensor","filename":"filesystem.py","lineno":108}
{"timestamp":"2026-07-07T10:50:34.356836Z","level":"info","event":"Poking for file /mnt/snapshots/READY_FLAG_20260706","logger":"airflow.task.operators.airflow.providers.standard.sensors.filesystem.FileSensor","filename":"filesystem.py","lineno":108}
{"timestamp":"2026-07-07T10:50:44.355009Z","level":"info","event":"Poking for file /mnt/snapshots/READY_FLAG_20260706","logger":"airflow.task.operators.airflow.providers.standard.sensors.filesystem.FileSensor","filename":"filesystem.py","lineno":108}
{"timestamp":"2026-07-07T10:50:54.356449Z","level":"info","event":"Poking for file /mnt/snapshots/READY_FLAG_20260706","logger":"airflow.task.operators.airflow.providers.standard.sensors.filesystem.FileSensor","filename":"filesystem.py","lineno":108}
{"timestamp":"2026-07-07T10:51:04.358774Z","level":"info","event":"Poking for file /mnt/snapshots/READY_FLAG_20260706","logger":"airflow.task.operators.airflow.providers.standard.sensors.filesystem.FileSensor","filename":"filesystem.py","lineno":108}
{"timestamp":"2026-07-07T10:51:14.357732Z","level":"info","event":"Poking for file /mnt/snapshots/READY_FLAG_20260706","logger":"airflow.task.operators.airflow.providers.standard.sensors.filesystem.FileSensor","filename":"filesystem.py","lineno":108}
{"timestamp":"2026-07-07T10:51:24.359582Z","level":"info","event":"Poking for file /mnt/snapshots/READY_FLAG_20260706","logger":"airflow.task.operators.airflow.providers.standard.sensors.filesystem.FileSensor","filename":"filesystem.py","lineno":108}
{"timestamp":"2026-07-07T10:51:34.361496Z","level":"info","event":"Poking for file /mnt/snapshots/READY_FLAG_20260706","logger":"airflow.task.operators.airflow.providers.standard.sensors.filesystem.FileSensor","filename":"filesystem.py","lineno":108}
{"timestamp":"2026-07-07T10:51:44.358220Z","level":"info","event":"Poking for file /mnt/snapshots/READY_FLAG_20260706","logger":"airflow.task.operators.airflow.providers.standard.sensors.filesystem.FileSensor","filename":"filesystem.py","lineno":108}
{"timestamp":"2026-07-07T10:51:54.361125Z","level":"info","event":"Poking for file /mnt/snapshots/READY_FLAG_20260706","logger":"airflow.task.operators.airflow.providers.standard.sensors.filesystem.FileSensor","filename":"filesystem.py","lineno":108}
{"timestamp":"2026-07-07T10:52:04.362657Z","level":"info","event":"Poking for file /mnt/snapshots/READY_FLAG_20260706","logger":"airflow.task.operators.airflow.providers.standard.sensors.filesystem.FileSensor","filename":"filesystem.py","lineno":108}
{"timestamp":"2026-07-07T10:52:14.363394Z","level":"info","event":"Poking for file /mnt/snapshots/READY_FLAG_20260706","logger":"airflow.task.operators.airflow.providers.standard.sensors.filesystem.FileSensor","filename":"filesystem.py","lineno":108}
{"timestamp":"2026-07-07T10:52:24.365415Z","level":"info","event":"Poking for file /mnt/snapshots/READY_FLAG_20260706","logger":"airflow.task.operators.airflow.providers.standard.sensors.filesystem.FileSensor","filename":"filesystem.py","lineno":108}
{"timestamp":"2026-07-07T10:52:34.367580Z","level":"info","event":"Poking for file /mnt/snapshots/READY_FLAG_20260706","logger":"airflow.task.operators.airflow.providers.standard.sensors.filesystem.FileSensor","filename":"filesystem.py","lineno":108}
{"timestamp":"2026-07-07T10:52:44.366171Z","level":"info","event":"Poking for file /mnt/snapshots/READY_FLAG_20260706","logger":"airflow.task.operators.airflow.providers.standard.sensors.filesystem.FileSensor","filename":"filesystem.py","lineno":108}
{"timestamp":"2026-07-07T10:52:54.368317Z","level":"info","event":"Poking for file /mnt/snapshots/READY_FLAG_20260706","logger":"airflow.task.operators.airflow.providers.standard.sensors.filesystem.FileSensor","filename":"filesystem.py","lineno":108}
{"timestamp":"2026-07-07T10:53:04.371369Z","level":"info","event":"Poking for file /mnt/snapshots/READY_FLAG_20260706","logger":"airflow.task.operators.airflow.providers.standard.sensors.filesystem.FileSensor","filename":"filesystem.py","lineno":108}
{"timestamp":"2026-07-07T10:53:14.368993Z","level":"info","event":"Poking for file /mnt/snapshots/READY_FLAG_20260706","logger":"airflow.task.operators.airflow.providers.standard.sensors.filesystem.FileSensor","filename":"filesystem.py","lineno":108}
{"timestamp":"2026-07-07T10:53:24.370202Z","level":"info","event":"Poking for file /mnt/snapshots/READY_FLAG_20260706","logger":"airflow.task.operators.airflow.providers.standard.sensors.filesystem.FileSensor","filename":"filesystem.py","lineno":108}
{"timestamp":"2026-07-07T10:53:34.371408Z","level":"info","event":"Poking for file /mnt/snapshots/READY_FLAG_20260706","logger":"airflow.task.operators.airflow.providers.standard.sensors.filesystem.FileSensor","filename":"filesystem.py","lineno":108}
{"timestamp":"2026-07-07T10:53:44.370243Z","level":"info","event":"Poking for file /mnt/snapshots/READY_FLAG_20260706","logger":"airflow.task.operators.airflow.providers.standard.sensors.filesystem.FileSensor","filename":"filesystem.py","lineno":108}
{"timestamp":"2026-07-07T10:53:54.372106Z","level":"info","event":"Poking for file /mnt/snapshots/READY_FLAG_20260706","logger":"airflow.task.operators.airflow.providers.standard.sensors.filesystem.FileSensor","filename":"filesystem.py","lineno":108}
{"timestamp":"2026-07-07T10:54:04.374315Z","level":"info","event":"Poking for file /mnt/snapshots/READY_FLAG_20260706","logger":"airflow.task.operators.airflow.providers.standard.sensors.filesystem.FileSensor","filename":"filesystem.py","lineno":108}
{"timestamp":"2026-07-07T10:54:14.373212Z","level":"info","event":"Poking for file /mnt/snapshots/READY_FLAG_20260706","logger":"airflow.task.operators.airflow.providers.standard.sensors.filesystem.FileSensor","filename":"filesystem.py","lineno":108}
{"timestamp":"2026-07-07T10:54:24.374228Z","level":"info","event":"Poking for file /mnt/snapshots/READY_FLAG_20260706","logger":"airflow.task.operators.airflow.providers.standard.sensors.filesystem.FileSensor","filename":"filesystem.py","lineno":108}
{"timestamp":"2026-07-07T10:54:34.375488Z","level":"info","event":"Poking for file /mnt/snapshots/READY_FLAG_20260706","logger":"airflow.task.operators.airflow.providers.standard.sensors.filesystem.FileSensor","filename":"filesystem.py","lineno":108}
{"timestamp":"2026-07-07T10:54:44.375516Z","level":"info","event":"Poking for file /mnt/snapshots/READY_FLAG_20260706","logger":"airflow.task.operators.airflow.providers.standard.sensors.filesystem.FileSensor","filename":"filesystem.py","lineno":108}
{"timestamp":"2026-07-07T10:54:54.378845Z","level":"info","event":"Poking for file /mnt/snapshots/READY_FLAG_20260706","logger":"airflow.task.operators.airflow.providers.standard.sensors.filesystem.FileSensor","filename":"filesystem.py","lineno":108}
{"timestamp":"2026-07-07T10:55:04.381094Z","level":"info","event":"Poking for file /mnt/snapshots/READY_FLAG_20260706","logger":"airflow.task.operators.airflow.providers.standard.sensors.filesystem.FileSensor","filename":"filesystem.py","lineno":108}
{"timestamp":"2026-07-07T10:55:14.378614Z","level":"info","event":"Poking for file /mnt/snapshots/READY_FLAG_20260706","logger":"airflow.task.operators.airflow.providers.standard.sensors.filesystem.FileSensor","filename":"filesystem.py","lineno":108}
{"timestamp":"2026-07-07T10:55:24.381083Z","level":"info","event":"Poking for file /mnt/snapshots/READY_FLAG_20260706","logger":"airflow.task.operators.airflow.providers.standard.sensors.filesystem.FileSensor","filename":"filesystem.py","lineno":108}
{"timestamp":"2026-07-07T10:55:34.384078Z","level":"info","event":"Poking for file /mnt/snapshots/READY_FLAG_20260706","logger":"airflow.task.operators.airflow.providers.standard.sensors.filesystem.FileSensor","filename":"filesystem.py","lineno":108}
{"timestamp":"2026-07-07T10:55:44.383015Z","level":"info","event":"Poking for file /mnt/snapshots/READY_FLAG_20260706","logger":"airflow.task.operators.airflow.providers.standard.sensors.filesystem.FileSensor","filename":"filesystem.py","lineno":108}
{"timestamp":"2026-07-07T10:55:54.384395Z","level":"info","event":"Poking for file /mnt/snapshots/READY_FLAG_20260706","logger":"airflow.task.operators.airflow.providers.standard.sensors.filesystem.FileSensor","filename":"filesystem.py","lineno":108}
{"timestamp":"2026-07-07T10:56:04.385880Z","level":"info","event":"Poking for file /mnt/snapshots/READY_FLAG_20260706","logger":"airflow.task.operators.airflow.providers.standard.sensors.filesystem.FileSensor","filename":"filesystem.py","lineno":108}
{"timestamp":"2026-07-07T10:56:14.384862Z","level":"info","event":"Poking for file /mnt/snapshots/READY_FLAG_20260706","logger":"airflow.task.operators.airflow.providers.standard.sensors.filesystem.FileSensor","filename":"filesystem.py","lineno":108}
{"timestamp":"2026-07-07T10:56:24.386439Z","level":"info","event":"Poking for file /mnt/snapshots/READY_FLAG_20260706","logger":"airflow.task.operators.airflow.providers.standard.sensors.filesystem.FileSensor","filename":"filesystem.py","lineno":108}
{"timestamp":"2026-07-07T10:56:34.389176Z","level":"info","event":"Poking for file /mnt/snapshots/READY_FLAG_20260706","logger":"airflow.task.operators.airflow.providers.standard.sensors.filesystem.FileSensor","filename":"filesystem.py","lineno":108}
{"timestamp":"2026-07-07T10:56:44.388397Z","level":"info","event":"Poking for file /mnt/snapshots/READY_FLAG_20260706","logger":"airflow.task.operators.airflow.providers.standard.sensors.filesystem.FileSensor","filename":"filesystem.py","lineno":108}
{"timestamp":"2026-07-07T10:56:54.390310Z","level":"info","event":"Poking for file /mnt/snapshots/READY_FLAG_20260706","logger":"airflow.task.operators.airflow.providers.standard.sensors.filesystem.FileSensor","filename":"filesystem.py","lineno":108}
{"timestamp":"2026-07-07T10:57:04.392138Z","level":"info","event":"Poking for file /mnt/snapshots/READY_FLAG_20260706","logger":"airflow.task.operators.airflow.providers.standard.sensors.filesystem.FileSensor","filename":"filesystem.py","lineno":108}
{"timestamp":"2026-07-07T10:57:14.390932Z","level":"info","event":"Poking for file /mnt/snapshots/READY_FLAG_20260706","logger":"airflow.task.operators.airflow.providers.standard.sensors.filesystem.FileSensor","filename":"filesystem.py","lineno":108}
{"timestamp":"2026-07-07T10:57:24.391846Z","level":"info","event":"Poking for file /mnt/snapshots/READY_FLAG_20260706","logger":"airflow.task.operators.airflow.providers.standard.sensors.filesystem.FileSensor","filename":"filesystem.py","lineno":108}
{"timestamp":"2026-07-07T10:57:34.392875Z","level":"info","event":"Poking for file /mnt/snapshots/READY_FLAG_20260706","logger":"airflow.task.operators.airflow.providers.standard.sensors.filesystem.FileSensor","filename":"filesystem.py","lineno":108}
{"timestamp":"2026-07-07T10:57:44.391804Z","level":"info","event":"Poking for file /mnt/snapshots/READY_FLAG_20260706","logger":"airflow.task.operators.airflow.providers.standard.sensors.filesystem.FileSensor","filename":"filesystem.py","lineno":108}
{"timestamp":"2026-07-07T10:57:54.393159Z","level":"info","event":"Poking for file /mnt/snapshots/READY_FLAG_20260706","logger":"airflow.task.operators.airflow.providers.standard.sensors.filesystem.FileSensor","filename":"filesystem.py","lineno":108}
{"timestamp":"2026-07-07T10:58:04.395168Z","level":"info","event":"Poking for file /mnt/snapshots/READY_FLAG_20260706","logger":"airflow.task.operators.airflow.providers.standard.sensors.filesystem.FileSensor","filename":"filesystem.py","lineno":108}
{"timestamp":"2026-07-07T10:58:14.392948Z","level":"info","event":"Poking for file /mnt/snapshots/READY_FLAG_20260706","logger":"airflow.task.operators.airflow.providers.standard.sensors.filesystem.FileSensor","filename":"filesystem.py","lineno":108}
{"timestamp":"2026-07-07T10:58:24.394846Z","level":"info","event":"Poking for file /mnt/snapshots/READY_FLAG_20260706","logger":"airflow.task.operators.airflow.providers.standard.sensors.filesystem.FileSensor","filename":"filesystem.py","lineno":108}
{"timestamp":"2026-07-07T10:58:34.396473Z","level":"info","event":"Poking for file /mnt/snapshots/READY_FLAG_20260706","logger":"airflow.task.operators.airflow.providers.standard.sensors.filesystem.FileSensor","filename":"filesystem.py","lineno":108}
{"timestamp":"2026-07-07T10:58:44.395938Z","level":"info","event":"Poking for file /mnt/snapshots/READY_FLAG_20260706","logger":"airflow.task.operators.airflow.providers.standard.sensors.filesystem.FileSensor","filename":"filesystem.py","lineno":108}
{"timestamp":"2026-07-07T10:58:54.396963Z","level":"info","event":"Poking for file /mnt/snapshots/READY_FLAG_20260706","logger":"airflow.task.operators.airflow.providers.standard.sensors.filesystem.FileSensor","filename":"filesystem.py","lineno":108}
{"timestamp":"2026-07-07T10:59:04.398100Z","level":"info","event":"Poking for file /mnt/snapshots/READY_FLAG_20260706","logger":"airflow.task.operators.airflow.providers.standard.sensors.filesystem.FileSensor","filename":"filesystem.py","lineno":108}
{"timestamp":"2026-07-07T10:59:14.395659Z","level":"info","event":"Poking for file /mnt/snapshots/READY_FLAG_20260706","logger":"airflow.task.operators.airflow.providers.standard.sensors.filesystem.FileSensor","filename":"filesystem.py","lineno":108}
{"timestamp":"2026-07-07T10:59:24.397229Z","level":"info","event":"Poking for file /mnt/snapshots/READY_FLAG_20260706","logger":"airflow.task.operators.airflow.providers.standard.sensors.filesystem.FileSensor","filename":"filesystem.py","lineno":108}
{"timestamp":"2026-07-07T10:59:34.398527Z","level":"info","event":"Poking for file /mnt/snapshots/READY_FLAG_20260706","logger":"airflow.task.operators.airflow.providers.standard.sensors.filesystem.FileSensor","filename":"filesystem.py","lineno":108}
{"timestamp":"2026-07-07T10:59:44.395831Z","level":"info","event":"Poking for file /mnt/snapshots/READY_FLAG_20260706","logger":"airflow.task.operators.airflow.providers.standard.sensors.filesystem.FileSensor","filename":"filesystem.py","lineno":108}
{"timestamp":"2026-07-07T10:59:54.398219Z","level":"info","event":"Poking for file /mnt/snapshots/READY_FLAG_20260706","logger":"airflow.task.operators.airflow.providers.standard.sensors.filesystem.FileSensor","filename":"filesystem.py","lineno":108}
{"timestamp":"2026-07-07T11:00:04.400903Z","level":"info","event":"Poking for file /mnt/snapshots/READY_FLAG_20260706","logger":"airflow.task.operators.airflow.providers.standard.sensors.filesystem.FileSensor","filename":"filesystem.py","lineno":108}
{"timestamp":"2026-07-07T11:00:14.399706Z","level":"info","event":"Poking for file /mnt/snapshots/READY_FLAG_20260706","logger":"airflow.task.operators.airflow.providers.standard.sensors.filesystem.FileSensor","filename":"filesystem.py","lineno":108}
{"timestamp":"2026-07-07T11:00:24.401700Z","level":"info","event":"Poking for file /mnt/snapshots/READY_FLAG_20260706","logger":"airflow.task.operators.airflow.providers.standard.sensors.filesystem.FileSensor","filename":"filesystem.py","lineno":108}
{"timestamp":"2026-07-07T11:00:34.403678Z","level":"info","event":"Poking for file /mnt/snapshots/READY_FLAG_20260706","logger":"airflow.task.operators.airflow.providers.standard.sensors.filesystem.FileSensor","filename":"filesystem.py","lineno":108}
{"timestamp":"2026-07-07T11:00:44.401448Z","level":"info","event":"Poking for file /mnt/snapshots/READY_FLAG_20260706","logger":"airflow.task.operators.airflow.providers.standard.sensors.filesystem.FileSensor","filename":"filesystem.py","lineno":108}
{"timestamp":"2026-07-07T11:00:54.402470Z","level":"info","event":"Poking for file /mnt/snapshots/READY_FLAG_20260706","logger":"airflow.task.operators.airflow.providers.standard.sensors.filesystem.FileSensor","filename":"filesystem.py","lineno":108}
{"timestamp":"2026-07-07T11:01:04.403726Z","level":"info","event":"Poking for file /mnt/snapshots/READY_FLAG_20260706","logger":"airflow.task.operators.airflow.providers.standard.sensors.filesystem.FileSensor","filename":"filesystem.py","lineno":108}
{"timestamp":"2026-07-07T11:01:14.402332Z","level":"info","event":"Poking for file /mnt/snapshots/READY_FLAG_20260706","logger":"airflow.task.operators.airflow.providers.standard.sensors.filesystem.FileSensor","filename":"filesystem.py","lineno":108}
{"timestamp":"2026-07-07T11:01:24.403797Z","level":"info","event":"Poking for file /mnt/snapshots/READY_FLAG_20260706","logger":"airflow.task.operators.airflow.providers.standard.sensors.filesystem.FileSensor","filename":"filesystem.py","lineno":108}
{"timestamp":"2026-07-07T11:01:34.405690Z","level":"info","event":"Poking for file /mnt/snapshots/READY_FLAG_20260706","logger":"airflow.task.operators.airflow.providers.standard.sensors.filesystem.FileSensor","filename":"filesystem.py","lineno":108}
{"timestamp":"2026-07-07T11:01:44.404196Z","level":"info","event":"Poking for file /mnt/snapshots/READY_FLAG_20260706","logger":"airflow.task.operators.airflow.providers.standard.sensors.filesystem.FileSensor","filename":"filesystem.py","lineno":108}
{"timestamp":"2026-07-07T11:01:54.409532Z","level":"info","event":"Poking for file /mnt/snapshots/READY_FLAG_20260706","logger":"airflow.task.operators.airflow.providers.standard.sensors.filesystem.FileSensor","filename":"filesystem.py","lineno":108}
{"timestamp":"2026-07-07T11:02:04.411667Z","level":"info","event":"Poking for file /mnt/snapshots/READY_FLAG_20260706","logger":"airflow.task.operators.airflow.providers.standard.sensors.filesystem.FileSensor","filename":"filesystem.py","lineno":108}
{"timestamp":"2026-07-07T11:02:14.410370Z","level":"info","event":"Poking for file /mnt/snapshots/READY_FLAG_20260706","logger":"airflow.task.operators.airflow.providers.standard.sensors.filesystem.FileSensor","filename":"filesystem.py","lineno":108}
{"timestamp":"2026-07-07T11:02:24.411691Z","level":"info","event":"Poking for file /mnt/snapshots/READY_FLAG_20260706","logger":"airflow.task.operators.airflow.providers.standard.sensors.filesystem.FileSensor","filename":"filesystem.py","lineno":108}
{"timestamp":"2026-07-07T11:02:34.413142Z","level":"info","event":"Poking for file /mnt/snapshots/READY_FLAG_20260706","logger":"airflow.task.operators.airflow.providers.standard.sensors.filesystem.FileSensor","filename":"filesystem.py","lineno":108}
{"timestamp":"2026-07-07T11:02:44.410210Z","level":"info","event":"Poking for file /mnt/snapshots/READY_FLAG_20260706","logger":"airflow.task.operators.airflow.providers.standard.sensors.filesystem.FileSensor","filename":"filesystem.py","lineno":108}
{"timestamp":"2026-07-07T11:02:54.412403Z","level":"info","event":"Poking for file /mnt/snapshots/READY_FLAG_20260706","logger":"airflow.task.operators.airflow.providers.standard.sensors.filesystem.FileSensor","filename":"filesystem.py","lineno":108}
{"timestamp":"2026-07-07T11:03:04.414080Z","level":"info","event":"Poking for file /mnt/snapshots/READY_FLAG_20260706","logger":"airflow.task.operators.airflow.providers.standard.sensors.filesystem.FileSensor","filename":"filesystem.py","lineno":108}
{"timestamp":"2026-07-07T11:03:14.412445Z","level":"info","event":"Poking for file /mnt/snapshots/READY_FLAG_20260706","logger":"airflow.task.operators.airflow.providers.standard.sensors.filesystem.FileSensor","filename":"filesystem.py","lineno":108}
{"timestamp":"2026-07-07T11:03:24.413854Z","level":"info","event":"Poking for file /mnt/snapshots/READY_FLAG_20260706","logger":"airflow.task.operators.airflow.providers.standard.sensors.filesystem.FileSensor","filename":"filesystem.py","lineno":108}
{"timestamp":"2026-07-07T11:03:34.415829Z","level":"info","event":"Poking for file /mnt/snapshots/READY_FLAG_20260706","logger":"airflow.task.operators.airflow.providers.standard.sensors.filesystem.FileSensor","filename":"filesystem.py","lineno":108}
{"timestamp":"2026-07-07T11:03:44.414877Z","level":"info","event":"Poking for file /mnt/snapshots/READY_FLAG_20260706","logger":"airflow.task.operators.airflow.providers.standard.sensors.filesystem.FileSensor","filename":"filesystem.py","lineno":108}
{"timestamp":"2026-07-07T11:03:54.415951Z","level":"info","event":"Poking for file /mnt/snapshots/READY_FLAG_20260706","logger":"airflow.task.operators.airflow.providers.standard.sensors.filesystem.FileSensor","filename":"filesystem.py","lineno":108}
{"timestamp":"2026-07-07T11:04:04.418065Z","level":"info","event":"Poking for file /mnt/snapshots/READY_FLAG_20260706","logger":"airflow.task.operators.airflow.providers.standard.sensors.filesystem.FileSensor","filename":"filesystem.py","lineno":108}
{"timestamp":"2026-07-07T11:04:14.415833Z","level":"info","event":"Poking for file /mnt/snapshots/READY_FLAG_20260706","logger":"airflow.task.operators.airflow.providers.standard.sensors.filesystem.FileSensor","filename":"filesystem.py","lineno":108}
{"timestamp":"2026-07-07T11:04:24.416846Z","level":"info","event":"Poking for file /mnt/snapshots/READY_FLAG_20260706","logger":"airflow.task.operators.airflow.providers.standard.sensors.filesystem.FileSensor","filename":"filesystem.py","lineno":108}
{"timestamp":"2026-07-07T11:04:34.418493Z","level":"info","event":"Poking for file /mnt/snapshots/READY_FLAG_20260706","logger":"airflow.task.operators.airflow.providers.standard.sensors.filesystem.FileSensor","filename":"filesystem.py","lineno":108}
{"timestamp":"2026-07-07T11:04:44.417526Z","level":"info","event":"Poking for file /mnt/snapshots/READY_FLAG_20260706","logger":"airflow.task.operators.airflow.providers.standard.sensors.filesystem.FileSensor","filename":"filesystem.py","lineno":108}
{"timestamp":"2026-07-07T11:04:54.420858Z","level":"info","event":"Poking for file /mnt/snapshots/READY_FLAG_20260706","logger":"airflow.task.operators.airflow.providers.standard.sensors.filesystem.FileSensor","filename":"filesystem.py","lineno":108}
{"timestamp":"2026-07-07T11:05:04.422060Z","level":"info","event":"Poking for file /mnt/snapshots/READY_FLAG_20260706","logger":"airflow.task.operators.airflow.providers.standard.sensors.filesystem.FileSensor","filename":"filesystem.py","lineno":108}
{"timestamp":"2026-07-07T11:05:14.419795Z","level":"info","event":"Poking for file /mnt/snapshots/READY_FLAG_20260706","logger":"airflow.task.operators.airflow.providers.standard.sensors.filesystem.FileSensor","filename":"filesystem.py","lineno":108}
{"timestamp":"2026-07-07T11:05:24.421770Z","level":"info","event":"Poking for file /mnt/snapshots/READY_FLAG_20260706","logger":"airflow.task.operators.airflow.providers.standard.sensors.filesystem.FileSensor","filename":"filesystem.py","lineno":108}
{"timestamp":"2026-07-07T11:05:34.423431Z","level":"info","event":"Poking for file /mnt/snapshots/READY_FLAG_20260706","logger":"airflow.task.operators.airflow.providers.standard.sensors.filesystem.FileSensor","filename":"filesystem.py","lineno":108}
{"timestamp":"2026-07-07T11:05:44.422614Z","level":"info","event":"Poking for file /mnt/snapshots/READY_FLAG_20260706","logger":"airflow.task.operators.airflow.providers.standard.sensors.filesystem.FileSensor","filename":"filesystem.py","lineno":108}
{"timestamp":"2026-07-07T11:05:54.424776Z","level":"info","event":"Poking for file /mnt/snapshots/READY_FLAG_20260706","logger":"airflow.task.operators.airflow.providers.standard.sensors.filesystem.FileSensor","filename":"filesystem.py","lineno":108}
{"timestamp":"2026-07-07T11:06:04.426276Z","level":"info","event":"Poking for file /mnt/snapshots/READY_FLAG_20260706","logger":"airflow.task.operators.airflow.providers.standard.sensors.filesystem.FileSensor","filename":"filesystem.py","lineno":108}
{"timestamp":"2026-07-07T11:06:14.424839Z","level":"info","event":"Poking for file /mnt/snapshots/READY_FLAG_20260706","logger":"airflow.task.operators.airflow.providers.standard.sensors.filesystem.FileSensor","filename":"filesystem.py","lineno":108}
{"timestamp":"2026-07-07T11:06:24.426305Z","level":"info","event":"Poking for file /mnt/snapshots/READY_FLAG_20260706","logger":"airflow.task.operators.airflow.providers.standard.sensors.filesystem.FileSensor","filename":"filesystem.py","lineno":108}
{"timestamp":"2026-07-07T11:06:34.428314Z","level":"info","event":"Poking for file /mnt/snapshots/READY_FLAG_20260706","logger":"airflow.task.operators.airflow.providers.standard.sensors.filesystem.FileSensor","filename":"filesystem.py","lineno":108}
{"timestamp":"2026-07-07T11:06:44.426584Z","level":"info","event":"Poking for file /mnt/snapshots/READY_FLAG_20260706","logger":"airflow.task.operators.airflow.providers.standard.sensors.filesystem.FileSensor","filename":"filesystem.py","lineno":108}
{"timestamp":"2026-07-07T11:06:54.428045Z","level":"info","event":"Poking for file /mnt/snapshots/READY_FLAG_20260706","logger":"airflow.task.operators.airflow.providers.standard.sensors.filesystem.FileSensor","filename":"filesystem.py","lineno":108}
{"timestamp":"2026-07-07T11:07:04.429306Z","level":"info","event":"Poking for file /mnt/snapshots/READY_FLAG_20260706","logger":"airflow.task.operators.airflow.providers.standard.sensors.filesystem.FileSensor","filename":"filesystem.py","lineno":108}
{"timestamp":"2026-07-07T11:07:14.427941Z","level":"info","event":"Poking for file /mnt/snapshots/READY_FLAG_20260706","logger":"airflow.task.operators.airflow.providers.standard.sensors.filesystem.FileSensor","filename":"filesystem.py","lineno":108}
{"timestamp":"2026-07-07T11:07:24.430332Z","level":"info","event":"Poking for file /mnt/snapshots/READY_FLAG_20260706","logger":"airflow.task.operators.airflow.providers.standard.sensors.filesystem.FileSensor","filename":"filesystem.py","lineno":108}
{"timestamp":"2026-07-07T11:07:34.432296Z","level":"info","event":"Poking for file /mnt/snapshots/READY_FLAG_20260706","logger":"airflow.task.operators.airflow.providers.standard.sensors.filesystem.FileSensor","filename":"filesystem.py","lineno":108}
{"timestamp":"2026-07-07T11:07:44.430491Z","level":"info","event":"Poking for file /mnt/snapshots/READY_FLAG_20260706","logger":"airflow.task.operators.airflow.providers.standard.sensors.filesystem.FileSensor","filename":"filesystem.py","lineno":108}
{"timestamp":"2026-07-07T11:07:54.432618Z","level":"info","event":"Poking for file /mnt/snapshots/READY_FLAG_20260706","logger":"airflow.task.operators.airflow.providers.standard.sensors.filesystem.FileSensor","filename":"filesystem.py","lineno":108}
{"timestamp":"2026-07-07T11:08:04.434711Z","level":"info","event":"Poking for file /mnt/snapshots/READY_FLAG_20260706","logger":"airflow.task.operators.airflow.providers.standard.sensors.filesystem.FileSensor","filename":"filesystem.py","lineno":108}
{"timestamp":"2026-07-07T11:08:14.433893Z","level":"info","event":"Poking for file /mnt/snapshots/READY_FLAG_20260706","logger":"airflow.task.operators.airflow.providers.standard.sensors.filesystem.FileSensor","filename":"filesystem.py","lineno":108}
{"timestamp":"2026-07-07T11:08:24.435271Z","level":"info","event":"Poking for file /mnt/snapshots/READY_FLAG_20260706","logger":"airflow.task.operators.airflow.providers.standard.sensors.filesystem.FileSensor","filename":"filesystem.py","lineno":108}
{"timestamp":"2026-07-07T11:08:34.437258Z","level":"info","event":"Poking for file /mnt/snapshots/READY_FLAG_20260706","logger":"airflow.task.operators.airflow.providers.standard.sensors.filesystem.FileSensor","filename":"filesystem.py","lineno":108}
{"timestamp":"2026-07-07T11:08:44.435644Z","level":"info","event":"Poking for file /mnt/snapshots/READY_FLAG_20260706","logger":"airflow.task.operators.airflow.providers.standard.sensors.filesystem.FileSensor","filename":"filesystem.py","lineno":108}
{"timestamp":"2026-07-07T11:08:54.437149Z","level":"info","event":"Poking for file /mnt/snapshots/READY_FLAG_20260706","logger":"airflow.task.operators.airflow.providers.standard.sensors.filesystem.FileSensor","filename":"filesystem.py","lineno":108}
{"timestamp":"2026-07-07T11:09:04.439571Z","level":"info","event":"Poking for file /mnt/snapshots/READY_FLAG_20260706","logger":"airflow.task.operators.airflow.providers.standard.sensors.filesystem.FileSensor","filename":"filesystem.py","lineno":108}
{"timestamp":"2026-07-07T11:09:14.440992Z","level":"info","event":"Poking for file /mnt/snapshots/READY_FLAG_20260706","logger":"airflow.task.operators.airflow.providers.standard.sensors.filesystem.FileSensor","filename":"filesystem.py","lineno":108}
{"timestamp":"2026-07-07T11:09:24.442966Z","level":"info","event":"Poking for file /mnt/snapshots/READY_FLAG_20260706","logger":"airflow.task.operators.airflow.providers.standard.sensors.filesystem.FileSensor","filename":"filesystem.py","lineno":108}
{"timestamp":"2026-07-07T11:09:34.444644Z","level":"info","event":"Poking for file /mnt/snapshots/READY_FLAG_20260706","logger":"airflow.task.operators.airflow.providers.standard.sensors.filesystem.FileSensor","filename":"filesystem.py","lineno":108}
{"timestamp":"2026-07-07T11:09:44.444235Z","level":"info","event":"Poking for file /mnt/snapshots/READY_FLAG_20260706","logger":"airflow.task.operators.airflow.providers.standard.sensors.filesystem.FileSensor","filename":"filesystem.py","lineno":108}
{"timestamp":"2026-07-07T11:09:54.446242Z","level":"info","event":"Poking for file /mnt/snapshots/READY_FLAG_20260706","logger":"airflow.task.operators.airflow.providers.standard.sensors.filesystem.FileSensor","filename":"filesystem.py","lineno":108}
{"timestamp":"2026-07-07T11:10:04.448268Z","level":"info","event":"Poking for file /mnt/snapshots/READY_FLAG_20260706","logger":"airflow.task.operators.airflow.providers.standard.sensors.filesystem.FileSensor","filename":"filesystem.py","lineno":108}
{"timestamp":"2026-07-07T11:10:14.445995Z","level":"info","event":"Poking for file /mnt/snapshots/READY_FLAG_20260706","logger":"airflow.task.operators.airflow.providers.standard.sensors.filesystem.FileSensor","filename":"filesystem.py","lineno":108}
{"timestamp":"2026-07-07T11:10:24.448152Z","level":"info","event":"Poking for file /mnt/snapshots/READY_FLAG_20260706","logger":"airflow.task.operators.airflow.providers.standard.sensors.filesystem.FileSensor","filename":"filesystem.py","lineno":108}
{"timestamp":"2026-07-07T11:10:34.450288Z","level":"info","event":"Poking for file /mnt/snapshots/READY_FLAG_20260706","logger":"airflow.task.operators.airflow.providers.standard.sensors.filesystem.FileSensor","filename":"filesystem.py","lineno":108}
{"timestamp":"2026-07-07T11:10:44.452651Z","level":"info","event":"Poking for file /mnt/snapshots/READY_FLAG_20260706","logger":"airflow.task.operators.airflow.providers.standard.sensors.filesystem.FileSensor","filename":"filesystem.py","lineno":108}
{"timestamp":"2026-07-07T11:10:54.454627Z","level":"info","event":"Poking for file /mnt/snapshots/READY_FLAG_20260706","logger":"airflow.task.operators.airflow.providers.standard.sensors.filesystem.FileSensor","filename":"filesystem.py","lineno":108}
{"timestamp":"2026-07-07T11:11:04.456481Z","level":"info","event":"Poking for file /mnt/snapshots/READY_FLAG_20260706","logger":"airflow.task.operators.airflow.providers.standard.sensors.filesystem.FileSensor","filename":"filesystem.py","lineno":108}
{"timestamp":"2026-07-07T11:11:14.456074Z","level":"info","event":"Poking for file /mnt/snapshots/READY_FLAG_20260706","logger":"airflow.task.operators.airflow.providers.standard.sensors.filesystem.FileSensor","filename":"filesystem.py","lineno":108}
{"timestamp":"2026-07-07T11:11:24.458044Z","level":"info","event":"Poking for file /mnt/snapshots/READY_FLAG_20260706","logger":"airflow.task.operators.airflow.providers.standard.sensors.filesystem.FileSensor","filename":"filesystem.py","lineno":108}
{"timestamp":"2026-07-07T11:11:34.460501Z","level":"info","event":"Poking for file /mnt/snapshots/READY_FLAG_20260706","logger":"airflow.task.operators.airflow.providers.standard.sensors.filesystem.FileSensor","filename":"filesystem.py","lineno":108}
{"timestamp":"2026-07-07T11:11:44.460186Z","level":"info","event":"Poking for file /mnt/snapshots/READY_FLAG_20260706","logger":"airflow.task.operators.airflow.providers.standard.sensors.filesystem.FileSensor","filename":"filesystem.py","lineno":108}
{"timestamp":"2026-07-07T11:11:54.462176Z","level":"info","event":"Poking for file /mnt/snapshots/READY_FLAG_20260706","logger":"airflow.task.operators.airflow.providers.standard.sensors.filesystem.FileSensor","filename":"filesystem.py","lineno":108}
{"timestamp":"2026-07-07T11:12:04.464310Z","level":"info","event":"Poking for file /mnt/snapshots/READY_FLAG_20260706","logger":"airflow.task.operators.airflow.providers.standard.sensors.filesystem.FileSensor","filename":"filesystem.py","lineno":108}
{"timestamp":"2026-07-07T11:12:14.462641Z","level":"info","event":"Poking for file /mnt/snapshots/READY_FLAG_20260706","logger":"airflow.task.operators.airflow.providers.standard.sensors.filesystem.FileSensor","filename":"filesystem.py","lineno":108}
{"timestamp":"2026-07-07T11:12:24.464024Z","level":"info","event":"Poking for file /mnt/snapshots/READY_FLAG_20260706","logger":"airflow.task.operators.airflow.providers.standard.sensors.filesystem.FileSensor","filename":"filesystem.py","lineno":108}
{"timestamp":"2026-07-07T11:12:34.466362Z","level":"info","event":"Poking for file /mnt/snapshots/READY_FLAG_20260706","logger":"airflow.task.operators.airflow.providers.standard.sensors.filesystem.FileSensor","filename":"filesystem.py","lineno":108}
{"timestamp":"2026-07-07T11:12:44.465578Z","level":"info","event":"Poking for file /mnt/snapshots/READY_FLAG_20260706","logger":"airflow.task.operators.airflow.providers.standard.sensors.filesystem.FileSensor","filename":"filesystem.py","lineno":108}
{"timestamp":"2026-07-07T11:12:54.467956Z","level":"info","event":"Poking for file /mnt/snapshots/READY_FLAG_20260706","logger":"airflow.task.operators.airflow.providers.standard.sensors.filesystem.FileSensor","filename":"filesystem.py","lineno":108}
{"timestamp":"2026-07-07T11:13:04.471298Z","level":"info","event":"Poking for file /mnt/snapshots/READY_FLAG_20260706","logger":"airflow.task.operators.airflow.providers.standard.sensors.filesystem.FileSensor","filename":"filesystem.py","lineno":108}
{"timestamp":"2026-07-07T11:13:14.470089Z","level":"info","event":"Poking for file /mnt/snapshots/READY_FLAG_20260706","logger":"airflow.task.operators.airflow.providers.standard.sensors.filesystem.FileSensor","filename":"filesystem.py","lineno":108}
{"timestamp":"2026-07-07T11:13:24.472701Z","level":"info","event":"Poking for file /mnt/snapshots/READY_FLAG_20260706","logger":"airflow.task.operators.airflow.providers.standard.sensors.filesystem.FileSensor","filename":"filesystem.py","lineno":108}
{"timestamp":"2026-07-07T11:13:34.474209Z","level":"info","event":"Poking for file /mnt/snapshots/READY_FLAG_20260706","logger":"airflow.task.operators.airflow.providers.standard.sensors.filesystem.FileSensor","filename":"filesystem.py","lineno":108}
{"timestamp":"2026-07-07T11:13:44.472344Z","level":"info","event":"Poking for file /mnt/snapshots/READY_FLAG_20260706","logger":"airflow.task.operators.airflow.providers.standard.sensors.filesystem.FileSensor","filename":"filesystem.py","lineno":108}
{"timestamp":"2026-07-07T11:13:54.474138Z","level":"info","event":"Poking for file /mnt/snapshots/READY_FLAG_20260706","logger":"airflow.task.operators.airflow.providers.standard.sensors.filesystem.FileSensor","filename":"filesystem.py","lineno":108}
{"timestamp":"2026-07-07T11:14:04.476030Z","level":"info","event":"Poking for file /mnt/snapshots/READY_FLAG_20260706","logger":"airflow.task.operators.airflow.providers.standard.sensors.filesystem.FileSensor","filename":"filesystem.py","lineno":108}
{"timestamp":"2026-07-07T11:14:14.476133Z","level":"info","event":"Poking for file /mnt/snapshots/READY_FLAG_20260706","logger":"airflow.task.operators.airflow.providers.standard.sensors.filesystem.FileSensor","filename":"filesystem.py","lineno":108}
{"timestamp":"2026-07-07T11:14:24.477948Z","level":"info","event":"Poking for file /mnt/snapshots/READY_FLAG_20260706","logger":"airflow.task.operators.airflow.providers.standard.sensors.filesystem.FileSensor","filename":"filesystem.py","lineno":108}
{"timestamp":"2026-07-07T11:14:34.479729Z","level":"info","event":"Poking for file /mnt/snapshots/READY_FLAG_20260706","logger":"airflow.task.operators.airflow.providers.standard.sensors.filesystem.FileSensor","filename":"filesystem.py","lineno":108}
{"timestamp":"2026-07-07T11:14:44.479082Z","level":"info","event":"Poking for file /mnt/snapshots/READY_FLAG_20260706","logger":"airflow.task.operators.airflow.providers.standard.sensors.filesystem.FileSensor","filename":"filesystem.py","lineno":108}
{"timestamp":"2026-07-07T11:14:54.480097Z","level":"info","event":"Poking for file /mnt/snapshots/READY_FLAG_20260706","logger":"airflow.task.operators.airflow.providers.standard.sensors.filesystem.FileSensor","filename":"filesystem.py","lineno":108}
{"timestamp":"2026-07-07T11:15:04.483081Z","level":"info","event":"Poking for file /mnt/snapshots/READY_FLAG_20260706","logger":"airflow.task.operators.airflow.providers.standard.sensors.filesystem.FileSensor","filename":"filesystem.py","lineno":108}
{"timestamp":"2026-07-07T11:15:14.481612Z","level":"info","event":"Poking for file /mnt/snapshots/READY_FLAG_20260706","logger":"airflow.task.operators.airflow.providers.standard.sensors.filesystem.FileSensor","filename":"filesystem.py","lineno":108}
{"timestamp":"2026-07-07T11:15:24.483750Z","level":"info","event":"Poking for file /mnt/snapshots/READY_FLAG_20260706","logger":"airflow.task.operators.airflow.providers.standard.sensors.filesystem.FileSensor","filename":"filesystem.py","lineno":108}
{"timestamp":"2026-07-07T11:15:34.486141Z","level":"info","event":"Poking for file /mnt/snapshots/READY_FLAG_20260706","logger":"airflow.task.operators.airflow.providers.standard.sensors.filesystem.FileSensor","filename":"filesystem.py","lineno":108}
{"timestamp":"2026-07-07T11:15:44.486441Z","level":"info","event":"Poking for file /mnt/snapshots/READY_FLAG_20260706","logger":"airflow.task.operators.airflow.providers.standard.sensors.filesystem.FileSensor","filename":"filesystem.py","lineno":108}
{"timestamp":"2026-07-07T11:15:54.489080Z","level":"info","event":"Poking for file /mnt/snapshots/READY_FLAG_20260706","logger":"airflow.task.operators.airflow.providers.standard.sensors.filesystem.FileSensor","filename":"filesystem.py","lineno":108}
{"timestamp":"2026-07-07T11:16:04.491576Z","level":"info","event":"Poking for file /mnt/snapshots/READY_FLAG_20260706","logger":"airflow.task.operators.airflow.providers.standard.sensors.filesystem.FileSensor","filename":"filesystem.py","lineno":108}
{"timestamp":"2026-07-07T11:16:14.489518Z","level":"info","event":"Poking for file /mnt/snapshots/READY_FLAG_20260706","logger":"airflow.task.operators.airflow.providers.standard.sensors.filesystem.FileSensor","filename":"filesystem.py","lineno":108}
{"timestamp":"2026-07-07T11:16:24.490300Z","level":"info","event":"Poking for file /mnt/snapshots/READY_FLAG_20260706","logger":"airflow.task.operators.airflow.providers.standard.sensors.filesystem.FileSensor","filename":"filesystem.py","lineno":108}
{"timestamp":"2026-07-07T11:16:34.491679Z","level":"info","event":"Poking for file /mnt/snapshots/READY_FLAG_20260706","logger":"airflow.task.operators.airflow.providers.standard.sensors.filesystem.FileSensor","filename":"filesystem.py","lineno":108}
{"timestamp":"2026-07-07T11:16:44.490004Z","level":"info","event":"Poking for file /mnt/snapshots/READY_FLAG_20260706","logger":"airflow.task.operators.airflow.providers.standard.sensors.filesystem.FileSensor","filename":"filesystem.py","lineno":108}
{"timestamp":"2026-07-07T11:16:54.491687Z","level":"info","event":"Poking for file /mnt/snapshots/READY_FLAG_20260706","logger":"airflow.task.operators.airflow.providers.standard.sensors.filesystem.FileSensor","filename":"filesystem.py","lineno":108}
{"timestamp":"2026-07-07T11:17:04.493219Z","level":"info","event":"Poking for file /mnt/snapshots/READY_FLAG_20260706","logger":"airflow.task.operators.airflow.providers.standard.sensors.filesystem.FileSensor","filename":"filesystem.py","lineno":108}
{"timestamp":"2026-07-07T11:17:14.493274Z","level":"info","event":"Poking for file /mnt/snapshots/READY_FLAG_20260706","logger":"airflow.task.operators.airflow.providers.standard.sensors.filesystem.FileSensor","filename":"filesystem.py","lineno":108}
{"timestamp":"2026-07-07T11:17:24.495203Z","level":"info","event":"Poking for file /mnt/snapshots/READY_FLAG_20260706","logger":"airflow.task.operators.airflow.providers.standard.sensors.filesystem.FileSensor","filename":"filesystem.py","lineno":108}
{"timestamp":"2026-07-07T11:17:34.496915Z","level":"info","event":"Poking for file /mnt/snapshots/READY_FLAG_20260706","logger":"airflow.task.operators.airflow.providers.standard.sensors.filesystem.FileSensor","filename":"filesystem.py","lineno":108}
{"timestamp":"2026-07-07T11:17:44.495395Z","level":"info","event":"Poking for file /mnt/snapshots/READY_FLAG_20260706","logger":"airflow.task.operators.airflow.providers.standard.sensors.filesystem.FileSensor","filename":"filesystem.py","lineno":108}
{"timestamp":"2026-07-07T11:17:54.497593Z","level":"info","event":"Poking for file /mnt/snapshots/READY_FLAG_20260706","logger":"airflow.task.operators.airflow.providers.standard.sensors.filesystem.FileSensor","filename":"filesystem.py","lineno":108}
{"timestamp":"2026-07-07T11:18:04.499518Z","level":"info","event":"Poking for file /mnt/snapshots/READY_FLAG_20260706","logger":"airflow.task.operators.airflow.providers.standard.sensors.filesystem.FileSensor","filename":"filesystem.py","lineno":108}
{"timestamp":"2026-07-07T11:18:14.497937Z","level":"info","event":"Poking for file /mnt/snapshots/READY_FLAG_20260706","logger":"airflow.task.operators.airflow.providers.standard.sensors.filesystem.FileSensor","filename":"filesystem.py","lineno":108}
{"timestamp":"2026-07-07T11:18:24.499380Z","level":"info","event":"Poking for file /mnt/snapshots/READY_FLAG_20260706","logger":"airflow.task.operators.airflow.providers.standard.sensors.filesystem.FileSensor","filename":"filesystem.py","lineno":108}
{"timestamp":"2026-07-07T11:18:34.500917Z","level":"info","event":"Poking for file /mnt/snapshots/READY_FLAG_20260706","logger":"airflow.task.operators.airflow.providers.standard.sensors.filesystem.FileSensor","filename":"filesystem.py","lineno":108}
{"timestamp":"2026-07-07T11:18:44.500458Z","level":"info","event":"Poking for file /mnt/snapshots/READY_FLAG_20260706","logger":"airflow.task.operators.airflow.providers.standard.sensors.filesystem.FileSensor","filename":"filesystem.py","lineno":108}
{"timestamp":"2026-07-07T11:18:54.502425Z","level":"info","event":"Poking for file /mnt/snapshots/READY_FLAG_20260706","logger":"airflow.task.operators.airflow.providers.standard.sensors.filesystem.FileSensor","filename":"filesystem.py","lineno":108}
{"timestamp":"2026-07-07T11:19:04.504657Z","level":"info","event":"Poking for file /mnt/snapshots/READY_FLAG_20260706","logger":"airflow.task.operators.airflow.providers.standard.sensors.filesystem.FileSensor","filename":"filesystem.py","lineno":108}
{"timestamp":"2026-07-07T11:19:14.503303Z","level":"info","event":"Poking for file /mnt/snapshots/READY_FLAG_20260706","logger":"airflow.task.operators.airflow.providers.standard.sensors.filesystem.FileSensor","filename":"filesystem.py","lineno":108}
{"timestamp":"2026-07-07T11:19:24.504078Z","level":"info","event":"Poking for file /mnt/snapshots/READY_FLAG_20260706","logger":"airflow.task.operators.airflow.providers.standard.sensors.filesystem.FileSensor","filename":"filesystem.py","lineno":108}
{"timestamp":"2026-07-07T11:19:34.506016Z","level":"info","event":"Poking for file /mnt/snapshots/READY_FLAG_20260706","logger":"airflow.task.operators.airflow.providers.standard.sensors.filesystem.FileSensor","filename":"filesystem.py","lineno":108}
{"timestamp":"2026-07-07T11:19:44.504969Z","level":"info","event":"Poking for file /mnt/snapshots/READY_FLAG_20260706","logger":"airflow.task.operators.airflow.providers.standard.sensors.filesystem.FileSensor","filename":"filesystem.py","lineno":108}
{"timestamp":"2026-07-07T11:19:54.506794Z","level":"info","event":"Poking for file /mnt/snapshots/READY_FLAG_20260706","logger":"airflow.task.operators.airflow.providers.standard.sensors.filesystem.FileSensor","filename":"filesystem.py","lineno":108}
{"timestamp":"2026-07-07T11:20:04.507861Z","level":"info","event":"Poking for file /mnt/snapshots/READY_FLAG_20260706","logger":"airflow.task.operators.airflow.providers.standard.sensors.filesystem.FileSensor","filename":"filesystem.py","lineno":108}
{"timestamp":"2026-07-07T11:20:14.505672Z","level":"info","event":"Poking for file /mnt/snapshots/READY_FLAG_20260706","logger":"airflow.task.operators.airflow.providers.standard.sensors.filesystem.FileSensor","filename":"filesystem.py","lineno":108}
{"timestamp":"2026-07-07T11:20:24.507319Z","level":"info","event":"Poking for file /mnt/snapshots/READY_FLAG_20260706","logger":"airflow.task.operators.airflow.providers.standard.sensors.filesystem.FileSensor","filename":"filesystem.py","lineno":108}
{"timestamp":"2026-07-07T11:20:34.510348Z","level":"info","event":"Poking for file /mnt/snapshots/READY_FLAG_20260706","logger":"airflow.task.operators.airflow.providers.standard.sensors.filesystem.FileSensor","filename":"filesystem.py","lineno":108}
{"timestamp":"2026-07-07T11:20:44.509089Z","level":"info","event":"Poking for file /mnt/snapshots/READY_FLAG_20260706","logger":"airflow.task.operators.airflow.providers.standard.sensors.filesystem.FileSensor","filename":"filesystem.py","lineno":108}
{"timestamp":"2026-07-07T11:20:54.510679Z","level":"info","event":"Poking for file /mnt/snapshots/READY_FLAG_20260706","logger":"airflow.task.operators.airflow.providers.standard.sensors.filesystem.FileSensor","filename":"filesystem.py","lineno":108}
{"timestamp":"2026-07-07T11:21:04.512858Z","level":"info","event":"Poking for file /mnt/snapshots/READY_FLAG_20260706","logger":"airflow.task.operators.airflow.providers.standard.sensors.filesystem.FileSensor","filename":"filesystem.py","lineno":108}
{"timestamp":"2026-07-07T11:21:14.511930Z","level":"info","event":"Poking for file /mnt/snapshots/READY_FLAG_20260706","logger":"airflow.task.operators.airflow.providers.standard.sensors.filesystem.FileSensor","filename":"filesystem.py","lineno":108}
{"timestamp":"2026-07-07T11:21:24.513560Z","level":"info","event":"Poking for file /mnt/snapshots/READY_FLAG_20260706","logger":"airflow.task.operators.airflow.providers.standard.sensors.filesystem.FileSensor","filename":"filesystem.py","lineno":108}
{"timestamp":"2026-07-07T11:21:34.515537Z","level":"info","event":"Poking for file /mnt/snapshots/READY_FLAG_20260706","logger":"airflow.task.operators.airflow.providers.standard.sensors.filesystem.FileSensor","filename":"filesystem.py","lineno":108}
{"timestamp":"2026-07-07T11:21:44.513931Z","level":"info","event":"Poking for file /mnt/snapshots/READY_FLAG_20260706","logger":"airflow.task.operators.airflow.providers.standard.sensors.filesystem.FileSensor","filename":"filesystem.py","lineno":108}
{"timestamp":"2026-07-07T11:21:54.516551Z","level":"info","event":"Poking for file /mnt/snapshots/READY_FLAG_20260706","logger":"airflow.task.operators.airflow.providers.standard.sensors.filesystem.FileSensor","filename":"filesystem.py","lineno":108}
{"timestamp":"2026-07-07T11:22:04.520820Z","level":"info","event":"Poking for file /mnt/snapshots/READY_FLAG_20260706","logger":"airflow.task.operators.airflow.providers.standard.sensors.filesystem.FileSensor","filename":"filesystem.py","lineno":108}
{"timestamp":"2026-07-07T11:22:14.521283Z","level":"info","event":"Poking for file /mnt/snapshots/READY_FLAG_20260706","logger":"airflow.task.operators.airflow.providers.standard.sensors.filesystem.FileSensor","filename":"filesystem.py","lineno":108}
{"timestamp":"2026-07-07T11:22:24.523025Z","level":"info","event":"Poking for file /mnt/snapshots/READY_FLAG_20260706","logger":"airflow.task.operators.airflow.providers.standard.sensors.filesystem.FileSensor","filename":"filesystem.py","lineno":108}
{"timestamp":"2026-07-07T11:22:34.524306Z","level":"info","event":"Poking for file /mnt/snapshots/READY_FLAG_20260706","logger":"airflow.task.operators.airflow.providers.standard.sensors.filesystem.FileSensor","filename":"filesystem.py","lineno":108}
{"timestamp":"2026-07-07T11:22:44.523046Z","level":"info","event":"Poking for file /mnt/snapshots/READY_FLAG_20260706","logger":"airflow.task.operators.airflow.providers.standard.sensors.filesystem.FileSensor","filename":"filesystem.py","lineno":108}
{"timestamp":"2026-07-07T11:22:54.525640Z","level":"info","event":"Poking for file /mnt/snapshots/READY_FLAG_20260706","logger":"airflow.task.operators.airflow.providers.standard.sensors.filesystem.FileSensor","filename":"filesystem.py","lineno":108}
{"timestamp":"2026-07-07T11:23:04.527159Z","level":"info","event":"Poking for file /mnt/snapshots/READY_FLAG_20260706","logger":"airflow.task.operators.airflow.providers.standard.sensors.filesystem.FileSensor","filename":"filesystem.py","lineno":108}
{"timestamp":"2026-07-07T11:23:14.526482Z","level":"info","event":"Poking for file /mnt/snapshots/READY_FLAG_20260706","logger":"airflow.task.operators.airflow.providers.standard.sensors.filesystem.FileSensor","filename":"filesystem.py","lineno":108}
{"timestamp":"2026-07-07T11:23:24.528741Z","level":"info","event":"Poking for file /mnt/snapshots/READY_FLAG_20260706","logger":"airflow.task.operators.airflow.providers.standard.sensors.filesystem.FileSensor","filename":"filesystem.py","lineno":108}
{"timestamp":"2026-07-07T11:23:34.529772Z","level":"info","event":"Poking for file /mnt/snapshots/READY_FLAG_20260706","logger":"airflow.task.operators.airflow.providers.standard.sensors.filesystem.FileSensor","filename":"filesystem.py","lineno":108}
{"timestamp":"2026-07-07T11:23:44.528411Z","level":"info","event":"Poking for file /mnt/snapshots/READY_FLAG_20260706","logger":"airflow.task.operators.airflow.providers.standard.sensors.filesystem.FileSensor","filename":"filesystem.py","lineno":108}
{"timestamp":"2026-07-07T11:23:54.530241Z","level":"info","event":"Poking for file /mnt/snapshots/READY_FLAG_20260706","logger":"airflow.task.operators.airflow.providers.standard.sensors.filesystem.FileSensor","filename":"filesystem.py","lineno":108}
{"timestamp":"2026-07-07T11:24:04.532614Z","level":"info","event":"Poking for file /mnt/snapshots/READY_FLAG_20260706","logger":"airflow.task.operators.airflow.providers.standard.sensors.filesystem.FileSensor","filename":"filesystem.py","lineno":108}
{"timestamp":"2026-07-07T11:24:14.535345Z","level":"info","event":"Poking for file /mnt/snapshots/READY_FLAG_20260706","logger":"airflow.task.operators.airflow.providers.standard.sensors.filesystem.FileSensor","filename":"filesystem.py","lineno":108}
{"timestamp":"2026-07-07T11:24:24.537610Z","level":"info","event":"Poking for file /mnt/snapshots/READY_FLAG_20260706","logger":"airflow.task.operators.airflow.providers.standard.sensors.filesystem.FileSensor","filename":"filesystem.py","lineno":108}
{"timestamp":"2026-07-07T11:24:34.539283Z","level":"info","event":"Poking for file /mnt/snapshots/READY_FLAG_20260706","logger":"airflow.task.operators.airflow.providers.standard.sensors.filesystem.FileSensor","filename":"filesystem.py","lineno":108}
{"timestamp":"2026-07-07T11:24:44.537085Z","level":"info","event":"Poking for file /mnt/snapshots/READY_FLAG_20260706","logger":"airflow.task.operators.airflow.providers.standard.sensors.filesystem.FileSensor","filename":"filesystem.py","lineno":108}
{"timestamp":"2026-07-07T11:24:54.539630Z","level":"info","event":"Poking for file /mnt/snapshots/READY_FLAG_20260706","logger":"airflow.task.operators.airflow.providers.standard.sensors.filesystem.FileSensor","filename":"filesystem.py","lineno":108}
{"timestamp":"2026-07-07T11:25:04.541904Z","level":"info","event":"Poking for file /mnt/snapshots/READY_FLAG_20260706","logger":"airflow.task.operators.airflow.providers.standard.sensors.filesystem.FileSensor","filename":"filesystem.py","lineno":108}
{"timestamp":"2026-07-07T11:25:14.542253Z","level":"info","event":"Poking for file /mnt/snapshots/READY_FLAG_20260706","logger":"airflow.task.operators.airflow.providers.standard.sensors.filesystem.FileSensor","filename":"filesystem.py","lineno":108}
{"timestamp":"2026-07-07T11:25:24.544289Z","level":"info","event":"Poking for file /mnt/snapshots/READY_FLAG_20260706","logger":"airflow.task.operators.airflow.providers.standard.sensors.filesystem.FileSensor","filename":"filesystem.py","lineno":108}
{"timestamp":"2026-07-07T11:25:34.546476Z","level":"info","event":"Poking for file /mnt/snapshots/READY_FLAG_20260706","logger":"airflow.task.operators.airflow.providers.standard.sensors.filesystem.FileSensor","filename":"filesystem.py","lineno":108}
{"timestamp":"2026-07-07T11:25:44.544779Z","level":"info","event":"Poking for file /mnt/snapshots/READY_FLAG_20260706","logger":"airflow.task.operators.airflow.providers.standard.sensors.filesystem.FileSensor","filename":"filesystem.py","lineno":108}
{"timestamp":"2026-07-07T11:25:54.546141Z","level":"info","event":"Poking for file /mnt/snapshots/READY_FLAG_20260706","logger":"airflow.task.operators.airflow.providers.standard.sensors.filesystem.FileSensor","filename":"filesystem.py","lineno":108}
{"timestamp":"2026-07-07T11:26:04.548034Z","level":"info","event":"Poking for file /mnt/snapshots/READY_FLAG_20260706","logger":"airflow.task.operators.airflow.providers.standard.sensors.filesystem.FileSensor","filename":"filesystem.py","lineno":108}
{"timestamp":"2026-07-07T11:26:14.547404Z","level":"info","event":"Poking for file /mnt/snapshots/READY_FLAG_20260706","logger":"airflow.task.operators.airflow.providers.standard.sensors.filesystem.FileSensor","filename":"filesystem.py","lineno":108}
{"timestamp":"2026-07-07T11:26:24.549027Z","level":"info","event":"Poking for file /mnt/snapshots/READY_FLAG_20260706","logger":"airflow.task.operators.airflow.providers.standard.sensors.filesystem.FileSensor","filename":"filesystem.py","lineno":108}
{"timestamp":"2026-07-07T11:26:34.550794Z","level":"info","event":"Poking for file /mnt/snapshots/READY_FLAG_20260706","logger":"airflow.task.operators.airflow.providers.standard.sensors.filesystem.FileSensor","filename":"filesystem.py","lineno":108}
{"timestamp":"2026-07-07T11:26:44.549228Z","level":"info","event":"Poking for file /mnt/snapshots/READY_FLAG_20260706","logger":"airflow.task.operators.airflow.providers.standard.sensors.filesystem.FileSensor","filename":"filesystem.py","lineno":108}
{"timestamp":"2026-07-07T11:26:54.551244Z","level":"info","event":"Poking for file /mnt/snapshots/READY_FLAG_20260706","logger":"airflow.task.operators.airflow.providers.standard.sensors.filesystem.FileSensor","filename":"filesystem.py","lineno":108}
{"timestamp":"2026-07-07T11:27:04.554008Z","level":"info","event":"Poking for file /mnt/snapshots/READY_FLAG_20260706","logger":"airflow.task.operators.airflow.providers.standard.sensors.filesystem.FileSensor","filename":"filesystem.py","lineno":108}
{"timestamp":"2026-07-07T11:27:14.552243Z","level":"info","event":"Poking for file /mnt/snapshots/READY_FLAG_20260706","logger":"airflow.task.operators.airflow.providers.standard.sensors.filesystem.FileSensor","filename":"filesystem.py","lineno":108}
{"timestamp":"2026-07-07T11:27:24.553506Z","level":"info","event":"Poking for file /mnt/snapshots/READY_FLAG_20260706","logger":"airflow.task.operators.airflow.providers.standard.sensors.filesystem.FileSensor","filename":"filesystem.py","lineno":108}
{"timestamp":"2026-07-07T11:27:34.556988Z","level":"info","event":"Poking for file /mnt/snapshots/READY_FLAG_20260706","logger":"airflow.task.operators.airflow.providers.standard.sensors.filesystem.FileSensor","filename":"filesystem.py","lineno":108}
{"timestamp":"2026-07-07T11:27:44.554840Z","level":"info","event":"Poking for file /mnt/snapshots/READY_FLAG_20260706","logger":"airflow.task.operators.airflow.providers.standard.sensors.filesystem.FileSensor","filename":"filesystem.py","lineno":108}
{"timestamp":"2026-07-07T11:27:54.556193Z","level":"info","event":"Poking for file /mnt/snapshots/READY_FLAG_20260706","logger":"airflow.task.operators.airflow.providers.standard.sensors.filesystem.FileSensor","filename":"filesystem.py","lineno":108}
{"timestamp":"2026-07-07T11:28:04.557931Z","level":"info","event":"Poking for file /mnt/snapshots/READY_FLAG_20260706","logger":"airflow.task.operators.airflow.providers.standard.sensors.filesystem.FileSensor","filename":"filesystem.py","lineno":108}
{"timestamp":"2026-07-07T11:28:14.557292Z","level":"info","event":"Poking for file /mnt/snapshots/READY_FLAG_20260706","logger":"airflow.task.operators.airflow.providers.standard.sensors.filesystem.FileSensor","filename":"filesystem.py","lineno":108}
{"timestamp":"2026-07-07T11:28:24.562009Z","level":"info","event":"Poking for file /mnt/snapshots/READY_FLAG_20260706","logger":"airflow.task.operators.airflow.providers.standard.sensors.filesystem.FileSensor","filename":"filesystem.py","lineno":108}
{"timestamp":"2026-07-07T11:28:34.563567Z","level":"info","event":"Poking for file /mnt/snapshots/READY_FLAG_20260706","logger":"airflow.task.operators.airflow.providers.standard.sensors.filesystem.FileSensor","filename":"filesystem.py","lineno":108}
{"timestamp":"2026-07-07T11:28:44.561922Z","level":"info","event":"Poking for file /mnt/snapshots/READY_FLAG_20260706","logger":"airflow.task.operators.airflow.providers.standard.sensors.filesystem.FileSensor","filename":"filesystem.py","lineno":108}
{"timestamp":"2026-07-07T11:28:54.563512Z","level":"info","event":"Poking for file /mnt/snapshots/READY_FLAG_20260706","logger":"airflow.task.operators.airflow.providers.standard.sensors.filesystem.FileSensor","filename":"filesystem.py","lineno":108}
{"timestamp":"2026-07-07T11:29:04.565083Z","level":"info","event":"Poking for file /mnt/snapshots/READY_FLAG_20260706","logger":"airflow.task.operators.airflow.providers.standard.sensors.filesystem.FileSensor","filename":"filesystem.py","lineno":108}
{"timestamp":"2026-07-07T11:29:14.564502Z","level":"info","event":"Poking for file /mnt/snapshots/READY_FLAG_20260706","logger":"airflow.task.operators.airflow.providers.standard.sensors.filesystem.FileSensor","filename":"filesystem.py","lineno":108}
{"timestamp":"2026-07-07T11:29:24.566547Z","level":"info","event":"Poking for file /mnt/snapshots/READY_FLAG_20260706","logger":"airflow.task.operators.airflow.providers.standard.sensors.filesystem.FileSensor","filename":"filesystem.py","lineno":108}
{"timestamp":"2026-07-07T11:29:34.568076Z","level":"info","event":"Poking for file /mnt/snapshots/READY_FLAG_20260706","logger":"airflow.task.operators.airflow.providers.standard.sensors.filesystem.FileSensor","filename":"filesystem.py","lineno":108}
{"timestamp":"2026-07-07T11:29:44.567032Z","level":"info","event":"Poking for file /mnt/snapshots/READY_FLAG_20260706","logger":"airflow.task.operators.airflow.providers.standard.sensors.filesystem.FileSensor","filename":"filesystem.py","lineno":108}
{"timestamp":"2026-07-07T11:29:54.569756Z","level":"info","event":"Poking for file /mnt/snapshots/READY_FLAG_20260706","logger":"airflow.task.operators.airflow.providers.standard.sensors.filesystem.FileSensor","filename":"filesystem.py","lineno":108}
{"timestamp":"2026-07-07T11:30:04.571711Z","level":"info","event":"Poking for file /mnt/snapshots/READY_FLAG_20260706","logger":"airflow.task.operators.airflow.providers.standard.sensors.filesystem.FileSensor","filename":"filesystem.py","lineno":108}
{"timestamp":"2026-07-07T11:30:14.569649Z","level":"info","event":"Poking for file /mnt/snapshots/READY_FLAG_20260706","logger":"airflow.task.operators.airflow.providers.standard.sensors.filesystem.FileSensor","filename":"filesystem.py","lineno":108}
{"timestamp":"2026-07-07T11:30:24.571737Z","level":"info","event":"Poking for file /mnt/snapshots/READY_FLAG_20260706","logger":"airflow.task.operators.airflow.providers.standard.sensors.filesystem.FileSensor","filename":"filesystem.py","lineno":108}
{"timestamp":"2026-07-07T11:30:34.573489Z","level":"info","event":"Poking for file /mnt/snapshots/READY_FLAG_20260706","logger":"airflow.task.operators.airflow.providers.standard.sensors.filesystem.FileSensor","filename":"filesystem.py","lineno":108}
{"timestamp":"2026-07-07T11:30:44.573707Z","level":"info","event":"Poking for file /mnt/snapshots/READY_FLAG_20260706","logger":"airflow.task.operators.airflow.providers.standard.sensors.filesystem.FileSensor","filename":"filesystem.py","lineno":108}
{"timestamp":"2026-07-07T11:30:54.576257Z","level":"info","event":"Poking for file /mnt/snapshots/READY_FLAG_20260706","logger":"airflow.task.operators.airflow.providers.standard.sensors.filesystem.FileSensor","filename":"filesystem.py","lineno":108}
{"timestamp":"2026-07-07T11:31:04.578266Z","level":"info","event":"Poking for file /mnt/snapshots/READY_FLAG_20260706","logger":"airflow.task.operators.airflow.providers.standard.sensors.filesystem.FileSensor","filename":"filesystem.py","lineno":108}
{"timestamp":"2026-07-07T11:31:14.577118Z","level":"info","event":"Poking for file /mnt/snapshots/READY_FLAG_20260706","logger":"airflow.task.operators.airflow.providers.standard.sensors.filesystem.FileSensor","filename":"filesystem.py","lineno":108}
{"timestamp":"2026-07-07T11:31:24.583354Z","level":"info","event":"Poking for file /mnt/snapshots/READY_FLAG_20260706","logger":"airflow.task.operators.airflow.providers.standard.sensors.filesystem.FileSensor","filename":"filesystem.py","lineno":108}
{"timestamp":"2026-07-07T11:31:34.585784Z","level":"info","event":"Poking for file /mnt/snapshots/READY_FLAG_20260706","logger":"airflow.task.operators.airflow.providers.standard.sensors.filesystem.FileSensor","filename":"filesystem.py","lineno":108}
{"timestamp":"2026-07-07T11:31:44.584493Z","level":"info","event":"Poking for file /mnt/snapshots/READY_FLAG_20260706","logger":"airflow.task.operators.airflow.providers.standard.sensors.filesystem.FileSensor","filename":"filesystem.py","lineno":108}
{"timestamp":"2026-07-07T11:31:54.586677Z","level":"info","event":"Poking for file /mnt/snapshots/READY_FLAG_20260706","logger":"airflow.task.operators.airflow.providers.standard.sensors.filesystem.FileSensor","filename":"filesystem.py","lineno":108}
{"timestamp":"2026-07-07T11:32:04.589076Z","level":"info","event":"Poking for file /mnt/snapshots/READY_FLAG_20260706","logger":"airflow.task.operators.airflow.providers.standard.sensors.filesystem.FileSensor","filename":"filesystem.py","lineno":108}
{"timestamp":"2026-07-07T11:32:14.587700Z","level":"info","event":"Poking for file /mnt/snapshots/READY_FLAG_20260706","logger":"airflow.task.operators.airflow.providers.standard.sensors.filesystem.FileSensor","filename":"filesystem.py","lineno":108}
{"timestamp":"2026-07-07T11:32:24.588501Z","level":"info","event":"Poking for file /mnt/snapshots/READY_FLAG_20260706","logger":"airflow.task.operators.airflow.providers.standard.sensors.filesystem.FileSensor","filename":"filesystem.py","lineno":108}
{"timestamp":"2026-07-07T11:32:34.590821Z","level":"info","event":"Poking for file /mnt/snapshots/READY_FLAG_20260706","logger":"airflow.task.operators.airflow.providers.standard.sensors.filesystem.FileSensor","filename":"filesystem.py","lineno":108}
{"timestamp":"2026-07-07T11:32:44.589545Z","level":"info","event":"Poking for file /mnt/snapshots/READY_FLAG_20260706","logger":"airflow.task.operators.airflow.providers.standard.sensors.filesystem.FileSensor","filename":"filesystem.py","lineno":108}
{"timestamp":"2026-07-07T11:32:54.591354Z","level":"info","event":"Poking for file /mnt/snapshots/READY_FLAG_20260706","logger":"airflow.task.operators.airflow.providers.standard.sensors.filesystem.FileSensor","filename":"filesystem.py","lineno":108}
{"timestamp":"2026-07-07T11:33:04.594706Z","level":"info","event":"Poking for file /mnt/snapshots/READY_FLAG_20260706","logger":"airflow.task.operators.airflow.providers.standard.sensors.filesystem.FileSensor","filename":"filesystem.py","lineno":108}
{"timestamp":"2026-07-07T11:33:14.593264Z","level":"info","event":"Poking for file /mnt/snapshots/READY_FLAG_20260706","logger":"airflow.task.operators.airflow.providers.standard.sensors.filesystem.FileSensor","filename":"filesystem.py","lineno":108}
{"timestamp":"2026-07-07T11:33:24.594748Z","level":"info","event":"Poking for file /mnt/snapshots/READY_FLAG_20260706","logger":"airflow.task.operators.airflow.providers.standard.sensors.filesystem.FileSensor","filename":"filesystem.py","lineno":108}
{"timestamp":"2026-07-07T11:33:34.597008Z","level":"info","event":"Poking for file /mnt/snapshots/READY_FLAG_20260706","logger":"airflow.task.operators.airflow.providers.standard.sensors.filesystem.FileSensor","filename":"filesystem.py","lineno":108}
{"timestamp":"2026-07-07T11:33:44.595854Z","level":"info","event":"Poking for file /mnt/snapshots/READY_FLAG_20260706","logger":"airflow.task.operators.airflow.providers.standard.sensors.filesystem.FileSensor","filename":"filesystem.py","lineno":108}
{"timestamp":"2026-07-07T11:33:54.597283Z","level":"info","event":"Poking for file /mnt/snapshots/READY_FLAG_20260706","logger":"airflow.task.operators.airflow.providers.standard.sensors.filesystem.FileSensor","filename":"filesystem.py","lineno":108}
{"timestamp":"2026-07-07T11:34:04.598864Z","level":"info","event":"Poking for file /mnt/snapshots/READY_FLAG_20260706","logger":"airflow.task.operators.airflow.providers.standard.sensors.filesystem.FileSensor","filename":"filesystem.py","lineno":108}
{"timestamp":"2026-07-07T11:34:14.597821Z","level":"info","event":"Poking for file /mnt/snapshots/READY_FLAG_20260706","logger":"airflow.task.operators.airflow.providers.standard.sensors.filesystem.FileSensor","filename":"filesystem.py","lineno":108}
{"timestamp":"2026-07-07T11:34:24.600552Z","level":"info","event":"Poking for file /mnt/snapshots/READY_FLAG_20260706","logger":"airflow.task.operators.airflow.providers.standard.sensors.filesystem.FileSensor","filename":"filesystem.py","lineno":108}
{"timestamp":"2026-07-07T11:34:34.601933Z","level":"info","event":"Poking for file /mnt/snapshots/READY_FLAG_20260706","logger":"airflow.task.operators.airflow.providers.standard.sensors.filesystem.FileSensor","filename":"filesystem.py","lineno":108}
{"timestamp":"2026-07-07T11:34:44.600878Z","level":"info","event":"Poking for file /mnt/snapshots/READY_FLAG_20260706","logger":"airflow.task.operators.airflow.providers.standard.sensors.filesystem.FileSensor","filename":"filesystem.py","lineno":108}
{"timestamp":"2026-07-07T11:34:54.602343Z","level":"info","event":"Poking for file /mnt/snapshots/READY_FLAG_20260706","logger":"airflow.task.operators.airflow.providers.standard.sensors.filesystem.FileSensor","filename":"filesystem.py","lineno":108}
{"timestamp":"2026-07-07T11:35:04.604577Z","level":"info","event":"Poking for file /mnt/snapshots/READY_FLAG_20260706","logger":"airflow.task.operators.airflow.providers.standard.sensors.filesystem.FileSensor","filename":"filesystem.py","lineno":108}
{"timestamp":"2026-07-07T11:35:14.603255Z","level":"info","event":"Poking for file /mnt/snapshots/READY_FLAG_20260706","logger":"airflow.task.operators.airflow.providers.standard.sensors.filesystem.FileSensor","filename":"filesystem.py","lineno":108}
{"timestamp":"2026-07-07T11:35:24.605061Z","level":"info","event":"Poking for file /mnt/snapshots/READY_FLAG_20260706","logger":"airflow.task.operators.airflow.providers.standard.sensors.filesystem.FileSensor","filename":"filesystem.py","lineno":108}
{"timestamp":"2026-07-07T11:35:34.606690Z","level":"info","event":"Poking for file /mnt/snapshots/READY_FLAG_20260706","logger":"airflow.task.operators.airflow.providers.standard.sensors.filesystem.FileSensor","filename":"filesystem.py","lineno":108}
{"timestamp":"2026-07-07T11:35:44.607097Z","level":"info","event":"Poking for file /mnt/snapshots/READY_FLAG_20260706","logger":"airflow.task.operators.airflow.providers.standard.sensors.filesystem.FileSensor","filename":"filesystem.py","lineno":108}
{"timestamp":"2026-07-07T11:35:54.608473Z","level":"info","event":"Poking for file /mnt/snapshots/READY_FLAG_20260706","logger":"airflow.task.operators.airflow.providers.standard.sensors.filesystem.FileSensor","filename":"filesystem.py","lineno":108}
{"timestamp":"2026-07-07T11:36:04.609929Z","level":"info","event":"Poking for file /mnt/snapshots/READY_FLAG_20260706","logger":"airflow.task.operators.airflow.providers.standard.sensors.filesystem.FileSensor","filename":"filesystem.py","lineno":108}
{"timestamp":"2026-07-07T11:36:14.608742Z","level":"info","event":"Poking for file /mnt/snapshots/READY_FLAG_20260706","logger":"airflow.task.operators.airflow.providers.standard.sensors.filesystem.FileSensor","filename":"filesystem.py","lineno":108}
{"timestamp":"2026-07-07T11:36:24.611236Z","level":"info","event":"Poking for file /mnt/snapshots/READY_FLAG_20260706","logger":"airflow.task.operators.airflow.providers.standard.sensors.filesystem.FileSensor","filename":"filesystem.py","lineno":108}
{"timestamp":"2026-07-07T11:36:34.613307Z","level":"info","event":"Poking for file /mnt/snapshots/READY_FLAG_20260706","logger":"airflow.task.operators.airflow.providers.standard.sensors.filesystem.FileSensor","filename":"filesystem.py","lineno":108}
{"timestamp":"2026-07-07T11:36:44.612197Z","level":"info","event":"Poking for file /mnt/snapshots/READY_FLAG_20260706","logger":"airflow.task.operators.airflow.providers.standard.sensors.filesystem.FileSensor","filename":"filesystem.py","lineno":108}
{"timestamp":"2026-07-07T11:36:54.613812Z","level":"info","event":"Poking for file /mnt/snapshots/READY_FLAG_20260706","logger":"airflow.task.operators.airflow.providers.standard.sensors.filesystem.FileSensor","filename":"filesystem.py","lineno":108}
{"timestamp":"2026-07-07T11:37:04.615021Z","level":"info","event":"Poking for file /mnt/snapshots/READY_FLAG_20260706","logger":"airflow.task.operators.airflow.providers.standard.sensors.filesystem.FileSensor","filename":"filesystem.py","lineno":108}
{"timestamp":"2026-07-07T11:37:14.615196Z","level":"info","event":"Poking for file /mnt/snapshots/READY_FLAG_20260706","logger":"airflow.task.operators.airflow.providers.standard.sensors.filesystem.FileSensor","filename":"filesystem.py","lineno":108}
{"timestamp":"2026-07-07T11:37:24.616822Z","level":"info","event":"Poking for file /mnt/snapshots/READY_FLAG_20260706","logger":"airflow.task.operators.airflow.providers.standard.sensors.filesystem.FileSensor","filename":"filesystem.py","lineno":108}
{"timestamp":"2026-07-07T11:37:34.618790Z","level":"info","event":"Poking for file /mnt/snapshots/READY_FLAG_20260706","logger":"airflow.task.operators.airflow.providers.standard.sensors.filesystem.FileSensor","filename":"filesystem.py","lineno":108}
{"timestamp":"2026-07-07T11:37:44.617795Z","level":"info","event":"Poking for file /mnt/snapshots/READY_FLAG_20260706","logger":"airflow.task.operators.airflow.providers.standard.sensors.filesystem.FileSensor","filename":"filesystem.py","lineno":108}
{"timestamp":"2026-07-07T11:37:54.619747Z","level":"info","event":"Poking for file /mnt/snapshots/READY_FLAG_20260706","logger":"airflow.task.operators.airflow.providers.standard.sensors.filesystem.FileSensor","filename":"filesystem.py","lineno":108}
{"timestamp":"2026-07-07T11:38:04.621129Z","level":"info","event":"Poking for file /mnt/snapshots/READY_FLAG_20260706","logger":"airflow.task.operators.airflow.providers.standard.sensors.filesystem.FileSensor","filename":"filesystem.py","lineno":108}
{"timestamp":"2026-07-07T11:38:14.620803Z","level":"info","event":"Poking for file /mnt/snapshots/READY_FLAG_20260706","logger":"airflow.task.operators.airflow.providers.standard.sensors.filesystem.FileSensor","filename":"filesystem.py","lineno":108}
{"timestamp":"2026-07-07T11:38:24.623622Z","level":"info","event":"Poking for file /mnt/snapshots/READY_FLAG_20260706","logger":"airflow.task.operators.airflow.providers.standard.sensors.filesystem.FileSensor","filename":"filesystem.py","lineno":108}
{"timestamp":"2026-07-07T11:38:34.626504Z","level":"info","event":"Poking for file /mnt/snapshots/READY_FLAG_20260706","logger":"airflow.task.operators.airflow.providers.standard.sensors.filesystem.FileSensor","filename":"filesystem.py","lineno":108}
{"timestamp":"2026-07-07T11:38:44.624938Z","level":"info","event":"Poking for file /mnt/snapshots/READY_FLAG_20260706","logger":"airflow.task.operators.airflow.providers.standard.sensors.filesystem.FileSensor","filename":"filesystem.py","lineno":108}
{"timestamp":"2026-07-07T11:38:54.627408Z","level":"info","event":"Poking for file /mnt/snapshots/READY_FLAG_20260706","logger":"airflow.task.operators.airflow.providers.standard.sensors.filesystem.FileSensor","filename":"filesystem.py","lineno":108}
{"timestamp":"2026-07-07T11:39:04.629190Z","level":"info","event":"Poking for file /mnt/snapshots/READY_FLAG_20260706","logger":"airflow.task.operators.airflow.providers.standard.sensors.filesystem.FileSensor","filename":"filesystem.py","lineno":108}
{"timestamp":"2026-07-07T11:39:14.627273Z","level":"info","event":"Poking for file /mnt/snapshots/READY_FLAG_20260706","logger":"airflow.task.operators.airflow.providers.standard.sensors.filesystem.FileSensor","filename":"filesystem.py","lineno":108}
{"timestamp":"2026-07-07T11:39:24.629225Z","level":"info","event":"Poking for file /mnt/snapshots/READY_FLAG_20260706","logger":"airflow.task.operators.airflow.providers.standard.sensors.filesystem.FileSensor","filename":"filesystem.py","lineno":108}
{"timestamp":"2026-07-07T11:39:34.630995Z","level":"info","event":"Poking for file /mnt/snapshots/READY_FLAG_20260706","logger":"airflow.task.operators.airflow.providers.standard.sensors.filesystem.FileSensor","filename":"filesystem.py","lineno":108}
{"timestamp":"2026-07-07T11:39:44.629464Z","level":"info","event":"Poking for file /mnt/snapshots/READY_FLAG_20260706","logger":"airflow.task.operators.airflow.providers.standard.sensors.filesystem.FileSensor","filename":"filesystem.py","lineno":108}
{"timestamp":"2026-07-07T11:39:54.630847Z","level":"info","event":"Poking for file /mnt/snapshots/READY_FLAG_20260706","logger":"airflow.task.operators.airflow.providers.standard.sensors.filesystem.FileSensor","filename":"filesystem.py","lineno":108}
{"timestamp":"2026-07-07T11:40:04.632408Z","level":"info","event":"Poking for file /mnt/snapshots/READY_FLAG_20260706","logger":"airflow.task.operators.airflow.providers.standard.sensors.filesystem.FileSensor","filename":"filesystem.py","lineno":108}
{"timestamp":"2026-07-07T11:40:14.633230Z","level":"info","event":"Poking for file /mnt/snapshots/READY_FLAG_20260706","logger":"airflow.task.operators.airflow.providers.standard.sensors.filesystem.FileSensor","filename":"filesystem.py","lineno":108}
{"timestamp":"2026-07-07T11:40:24.634963Z","level":"info","event":"Poking for file /mnt/snapshots/READY_FLAG_20260706","logger":"airflow.task.operators.airflow.providers.standard.sensors.filesystem.FileSensor","filename":"filesystem.py","lineno":108}
{"timestamp":"2026-07-07T11:40:34.637263Z","level":"info","event":"Poking for file /mnt/snapshots/READY_FLAG_20260706","logger":"airflow.task.operators.airflow.providers.standard.sensors.filesystem.FileSensor","filename":"filesystem.py","lineno":108}
{"timestamp":"2026-07-07T11:40:44.636516Z","level":"info","event":"Poking for file /mnt/snapshots/READY_FLAG_20260706","logger":"airflow.task.operators.airflow.providers.standard.sensors.filesystem.FileSensor","filename":"filesystem.py","lineno":108}
{"timestamp":"2026-07-07T11:40:54.638427Z","level":"info","event":"Poking for file /mnt/snapshots/READY_FLAG_20260706","logger":"airflow.task.operators.airflow.providers.standard.sensors.filesystem.FileSensor","filename":"filesystem.py","lineno":108}
{"timestamp":"2026-07-07T11:41:04.641228Z","level":"info","event":"Poking for file /mnt/snapshots/READY_FLAG_20260706","logger":"airflow.task.operators.airflow.providers.standard.sensors.filesystem.FileSensor","filename":"filesystem.py","lineno":108}
{"timestamp":"2026-07-07T11:41:14.642059Z","level":"info","event":"Poking for file /mnt/snapshots/READY_FLAG_20260706","logger":"airflow.task.operators.airflow.providers.standard.sensors.filesystem.FileSensor","filename":"filesystem.py","lineno":108}
{"timestamp":"2026-07-07T11:41:24.643572Z","level":"info","event":"Poking for file /mnt/snapshots/READY_FLAG_20260706","logger":"airflow.task.operators.airflow.providers.standard.sensors.filesystem.FileSensor","filename":"filesystem.py","lineno":108}
{"timestamp":"2026-07-07T11:41:34.645491Z","level":"info","event":"Poking for file /mnt/snapshots/READY_FLAG_20260706","logger":"airflow.task.operators.airflow.providers.standard.sensors.filesystem.FileSensor","filename":"filesystem.py","lineno":108}
{"timestamp":"2026-07-07T11:41:44.643630Z","level":"info","event":"Poking for file /mnt/snapshots/READY_FLAG_20260706","logger":"airflow.task.operators.airflow.providers.standard.sensors.filesystem.FileSensor","filename":"filesystem.py","lineno":108}
{"timestamp":"2026-07-07T11:41:54.645159Z","level":"info","event":"Poking for file /mnt/snapshots/READY_FLAG_20260706","logger":"airflow.task.operators.airflow.providers.standard.sensors.filesystem.FileSensor","filename":"filesystem.py","lineno":108}
{"timestamp":"2026-07-07T11:42:04.646421Z","level":"info","event":"Poking for file /mnt/snapshots/READY_FLAG_20260706","logger":"airflow.task.operators.airflow.providers.standard.sensors.filesystem.FileSensor","filename":"filesystem.py","lineno":108}
{"timestamp":"2026-07-07T11:42:14.645676Z","level":"info","event":"Poking for file /mnt/snapshots/READY_FLAG_20260706","logger":"airflow.task.operators.airflow.providers.standard.sensors.filesystem.FileSensor","filename":"filesystem.py","lineno":108}
{"timestamp":"2026-07-07T11:42:24.649144Z","level":"info","event":"Poking for file /mnt/snapshots/READY_FLAG_20260706","logger":"airflow.task.operators.airflow.providers.standard.sensors.filesystem.FileSensor","filename":"filesystem.py","lineno":108}
{"timestamp":"2026-07-07T11:42:34.651063Z","level":"info","event":"Poking for file /mnt/snapshots/READY_FLAG_20260706","logger":"airflow.task.operators.airflow.providers.standard.sensors.filesystem.FileSensor","filename":"filesystem.py","lineno":108}
{"timestamp":"2026-07-07T11:42:44.651664Z","level":"info","event":"Poking for file /mnt/snapshots/READY_FLAG_20260706","logger":"airflow.task.operators.airflow.providers.standard.sensors.filesystem.FileSensor","filename":"filesystem.py","lineno":108}
{"timestamp":"2026-07-07T11:42:54.653674Z","level":"info","event":"Poking for file /mnt/snapshots/READY_FLAG_20260706","logger":"airflow.task.operators.airflow.providers.standard.sensors.filesystem.FileSensor","filename":"filesystem.py","lineno":108}
{"timestamp":"2026-07-07T11:43:04.654896Z","level":"info","event":"Poking for file /mnt/snapshots/READY_FLAG_20260706","logger":"airflow.task.operators.airflow.providers.standard.sensors.filesystem.FileSensor","filename":"filesystem.py","lineno":108}
{"timestamp":"2026-07-07T11:43:14.655625Z","level":"info","event":"Poking for file /mnt/snapshots/READY_FLAG_20260706","logger":"airflow.task.operators.airflow.providers.standard.sensors.filesystem.FileSensor","filename":"filesystem.py","lineno":108}
{"timestamp":"2026-07-07T11:43:24.657485Z","level":"info","event":"Poking for file /mnt/snapshots/READY_FLAG_20260706","logger":"airflow.task.operators.airflow.providers.standard.sensors.filesystem.FileSensor","filename":"filesystem.py","lineno":108}
{"timestamp":"2026-07-07T11:43:34.659195Z","level":"info","event":"Poking for file /mnt/snapshots/READY_FLAG_20260706","logger":"airflow.task.operators.airflow.providers.standard.sensors.filesystem.FileSensor","filename":"filesystem.py","lineno":108}
{"timestamp":"2026-07-07T11:43:44.657627Z","level":"info","event":"Poking for file /mnt/snapshots/READY_FLAG_20260706","logger":"airflow.task.operators.airflow.providers.standard.sensors.filesystem.FileSensor","filename":"filesystem.py","lineno":108}
{"timestamp":"2026-07-07T11:43:54.659021Z","level":"info","event":"Poking for file /mnt/snapshots/READY_FLAG_20260706","logger":"airflow.task.operators.airflow.providers.standard.sensors.filesystem.FileSensor","filename":"filesystem.py","lineno":108}
{"timestamp":"2026-07-07T11:44:04.661213Z","level":"info","event":"Poking for file /mnt/snapshots/READY_FLAG_20260706","logger":"airflow.task.operators.airflow.providers.standard.sensors.filesystem.FileSensor","filename":"filesystem.py","lineno":108}
{"timestamp":"2026-07-07T11:44:14.659824Z","level":"info","event":"Poking for file /mnt/snapshots/READY_FLAG_20260706","logger":"airflow.task.operators.airflow.providers.standard.sensors.filesystem.FileSensor","filename":"filesystem.py","lineno":108}
{"timestamp":"2026-07-07T11:44:24.661259Z","level":"info","event":"Poking for file /mnt/snapshots/READY_FLAG_20260706","logger":"airflow.task.operators.airflow.providers.standard.sensors.filesystem.FileSensor","filename":"filesystem.py","lineno":108}
{"timestamp":"2026-07-07T11:44:34.662791Z","level":"info","event":"Poking for file /mnt/snapshots/READY_FLAG_20260706","logger":"airflow.task.operators.airflow.providers.standard.sensors.filesystem.FileSensor","filename":"filesystem.py","lineno":108}
{"timestamp":"2026-07-07T11:44:44.663029Z","level":"info","event":"Poking for file /mnt/snapshots/READY_FLAG_20260706","logger":"airflow.task.operators.airflow.providers.standard.sensors.filesystem.FileSensor","filename":"filesystem.py","lineno":108}
{"timestamp":"2026-07-07T11:44:54.666299Z","level":"info","event":"Poking for file /mnt/snapshots/READY_FLAG_20260706","logger":"airflow.task.operators.airflow.providers.standard.sensors.filesystem.FileSensor","filename":"filesystem.py","lineno":108}
{"timestamp":"2026-07-07T11:45:04.669023Z","level":"info","event":"Poking for file /mnt/snapshots/READY_FLAG_20260706","logger":"airflow.task.operators.airflow.providers.standard.sensors.filesystem.FileSensor","filename":"filesystem.py","lineno":108}
{"timestamp":"2026-07-07T11:45:14.668634Z","level":"info","event":"Poking for file /mnt/snapshots/READY_FLAG_20260706","logger":"airflow.task.operators.airflow.providers.standard.sensors.filesystem.FileSensor","filename":"filesystem.py","lineno":108}
{"timestamp":"2026-07-07T11:45:24.670189Z","level":"info","event":"Poking for file /mnt/snapshots/READY_FLAG_20260706","logger":"airflow.task.operators.airflow.providers.standard.sensors.filesystem.FileSensor","filename":"filesystem.py","lineno":108}
{"timestamp":"2026-07-07T11:45:34.671410Z","level":"info","event":"Poking for file /mnt/snapshots/READY_FLAG_20260706","logger":"airflow.task.operators.airflow.providers.standard.sensors.filesystem.FileSensor","filename":"filesystem.py","lineno":108}
{"timestamp":"2026-07-07T11:45:44.670000Z","level":"info","event":"Poking for file /mnt/snapshots/READY_FLAG_20260706","logger":"airflow.task.operators.airflow.providers.standard.sensors.filesystem.FileSensor","filename":"filesystem.py","lineno":108}
{"timestamp":"2026-07-07T11:45:54.671156Z","level":"info","event":"Poking for file /mnt/snapshots/READY_FLAG_20260706","logger":"airflow.task.operators.airflow.providers.standard.sensors.filesystem.FileSensor","filename":"filesystem.py","lineno":108}
{"timestamp":"2026-07-07T11:46:04.672677Z","level":"info","event":"Poking for file /mnt/snapshots/READY_FLAG_20260706","logger":"airflow.task.operators.airflow.providers.standard.sensors.filesystem.FileSensor","filename":"filesystem.py","lineno":108}
{"timestamp":"2026-07-07T11:46:14.672297Z","level":"info","event":"Poking for file /mnt/snapshots/READY_FLAG_20260706","logger":"airflow.task.operators.airflow.providers.standard.sensors.filesystem.FileSensor","filename":"filesystem.py","lineno":108}
{"timestamp":"2026-07-07T11:46:24.674736Z","level":"info","event":"Poking for file /mnt/snapshots/READY_FLAG_20260706","logger":"airflow.task.operators.airflow.providers.standard.sensors.filesystem.FileSensor","filename":"filesystem.py","lineno":108}
{"timestamp":"2026-07-07T11:46:34.684020Z","level":"info","event":"Poking for file /mnt/snapshots/READY_FLAG_20260706","logger":"airflow.task.operators.airflow.providers.standard.sensors.filesystem.FileSensor","filename":"filesystem.py","lineno":108}
{"timestamp":"2026-07-07T11:46:44.685418Z","level":"info","event":"Poking for file /mnt/snapshots/READY_FLAG_20260706","logger":"airflow.task.operators.airflow.providers.standard.sensors.filesystem.FileSensor","filename":"filesystem.py","lineno":108}
{"timestamp":"2026-07-07T11:46:54.689642Z","level":"info","event":"Poking for file /mnt/snapshots/READY_FLAG_20260706","logger":"airflow.task.operators.airflow.providers.standard.sensors.filesystem.FileSensor","filename":"filesystem.py","lineno":108}
{"timestamp":"2026-07-07T11:47:04.693097Z","level":"info","event":"Poking for file /mnt/snapshots/READY_FLAG_20260706","logger":"airflow.task.operators.airflow.providers.standard.sensors.filesystem.FileSensor","filename":"filesystem.py","lineno":108}
{"timestamp":"2026-07-07T11:47:14.693695Z","level":"info","event":"Poking for file /mnt/snapshots/READY_FLAG_20260706","logger":"airflow.task.operators.airflow.providers.standard.sensors.filesystem.FileSensor","filename":"filesystem.py","lineno":108}
{"timestamp":"2026-07-07T11:47:24.695237Z","level":"info","event":"Poking for file /mnt/snapshots/READY_FLAG_20260706","logger":"airflow.task.operators.airflow.providers.standard.sensors.filesystem.FileSensor","filename":"filesystem.py","lineno":108}
{"timestamp":"2026-07-07T11:47:34.696826Z","level":"info","event":"Poking for file /mnt/snapshots/READY_FLAG_20260706","logger":"airflow.task.operators.airflow.providers.standard.sensors.filesystem.FileSensor","filename":"filesystem.py","lineno":108}
{"timestamp":"2026-07-07T11:47:44.696983Z","level":"info","event":"Poking for file /mnt/snapshots/READY_FLAG_20260706","logger":"airflow.task.operators.airflow.providers.standard.sensors.filesystem.FileSensor","filename":"filesystem.py","lineno":108}
{"timestamp":"2026-07-07T11:47:54.698752Z","level":"info","event":"Poking for file /mnt/snapshots/READY_FLAG_20260706","logger":"airflow.task.operators.airflow.providers.standard.sensors.filesystem.FileSensor","filename":"filesystem.py","lineno":108}
{"timestamp":"2026-07-07T11:48:04.700634Z","level":"info","event":"Poking for file /mnt/snapshots/READY_FLAG_20260706","logger":"airflow.task.operators.airflow.providers.standard.sensors.filesystem.FileSensor","filename":"filesystem.py","lineno":108}
{"timestamp":"2026-07-07T11:48:14.699290Z","level":"info","event":"Poking for file /mnt/snapshots/READY_FLAG_20260706","logger":"airflow.task.operators.airflow.providers.standard.sensors.filesystem.FileSensor","filename":"filesystem.py","lineno":108}
{"timestamp":"2026-07-07T11:48:24.700945Z","level":"info","event":"Poking for file /mnt/snapshots/READY_FLAG_20260706","logger":"airflow.task.operators.airflow.providers.standard.sensors.filesystem.FileSensor","filename":"filesystem.py","lineno":108}
{"timestamp":"2026-07-07T11:48:34.703304Z","level":"info","event":"Poking for file /mnt/snapshots/READY_FLAG_20260706","logger":"airflow.task.operators.airflow.providers.standard.sensors.filesystem.FileSensor","filename":"filesystem.py","lineno":108}
{"timestamp":"2026-07-07T11:48:44.702351Z","level":"info","event":"Poking for file /mnt/snapshots/READY_FLAG_20260706","logger":"airflow.task.operators.airflow.providers.standard.sensors.filesystem.FileSensor","filename":"filesystem.py","lineno":108}
{"timestamp":"2026-07-07T11:48:54.707203Z","level":"info","event":"Poking for file /mnt/snapshots/READY_FLAG_20260706","logger":"airflow.task.operators.airflow.providers.standard.sensors.filesystem.FileSensor","filename":"filesystem.py","lineno":108}
{"timestamp":"2026-07-07T11:49:04.709468Z","level":"info","event":"Poking for file /mnt/snapshots/READY_FLAG_20260706","logger":"airflow.task.operators.airflow.providers.standard.sensors.filesystem.FileSensor","filename":"filesystem.py","lineno":108}
{"timestamp":"2026-07-07T11:49:14.707990Z","level":"info","event":"Poking for file /mnt/snapshots/READY_FLAG_20260706","logger":"airflow.task.operators.airflow.providers.standard.sensors.filesystem.FileSensor","filename":"filesystem.py","lineno":108}
{"timestamp":"2026-07-07T11:49:24.710088Z","level":"info","event":"Poking for file /mnt/snapshots/READY_FLAG_20260706","logger":"airflow.task.operators.airflow.providers.standard.sensors.filesystem.FileSensor","filename":"filesystem.py","lineno":108}
{"timestamp":"2026-07-07T11:49:34.711393Z","level":"info","event":"Poking for file /mnt/snapshots/READY_FLAG_20260706","logger":"airflow.task.operators.airflow.providers.standard.sensors.filesystem.FileSensor","filename":"filesystem.py","lineno":108}
{"timestamp":"2026-07-07T11:49:44.714643Z","level":"info","event":"Poking for file /mnt/snapshots/READY_FLAG_20260706","logger":"airflow.task.operators.airflow.providers.standard.sensors.filesystem.FileSensor","filename":"filesystem.py","lineno":108}
{"timestamp":"2026-07-07T11:49:54.720030Z","level":"info","event":"Poking for file /mnt/snapshots/READY_FLAG_20260706","logger":"airflow.task.operators.airflow.providers.standard.sensors.filesystem.FileSensor","filename":"filesystem.py","lineno":108}
{"timestamp":"2026-07-07T11:50:04.722545Z","level":"info","event":"Poking for file /mnt/snapshots/READY_FLAG_20260706","logger":"airflow.task.operators.airflow.providers.standard.sensors.filesystem.FileSensor","filename":"filesystem.py","lineno":108}
{"timestamp":"2026-07-07T11:50:14.721891Z","level":"info","event":"Poking for file /mnt/snapshots/READY_FLAG_20260706","logger":"airflow.task.operators.airflow.providers.standard.sensors.filesystem.FileSensor","filename":"filesystem.py","lineno":108}
{"timestamp":"2026-07-07T11:50:24.726109Z","level":"info","event":"Poking for file /mnt/snapshots/READY_FLAG_20260706","logger":"airflow.task.operators.airflow.providers.standard.sensors.filesystem.FileSensor","filename":"filesystem.py","lineno":108}
{"timestamp":"2026-07-07T11:50:34.727685Z","level":"info","event":"Poking for file /mnt/snapshots/READY_FLAG_20260706","logger":"airflow.task.operators.airflow.providers.standard.sensors.filesystem.FileSensor","filename":"filesystem.py","lineno":108}
{"timestamp":"2026-07-07T11:50:44.725772Z","level":"info","event":"Poking for file /mnt/snapshots/READY_FLAG_20260706","logger":"airflow.task.operators.airflow.providers.standard.sensors.filesystem.FileSensor","filename":"filesystem.py","lineno":108}
{"timestamp":"2026-07-07T11:50:54.729111Z","level":"info","event":"Poking for file /mnt/snapshots/READY_FLAG_20260706","logger":"airflow.task.operators.airflow.providers.standard.sensors.filesystem.FileSensor","filename":"filesystem.py","lineno":108}
{"timestamp":"2026-07-07T11:51:04.732196Z","level":"info","event":"Poking for file /mnt/snapshots/READY_FLAG_20260706","logger":"airflow.task.operators.airflow.providers.standard.sensors.filesystem.FileSensor","filename":"filesystem.py","lineno":108}
{"timestamp":"2026-07-07T11:51:14.731609Z","level":"info","event":"Poking for file /mnt/snapshots/READY_FLAG_20260706","logger":"airflow.task.operators.airflow.providers.standard.sensors.filesystem.FileSensor","filename":"filesystem.py","lineno":108}
{"timestamp":"2026-07-07T11:51:24.738686Z","level":"info","event":"Poking for file /mnt/snapshots/READY_FLAG_20260706","logger":"airflow.task.operators.airflow.providers.standard.sensors.filesystem.FileSensor","filename":"filesystem.py","lineno":108}
{"timestamp":"2026-07-07T11:51:34.741376Z","level":"info","event":"Poking for file /mnt/snapshots/READY_FLAG_20260706","logger":"airflow.task.operators.airflow.providers.standard.sensors.filesystem.FileSensor","filename":"filesystem.py","lineno":108}
{"timestamp":"2026-07-07T11:51:44.740313Z","level":"info","event":"Poking for file /mnt/snapshots/READY_FLAG_20260706","logger":"airflow.task.operators.airflow.providers.standard.sensors.filesystem.FileSensor","filename":"filesystem.py","lineno":108}
{"timestamp":"2026-07-07T11:51:54.742195Z","level":"info","event":"Poking for file /mnt/snapshots/READY_FLAG_20260706","logger":"airflow.task.operators.airflow.providers.standard.sensors.filesystem.FileSensor","filename":"filesystem.py","lineno":108}
{"timestamp":"2026-07-07T11:52:04.743794Z","level":"info","event":"Poking for file /mnt/snapshots/READY_FLAG_20260706","logger":"airflow.task.operators.airflow.providers.standard.sensors.filesystem.FileSensor","filename":"filesystem.py","lineno":108}
{"timestamp":"2026-07-07T11:52:14.744615Z","level":"info","event":"Poking for file /mnt/snapshots/READY_FLAG_20260706","logger":"airflow.task.operators.airflow.providers.standard.sensors.filesystem.FileSensor","filename":"filesystem.py","lineno":108}
{"timestamp":"2026-07-07T11:52:24.746750Z","level":"info","event":"Poking for file /mnt/snapshots/READY_FLAG_20260706","logger":"airflow.task.operators.airflow.providers.standard.sensors.filesystem.FileSensor","filename":"filesystem.py","lineno":108}
{"timestamp":"2026-07-07T11:52:34.748587Z","level":"info","event":"Poking for file /mnt/snapshots/READY_FLAG_20260706","logger":"airflow.task.operators.airflow.providers.standard.sensors.filesystem.FileSensor","filename":"filesystem.py","lineno":108}
{"timestamp":"2026-07-07T11:52:44.748104Z","level":"info","event":"Poking for file /mnt/snapshots/READY_FLAG_20260706","logger":"airflow.task.operators.airflow.providers.standard.sensors.filesystem.FileSensor","filename":"filesystem.py","lineno":108}
{"timestamp":"2026-07-07T11:52:54.750171Z","level":"info","event":"Poking for file /mnt/snapshots/READY_FLAG_20260706","logger":"airflow.task.operators.airflow.providers.standard.sensors.filesystem.FileSensor","filename":"filesystem.py","lineno":108}
{"timestamp":"2026-07-07T11:53:04.753200Z","level":"info","event":"Poking for file /mnt/snapshots/READY_FLAG_20260706","logger":"airflow.task.operators.airflow.providers.standard.sensors.filesystem.FileSensor","filename":"filesystem.py","lineno":108}
{"timestamp":"2026-07-07T11:53:14.752338Z","level":"info","event":"Poking for file /mnt/snapshots/READY_FLAG_20260706","logger":"airflow.task.operators.airflow.providers.standard.sensors.filesystem.FileSensor","filename":"filesystem.py","lineno":108}
{"timestamp":"2026-07-07T11:53:24.754275Z","level":"info","event":"Poking for file /mnt/snapshots/READY_FLAG_20260706","logger":"airflow.task.operators.airflow.providers.standard.sensors.filesystem.FileSensor","filename":"filesystem.py","lineno":108}
{"timestamp":"2026-07-07T11:53:34.755924Z","level":"info","event":"Poking for file /mnt/snapshots/READY_FLAG_20260706","logger":"airflow.task.operators.airflow.providers.standard.sensors.filesystem.FileSensor","filename":"filesystem.py","lineno":108}
{"timestamp":"2026-07-07T11:53:44.754105Z","level":"info","event":"Poking for file /mnt/snapshots/READY_FLAG_20260706","logger":"airflow.task.operators.airflow.providers.standard.sensors.filesystem.FileSensor","filename":"filesystem.py","lineno":108}
{"timestamp":"2026-07-07T11:53:54.757241Z","level":"info","event":"Poking for file /mnt/snapshots/READY_FLAG_20260706","logger":"airflow.task.operators.airflow.providers.standard.sensors.filesystem.FileSensor","filename":"filesystem.py","lineno":108}
{"timestamp":"2026-07-07T11:54:04.758942Z","level":"info","event":"Poking for file /mnt/snapshots/READY_FLAG_20260706","logger":"airflow.task.operators.airflow.providers.standard.sensors.filesystem.FileSensor","filename":"filesystem.py","lineno":108}
{"timestamp":"2026-07-07T11:54:14.758569Z","level":"info","event":"Poking for file /mnt/snapshots/READY_FLAG_20260706","logger":"airflow.task.operators.airflow.providers.standard.sensors.filesystem.FileSensor","filename":"filesystem.py","lineno":108}
{"timestamp":"2026-07-07T11:54:24.760636Z","level":"info","event":"Poking for file /mnt/snapshots/READY_FLAG_20260706","logger":"airflow.task.operators.airflow.providers.standard.sensors.filesystem.FileSensor","filename":"filesystem.py","lineno":108}
{"timestamp":"2026-07-07T11:54:34.762616Z","level":"info","event":"Poking for file /mnt/snapshots/READY_FLAG_20260706","logger":"airflow.task.operators.airflow.providers.standard.sensors.filesystem.FileSensor","filename":"filesystem.py","lineno":108}
{"timestamp":"2026-07-07T11:54:44.762379Z","level":"info","event":"Poking for file /mnt/snapshots/READY_FLAG_20260706","logger":"airflow.task.operators.airflow.providers.standard.sensors.filesystem.FileSensor","filename":"filesystem.py","lineno":108}
{"timestamp":"2026-07-07T11:54:54.763839Z","level":"info","event":"Poking for file /mnt/snapshots/READY_FLAG_20260706","logger":"airflow.task.operators.airflow.providers.standard.sensors.filesystem.FileSensor","filename":"filesystem.py","lineno":108}
{"timestamp":"2026-07-07T11:55:04.767685Z","level":"info","event":"Poking for file /mnt/snapshots/READY_FLAG_20260706","logger":"airflow.task.operators.airflow.providers.standard.sensors.filesystem.FileSensor","filename":"filesystem.py","lineno":108}
{"timestamp":"2026-07-07T11:55:14.766863Z","level":"info","event":"Poking for file /mnt/snapshots/READY_FLAG_20260706","logger":"airflow.task.operators.airflow.providers.standard.sensors.filesystem.FileSensor","filename":"filesystem.py","lineno":108}
{"timestamp":"2026-07-07T11:55:24.768818Z","level":"info","event":"Poking for file /mnt/snapshots/READY_FLAG_20260706","logger":"airflow.task.operators.airflow.providers.standard.sensors.filesystem.FileSensor","filename":"filesystem.py","lineno":108}
{"timestamp":"2026-07-07T11:55:34.777672Z","level":"info","event":"Poking for file /mnt/snapshots/READY_FLAG_20260706","logger":"airflow.task.operators.airflow.providers.standard.sensors.filesystem.FileSensor","filename":"filesystem.py","lineno":108}
{"timestamp":"2026-07-07T11:55:44.781305Z","level":"info","event":"Poking for file /mnt/snapshots/READY_FLAG_20260706","logger":"airflow.task.operators.airflow.providers.standard.sensors.filesystem.FileSensor","filename":"filesystem.py","lineno":108}
{"timestamp":"2026-07-07T11:55:54.782994Z","level":"info","event":"Poking for file /mnt/snapshots/READY_FLAG_20260706","logger":"airflow.task.operators.airflow.providers.standard.sensors.filesystem.FileSensor","filename":"filesystem.py","lineno":108}
{"timestamp":"2026-07-07T11:56:04.784818Z","level":"info","event":"Poking for file /mnt/snapshots/READY_FLAG_20260706","logger":"airflow.task.operators.airflow.providers.standard.sensors.filesystem.FileSensor","filename":"filesystem.py","lineno":108}
{"timestamp":"2026-07-07T11:56:14.783449Z","level":"info","event":"Poking for file /mnt/snapshots/READY_FLAG_20260706","logger":"airflow.task.operators.airflow.providers.standard.sensors.filesystem.FileSensor","filename":"filesystem.py","lineno":108}
{"timestamp":"2026-07-07T11:56:24.784743Z","level":"info","event":"Poking for file /mnt/snapshots/READY_FLAG_20260706","logger":"airflow.task.operators.airflow.providers.standard.sensors.filesystem.FileSensor","filename":"filesystem.py","lineno":108}
{"timestamp":"2026-07-07T11:56:34.787068Z","level":"info","event":"Poking for file /mnt/snapshots/READY_FLAG_20260706","logger":"airflow.task.operators.airflow.providers.standard.sensors.filesystem.FileSensor","filename":"filesystem.py","lineno":108}
{"timestamp":"2026-07-07T11:56:44.786030Z","level":"info","event":"Poking for file /mnt/snapshots/READY_FLAG_20260706","logger":"airflow.task.operators.airflow.providers.standard.sensors.filesystem.FileSensor","filename":"filesystem.py","lineno":108}
{"timestamp":"2026-07-07T11:56:54.788424Z","level":"info","event":"Poking for file /mnt/snapshots/READY_FLAG_20260706","logger":"airflow.task.operators.airflow.providers.standard.sensors.filesystem.FileSensor","filename":"filesystem.py","lineno":108}
{"timestamp":"2026-07-07T11:57:04.791188Z","level":"info","event":"Poking for file /mnt/snapshots/READY_FLAG_20260706","logger":"airflow.task.operators.airflow.providers.standard.sensors.filesystem.FileSensor","filename":"filesystem.py","lineno":108}
{"timestamp":"2026-07-07T11:57:14.790168Z","level":"info","event":"Poking for file /mnt/snapshots/READY_FLAG_20260706","logger":"airflow.task.operators.airflow.providers.standard.sensors.filesystem.FileSensor","filename":"filesystem.py","lineno":108}
{"timestamp":"2026-07-07T11:57:24.791972Z","level":"info","event":"Poking for file /mnt/snapshots/READY_FLAG_20260706","logger":"airflow.task.operators.airflow.providers.standard.sensors.filesystem.FileSensor","filename":"filesystem.py","lineno":108}
{"timestamp":"2026-07-07T11:57:34.794478Z","level":"info","event":"Poking for file /mnt/snapshots/READY_FLAG_20260706","logger":"airflow.task.operators.airflow.providers.standard.sensors.filesystem.FileSensor","filename":"filesystem.py","lineno":108}
{"timestamp":"2026-07-07T11:57:44.792318Z","level":"info","event":"Poking for file /mnt/snapshots/READY_FLAG_20260706","logger":"airflow.task.operators.airflow.providers.standard.sensors.filesystem.FileSensor","filename":"filesystem.py","lineno":108}
{"timestamp":"2026-07-07T11:57:54.793658Z","level":"info","event":"Poking for file /mnt/snapshots/READY_FLAG_20260706","logger":"airflow.task.operators.airflow.providers.standard.sensors.filesystem.FileSensor","filename":"filesystem.py","lineno":108}
{"timestamp":"2026-07-07T11:58:04.795077Z","level":"info","event":"Poking for file /mnt/snapshots/READY_FLAG_20260706","logger":"airflow.task.operators.airflow.providers.standard.sensors.filesystem.FileSensor","filename":"filesystem.py","lineno":108}
{"timestamp":"2026-07-07T11:58:14.794278Z","level":"info","event":"Poking for file /mnt/snapshots/READY_FLAG_20260706","logger":"airflow.task.operators.airflow.providers.standard.sensors.filesystem.FileSensor","filename":"filesystem.py","lineno":108}
{"timestamp":"2026-07-07T11:58:24.796341Z","level":"info","event":"Poking for file /mnt/snapshots/READY_FLAG_20260706","logger":"airflow.task.operators.airflow.providers.standard.sensors.filesystem.FileSensor","filename":"filesystem.py","lineno":108}
{"timestamp":"2026-07-07T11:58:34.798209Z","level":"info","event":"Poking for file /mnt/snapshots/READY_FLAG_20260706","logger":"airflow.task.operators.airflow.providers.standard.sensors.filesystem.FileSensor","filename":"filesystem.py","lineno":108}
{"timestamp":"2026-07-07T11:58:44.796860Z","level":"info","event":"Poking for file /mnt/snapshots/READY_FLAG_20260706","logger":"airflow.task.operators.airflow.providers.standard.sensors.filesystem.FileSensor","filename":"filesystem.py","lineno":108}
{"timestamp":"2026-07-07T11:58:54.798478Z","level":"info","event":"Poking for file /mnt/snapshots/READY_FLAG_20260706","logger":"airflow.task.operators.airflow.providers.standard.sensors.filesystem.FileSensor","filename":"filesystem.py","lineno":108}
{"timestamp":"2026-07-07T11:59:04.800740Z","level":"info","event":"Poking for file /mnt/snapshots/READY_FLAG_20260706","logger":"airflow.task.operators.airflow.providers.standard.sensors.filesystem.FileSensor","filename":"filesystem.py","lineno":108}
{"timestamp":"2026-07-07T11:59:14.800046Z","level":"info","event":"Poking for file /mnt/snapshots/READY_FLAG_20260706","logger":"airflow.task.operators.airflow.providers.standard.sensors.filesystem.FileSensor","filename":"filesystem.py","lineno":108}
{"timestamp":"2026-07-07T11:59:24.802096Z","level":"info","event":"Poking for file /mnt/snapshots/READY_FLAG_20260706","logger":"airflow.task.operators.airflow.providers.standard.sensors.filesystem.FileSensor","filename":"filesystem.py","lineno":108}
{"timestamp":"2026-07-07T11:59:34.804213Z","level":"info","event":"Poking for file /mnt/snapshots/READY_FLAG_20260706","logger":"airflow.task.operators.airflow.providers.standard.sensors.filesystem.FileSensor","filename":"filesystem.py","lineno":108}
{"timestamp":"2026-07-07T11:59:44.803451Z","level":"info","event":"Poking for file /mnt/snapshots/READY_FLAG_20260706","logger":"airflow.task.operators.airflow.providers.standard.sensors.filesystem.FileSensor","filename":"filesystem.py","lineno":108}
{"timestamp":"2026-07-07T11:59:54.805694Z","level":"info","event":"Poking for file /mnt/snapshots/READY_FLAG_20260706","logger":"airflow.task.operators.airflow.providers.standard.sensors.filesystem.FileSensor","filename":"filesystem.py","lineno":108}
{"timestamp":"2026-07-07T12:00:04.807201Z","level":"info","event":"Poking for file /mnt/snapshots/READY_FLAG_20260706","logger":"airflow.task.operators.airflow.providers.standard.sensors.filesystem.FileSensor","filename":"filesystem.py","lineno":108}
{"timestamp":"2026-07-07T12:00:14.805481Z","level":"info","event":"Poking for file /mnt/snapshots/READY_FLAG_20260706","logger":"airflow.task.operators.airflow.providers.standard.sensors.filesystem.FileSensor","filename":"filesystem.py","lineno":108}
{"timestamp":"2026-07-07T12:00:24.807425Z","level":"info","event":"Poking for file /mnt/snapshots/READY_FLAG_20260706","logger":"airflow.task.operators.airflow.providers.standard.sensors.filesystem.FileSensor","filename":"filesystem.py","lineno":108}
{"timestamp":"2026-07-07T12:00:34.809988Z","level":"info","event":"Poking for file /mnt/snapshots/READY_FLAG_20260706","logger":"airflow.task.operators.airflow.providers.standard.sensors.filesystem.FileSensor","filename":"filesystem.py","lineno":108}
{"timestamp":"2026-07-07T12:00:44.808565Z","level":"info","event":"Poking for file /mnt/snapshots/READY_FLAG_20260706","logger":"airflow.task.operators.airflow.providers.standard.sensors.filesystem.FileSensor","filename":"filesystem.py","lineno":108}
{"timestamp":"2026-07-07T12:00:54.810310Z","level":"info","event":"Poking for file /mnt/snapshots/READY_FLAG_20260706","logger":"airflow.task.operators.airflow.providers.standard.sensors.filesystem.FileSensor","filename":"filesystem.py","lineno":108}
{"timestamp":"2026-07-07T12:01:04.812461Z","level":"info","event":"Poking for file /mnt/snapshots/READY_FLAG_20260706","logger":"airflow.task.operators.airflow.providers.standard.sensors.filesystem.FileSensor","filename":"filesystem.py","lineno":108}
{"timestamp":"2026-07-07T12:01:14.811117Z","level":"info","event":"Poking for file /mnt/snapshots/READY_FLAG_20260706","logger":"airflow.task.operators.airflow.providers.standard.sensors.filesystem.FileSensor","filename":"filesystem.py","lineno":108}
{"timestamp":"2026-07-07T12:01:24.813088Z","level":"info","event":"Poking for file /mnt/snapshots/READY_FLAG_20260706","logger":"airflow.task.operators.airflow.providers.standard.sensors.filesystem.FileSensor","filename":"filesystem.py","lineno":108}
{"timestamp":"2026-07-07T12:01:34.816083Z","level":"info","event":"Poking for file /mnt/snapshots/READY_FLAG_20260706","logger":"airflow.task.operators.airflow.providers.standard.sensors.filesystem.FileSensor","filename":"filesystem.py","lineno":108}
{"timestamp":"2026-07-07T12:01:44.816298Z","level":"info","event":"Poking for file /mnt/snapshots/READY_FLAG_20260706","logger":"airflow.task.operators.airflow.providers.standard.sensors.filesystem.FileSensor","filename":"filesystem.py","lineno":108}
{"timestamp":"2026-07-07T12:01:54.818305Z","level":"info","event":"Poking for file /mnt/snapshots/READY_FLAG_20260706","logger":"airflow.task.operators.airflow.providers.standard.sensors.filesystem.FileSensor","filename":"filesystem.py","lineno":108}
{"timestamp":"2026-07-07T12:02:04.820982Z","level":"info","event":"Poking for file /mnt/snapshots/READY_FLAG_20260706","logger":"airflow.task.operators.airflow.providers.standard.sensors.filesystem.FileSensor","filename":"filesystem.py","lineno":108}
{"timestamp":"2026-07-07T12:02:14.819560Z","level":"info","event":"Poking for file /mnt/snapshots/READY_FLAG_20260706","logger":"airflow.task.operators.airflow.providers.standard.sensors.filesystem.FileSensor","filename":"filesystem.py","lineno":108}
{"timestamp":"2026-07-07T12:02:24.821814Z","level":"info","event":"Poking for file /mnt/snapshots/READY_FLAG_20260706","logger":"airflow.task.operators.airflow.providers.standard.sensors.filesystem.FileSensor","filename":"filesystem.py","lineno":108}
{"timestamp":"2026-07-07T12:02:34.823125Z","level":"info","event":"Poking for file /mnt/snapshots/READY_FLAG_20260706","logger":"airflow.task.operators.airflow.providers.standard.sensors.filesystem.FileSensor","filename":"filesystem.py","lineno":108}
{"timestamp":"2026-07-07T12:02:44.821266Z","level":"info","event":"Poking for file /mnt/snapshots/READY_FLAG_20260706","logger":"airflow.task.operators.airflow.providers.standard.sensors.filesystem.FileSensor","filename":"filesystem.py","lineno":108}
{"timestamp":"2026-07-07T12:02:54.823035Z","level":"info","event":"Poking for file /mnt/snapshots/READY_FLAG_20260706","logger":"airflow.task.operators.airflow.providers.standard.sensors.filesystem.FileSensor","filename":"filesystem.py","lineno":108}
{"timestamp":"2026-07-07T12:03:04.825920Z","level":"info","event":"Poking for file /mnt/snapshots/READY_FLAG_20260706","logger":"airflow.task.operators.airflow.providers.standard.sensors.filesystem.FileSensor","filename":"filesystem.py","lineno":108}
{"timestamp":"2026-07-07T12:03:14.824204Z","level":"info","event":"Poking for file /mnt/snapshots/READY_FLAG_20260706","logger":"airflow.task.operators.airflow.providers.standard.sensors.filesystem.FileSensor","filename":"filesystem.py","lineno":108}
{"timestamp":"2026-07-07T12:03:24.826182Z","level":"info","event":"Poking for file /mnt/snapshots/READY_FLAG_20260706","logger":"airflow.task.operators.airflow.providers.standard.sensors.filesystem.FileSensor","filename":"filesystem.py","lineno":108}
{"timestamp":"2026-07-07T12:03:34.828096Z","level":"info","event":"Poking for file /mnt/snapshots/READY_FLAG_20260706","logger":"airflow.task.operators.airflow.providers.standard.sensors.filesystem.FileSensor","filename":"filesystem.py","lineno":108}
{"timestamp":"2026-07-07T12:03:44.825769Z","level":"info","event":"Poking for file /mnt/snapshots/READY_FLAG_20260706","logger":"airflow.task.operators.airflow.providers.standard.sensors.filesystem.FileSensor","filename":"filesystem.py","lineno":108}
{"timestamp":"2026-07-07T12:03:54.829210Z","level":"info","event":"Poking for file /mnt/snapshots/READY_FLAG_20260706","logger":"airflow.task.operators.airflow.providers.standard.sensors.filesystem.FileSensor","filename":"filesystem.py","lineno":108}
{"timestamp":"2026-07-07T12:04:04.832063Z","level":"info","event":"Poking for file /mnt/snapshots/READY_FLAG_20260706","logger":"airflow.task.operators.airflow.providers.standard.sensors.filesystem.FileSensor","filename":"filesystem.py","lineno":108}
{"timestamp":"2026-07-07T12:04:14.830504Z","level":"info","event":"Poking for file /mnt/snapshots/READY_FLAG_20260706","logger":"airflow.task.operators.airflow.providers.standard.sensors.filesystem.FileSensor","filename":"filesystem.py","lineno":108}
{"timestamp":"2026-07-07T12:04:24.832627Z","level":"info","event":"Poking for file /mnt/snapshots/READY_FLAG_20260706","logger":"airflow.task.operators.airflow.providers.standard.sensors.filesystem.FileSensor","filename":"filesystem.py","lineno":108}
{"timestamp":"2026-07-07T12:04:34.835790Z","level":"info","event":"Poking for file /mnt/snapshots/READY_FLAG_20260706","logger":"airflow.task.operators.airflow.providers.standard.sensors.filesystem.FileSensor","filename":"filesystem.py","lineno":108}
{"timestamp":"2026-07-07T12:04:44.838301Z","level":"info","event":"Poking for file /mnt/snapshots/READY_FLAG_20260706","logger":"airflow.task.operators.airflow.providers.standard.sensors.filesystem.FileSensor","filename":"filesystem.py","lineno":108}
{"timestamp":"2026-07-07T12:04:54.840748Z","level":"info","event":"Poking for file /mnt/snapshots/READY_FLAG_20260706","logger":"airflow.task.operators.airflow.providers.standard.sensors.filesystem.FileSensor","filename":"filesystem.py","lineno":108}
{"timestamp":"2026-07-07T12:05:04.842354Z","level":"info","event":"Poking for file /mnt/snapshots/READY_FLAG_20260706","logger":"airflow.task.operators.airflow.providers.standard.sensors.filesystem.FileSensor","filename":"filesystem.py","lineno":108}
{"timestamp":"2026-07-07T12:05:14.840886Z","level":"info","event":"Poking for file /mnt/snapshots/READY_FLAG_20260706","logger":"airflow.task.operators.airflow.providers.standard.sensors.filesystem.FileSensor","filename":"filesystem.py","lineno":108}
{"timestamp":"2026-07-07T12:05:24.845875Z","level":"info","event":"Poking for file /mnt/snapshots/READY_FLAG_20260706","logger":"airflow.task.operators.airflow.providers.standard.sensors.filesystem.FileSensor","filename":"filesystem.py","lineno":108}
{"timestamp":"2026-07-07T12:05:34.847859Z","level":"info","event":"Poking for file /mnt/snapshots/READY_FLAG_20260706","logger":"airflow.task.operators.airflow.providers.standard.sensors.filesystem.FileSensor","filename":"filesystem.py","lineno":108}
{"timestamp":"2026-07-07T12:05:44.847098Z","level":"info","event":"Poking for file /mnt/snapshots/READY_FLAG_20260706","logger":"airflow.task.operators.airflow.providers.standard.sensors.filesystem.FileSensor","filename":"filesystem.py","lineno":108}
{"timestamp":"2026-07-07T12:05:54.849108Z","level":"info","event":"Poking for file /mnt/snapshots/READY_FLAG_20260706","logger":"airflow.task.operators.airflow.providers.standard.sensors.filesystem.FileSensor","filename":"filesystem.py","lineno":108}
{"timestamp":"2026-07-07T12:06:04.850442Z","level":"info","event":"Poking for file /mnt/snapshots/READY_FLAG_20260706","logger":"airflow.task.operators.airflow.providers.standard.sensors.filesystem.FileSensor","filename":"filesystem.py","lineno":108}
{"timestamp":"2026-07-07T12:06:14.849173Z","level":"info","event":"Poking for file /mnt/snapshots/READY_FLAG_20260706","logger":"airflow.task.operators.airflow.providers.standard.sensors.filesystem.FileSensor","filename":"filesystem.py","lineno":108}
{"timestamp":"2026-07-07T12:06:24.852943Z","level":"info","event":"Poking for file /mnt/snapshots/READY_FLAG_20260706","logger":"airflow.task.operators.airflow.providers.standard.sensors.filesystem.FileSensor","filename":"filesystem.py","lineno":108}
{"timestamp":"2026-07-07T12:06:34.854624Z","level":"info","event":"Poking for file /mnt/snapshots/READY_FLAG_20260706","logger":"airflow.task.operators.airflow.providers.standard.sensors.filesystem.FileSensor","filename":"filesystem.py","lineno":108}
{"timestamp":"2026-07-07T12:06:44.852819Z","level":"info","event":"Poking for file /mnt/snapshots/READY_FLAG_20260706","logger":"airflow.task.operators.airflow.providers.standard.sensors.filesystem.FileSensor","filename":"filesystem.py","lineno":108}
{"timestamp":"2026-07-07T12:06:54.855801Z","level":"info","event":"Poking for file /mnt/snapshots/READY_FLAG_20260706","logger":"airflow.task.operators.airflow.providers.standard.sensors.filesystem.FileSensor","filename":"filesystem.py","lineno":108}
{"timestamp":"2026-07-07T12:07:04.857685Z","level":"info","event":"Poking for file /mnt/snapshots/READY_FLAG_20260706","logger":"airflow.task.operators.airflow.providers.standard.sensors.filesystem.FileSensor","filename":"filesystem.py","lineno":108}
{"timestamp":"2026-07-07T12:07:14.856093Z","level":"info","event":"Poking for file /mnt/snapshots/READY_FLAG_20260706","logger":"airflow.task.operators.airflow.providers.standard.sensors.filesystem.FileSensor","filename":"filesystem.py","lineno":108}
{"timestamp":"2026-07-07T12:07:24.858462Z","level":"info","event":"Poking for file /mnt/snapshots/READY_FLAG_20260706","logger":"airflow.task.operators.airflow.providers.standard.sensors.filesystem.FileSensor","filename":"filesystem.py","lineno":108}
{"timestamp":"2026-07-07T12:07:34.861627Z","level":"info","event":"Poking for file /mnt/snapshots/READY_FLAG_20260706","logger":"airflow.task.operators.airflow.providers.standard.sensors.filesystem.FileSensor","filename":"filesystem.py","lineno":108}
{"timestamp":"2026-07-07T12:07:44.860658Z","level":"info","event":"Poking for file /mnt/snapshots/READY_FLAG_20260706","logger":"airflow.task.operators.airflow.providers.standard.sensors.filesystem.FileSensor","filename":"filesystem.py","lineno":108}
{"timestamp":"2026-07-07T12:07:54.862776Z","level":"info","event":"Poking for file /mnt/snapshots/READY_FLAG_20260706","logger":"airflow.task.operators.airflow.providers.standard.sensors.filesystem.FileSensor","filename":"filesystem.py","lineno":108}
{"timestamp":"2026-07-07T12:08:04.864610Z","level":"info","event":"Poking for file /mnt/snapshots/READY_FLAG_20260706","logger":"airflow.task.operators.airflow.providers.standard.sensors.filesystem.FileSensor","filename":"filesystem.py","lineno":108}
{"timestamp":"2026-07-07T12:08:14.863003Z","level":"info","event":"Poking for file /mnt/snapshots/READY_FLAG_20260706","logger":"airflow.task.operators.airflow.providers.standard.sensors.filesystem.FileSensor","filename":"filesystem.py","lineno":108}
{"timestamp":"2026-07-07T12:08:24.864616Z","level":"info","event":"Poking for file /mnt/snapshots/READY_FLAG_20260706","logger":"airflow.task.operators.airflow.providers.standard.sensors.filesystem.FileSensor","filename":"filesystem.py","lineno":108}
{"timestamp":"2026-07-07T12:08:34.868139Z","level":"info","event":"Poking for file /mnt/snapshots/READY_FLAG_20260706","logger":"airflow.task.operators.airflow.providers.standard.sensors.filesystem.FileSensor","filename":"filesystem.py","lineno":108}
{"timestamp":"2026-07-07T12:08:44.868349Z","level":"info","event":"Poking for file /mnt/snapshots/READY_FLAG_20260706","logger":"airflow.task.operators.airflow.providers.standard.sensors.filesystem.FileSensor","filename":"filesystem.py","lineno":108}
{"timestamp":"2026-07-07T12:08:54.871235Z","level":"info","event":"Poking for file /mnt/snapshots/READY_FLAG_20260706","logger":"airflow.task.operators.airflow.providers.standard.sensors.filesystem.FileSensor","filename":"filesystem.py","lineno":108}
{"timestamp":"2026-07-07T12:09:04.874903Z","level":"info","event":"Poking for file /mnt/snapshots/READY_FLAG_20260706","logger":"airflow.task.operators.airflow.providers.standard.sensors.filesystem.FileSensor","filename":"filesystem.py","lineno":108}
{"timestamp":"2026-07-07T12:09:14.876589Z","level":"info","event":"Poking for file /mnt/snapshots/READY_FLAG_20260706","logger":"airflow.task.operators.airflow.providers.standard.sensors.filesystem.FileSensor","filename":"filesystem.py","lineno":108}
{"timestamp":"2026-07-07T12:09:24.880234Z","level":"info","event":"Poking for file /mnt/snapshots/READY_FLAG_20260706","logger":"airflow.task.operators.airflow.providers.standard.sensors.filesystem.FileSensor","filename":"filesystem.py","lineno":108}
{"timestamp":"2026-07-07T12:09:34.881842Z","level":"info","event":"Poking for file /mnt/snapshots/READY_FLAG_20260706","logger":"airflow.task.operators.airflow.providers.standard.sensors.filesystem.FileSensor","filename":"filesystem.py","lineno":108}
{"timestamp":"2026-07-07T12:09:44.879775Z","level":"info","event":"Poking for file /mnt/snapshots/READY_FLAG_20260706","logger":"airflow.task.operators.airflow.providers.standard.sensors.filesystem.FileSensor","filename":"filesystem.py","lineno":108}
{"timestamp":"2026-07-07T12:09:54.881422Z","level":"info","event":"Poking for file /mnt/snapshots/READY_FLAG_20260706","logger":"airflow.task.operators.airflow.providers.standard.sensors.filesystem.FileSensor","filename":"filesystem.py","lineno":108}
{"timestamp":"2026-07-07T12:10:04.883527Z","level":"info","event":"Poking for file /mnt/snapshots/READY_FLAG_20260706","logger":"airflow.task.operators.airflow.providers.standard.sensors.filesystem.FileSensor","filename":"filesystem.py","lineno":108}
{"timestamp":"2026-07-07T12:10:14.882991Z","level":"info","event":"Poking for file /mnt/snapshots/READY_FLAG_20260706","logger":"airflow.task.operators.airflow.providers.standard.sensors.filesystem.FileSensor","filename":"filesystem.py","lineno":108}
{"timestamp":"2026-07-07T12:10:24.885243Z","level":"info","event":"Poking for file /mnt/snapshots/READY_FLAG_20260706","logger":"airflow.task.operators.airflow.providers.standard.sensors.filesystem.FileSensor","filename":"filesystem.py","lineno":108}
{"timestamp":"2026-07-07T12:10:34.886778Z","level":"info","event":"Poking for file /mnt/snapshots/READY_FLAG_20260706","logger":"airflow.task.operators.airflow.providers.standard.sensors.filesystem.FileSensor","filename":"filesystem.py","lineno":108}
{"timestamp":"2026-07-07T12:10:44.887888Z","level":"info","event":"Poking for file /mnt/snapshots/READY_FLAG_20260706","logger":"airflow.task.operators.airflow.providers.standard.sensors.filesystem.FileSensor","filename":"filesystem.py","lineno":108}
{"timestamp":"2026-07-07T12:10:54.888914Z","level":"info","event":"Poking for file /mnt/snapshots/READY_FLAG_20260706","logger":"airflow.task.operators.airflow.providers.standard.sensors.filesystem.FileSensor","filename":"filesystem.py","lineno":108}
{"timestamp":"2026-07-07T12:11:04.890237Z","level":"info","event":"Poking for file /mnt/snapshots/READY_FLAG_20260706","logger":"airflow.task.operators.airflow.providers.standard.sensors.filesystem.FileSensor","filename":"filesystem.py","lineno":108}
{"timestamp":"2026-07-07T12:11:14.887588Z","level":"info","event":"Poking for file /mnt/snapshots/READY_FLAG_20260706","logger":"airflow.task.operators.airflow.providers.standard.sensors.filesystem.FileSensor","filename":"filesystem.py","lineno":108}
{"timestamp":"2026-07-07T12:11:24.890643Z","level":"info","event":"Poking for file /mnt/snapshots/READY_FLAG_20260706","logger":"airflow.task.operators.airflow.providers.standard.sensors.filesystem.FileSensor","filename":"filesystem.py","lineno":108}
{"timestamp":"2026-07-07T12:11:34.892220Z","level":"info","event":"Poking for file /mnt/snapshots/READY_FLAG_20260706","logger":"airflow.task.operators.airflow.providers.standard.sensors.filesystem.FileSensor","filename":"filesystem.py","lineno":108}
{"timestamp":"2026-07-07T12:11:44.892273Z","level":"info","event":"Poking for file /mnt/snapshots/READY_FLAG_20260706","logger":"airflow.task.operators.airflow.providers.standard.sensors.filesystem.FileSensor","filename":"filesystem.py","lineno":108}
{"timestamp":"2026-07-07T12:11:54.893786Z","level":"info","event":"Poking for file /mnt/snapshots/READY_FLAG_20260706","logger":"airflow.task.operators.airflow.providers.standard.sensors.filesystem.FileSensor","filename":"filesystem.py","lineno":108}
{"timestamp":"2026-07-07T12:12:04.895903Z","level":"info","event":"Poking for file /mnt/snapshots/READY_FLAG_20260706","logger":"airflow.task.operators.airflow.providers.standard.sensors.filesystem.FileSensor","filename":"filesystem.py","lineno":108}
{"timestamp":"2026-07-07T12:12:14.894805Z","level":"info","event":"Poking for file /mnt/snapshots/READY_FLAG_20260706","logger":"airflow.task.operators.airflow.providers.standard.sensors.filesystem.FileSensor","filename":"filesystem.py","lineno":108}
{"timestamp":"2026-07-07T12:12:24.898033Z","level":"info","event":"Poking for file /mnt/snapshots/READY_FLAG_20260706","logger":"airflow.task.operators.airflow.providers.standard.sensors.filesystem.FileSensor","filename":"filesystem.py","lineno":108}
{"timestamp":"2026-07-07T12:12:34.899988Z","level":"info","event":"Poking for file /mnt/snapshots/READY_FLAG_20260706","logger":"airflow.task.operators.airflow.providers.standard.sensors.filesystem.FileSensor","filename":"filesystem.py","lineno":108}
{"timestamp":"2026-07-07T12:12:44.898938Z","level":"info","event":"Poking for file /mnt/snapshots/READY_FLAG_20260706","logger":"airflow.task.operators.airflow.providers.standard.sensors.filesystem.FileSensor","filename":"filesystem.py","lineno":108}
{"timestamp":"2026-07-07T12:12:54.900709Z","level":"info","event":"Poking for file /mnt/snapshots/READY_FLAG_20260706","logger":"airflow.task.operators.airflow.providers.standard.sensors.filesystem.FileSensor","filename":"filesystem.py","lineno":108}
{"timestamp":"2026-07-07T12:13:04.904618Z","level":"info","event":"Poking for file /mnt/snapshots/READY_FLAG_20260706","logger":"airflow.task.operators.airflow.providers.standard.sensors.filesystem.FileSensor","filename":"filesystem.py","lineno":108}
{"timestamp":"2026-07-07T12:13:14.903651Z","level":"info","event":"Poking for file /mnt/snapshots/READY_FLAG_20260706","logger":"airflow.task.operators.airflow.providers.standard.sensors.filesystem.FileSensor","filename":"filesystem.py","lineno":108}
{"timestamp":"2026-07-07T12:13:24.906372Z","level":"info","event":"Poking for file /mnt/snapshots/READY_FLAG_20260706","logger":"airflow.task.operators.airflow.providers.standard.sensors.filesystem.FileSensor","filename":"filesystem.py","lineno":108}
{"timestamp":"2026-07-07T12:13:34.908306Z","level":"info","event":"Poking for file /mnt/snapshots/READY_FLAG_20260706","logger":"airflow.task.operators.airflow.providers.standard.sensors.filesystem.FileSensor","filename":"filesystem.py","lineno":108}
{"timestamp":"2026-07-07T12:13:44.904908Z","level":"info","event":"Poking for file /mnt/snapshots/READY_FLAG_20260706","logger":"airflow.task.operators.airflow.providers.standard.sensors.filesystem.FileSensor","filename":"filesystem.py","lineno":108}
{"timestamp":"2026-07-07T12:13:54.906548Z","level":"info","event":"Poking for file /mnt/snapshots/READY_FLAG_20260706","logger":"airflow.task.operators.airflow.providers.standard.sensors.filesystem.FileSensor","filename":"filesystem.py","lineno":108}
{"timestamp":"2026-07-07T12:14:04.908760Z","level":"info","event":"Poking for file /mnt/snapshots/READY_FLAG_20260706","logger":"airflow.task.operators.airflow.providers.standard.sensors.filesystem.FileSensor","filename":"filesystem.py","lineno":108}
{"timestamp":"2026-07-07T12:14:14.909520Z","level":"info","event":"Poking for file /mnt/snapshots/READY_FLAG_20260706","logger":"airflow.task.operators.airflow.providers.standard.sensors.filesystem.FileSensor","filename":"filesystem.py","lineno":108}
{"timestamp":"2026-07-07T12:14:24.911731Z","level":"info","event":"Poking for file /mnt/snapshots/READY_FLAG_20260706","logger":"airflow.task.operators.airflow.providers.standard.sensors.filesystem.FileSensor","filename":"filesystem.py","lineno":108}
{"timestamp":"2026-07-07T12:14:34.914520Z","level":"info","event":"Poking for file /mnt/snapshots/READY_FLAG_20260706","logger":"airflow.task.operators.airflow.providers.standard.sensors.filesystem.FileSensor","filename":"filesystem.py","lineno":108}
{"timestamp":"2026-07-07T12:14:44.914019Z","level":"info","event":"Poking for file /mnt/snapshots/READY_FLAG_20260706","logger":"airflow.task.operators.airflow.providers.standard.sensors.filesystem.FileSensor","filename":"filesystem.py","lineno":108}
{"timestamp":"2026-07-07T12:14:54.916272Z","level":"info","event":"Poking for file /mnt/snapshots/READY_FLAG_20260706","logger":"airflow.task.operators.airflow.providers.standard.sensors.filesystem.FileSensor","filename":"filesystem.py","lineno":108}
{"timestamp":"2026-07-07T12:15:04.917960Z","level":"info","event":"Poking for file /mnt/snapshots/READY_FLAG_20260706","logger":"airflow.task.operators.airflow.providers.standard.sensors.filesystem.FileSensor","filename":"filesystem.py","lineno":108}
{"timestamp":"2026-07-07T12:15:14.916610Z","level":"info","event":"Poking for file /mnt/snapshots/READY_FLAG_20260706","logger":"airflow.task.operators.airflow.providers.standard.sensors.filesystem.FileSensor","filename":"filesystem.py","lineno":108}
{"timestamp":"2026-07-07T12:15:24.918340Z","level":"info","event":"Poking for file /mnt/snapshots/READY_FLAG_20260706","logger":"airflow.task.operators.airflow.providers.standard.sensors.filesystem.FileSensor","filename":"filesystem.py","lineno":108}
{"timestamp":"2026-07-07T12:15:34.920773Z","level":"info","event":"Poking for file /mnt/snapshots/READY_FLAG_20260706","logger":"airflow.task.operators.airflow.providers.standard.sensors.filesystem.FileSensor","filename":"filesystem.py","lineno":108}
{"timestamp":"2026-07-07T12:15:44.919545Z","level":"info","event":"Poking for file /mnt/snapshots/READY_FLAG_20260706","logger":"airflow.task.operators.airflow.providers.standard.sensors.filesystem.FileSensor","filename":"filesystem.py","lineno":108}
{"timestamp":"2026-07-07T12:15:54.921702Z","level":"info","event":"Poking for file /mnt/snapshots/READY_FLAG_20260706","logger":"airflow.task.operators.airflow.providers.standard.sensors.filesystem.FileSensor","filename":"filesystem.py","lineno":108}
{"timestamp":"2026-07-07T12:16:04.923008Z","level":"info","event":"Poking for file /mnt/snapshots/READY_FLAG_20260706","logger":"airflow.task.operators.airflow.providers.standard.sensors.filesystem.FileSensor","filename":"filesystem.py","lineno":108}
{"timestamp":"2026-07-07T12:16:14.921185Z","level":"info","event":"Poking for file /mnt/snapshots/READY_FLAG_20260706","logger":"airflow.task.operators.airflow.providers.standard.sensors.filesystem.FileSensor","filename":"filesystem.py","lineno":108}
{"timestamp":"2026-07-07T12:16:24.922922Z","level":"info","event":"Poking for file /mnt/snapshots/READY_FLAG_20260706","logger":"airflow.task.operators.airflow.providers.standard.sensors.filesystem.FileSensor","filename":"filesystem.py","lineno":108}
{"timestamp":"2026-07-07T12:16:34.924631Z","level":"info","event":"Poking for file /mnt/snapshots/READY_FLAG_20260706","logger":"airflow.task.operators.airflow.providers.standard.sensors.filesystem.FileSensor","filename":"filesystem.py","lineno":108}
{"timestamp":"2026-07-07T12:16:44.923693Z","level":"info","event":"Poking for file /mnt/snapshots/READY_FLAG_20260706","logger":"airflow.task.operators.airflow.providers.standard.sensors.filesystem.FileSensor","filename":"filesystem.py","lineno":108}
{"timestamp":"2026-07-07T12:16:54.924612Z","level":"info","event":"Poking for file /mnt/snapshots/READY_FLAG_20260706","logger":"airflow.task.operators.airflow.providers.standard.sensors.filesystem.FileSensor","filename":"filesystem.py","lineno":108}
{"timestamp":"2026-07-07T12:17:04.926169Z","level":"info","event":"Poking for file /mnt/snapshots/READY_FLAG_20260706","logger":"airflow.task.operators.airflow.providers.standard.sensors.filesystem.FileSensor","filename":"filesystem.py","lineno":108}
{"timestamp":"2026-07-07T12:17:14.925696Z","level":"info","event":"Poking for file /mnt/snapshots/READY_FLAG_20260706","logger":"airflow.task.operators.airflow.providers.standard.sensors.filesystem.FileSensor","filename":"filesystem.py","lineno":108}
{"timestamp":"2026-07-07T12:17:24.927736Z","level":"info","event":"Poking for file /mnt/snapshots/READY_FLAG_20260706","logger":"airflow.task.operators.airflow.providers.standard.sensors.filesystem.FileSensor","filename":"filesystem.py","lineno":108}
{"timestamp":"2026-07-07T12:17:34.929433Z","level":"info","event":"Poking for file /mnt/snapshots/READY_FLAG_20260706","logger":"airflow.task.operators.airflow.providers.standard.sensors.filesystem.FileSensor","filename":"filesystem.py","lineno":108}
{"timestamp":"2026-07-07T12:17:44.928231Z","level":"info","event":"Poking for file /mnt/snapshots/READY_FLAG_20260706","logger":"airflow.task.operators.airflow.providers.standard.sensors.filesystem.FileSensor","filename":"filesystem.py","lineno":108}
{"timestamp":"2026-07-07T12:17:54.929683Z","level":"info","event":"Poking for file /mnt/snapshots/READY_FLAG_20260706","logger":"airflow.task.operators.airflow.providers.standard.sensors.filesystem.FileSensor","filename":"filesystem.py","lineno":108}
{"timestamp":"2026-07-07T12:18:04.933074Z","level":"info","event":"Poking for file /mnt/snapshots/READY_FLAG_20260706","logger":"airflow.task.operators.airflow.providers.standard.sensors.filesystem.FileSensor","filename":"filesystem.py","lineno":108}
{"timestamp":"2026-07-07T12:18:14.931988Z","level":"info","event":"Poking for file /mnt/snapshots/READY_FLAG_20260706","logger":"airflow.task.operators.airflow.providers.standard.sensors.filesystem.FileSensor","filename":"filesystem.py","lineno":108}
{"timestamp":"2026-07-07T12:18:24.934295Z","level":"info","event":"Poking for file /mnt/snapshots/READY_FLAG_20260706","logger":"airflow.task.operators.airflow.providers.standard.sensors.filesystem.FileSensor","filename":"filesystem.py","lineno":108}
{"timestamp":"2026-07-07T12:18:34.935883Z","level":"info","event":"Poking for file /mnt/snapshots/READY_FLAG_20260706","logger":"airflow.task.operators.airflow.providers.standard.sensors.filesystem.FileSensor","filename":"filesystem.py","lineno":108}
{"timestamp":"2026-07-07T12:18:44.934549Z","level":"info","event":"Poking for file /mnt/snapshots/READY_FLAG_20260706","logger":"airflow.task.operators.airflow.providers.standard.sensors.filesystem.FileSensor","filename":"filesystem.py","lineno":108}
{"timestamp":"2026-07-07T12:18:54.935993Z","level":"info","event":"Poking for file /mnt/snapshots/READY_FLAG_20260706","logger":"airflow.task.operators.airflow.providers.standard.sensors.filesystem.FileSensor","filename":"filesystem.py","lineno":108}
{"timestamp":"2026-07-07T12:19:04.938627Z","level":"info","event":"Poking for file /mnt/snapshots/READY_FLAG_20260706","logger":"airflow.task.operators.airflow.providers.standard.sensors.filesystem.FileSensor","filename":"filesystem.py","lineno":108}
{"timestamp":"2026-07-07T12:19:14.936559Z","level":"info","event":"Poking for file /mnt/snapshots/READY_FLAG_20260706","logger":"airflow.task.operators.airflow.providers.standard.sensors.filesystem.FileSensor","filename":"filesystem.py","lineno":108}
{"timestamp":"2026-07-07T12:19:24.938657Z","level":"info","event":"Poking for file /mnt/snapshots/READY_FLAG_20260706","logger":"airflow.task.operators.airflow.providers.standard.sensors.filesystem.FileSensor","filename":"filesystem.py","lineno":108}
{"timestamp":"2026-07-07T12:19:34.940686Z","level":"info","event":"Poking for file /mnt/snapshots/READY_FLAG_20260706","logger":"airflow.task.operators.airflow.providers.standard.sensors.filesystem.FileSensor","filename":"filesystem.py","lineno":108}
{"timestamp":"2026-07-07T12:19:44.940050Z","level":"info","event":"Poking for file /mnt/snapshots/READY_FLAG_20260706","logger":"airflow.task.operators.airflow.providers.standard.sensors.filesystem.FileSensor","filename":"filesystem.py","lineno":108}
{"timestamp":"2026-07-07T12:19:54.941832Z","level":"info","event":"Poking for file /mnt/snapshots/READY_FLAG_20260706","logger":"airflow.task.operators.airflow.providers.standard.sensors.filesystem.FileSensor","filename":"filesystem.py","lineno":108}
{"timestamp":"2026-07-07T12:20:04.943596Z","level":"info","event":"Poking for file /mnt/snapshots/READY_FLAG_20260706","logger":"airflow.task.operators.airflow.providers.standard.sensors.filesystem.FileSensor","filename":"filesystem.py","lineno":108}
{"timestamp":"2026-07-07T12:20:14.943911Z","level":"info","event":"Poking for file /mnt/snapshots/READY_FLAG_20260706","logger":"airflow.task.operators.airflow.providers.standard.sensors.filesystem.FileSensor","filename":"filesystem.py","lineno":108}
{"timestamp":"2026-07-07T12:20:24.946518Z","level":"info","event":"Poking for file /mnt/snapshots/READY_FLAG_20260706","logger":"airflow.task.operators.airflow.providers.standard.sensors.filesystem.FileSensor","filename":"filesystem.py","lineno":108}
{"timestamp":"2026-07-07T12:20:34.948234Z","level":"info","event":"Poking for file /mnt/snapshots/READY_FLAG_20260706","logger":"airflow.task.operators.airflow.providers.standard.sensors.filesystem.FileSensor","filename":"filesystem.py","lineno":108}
{"timestamp":"2026-07-07T12:20:44.946817Z","level":"info","event":"Poking for file /mnt/snapshots/READY_FLAG_20260706","logger":"airflow.task.operators.airflow.providers.standard.sensors.filesystem.FileSensor","filename":"filesystem.py","lineno":108}
{"timestamp":"2026-07-07T12:20:54.948320Z","level":"info","event":"Poking for file /mnt/snapshots/READY_FLAG_20260706","logger":"airflow.task.operators.airflow.providers.standard.sensors.filesystem.FileSensor","filename":"filesystem.py","lineno":108}
{"timestamp":"2026-07-07T12:21:04.950331Z","level":"info","event":"Poking for file /mnt/snapshots/READY_FLAG_20260706","logger":"airflow.task.operators.airflow.providers.standard.sensors.filesystem.FileSensor","filename":"filesystem.py","lineno":108}
{"timestamp":"2026-07-07T12:21:14.949302Z","level":"info","event":"Poking for file /mnt/snapshots/READY_FLAG_20260706","logger":"airflow.task.operators.airflow.providers.standard.sensors.filesystem.FileSensor","filename":"filesystem.py","lineno":108}
{"timestamp":"2026-07-07T12:21:24.951098Z","level":"info","event":"Poking for file /mnt/snapshots/READY_FLAG_20260706","logger":"airflow.task.operators.airflow.providers.standard.sensors.filesystem.FileSensor","filename":"filesystem.py","lineno":108}
{"timestamp":"2026-07-07T12:21:34.952948Z","level":"info","event":"Poking for file /mnt/snapshots/READY_FLAG_20260706","logger":"airflow.task.operators.airflow.providers.standard.sensors.filesystem.FileSensor","filename":"filesystem.py","lineno":108}
{"timestamp":"2026-07-07T12:21:44.952018Z","level":"info","event":"Poking for file /mnt/snapshots/READY_FLAG_20260706","logger":"airflow.task.operators.airflow.providers.standard.sensors.filesystem.FileSensor","filename":"filesystem.py","lineno":108}
{"timestamp":"2026-07-07T12:21:54.953993Z","level":"info","event":"Poking for file /mnt/snapshots/READY_FLAG_20260706","logger":"airflow.task.operators.airflow.providers.standard.sensors.filesystem.FileSensor","filename":"filesystem.py","lineno":108}
{"timestamp":"2026-07-07T12:22:04.956421Z","level":"info","event":"Poking for file /mnt/snapshots/READY_FLAG_20260706","logger":"airflow.task.operators.airflow.providers.standard.sensors.filesystem.FileSensor","filename":"filesystem.py","lineno":108}
{"timestamp":"2026-07-07T12:22:14.957471Z","level":"info","event":"Poking for file /mnt/snapshots/READY_FLAG_20260706","logger":"airflow.task.operators.airflow.providers.standard.sensors.filesystem.FileSensor","filename":"filesystem.py","lineno":108}
{"timestamp":"2026-07-07T12:22:24.959306Z","level":"info","event":"Poking for file /mnt/snapshots/READY_FLAG_20260706","logger":"airflow.task.operators.airflow.providers.standard.sensors.filesystem.FileSensor","filename":"filesystem.py","lineno":108}
{"timestamp":"2026-07-07T12:22:34.961691Z","level":"info","event":"Poking for file /mnt/snapshots/READY_FLAG_20260706","logger":"airflow.task.operators.airflow.providers.standard.sensors.filesystem.FileSensor","filename":"filesystem.py","lineno":108}
{"timestamp":"2026-07-07T12:22:44.959411Z","level":"info","event":"Poking for file /mnt/snapshots/READY_FLAG_20260706","logger":"airflow.task.operators.airflow.providers.standard.sensors.filesystem.FileSensor","filename":"filesystem.py","lineno":108}
{"timestamp":"2026-07-07T12:22:54.961278Z","level":"info","event":"Poking for file /mnt/snapshots/READY_FLAG_20260706","logger":"airflow.task.operators.airflow.providers.standard.sensors.filesystem.FileSensor","filename":"filesystem.py","lineno":108}
{"timestamp":"2026-07-07T12:23:04.963713Z","level":"info","event":"Poking for file /mnt/snapshots/READY_FLAG_20260706","logger":"airflow.task.operators.airflow.providers.standard.sensors.filesystem.FileSensor","filename":"filesystem.py","lineno":108}
{"timestamp":"2026-07-07T12:23:14.963445Z","level":"info","event":"Poking for file /mnt/snapshots/READY_FLAG_20260706","logger":"airflow.task.operators.airflow.providers.standard.sensors.filesystem.FileSensor","filename":"filesystem.py","lineno":108}
{"timestamp":"2026-07-07T12:23:24.966040Z","level":"info","event":"Poking for file /mnt/snapshots/READY_FLAG_20260706","logger":"airflow.task.operators.airflow.providers.standard.sensors.filesystem.FileSensor","filename":"filesystem.py","lineno":108}
{"timestamp":"2026-07-07T12:23:34.967849Z","level":"info","event":"Poking for file /mnt/snapshots/READY_FLAG_20260706","logger":"airflow.task.operators.airflow.providers.standard.sensors.filesystem.FileSensor","filename":"filesystem.py","lineno":108}
{"timestamp":"2026-07-07T12:23:44.965827Z","level":"info","event":"Poking for file /mnt/snapshots/READY_FLAG_20260706","logger":"airflow.task.operators.airflow.providers.standard.sensors.filesystem.FileSensor","filename":"filesystem.py","lineno":108}
{"timestamp":"2026-07-07T12:23:54.967464Z","level":"info","event":"Poking for file /mnt/snapshots/READY_FLAG_20260706","logger":"airflow.task.operators.airflow.providers.standard.sensors.filesystem.FileSensor","filename":"filesystem.py","lineno":108}
{"timestamp":"2026-07-07T12:24:04.969236Z","level":"info","event":"Poking for file /mnt/snapshots/READY_FLAG_20260706","logger":"airflow.task.operators.airflow.providers.standard.sensors.filesystem.FileSensor","filename":"filesystem.py","lineno":108}
{"timestamp":"2026-07-07T12:24:14.967692Z","level":"info","event":"Poking for file /mnt/snapshots/READY_FLAG_20260706","logger":"airflow.task.operators.airflow.providers.standard.sensors.filesystem.FileSensor","filename":"filesystem.py","lineno":108}
{"timestamp":"2026-07-07T12:24:24.971201Z","level":"info","event":"Poking for file /mnt/snapshots/READY_FLAG_20260706","logger":"airflow.task.operators.airflow.providers.standard.sensors.filesystem.FileSensor","filename":"filesystem.py","lineno":108}
{"timestamp":"2026-07-07T12:24:34.972980Z","level":"info","event":"Poking for file /mnt/snapshots/READY_FLAG_20260706","logger":"airflow.task.operators.airflow.providers.standard.sensors.filesystem.FileSensor","filename":"filesystem.py","lineno":108}
{"timestamp":"2026-07-07T12:24:44.971674Z","level":"info","event":"Poking for file /mnt/snapshots/READY_FLAG_20260706","logger":"airflow.task.operators.airflow.providers.standard.sensors.filesystem.FileSensor","filename":"filesystem.py","lineno":108}
{"timestamp":"2026-07-07T12:24:54.973122Z","level":"info","event":"Poking for file /mnt/snapshots/READY_FLAG_20260706","logger":"airflow.task.operators.airflow.providers.standard.sensors.filesystem.FileSensor","filename":"filesystem.py","lineno":108}
{"timestamp":"2026-07-07T12:25:04.974629Z","level":"info","event":"Poking for file /mnt/snapshots/READY_FLAG_20260706","logger":"airflow.task.operators.airflow.providers.standard.sensors.filesystem.FileSensor","filename":"filesystem.py","lineno":108}
{"timestamp":"2026-07-07T12:25:14.973485Z","level":"info","event":"Poking for file /mnt/snapshots/READY_FLAG_20260706","logger":"airflow.task.operators.airflow.providers.standard.sensors.filesystem.FileSensor","filename":"filesystem.py","lineno":108}
{"timestamp":"2026-07-07T12:25:24.975063Z","level":"info","event":"Poking for file /mnt/snapshots/READY_FLAG_20260706","logger":"airflow.task.operators.airflow.providers.standard.sensors.filesystem.FileSensor","filename":"filesystem.py","lineno":108}
{"timestamp":"2026-07-07T12:25:34.977339Z","level":"info","event":"Poking for file /mnt/snapshots/READY_FLAG_20260706","logger":"airflow.task.operators.airflow.providers.standard.sensors.filesystem.FileSensor","filename":"filesystem.py","lineno":108}
{"timestamp":"2026-07-07T12:25:44.975897Z","level":"info","event":"Poking for file /mnt/snapshots/READY_FLAG_20260706","logger":"airflow.task.operators.airflow.providers.standard.sensors.filesystem.FileSensor","filename":"filesystem.py","lineno":108}
{"timestamp":"2026-07-07T12:25:54.977866Z","level":"info","event":"Poking for file /mnt/snapshots/READY_FLAG_20260706","logger":"airflow.task.operators.airflow.providers.standard.sensors.filesystem.FileSensor","filename":"filesystem.py","lineno":108}
{"timestamp":"2026-07-07T12:26:04.979426Z","level":"info","event":"Poking for file /mnt/snapshots/READY_FLAG_20260706","logger":"airflow.task.operators.airflow.providers.standard.sensors.filesystem.FileSensor","filename":"filesystem.py","lineno":108}
{"timestamp":"2026-07-07T12:26:14.978387Z","level":"info","event":"Poking for file /mnt/snapshots/READY_FLAG_20260706","logger":"airflow.task.operators.airflow.providers.standard.sensors.filesystem.FileSensor","filename":"filesystem.py","lineno":108}
{"timestamp":"2026-07-07T12:26:24.980773Z","level":"info","event":"Poking for file /mnt/snapshots/READY_FLAG_20260706","logger":"airflow.task.operators.airflow.providers.standard.sensors.filesystem.FileSensor","filename":"filesystem.py","lineno":108}
{"timestamp":"2026-07-07T12:26:34.984788Z","level":"info","event":"Poking for file /mnt/snapshots/READY_FLAG_20260706","logger":"airflow.task.operators.airflow.providers.standard.sensors.filesystem.FileSensor","filename":"filesystem.py","lineno":108}
{"timestamp":"2026-07-07T12:26:44.985728Z","level":"info","event":"Poking for file /mnt/snapshots/READY_FLAG_20260706","logger":"airflow.task.operators.airflow.providers.standard.sensors.filesystem.FileSensor","filename":"filesystem.py","lineno":108}
{"timestamp":"2026-07-07T12:26:54.987649Z","level":"info","event":"Poking for file /mnt/snapshots/READY_FLAG_20260706","logger":"airflow.task.operators.airflow.providers.standard.sensors.filesystem.FileSensor","filename":"filesystem.py","lineno":108}
{"timestamp":"2026-07-07T12:27:04.989856Z","level":"info","event":"Poking for file /mnt/snapshots/READY_FLAG_20260706","logger":"airflow.task.operators.airflow.providers.standard.sensors.filesystem.FileSensor","filename":"filesystem.py","lineno":108}
{"timestamp":"2026-07-07T12:27:14.988315Z","level":"info","event":"Poking for file /mnt/snapshots/READY_FLAG_20260706","logger":"airflow.task.operators.airflow.providers.standard.sensors.filesystem.FileSensor","filename":"filesystem.py","lineno":108}
{"timestamp":"2026-07-07T12:27:24.989984Z","level":"info","event":"Poking for file /mnt/snapshots/READY_FLAG_20260706","logger":"airflow.task.operators.airflow.providers.standard.sensors.filesystem.FileSensor","filename":"filesystem.py","lineno":108}
{"timestamp":"2026-07-07T12:27:34.991269Z","level":"info","event":"Poking for file /mnt/snapshots/READY_FLAG_20260706","logger":"airflow.task.operators.airflow.providers.standard.sensors.filesystem.FileSensor","filename":"filesystem.py","lineno":108}
{"timestamp":"2026-07-07T12:27:44.989659Z","level":"info","event":"Poking for file /mnt/snapshots/READY_FLAG_20260706","logger":"airflow.task.operators.airflow.providers.standard.sensors.filesystem.FileSensor","filename":"filesystem.py","lineno":108}
{"timestamp":"2026-07-07T12:27:54.991477Z","level":"info","event":"Poking for file /mnt/snapshots/READY_FLAG_20260706","logger":"airflow.task.operators.airflow.providers.standard.sensors.filesystem.FileSensor","filename":"filesystem.py","lineno":108}
{"timestamp":"2026-07-07T12:28:04.993435Z","level":"info","event":"Poking for file /mnt/snapshots/READY_FLAG_20260706","logger":"airflow.task.operators.airflow.providers.standard.sensors.filesystem.FileSensor","filename":"filesystem.py","lineno":108}
{"timestamp":"2026-07-07T12:28:14.992639Z","level":"info","event":"Poking for file /mnt/snapshots/READY_FLAG_20260706","logger":"airflow.task.operators.airflow.providers.standard.sensors.filesystem.FileSensor","filename":"filesystem.py","lineno":108}
{"timestamp":"2026-07-07T12:28:24.994395Z","level":"info","event":"Poking for file /mnt/snapshots/READY_FLAG_20260706","logger":"airflow.task.operators.airflow.providers.standard.sensors.filesystem.FileSensor","filename":"filesystem.py","lineno":108}
{"timestamp":"2026-07-07T12:28:34.998006Z","level":"info","event":"Poking for file /mnt/snapshots/READY_FLAG_20260706","logger":"airflow.task.operators.airflow.providers.standard.sensors.filesystem.FileSensor","filename":"filesystem.py","lineno":108}
{"timestamp":"2026-07-07T12:28:44.997594Z","level":"info","event":"Poking for file /mnt/snapshots/READY_FLAG_20260706","logger":"airflow.task.operators.airflow.providers.standard.sensors.filesystem.FileSensor","filename":"filesystem.py","lineno":108}
{"timestamp":"2026-07-07T12:28:54.999319Z","level":"info","event":"Poking for file /mnt/snapshots/READY_FLAG_20260706","logger":"airflow.task.operators.airflow.providers.standard.sensors.filesystem.FileSensor","filename":"filesystem.py","lineno":108}
{"timestamp":"2026-07-07T12:29:05.000907Z","level":"info","event":"Poking for file /mnt/snapshots/READY_FLAG_20260706","logger":"airflow.task.operators.airflow.providers.standard.sensors.filesystem.FileSensor","filename":"filesystem.py","lineno":108}
{"timestamp":"2026-07-07T12:29:14.999420Z","level":"info","event":"Poking for file /mnt/snapshots/READY_FLAG_20260706","logger":"airflow.task.operators.airflow.providers.standard.sensors.filesystem.FileSensor","filename":"filesystem.py","lineno":108}
{"timestamp":"2026-07-07T12:29:25.001684Z","level":"info","event":"Poking for file /mnt/snapshots/READY_FLAG_20260706","logger":"airflow.task.operators.airflow.providers.standard.sensors.filesystem.FileSensor","filename":"filesystem.py","lineno":108}
{"timestamp":"2026-07-07T12:29:35.003521Z","level":"info","event":"Poking for file /mnt/snapshots/READY_FLAG_20260706","logger":"airflow.task.operators.airflow.providers.standard.sensors.filesystem.FileSensor","filename":"filesystem.py","lineno":108}
{"timestamp":"2026-07-07T12:29:45.002511Z","level":"info","event":"Poking for file /mnt/snapshots/READY_FLAG_20260706","logger":"airflow.task.operators.airflow.providers.standard.sensors.filesystem.FileSensor","filename":"filesystem.py","lineno":108}
{"timestamp":"2026-07-07T12:29:55.004696Z","level":"info","event":"Poking for file /mnt/snapshots/READY_FLAG_20260706","logger":"airflow.task.operators.airflow.providers.standard.sensors.filesystem.FileSensor","filename":"filesystem.py","lineno":108}
{"timestamp":"2026-07-07T12:30:05.006343Z","level":"info","event":"Poking for file /mnt/snapshots/READY_FLAG_20260706","logger":"airflow.task.operators.airflow.providers.standard.sensors.filesystem.FileSensor","filename":"filesystem.py","lineno":108}
{"timestamp":"2026-07-07T12:30:15.005400Z","level":"info","event":"Poking for file /mnt/snapshots/READY_FLAG_20260706","logger":"airflow.task.operators.airflow.providers.standard.sensors.filesystem.FileSensor","filename":"filesystem.py","lineno":108}
{"timestamp":"2026-07-07T12:30:25.008006Z","level":"info","event":"Poking for file /mnt/snapshots/READY_FLAG_20260706","logger":"airflow.task.operators.airflow.providers.standard.sensors.filesystem.FileSensor","filename":"filesystem.py","lineno":108}
{"timestamp":"2026-07-07T12:30:35.010160Z","level":"info","event":"Poking for file /mnt/snapshots/READY_FLAG_20260706","logger":"airflow.task.operators.airflow.providers.standard.sensors.filesystem.FileSensor","filename":"filesystem.py","lineno":108}
{"timestamp":"2026-07-07T12:30:45.008615Z","level":"info","event":"Poking for file /mnt/snapshots/READY_FLAG_20260706","logger":"airflow.task.operators.airflow.providers.standard.sensors.filesystem.FileSensor","filename":"filesystem.py","lineno":108}
{"timestamp":"2026-07-07T12:30:55.012593Z","level":"info","event":"Poking for file /mnt/snapshots/READY_FLAG_20260706","logger":"airflow.task.operators.airflow.providers.standard.sensors.filesystem.FileSensor","filename":"filesystem.py","lineno":108}
{"timestamp":"2026-07-07T12:31:05.014519Z","level":"info","event":"Poking for file /mnt/snapshots/READY_FLAG_20260706","logger":"airflow.task.operators.airflow.providers.standard.sensors.filesystem.FileSensor","filename":"filesystem.py","lineno":108}
{"timestamp":"2026-07-07T12:31:15.012688Z","level":"info","event":"Poking for file /mnt/snapshots/READY_FLAG_20260706","logger":"airflow.task.operators.airflow.providers.standard.sensors.filesystem.FileSensor","filename":"filesystem.py","lineno":108}
{"timestamp":"2026-07-07T12:31:25.014459Z","level":"info","event":"Poking for file /mnt/snapshots/READY_FLAG_20260706","logger":"airflow.task.operators.airflow.providers.standard.sensors.filesystem.FileSensor","filename":"filesystem.py","lineno":108}
{"timestamp":"2026-07-07T12:31:35.015687Z","level":"info","event":"Poking for file /mnt/snapshots/READY_FLAG_20260706","logger":"airflow.task.operators.airflow.providers.standard.sensors.filesystem.FileSensor","filename":"filesystem.py","lineno":108}
{"timestamp":"2026-07-07T12:31:45.014291Z","level":"info","event":"Poking for file /mnt/snapshots/READY_FLAG_20260706","logger":"airflow.task.operators.airflow.providers.standard.sensors.filesystem.FileSensor","filename":"filesystem.py","lineno":108}
{"timestamp":"2026-07-07T12:31:55.015824Z","level":"info","event":"Poking for file /mnt/snapshots/READY_FLAG_20260706","logger":"airflow.task.operators.airflow.providers.standard.sensors.filesystem.FileSensor","filename":"filesystem.py","lineno":108}
{"timestamp":"2026-07-07T12:32:05.016995Z","level":"info","event":"Poking for file /mnt/snapshots/READY_FLAG_20260706","logger":"airflow.task.operators.airflow.providers.standard.sensors.filesystem.FileSensor","filename":"filesystem.py","lineno":108}
{"timestamp":"2026-07-07T12:32:15.016162Z","level":"info","event":"Poking for file /mnt/snapshots/READY_FLAG_20260706","logger":"airflow.task.operators.airflow.providers.standard.sensors.filesystem.FileSensor","filename":"filesystem.py","lineno":108}
{"timestamp":"2026-07-07T12:32:25.017740Z","level":"info","event":"Poking for file /mnt/snapshots/READY_FLAG_20260706","logger":"airflow.task.operators.airflow.providers.standard.sensors.filesystem.FileSensor","filename":"filesystem.py","lineno":108}
{"timestamp":"2026-07-07T12:32:35.020044Z","level":"info","event":"Poking for file /mnt/snapshots/READY_FLAG_20260706","logger":"airflow.task.operators.airflow.providers.standard.sensors.filesystem.FileSensor","filename":"filesystem.py","lineno":108}
{"timestamp":"2026-07-07T12:32:45.019254Z","level":"info","event":"Poking for file /mnt/snapshots/READY_FLAG_20260706","logger":"airflow.task.operators.airflow.providers.standard.sensors.filesystem.FileSensor","filename":"filesystem.py","lineno":108}
{"timestamp":"2026-07-07T12:32:55.021342Z","level":"info","event":"Poking for file /mnt/snapshots/READY_FLAG_20260706","logger":"airflow.task.operators.airflow.providers.standard.sensors.filesystem.FileSensor","filename":"filesystem.py","lineno":108}
{"timestamp":"2026-07-07T12:33:05.025520Z","level":"info","event":"Poking for file /mnt/snapshots/READY_FLAG_20260706","logger":"airflow.task.operators.airflow.providers.standard.sensors.filesystem.FileSensor","filename":"filesystem.py","lineno":108}
{"timestamp":"2026-07-07T12:33:15.023925Z","level":"info","event":"Poking for file /mnt/snapshots/READY_FLAG_20260706","logger":"airflow.task.operators.airflow.providers.standard.sensors.filesystem.FileSensor","filename":"filesystem.py","lineno":108}
{"timestamp":"2026-07-07T12:33:25.025326Z","level":"info","event":"Poking for file /mnt/snapshots/READY_FLAG_20260706","logger":"airflow.task.operators.airflow.providers.standard.sensors.filesystem.FileSensor","filename":"filesystem.py","lineno":108}
{"timestamp":"2026-07-07T12:33:35.026874Z","level":"info","event":"Poking for file /mnt/snapshots/READY_FLAG_20260706","logger":"airflow.task.operators.airflow.providers.standard.sensors.filesystem.FileSensor","filename":"filesystem.py","lineno":108}
{"timestamp":"2026-07-07T12:33:45.025955Z","level":"info","event":"Poking for file /mnt/snapshots/READY_FLAG_20260706","logger":"airflow.task.operators.airflow.providers.standard.sensors.filesystem.FileSensor","filename":"filesystem.py","lineno":108}
{"timestamp":"2026-07-07T12:33:55.027825Z","level":"info","event":"Poking for file /mnt/snapshots/READY_FLAG_20260706","logger":"airflow.task.operators.airflow.providers.standard.sensors.filesystem.FileSensor","filename":"filesystem.py","lineno":108}
{"timestamp":"2026-07-07T12:34:05.029717Z","level":"info","event":"Poking for file /mnt/snapshots/READY_FLAG_20260706","logger":"airflow.task.operators.airflow.providers.standard.sensors.filesystem.FileSensor","filename":"filesystem.py","lineno":108}
{"timestamp":"2026-07-07T12:34:15.028331Z","level":"info","event":"Poking for file /mnt/snapshots/READY_FLAG_20260706","logger":"airflow.task.operators.airflow.providers.standard.sensors.filesystem.FileSensor","filename":"filesystem.py","lineno":108}
{"timestamp":"2026-07-07T12:34:25.029406Z","level":"info","event":"Poking for file /mnt/snapshots/READY_FLAG_20260706","logger":"airflow.task.operators.airflow.providers.standard.sensors.filesystem.FileSensor","filename":"filesystem.py","lineno":108}
{"timestamp":"2026-07-07T12:34:35.030980Z","level":"info","event":"Poking for file /mnt/snapshots/READY_FLAG_20260706","logger":"airflow.task.operators.airflow.providers.standard.sensors.filesystem.FileSensor","filename":"filesystem.py","lineno":108}
{"timestamp":"2026-07-07T12:34:45.029070Z","level":"info","event":"Poking for file /mnt/snapshots/READY_FLAG_20260706","logger":"airflow.task.operators.airflow.providers.standard.sensors.filesystem.FileSensor","filename":"filesystem.py","lineno":108}
{"timestamp":"2026-07-07T12:34:55.031644Z","level":"info","event":"Poking for file /mnt/snapshots/READY_FLAG_20260706","logger":"airflow.task.operators.airflow.providers.standard.sensors.filesystem.FileSensor","filename":"filesystem.py","lineno":108}
{"timestamp":"2026-07-07T12:35:05.034344Z","level":"info","event":"Poking for file /mnt/snapshots/READY_FLAG_20260706","logger":"airflow.task.operators.airflow.providers.standard.sensors.filesystem.FileSensor","filename":"filesystem.py","lineno":108}
{"timestamp":"2026-07-07T12:35:15.033582Z","level":"info","event":"Poking for file /mnt/snapshots/READY_FLAG_20260706","logger":"airflow.task.operators.airflow.providers.standard.sensors.filesystem.FileSensor","filename":"filesystem.py","lineno":108}
{"timestamp":"2026-07-07T12:35:25.034898Z","level":"info","event":"Poking for file /mnt/snapshots/READY_FLAG_20260706","logger":"airflow.task.operators.airflow.providers.standard.sensors.filesystem.FileSensor","filename":"filesystem.py","lineno":108}
{"timestamp":"2026-07-07T12:35:35.036358Z","level":"info","event":"Poking for file /mnt/snapshots/READY_FLAG_20260706","logger":"airflow.task.operators.airflow.providers.standard.sensors.filesystem.FileSensor","filename":"filesystem.py","lineno":108}
{"timestamp":"2026-07-07T12:35:45.035482Z","level":"info","event":"Poking for file /mnt/snapshots/READY_FLAG_20260706","logger":"airflow.task.operators.airflow.providers.standard.sensors.filesystem.FileSensor","filename":"filesystem.py","lineno":108}
{"timestamp":"2026-07-07T12:35:55.036943Z","level":"info","event":"Poking for file /mnt/snapshots/READY_FLAG_20260706","logger":"airflow.task.operators.airflow.providers.standard.sensors.filesystem.FileSensor","filename":"filesystem.py","lineno":108}
{"timestamp":"2026-07-07T12:36:05.038254Z","level":"info","event":"Poking for file /mnt/snapshots/READY_FLAG_20260706","logger":"airflow.task.operators.airflow.providers.standard.sensors.filesystem.FileSensor","filename":"filesystem.py","lineno":108}
{"timestamp":"2026-07-07T12:36:15.035889Z","level":"info","event":"Poking for file /mnt/snapshots/READY_FLAG_20260706","logger":"airflow.task.operators.airflow.providers.standard.sensors.filesystem.FileSensor","filename":"filesystem.py","lineno":108}
{"timestamp":"2026-07-07T12:36:25.037155Z","level":"info","event":"Poking for file /mnt/snapshots/READY_FLAG_20260706","logger":"airflow.task.operators.airflow.providers.standard.sensors.filesystem.FileSensor","filename":"filesystem.py","lineno":108}
{"timestamp":"2026-07-07T12:36:35.040489Z","level":"info","event":"Poking for file /mnt/snapshots/READY_FLAG_20260706","logger":"airflow.task.operators.airflow.providers.standard.sensors.filesystem.FileSensor","filename":"filesystem.py","lineno":108}
{"timestamp":"2026-07-07T12:36:45.038985Z","level":"info","event":"Poking for file /mnt/snapshots/READY_FLAG_20260706","logger":"airflow.task.operators.airflow.providers.standard.sensors.filesystem.FileSensor","filename":"filesystem.py","lineno":108}
{"timestamp":"2026-07-07T12:36:55.040899Z","level":"info","event":"Poking for file /mnt/snapshots/READY_FLAG_20260706","logger":"airflow.task.operators.airflow.providers.standard.sensors.filesystem.FileSensor","filename":"filesystem.py","lineno":108}
{"timestamp":"2026-07-07T12:37:05.044077Z","level":"info","event":"Poking for file /mnt/snapshots/READY_FLAG_20260706","logger":"airflow.task.operators.airflow.providers.standard.sensors.filesystem.FileSensor","filename":"filesystem.py","lineno":108}
{"timestamp":"2026-07-07T12:37:15.043631Z","level":"info","event":"Poking for file /mnt/snapshots/READY_FLAG_20260706","logger":"airflow.task.operators.airflow.providers.standard.sensors.filesystem.FileSensor","filename":"filesystem.py","lineno":108}
{"timestamp":"2026-07-07T12:37:25.045576Z","level":"info","event":"Poking for file /mnt/snapshots/READY_FLAG_20260706","logger":"airflow.task.operators.airflow.providers.standard.sensors.filesystem.FileSensor","filename":"filesystem.py","lineno":108}
{"timestamp":"2026-07-07T12:37:35.047376Z","level":"info","event":"Poking for file /mnt/snapshots/READY_FLAG_20260706","logger":"airflow.task.operators.airflow.providers.standard.sensors.filesystem.FileSensor","filename":"filesystem.py","lineno":108}
{"timestamp":"2026-07-07T12:37:45.046176Z","level":"info","event":"Poking for file /mnt/snapshots/READY_FLAG_20260706","logger":"airflow.task.operators.airflow.providers.standard.sensors.filesystem.FileSensor","filename":"filesystem.py","lineno":108}
{"timestamp":"2026-07-07T12:37:55.047969Z","level":"info","event":"Poking for file /mnt/snapshots/READY_FLAG_20260706","logger":"airflow.task.operators.airflow.providers.standard.sensors.filesystem.FileSensor","filename":"filesystem.py","lineno":108}
{"timestamp":"2026-07-07T12:38:05.050040Z","level":"info","event":"Poking for file /mnt/snapshots/READY_FLAG_20260706","logger":"airflow.task.operators.airflow.providers.standard.sensors.filesystem.FileSensor","filename":"filesystem.py","lineno":108}
{"timestamp":"2026-07-07T12:38:15.050073Z","level":"info","event":"Poking for file /mnt/snapshots/READY_FLAG_20260706","logger":"airflow.task.operators.airflow.providers.standard.sensors.filesystem.FileSensor","filename":"filesystem.py","lineno":108}
{"timestamp":"2026-07-07T12:38:25.052547Z","level":"info","event":"Poking for file /mnt/snapshots/READY_FLAG_20260706","logger":"airflow.task.operators.airflow.providers.standard.sensors.filesystem.FileSensor","filename":"filesystem.py","lineno":108}
{"timestamp":"2026-07-07T12:38:35.054376Z","level":"info","event":"Poking for file /mnt/snapshots/READY_FLAG_20260706","logger":"airflow.task.operators.airflow.providers.standard.sensors.filesystem.FileSensor","filename":"filesystem.py","lineno":108}
{"timestamp":"2026-07-07T12:38:45.053623Z","level":"info","event":"Poking for file /mnt/snapshots/READY_FLAG_20260706","logger":"airflow.task.operators.airflow.providers.standard.sensors.filesystem.FileSensor","filename":"filesystem.py","lineno":108}
{"timestamp":"2026-07-07T12:38:55.055209Z","level":"info","event":"Poking for file /mnt/snapshots/READY_FLAG_20260706","logger":"airflow.task.operators.airflow.providers.standard.sensors.filesystem.FileSensor","filename":"filesystem.py","lineno":108}
{"timestamp":"2026-07-07T12:39:05.057212Z","level":"info","event":"Poking for file /mnt/snapshots/READY_FLAG_20260706","logger":"airflow.task.operators.airflow.providers.standard.sensors.filesystem.FileSensor","filename":"filesystem.py","lineno":108}
{"timestamp":"2026-07-07T12:39:15.054621Z","level":"info","event":"Poking for file /mnt/snapshots/READY_FLAG_20260706","logger":"airflow.task.operators.airflow.providers.standard.sensors.filesystem.FileSensor","filename":"filesystem.py","lineno":108}
{"timestamp":"2026-07-07T12:39:25.057688Z","level":"info","event":"Poking for file /mnt/snapshots/READY_FLAG_20260706","logger":"airflow.task.operators.airflow.providers.standard.sensors.filesystem.FileSensor","filename":"filesystem.py","lineno":108}
{"timestamp":"2026-07-07T12:39:35.059362Z","level":"info","event":"Poking for file /mnt/snapshots/READY_FLAG_20260706","logger":"airflow.task.operators.airflow.providers.standard.sensors.filesystem.FileSensor","filename":"filesystem.py","lineno":108}
{"timestamp":"2026-07-07T12:39:45.057770Z","level":"info","event":"Poking for file /mnt/snapshots/READY_FLAG_20260706","logger":"airflow.task.operators.airflow.providers.standard.sensors.filesystem.FileSensor","filename":"filesystem.py","lineno":108}
{"timestamp":"2026-07-07T12:39:55.059961Z","level":"info","event":"Poking for file /mnt/snapshots/READY_FLAG_20260706","logger":"airflow.task.operators.airflow.providers.standard.sensors.filesystem.FileSensor","filename":"filesystem.py","lineno":108}
{"timestamp":"2026-07-07T12:40:05.061973Z","level":"info","event":"Poking for file /mnt/snapshots/READY_FLAG_20260706","logger":"airflow.task.operators.airflow.providers.standard.sensors.filesystem.FileSensor","filename":"filesystem.py","lineno":108}
{"timestamp":"2026-07-07T12:40:15.060939Z","level":"info","event":"Poking for file /mnt/snapshots/READY_FLAG_20260706","logger":"airflow.task.operators.airflow.providers.standard.sensors.filesystem.FileSensor","filename":"filesystem.py","lineno":108}
{"timestamp":"2026-07-07T12:40:25.062092Z","level":"info","event":"Poking for file /mnt/snapshots/READY_FLAG_20260706","logger":"airflow.task.operators.airflow.providers.standard.sensors.filesystem.FileSensor","filename":"filesystem.py","lineno":108}
{"timestamp":"2026-07-07T12:40:35.063179Z","level":"info","event":"Poking for file /mnt/snapshots/READY_FLAG_20260706","logger":"airflow.task.operators.airflow.providers.standard.sensors.filesystem.FileSensor","filename":"filesystem.py","lineno":108}
{"timestamp":"2026-07-07T12:40:45.062488Z","level":"info","event":"Poking for file /mnt/snapshots/READY_FLAG_20260706","logger":"airflow.task.operators.airflow.providers.standard.sensors.filesystem.FileSensor","filename":"filesystem.py","lineno":108}
{"timestamp":"2026-07-07T12:40:55.064110Z","level":"info","event":"Poking for file /mnt/snapshots/READY_FLAG_20260706","logger":"airflow.task.operators.airflow.providers.standard.sensors.filesystem.FileSensor","filename":"filesystem.py","lineno":108}
{"timestamp":"2026-07-07T12:41:05.066074Z","level":"info","event":"Poking for file /mnt/snapshots/READY_FLAG_20260706","logger":"airflow.task.operators.airflow.providers.standard.sensors.filesystem.FileSensor","filename":"filesystem.py","lineno":108}
{"timestamp":"2026-07-07T12:41:15.065852Z","level":"info","event":"Poking for file /mnt/snapshots/READY_FLAG_20260706","logger":"airflow.task.operators.airflow.providers.standard.sensors.filesystem.FileSensor","filename":"filesystem.py","lineno":108}
{"timestamp":"2026-07-07T12:41:25.067375Z","level":"info","event":"Poking for file /mnt/snapshots/READY_FLAG_20260706","logger":"airflow.task.operators.airflow.providers.standard.sensors.filesystem.FileSensor","filename":"filesystem.py","lineno":108}
{"timestamp":"2026-07-07T12:41:35.069330Z","level":"info","event":"Poking for file /mnt/snapshots/READY_FLAG_20260706","logger":"airflow.task.operators.airflow.providers.standard.sensors.filesystem.FileSensor","filename":"filesystem.py","lineno":108}
{"timestamp":"2026-07-07T12:41:45.067238Z","level":"info","event":"Poking for file /mnt/snapshots/READY_FLAG_20260706","logger":"airflow.task.operators.airflow.providers.standard.sensors.filesystem.FileSensor","filename":"filesystem.py","lineno":108}
{"timestamp":"2026-07-07T12:41:55.069017Z","level":"info","event":"Poking for file /mnt/snapshots/READY_FLAG_20260706","logger":"airflow.task.operators.airflow.providers.standard.sensors.filesystem.FileSensor","filename":"filesystem.py","lineno":108}
{"timestamp":"2026-07-07T12:42:05.070349Z","level":"info","event":"Poking for file /mnt/snapshots/READY_FLAG_20260706","logger":"airflow.task.operators.airflow.providers.standard.sensors.filesystem.FileSensor","filename":"filesystem.py","lineno":108}
{"timestamp":"2026-07-07T12:42:15.070632Z","level":"info","event":"Poking for file /mnt/snapshots/READY_FLAG_20260706","logger":"airflow.task.operators.airflow.providers.standard.sensors.filesystem.FileSensor","filename":"filesystem.py","lineno":108}
{"timestamp":"2026-07-07T12:42:25.075900Z","level":"info","event":"Poking for file /mnt/snapshots/READY_FLAG_20260706","logger":"airflow.task.operators.airflow.providers.standard.sensors.filesystem.FileSensor","filename":"filesystem.py","lineno":108}
{"timestamp":"2026-07-07T12:42:35.077993Z","level":"info","event":"Poking for file /mnt/snapshots/READY_FLAG_20260706","logger":"airflow.task.operators.airflow.providers.standard.sensors.filesystem.FileSensor","filename":"filesystem.py","lineno":108}
{"timestamp":"2026-07-07T12:42:45.078224Z","level":"info","event":"Poking for file /mnt/snapshots/READY_FLAG_20260706","logger":"airflow.task.operators.airflow.providers.standard.sensors.filesystem.FileSensor","filename":"filesystem.py","lineno":108}
{"timestamp":"2026-07-07T12:42:55.080842Z","level":"info","event":"Poking for file /mnt/snapshots/READY_FLAG_20260706","logger":"airflow.task.operators.airflow.providers.standard.sensors.filesystem.FileSensor","filename":"filesystem.py","lineno":108}
{"timestamp":"2026-07-07T12:43:05.083273Z","level":"info","event":"Poking for file /mnt/snapshots/READY_FLAG_20260706","logger":"airflow.task.operators.airflow.providers.standard.sensors.filesystem.FileSensor","filename":"filesystem.py","lineno":108}
{"timestamp":"2026-07-07T12:43:15.082574Z","level":"info","event":"Poking for file /mnt/snapshots/READY_FLAG_20260706","logger":"airflow.task.operators.airflow.providers.standard.sensors.filesystem.FileSensor","filename":"filesystem.py","lineno":108}
{"timestamp":"2026-07-07T12:43:25.085174Z","level":"info","event":"Poking for file /mnt/snapshots/READY_FLAG_20260706","logger":"airflow.task.operators.airflow.providers.standard.sensors.filesystem.FileSensor","filename":"filesystem.py","lineno":108}
{"timestamp":"2026-07-07T12:43:35.087016Z","level":"info","event":"Poking for file /mnt/snapshots/READY_FLAG_20260706","logger":"airflow.task.operators.airflow.providers.standard.sensors.filesystem.FileSensor","filename":"filesystem.py","lineno":108}
{"timestamp":"2026-07-07T12:43:45.085747Z","level":"info","event":"Poking for file /mnt/snapshots/READY_FLAG_20260706","logger":"airflow.task.operators.airflow.providers.standard.sensors.filesystem.FileSensor","filename":"filesystem.py","lineno":108}
{"timestamp":"2026-07-07T12:43:55.089297Z","level":"info","event":"Poking for file /mnt/snapshots/READY_FLAG_20260706","logger":"airflow.task.operators.airflow.providers.standard.sensors.filesystem.FileSensor","filename":"filesystem.py","lineno":108}
{"timestamp":"2026-07-07T12:44:05.092436Z","level":"info","event":"Poking for file /mnt/snapshots/READY_FLAG_20260706","logger":"airflow.task.operators.airflow.providers.standard.sensors.filesystem.FileSensor","filename":"filesystem.py","lineno":108}
{"timestamp":"2026-07-07T12:44:15.091168Z","level":"info","event":"Poking for file /mnt/snapshots/READY_FLAG_20260706","logger":"airflow.task.operators.airflow.providers.standard.sensors.filesystem.FileSensor","filename":"filesystem.py","lineno":108}
{"timestamp":"2026-07-07T12:44:25.093008Z","level":"info","event":"Poking for file /mnt/snapshots/READY_FLAG_20260706","logger":"airflow.task.operators.airflow.providers.standard.sensors.filesystem.FileSensor","filename":"filesystem.py","lineno":108}
{"timestamp":"2026-07-07T12:44:35.094601Z","level":"info","event":"Poking for file /mnt/snapshots/READY_FLAG_20260706","logger":"airflow.task.operators.airflow.providers.standard.sensors.filesystem.FileSensor","filename":"filesystem.py","lineno":108}
{"timestamp":"2026-07-07T12:44:45.092666Z","level":"info","event":"Poking for file /mnt/snapshots/READY_FLAG_20260706","logger":"airflow.task.operators.airflow.providers.standard.sensors.filesystem.FileSensor","filename":"filesystem.py","lineno":108}
{"timestamp":"2026-07-07T12:44:55.094731Z","level":"info","event":"Poking for file /mnt/snapshots/READY_FLAG_20260706","logger":"airflow.task.operators.airflow.providers.standard.sensors.filesystem.FileSensor","filename":"filesystem.py","lineno":108}
{"timestamp":"2026-07-07T12:45:05.099546Z","level":"info","event":"Poking for file /mnt/snapshots/READY_FLAG_20260706","logger":"airflow.task.operators.airflow.providers.standard.sensors.filesystem.FileSensor","filename":"filesystem.py","lineno":108}
{"timestamp":"2026-07-07T12:45:15.099658Z","level":"info","event":"Poking for file /mnt/snapshots/READY_FLAG_20260706","logger":"airflow.task.operators.airflow.providers.standard.sensors.filesystem.FileSensor","filename":"filesystem.py","lineno":108}
{"timestamp":"2026-07-07T12:45:25.100829Z","level":"info","event":"Poking for file /mnt/snapshots/READY_FLAG_20260706","logger":"airflow.task.operators.airflow.providers.standard.sensors.filesystem.FileSensor","filename":"filesystem.py","lineno":108}
{"timestamp":"2026-07-07T12:45:35.102200Z","level":"info","event":"Poking for file /mnt/snapshots/READY_FLAG_20260706","logger":"airflow.task.operators.airflow.providers.standard.sensors.filesystem.FileSensor","filename":"filesystem.py","lineno":108}
{"timestamp":"2026-07-07T12:45:45.101693Z","level":"info","event":"Poking for file /mnt/snapshots/READY_FLAG_20260706","logger":"airflow.task.operators.airflow.providers.standard.sensors.filesystem.FileSensor","filename":"filesystem.py","lineno":108}
{"timestamp":"2026-07-07T12:45:55.106164Z","level":"info","event":"Poking for file /mnt/snapshots/READY_FLAG_20260706","logger":"airflow.task.operators.airflow.providers.standard.sensors.filesystem.FileSensor","filename":"filesystem.py","lineno":108}
{"timestamp":"2026-07-07T12:46:05.107439Z","level":"info","event":"Poking for file /mnt/snapshots/READY_FLAG_20260706","logger":"airflow.task.operators.airflow.providers.standard.sensors.filesystem.FileSensor","filename":"filesystem.py","lineno":108}
{"timestamp":"2026-07-07T12:46:15.105705Z","level":"info","event":"Poking for file /mnt/snapshots/READY_FLAG_20260706","logger":"airflow.task.operators.airflow.providers.standard.sensors.filesystem.FileSensor","filename":"filesystem.py","lineno":108}
{"timestamp":"2026-07-07T12:46:25.106919Z","level":"info","event":"Poking for file /mnt/snapshots/READY_FLAG_20260706","logger":"airflow.task.operators.airflow.providers.standard.sensors.filesystem.FileSensor","filename":"filesystem.py","lineno":108}
{"timestamp":"2026-07-07T12:46:35.108765Z","level":"info","event":"Poking for file /mnt/snapshots/READY_FLAG_20260706","logger":"airflow.task.operators.airflow.providers.standard.sensors.filesystem.FileSensor","filename":"filesystem.py","lineno":108}
{"timestamp":"2026-07-07T12:46:45.106784Z","level":"info","event":"Poking for file /mnt/snapshots/READY_FLAG_20260706","logger":"airflow.task.operators.airflow.providers.standard.sensors.filesystem.FileSensor","filename":"filesystem.py","lineno":108}
{"timestamp":"2026-07-07T12:46:55.108486Z","level":"info","event":"Poking for file /mnt/snapshots/READY_FLAG_20260706","logger":"airflow.task.operators.airflow.providers.standard.sensors.filesystem.FileSensor","filename":"filesystem.py","lineno":108}
{"timestamp":"2026-07-07T12:47:05.110690Z","level":"info","event":"Poking for file /mnt/snapshots/READY_FLAG_20260706","logger":"airflow.task.operators.airflow.providers.standard.sensors.filesystem.FileSensor","filename":"filesystem.py","lineno":108}
{"timestamp":"2026-07-07T12:47:15.109993Z","level":"info","event":"Poking for file /mnt/snapshots/READY_FLAG_20260706","logger":"airflow.task.operators.airflow.providers.standard.sensors.filesystem.FileSensor","filename":"filesystem.py","lineno":108}
{"timestamp":"2026-07-07T12:47:25.111521Z","level":"info","event":"Poking for file /mnt/snapshots/READY_FLAG_20260706","logger":"airflow.task.operators.airflow.providers.standard.sensors.filesystem.FileSensor","filename":"filesystem.py","lineno":108}
{"timestamp":"2026-07-07T12:47:35.113960Z","level":"info","event":"Poking for file /mnt/snapshots/READY_FLAG_20260706","logger":"airflow.task.operators.airflow.providers.standard.sensors.filesystem.FileSensor","filename":"filesystem.py","lineno":108}
{"timestamp":"2026-07-07T12:47:45.112795Z","level":"info","event":"Poking for file /mnt/snapshots/READY_FLAG_20260706","logger":"airflow.task.operators.airflow.providers.standard.sensors.filesystem.FileSensor","filename":"filesystem.py","lineno":108}
{"timestamp":"2026-07-07T12:47:55.114551Z","level":"info","event":"Poking for file /mnt/snapshots/READY_FLAG_20260706","logger":"airflow.task.operators.airflow.providers.standard.sensors.filesystem.FileSensor","filename":"filesystem.py","lineno":108}
{"timestamp":"2026-07-07T12:48:05.116502Z","level":"info","event":"Poking for file /mnt/snapshots/READY_FLAG_20260706","logger":"airflow.task.operators.airflow.providers.standard.sensors.filesystem.FileSensor","filename":"filesystem.py","lineno":108}
{"timestamp":"2026-07-07T12:48:15.116049Z","level":"info","event":"Poking for file /mnt/snapshots/READY_FLAG_20260706","logger":"airflow.task.operators.airflow.providers.standard.sensors.filesystem.FileSensor","filename":"filesystem.py","lineno":108}
{"timestamp":"2026-07-07T12:48:25.117700Z","level":"info","event":"Poking for file /mnt/snapshots/READY_FLAG_20260706","logger":"airflow.task.operators.airflow.providers.standard.sensors.filesystem.FileSensor","filename":"filesystem.py","lineno":108}
{"timestamp":"2026-07-07T12:48:35.119406Z","level":"info","event":"Poking for file /mnt/snapshots/READY_FLAG_20260706","logger":"airflow.task.operators.airflow.providers.standard.sensors.filesystem.FileSensor","filename":"filesystem.py","lineno":108}
{"timestamp":"2026-07-07T12:48:45.118257Z","level":"info","event":"Poking for file /mnt/snapshots/READY_FLAG_20260706","logger":"airflow.task.operators.airflow.providers.standard.sensors.filesystem.FileSensor","filename":"filesystem.py","lineno":108}
{"timestamp":"2026-07-07T13:11:18.148048Z","level":"info","event":"Poking for file /mnt/snapshots/READY_FLAG_20260706","logger":"airflow.task.operators.airflow.providers.standard.sensors.filesystem.FileSensor","filename":"filesystem.py","lineno":108}
{"timestamp":"2026-07-07T13:11:28.174610Z","level":"info","event":"Poking for file /mnt/snapshots/READY_FLAG_20260706","logger":"airflow.task.operators.airflow.providers.standard.sensors.filesystem.FileSensor","filename":"filesystem.py","lineno":108}
